gpu,dtype,tokens,head_dim,normalize,backend,round,us,max_abs,pass,nodes,replays,measurement
NVIDIA H200,float16,1,64,0,dao,0,1.600399985909462,0.0,True,16,10,graph_amortized_device
NVIDIA H200,float16,1,64,0,dao_plus_quant,0,2.86679994314909,,True,16,10,graph_amortized_device
NVIDIA H200,float16,1,64,0,hopper/warp,0,1.425000000745058,0.0,True,16,10,graph_amortized_device
NVIDIA H200,float16,1,64,0,hopper/wmma_fast,0,1.4290000312030315,0.0,True,16,10,graph_amortized_device
NVIDIA H200,float16,1,64,0,hopper/wmma_split,0,1.4724000357091427,0.0,True,16,10,graph_amortized_device
NVIDIA H200,float16,1,64,0,hopper/mma_fast,0,1.4336000196635723,0.0,True,16,10,graph_amortized_device
NVIDIA H200,float16,1,64,0,hopper/mma_split,0,1.450200006365776,0.0,True,16,10,graph_amortized_device
NVIDIA H200,float16,1,64,0,dao,1,1.5949999913573265,0.0,True,16,10,graph_amortized_device
NVIDIA H200,float16,1,64,0,hopper/mma_split,1,1.4498000033199787,0.0,True,16,10,graph_amortized_device
NVIDIA H200,float16,1,64,0,hopper/mma_fast,1,1.437199953943491,0.0,True,16,10,graph_amortized_device
NVIDIA H200,float16,1,64,0,hopper/wmma_split,1,1.4697999693453312,0.0,True,16,10,graph_amortized_device
NVIDIA H200,float16,1,64,0,hopper/wmma_fast,1,1.4317999593913555,0.0,True,16,10,graph_amortized_device
NVIDIA H200,float16,1,64,0,hopper/warp,1,1.442600041627884,0.0,True,16,10,graph_amortized_device
NVIDIA H200,float16,1,64,0,dao_plus_quant,1,2.8634000569581985,,True,16,10,graph_amortized_device
NVIDIA H200,float16,1,64,0,hopper/warp,2,1.444000005722046,0.0,True,16,10,graph_amortized_device
NVIDIA H200,float16,1,64,0,hopper/wmma_fast,2,1.4453999698162079,0.0,True,16,10,graph_amortized_device
NVIDIA H200,float16,1,64,0,hopper/wmma_split,2,1.4507999643683434,0.0,True,16,10,graph_amortized_device
NVIDIA H200,float16,1,64,0,hopper/mma_fast,2,1.436800044029951,0.0,True,16,10,graph_amortized_device
NVIDIA H200,float16,1,64,0,hopper/mma_split,2,1.448800042271614,0.0,True,16,10,graph_amortized_device
NVIDIA H200,float16,1,64,0,dao,2,1.5968000516295433,0.0,True,16,10,graph_amortized_device
NVIDIA H200,float16,1,64,0,dao_plus_quant,2,2.8642000630497932,,True,16,10,graph_amortized_device
NVIDIA H200,float16,1,64,0,hopper/warp,3,1.4456000179052353,0.0,True,16,10,graph_amortized_device
NVIDIA H200,float16,1,64,0,dao_plus_quant,3,2.860400080680847,,True,16,10,graph_amortized_device
NVIDIA H200,float16,1,64,0,dao,3,1.5949999913573265,0.0,True,16,10,graph_amortized_device
NVIDIA H200,float16,1,64,0,hopper/mma_split,3,1.4510000124573708,0.0,True,16,10,graph_amortized_device
NVIDIA H200,float16,1,64,0,hopper/mma_fast,3,1.433399971574545,0.0,True,16,10,graph_amortized_device
NVIDIA H200,float16,1,64,0,hopper/wmma_split,3,1.4720000326633453,0.0,True,16,10,graph_amortized_device
NVIDIA H200,float16,1,64,0,hopper/wmma_fast,3,1.4457999728620052,0.0,True,16,10,graph_amortized_device
NVIDIA H200,float16,1,64,0,hopper/wmma_split,4,1.4733999967575073,0.0,True,16,10,graph_amortized_device
NVIDIA H200,float16,1,64,0,hopper/mma_fast,4,1.4364000409841537,0.0,True,16,10,graph_amortized_device
NVIDIA H200,float16,1,64,0,hopper/mma_split,4,1.4518000185489655,0.0,True,16,10,graph_amortized_device
NVIDIA H200,float16,1,64,0,dao,4,1.5731999650597572,0.0,True,16,10,graph_amortized_device
NVIDIA H200,float16,1,64,0,dao_plus_quant,4,2.863599918782711,,True,16,10,graph_amortized_device
NVIDIA H200,float16,1,64,0,hopper/warp,4,1.4627999626100063,0.0,True,16,10,graph_amortized_device
NVIDIA H200,float16,1,64,0,hopper/wmma_fast,4,1.4465999789536,0.0,True,16,10,graph_amortized_device
NVIDIA H200,float16,1,64,1,dao,0,1.5595999546349049,0.0,True,16,10,graph_amortized_device
NVIDIA H200,float16,1,64,1,dao_plus_quant,0,2.79300007969141,,True,16,10,graph_amortized_device
NVIDIA H200,float16,1,64,1,hopper/warp,0,1.4134000055491924,0.0,True,16,10,graph_amortized_device
NVIDIA H200,float16,1,64,1,hopper/wmma_fast,0,1.4034000225365162,0.0,True,16,10,graph_amortized_device
NVIDIA H200,float16,1,64,1,hopper/wmma_split,0,1.39359999448061,0.0,True,16,10,graph_amortized_device
NVIDIA H200,float16,1,64,1,hopper/mma_fast,0,1.381599996238947,0.0,True,16,10,graph_amortized_device
NVIDIA H200,float16,1,64,1,hopper/mma_split,0,1.4259999617934227,0.0,True,16,10,graph_amortized_device
NVIDIA H200,float16,1,64,1,dao,1,1.5610000118613243,0.0,True,16,10,graph_amortized_device
NVIDIA H200,float16,1,64,1,hopper/mma_split,1,1.427599973976612,0.0,True,16,10,graph_amortized_device
NVIDIA H200,float16,1,64,1,hopper/mma_fast,1,1.3821999542415142,0.0,True,16,10,graph_amortized_device
NVIDIA H200,float16,1,64,1,hopper/wmma_split,1,1.4138000085949898,0.0,True,16,10,graph_amortized_device
NVIDIA H200,float16,1,64,1,hopper/wmma_fast,1,1.4039999805390835,0.0,True,16,10,graph_amortized_device
NVIDIA H200,float16,1,64,1,hopper/warp,1,1.4142000116407871,0.0,True,16,10,graph_amortized_device
NVIDIA H200,float16,1,64,1,dao_plus_quant,1,2.792000025510788,,True,16,10,graph_amortized_device
NVIDIA H200,float16,1,64,1,hopper/warp,2,1.4158000238239765,0.0,True,16,10,graph_amortized_device
NVIDIA H200,float16,1,64,1,hopper/wmma_fast,2,1.4031999744474888,0.0,True,16,10,graph_amortized_device
NVIDIA H200,float16,1,64,1,hopper/wmma_split,2,1.4096000231802464,0.0,True,16,10,graph_amortized_device
NVIDIA H200,float16,1,64,1,hopper/mma_fast,2,1.381599996238947,0.0,True,16,10,graph_amortized_device
NVIDIA H200,float16,1,64,1,hopper/mma_split,2,1.4287999831140041,0.0,True,16,10,graph_amortized_device
NVIDIA H200,float16,1,64,1,dao,2,1.5626000240445137,0.0,True,16,10,graph_amortized_device
NVIDIA H200,float16,1,64,1,dao_plus_quant,2,2.7950000017881393,,True,16,10,graph_amortized_device
NVIDIA H200,float16,1,64,1,hopper/warp,3,1.4097999781370163,0.0,True,16,10,graph_amortized_device
NVIDIA H200,float16,1,64,1,dao_plus_quant,3,2.79300007969141,,True,16,10,graph_amortized_device
NVIDIA H200,float16,1,64,1,dao,3,1.5611999668180943,0.0,True,16,10,graph_amortized_device
NVIDIA H200,float16,1,64,1,hopper/mma_split,3,1.4287999831140041,0.0,True,16,10,graph_amortized_device
NVIDIA H200,float16,1,64,1,hopper/mma_fast,3,1.3821999542415142,0.0,True,16,10,graph_amortized_device
NVIDIA H200,float16,1,64,1,hopper/wmma_split,3,1.4124000445008278,0.0,True,16,10,graph_amortized_device
NVIDIA H200,float16,1,64,1,hopper/wmma_fast,3,1.4027999714016914,0.0,True,16,10,graph_amortized_device
NVIDIA H200,float16,1,64,1,hopper/wmma_split,4,1.4120000414550304,0.0,True,16,10,graph_amortized_device
NVIDIA H200,float16,1,64,1,hopper/mma_fast,4,1.3836000114679337,0.0,True,16,10,graph_amortized_device
NVIDIA H200,float16,1,64,1,hopper/mma_split,4,1.4270000159740448,0.0,True,16,10,graph_amortized_device
NVIDIA H200,float16,1,64,1,dao,4,1.561999972909689,0.0,True,16,10,graph_amortized_device
NVIDIA H200,float16,1,64,1,dao_plus_quant,4,2.794799953699112,,True,16,10,graph_amortized_device
NVIDIA H200,float16,1,64,1,hopper/warp,4,1.4124000445008278,0.0,True,16,10,graph_amortized_device
NVIDIA H200,float16,1,64,1,hopper/wmma_fast,4,1.4022000133991241,0.0,True,16,10,graph_amortized_device
NVIDIA H200,float16,128,64,0,dao,0,1.6713999211788177,0.0,True,16,10,graph_amortized_device
NVIDIA H200,float16,128,64,0,dao_plus_quant,0,3.161200135946274,,True,16,10,graph_amortized_device
NVIDIA H200,float16,128,64,0,hopper/warp,0,1.5266000293195248,0.0,True,16,10,graph_amortized_device
NVIDIA H200,float16,128,64,0,hopper/wmma_fast,0,1.9207999110221863,0.015625,False,16,10,graph_amortized_device
NVIDIA H200,float16,128,64,0,hopper/wmma_split,0,1.9745999947190285,0.0,True,16,10,graph_amortized_device
NVIDIA H200,float16,128,64,0,hopper/mma_fast,0,1.6340000554919243,0.015625,False,16,10,graph_amortized_device
NVIDIA H200,float16,128,64,0,hopper/mma_split,0,1.6287999227643013,0.0,True,16,10,graph_amortized_device
NVIDIA H200,float16,128,64,0,dao,1,1.670599915087223,0.0,True,16,10,graph_amortized_device
NVIDIA H200,float16,128,64,0,hopper/mma_split,1,1.6270000487565994,0.0,True,16,10,graph_amortized_device
NVIDIA H200,float16,128,64,0,hopper/mma_fast,1,1.634800061583519,0.015625,False,16,10,graph_amortized_device
NVIDIA H200,float16,128,64,0,hopper/wmma_split,1,1.9759999588131905,0.0,True,16,10,graph_amortized_device
NVIDIA H200,float16,128,64,0,hopper/wmma_fast,1,1.9195999950170517,0.015625,False,16,10,graph_amortized_device
NVIDIA H200,float16,128,64,0,hopper/warp,1,1.5255999751389027,0.0,True,16,10,graph_amortized_device
NVIDIA H200,float16,128,64,0,dao_plus_quant,1,3.159400075674057,,True,16,10,graph_amortized_device
NVIDIA H200,float16,128,64,0,hopper/warp,2,1.5270000323653221,0.0,True,16,10,graph_amortized_device
NVIDIA H200,float16,128,64,0,hopper/wmma_fast,2,1.9190000370144844,0.015625,False,16,10,graph_amortized_device
NVIDIA H200,float16,128,64,0,hopper/wmma_split,2,1.974399946630001,0.0,True,16,10,graph_amortized_device
NVIDIA H200,float16,128,64,0,hopper/mma_fast,2,1.6340000554919243,0.015625,False,16,10,graph_amortized_device
NVIDIA H200,float16,128,64,0,hopper/mma_split,2,1.6297999769449234,0.0,True,16,10,graph_amortized_device
NVIDIA H200,float16,128,64,0,dao,2,1.6742000356316566,0.0,True,16,10,graph_amortized_device
NVIDIA H200,float16,128,64,0,dao_plus_quant,2,3.158799931406975,,True,16,10,graph_amortized_device
NVIDIA H200,float16,128,64,0,hopper/warp,3,1.5259999781847,0.0,True,16,10,graph_amortized_device
NVIDIA H200,float16,128,64,0,dao_plus_quant,3,3.158000111579895,,True,16,10,graph_amortized_device
NVIDIA H200,float16,128,64,0,dao,3,1.6720000654459,0.0,True,16,10,graph_amortized_device
NVIDIA H200,float16,128,64,0,hopper/mma_split,3,1.6287999227643013,0.0,True,16,10,graph_amortized_device
NVIDIA H200,float16,128,64,0,hopper/mma_fast,3,1.6330000013113022,0.015625,False,16,10,graph_amortized_device
NVIDIA H200,float16,128,64,0,hopper/wmma_split,3,1.9767999649047852,0.0,True,16,10,graph_amortized_device
NVIDIA H200,float16,128,64,0,hopper/wmma_fast,3,1.9053999334573746,0.015625,False,16,10,graph_amortized_device
NVIDIA H200,float16,128,64,0,hopper/wmma_split,4,1.9762000069022179,0.0,True,16,10,graph_amortized_device
NVIDIA H200,float16,128,64,0,hopper/mma_fast,4,1.6313999891281128,0.015625,False,16,10,graph_amortized_device
NVIDIA H200,float16,128,64,0,hopper/mma_split,4,1.628199964761734,0.0,True,16,10,graph_amortized_device
NVIDIA H200,float16,128,64,0,dao,4,1.6726000234484673,0.0,True,16,10,graph_amortized_device
NVIDIA H200,float16,128,64,0,dao_plus_quant,4,3.158799931406975,,True,16,10,graph_amortized_device
NVIDIA H200,float16,128,64,0,hopper/warp,4,1.529799960553646,0.0,True,16,10,graph_amortized_device
NVIDIA H200,float16,128,64,0,hopper/wmma_fast,4,1.918799988925457,0.015625,False,16,10,graph_amortized_device
NVIDIA H200,float16,128,64,1,dao,0,1.7066000029444695,0.0,True,16,10,graph_amortized_device
NVIDIA H200,float16,128,64,1,dao_plus_quant,0,3.1470000743865967,,True,16,10,graph_amortized_device
NVIDIA H200,float16,128,64,1,hopper/warp,0,1.540399994701147,0.0,True,16,10,graph_amortized_device
NVIDIA H200,float16,128,64,1,hopper/wmma_fast,0,1.9131999462842941,0.001953125,True,16,10,graph_amortized_device
NVIDIA H200,float16,128,64,1,hopper/wmma_split,0,1.9988000392913818,0.0,True,16,10,graph_amortized_device
NVIDIA H200,float16,128,64,1,hopper/mma_fast,0,1.6087999567389488,0.001953125,True,16,10,graph_amortized_device
NVIDIA H200,float16,128,64,1,hopper/mma_split,0,1.6597999259829521,0.0,True,16,10,graph_amortized_device
NVIDIA H200,float16,128,64,1,dao,1,1.7068000510334969,0.0,True,16,10,graph_amortized_device
NVIDIA H200,float16,128,64,1,hopper/mma_split,1,1.6596000641584396,0.0,True,16,10,graph_amortized_device
NVIDIA H200,float16,128,64,1,hopper/mma_fast,1,1.610800065100193,0.001953125,True,16,10,graph_amortized_device
NVIDIA H200,float16,128,64,1,hopper/wmma_split,1,2.0004000514745712,0.0,True,16,10,graph_amortized_device
NVIDIA H200,float16,128,64,1,hopper/wmma_fast,1,1.9114000722765923,0.001953125,True,16,10,graph_amortized_device
NVIDIA H200,float16,128,64,1,hopper/warp,1,1.539199985563755,0.0,True,16,10,graph_amortized_device
NVIDIA H200,float16,128,64,1,dao_plus_quant,1,3.147200122475624,,True,16,10,graph_amortized_device
NVIDIA H200,float16,128,64,1,hopper/warp,2,1.539000030606985,0.0,True,16,10,graph_amortized_device
NVIDIA H200,float16,128,64,1,hopper/wmma_fast,2,1.9106000661849976,0.001953125,True,16,10,graph_amortized_device
NVIDIA H200,float16,128,64,1,hopper/wmma_split,2,1.9972000271081924,0.0,True,16,10,graph_amortized_device
NVIDIA H200,float16,128,64,1,hopper/mma_fast,2,1.6119999811053276,0.001953125,True,16,10,graph_amortized_device
NVIDIA H200,float16,128,64,1,hopper/mma_split,2,1.6583999618887901,0.0,True,16,10,graph_amortized_device
NVIDIA H200,float16,128,64,1,dao,2,1.7047999426722527,0.0,True,16,10,graph_amortized_device
NVIDIA H200,float16,128,64,1,dao_plus_quant,2,3.146599978208542,,True,16,10,graph_amortized_device
NVIDIA H200,float16,128,64,1,hopper/warp,3,1.5428000129759312,0.0,True,16,10,graph_amortized_device
NVIDIA H200,float16,128,64,1,dao_plus_quant,3,3.147200122475624,,True,16,10,graph_amortized_device
NVIDIA H200,float16,128,64,1,dao,3,1.7041999846696854,0.0,True,16,10,graph_amortized_device
NVIDIA H200,float16,128,64,1,hopper/mma_split,3,1.6572000458836555,0.0,True,16,10,graph_amortized_device
NVIDIA H200,float16,128,64,1,hopper/mma_fast,3,1.6093999147415161,0.001953125,True,16,10,graph_amortized_device
NVIDIA H200,float16,128,64,1,hopper/wmma_split,3,2.0004000514745712,0.0,True,16,10,graph_amortized_device
NVIDIA H200,float16,128,64,1,hopper/wmma_fast,3,1.9123999401926994,0.001953125,True,16,10,graph_amortized_device
NVIDIA H200,float16,128,64,1,hopper/wmma_split,4,2.001800015568733,0.0,True,16,10,graph_amortized_device
NVIDIA H200,float16,128,64,1,hopper/mma_fast,4,1.611199975013733,0.001953125,True,16,10,graph_amortized_device
NVIDIA H200,float16,128,64,1,hopper/mma_split,4,1.658800058066845,0.0,True,16,10,graph_amortized_device
NVIDIA H200,float16,128,64,1,dao,4,1.7068000510334969,0.0,True,16,10,graph_amortized_device
NVIDIA H200,float16,128,64,1,dao_plus_quant,4,3.1474001705646515,,True,16,10,graph_amortized_device
NVIDIA H200,float16,128,64,1,hopper/warp,4,1.539000030606985,0.0,True,16,10,graph_amortized_device
NVIDIA H200,float16,128,64,1,hopper/wmma_fast,4,1.9125999882817268,0.001953125,True,16,10,graph_amortized_device
NVIDIA H200,float16,16384,64,0,dao,0,11.305800080299377,0.0,True,16,10,graph_amortized_device
NVIDIA H200,float16,16384,64,0,dao_plus_quant,0,22.431999444961548,,True,16,10,graph_amortized_device
NVIDIA H200,float16,16384,64,0,hopper/warp,0,2.8289999812841415,0.0,True,16,10,graph_amortized_device
NVIDIA H200,float16,16384,64,0,hopper/wmma_fast,0,3.6531999707221985,0.03125,False,16,10,graph_amortized_device
NVIDIA H200,float16,16384,64,0,hopper/wmma_split,0,3.901999816298485,0.015625,False,16,10,graph_amortized_device
NVIDIA H200,float16,16384,64,0,hopper/mma_fast,0,2.6785999536514282,0.03125,False,16,10,graph_amortized_device
NVIDIA H200,float16,16384,64,0,hopper/mma_split,0,2.8801999986171722,0.015625,False,16,10,graph_amortized_device
NVIDIA H200,float16,16384,64,0,dao,1,11.302199959754944,0.0,True,16,10,graph_amortized_device
NVIDIA H200,float16,16384,64,0,hopper/mma_split,1,2.9478000476956367,0.015625,False,16,10,graph_amortized_device
NVIDIA H200,float16,16384,64,0,hopper/mma_fast,1,2.675200067460537,0.03125,False,16,10,graph_amortized_device
NVIDIA H200,float16,16384,64,0,hopper/wmma_split,1,3.9009999483823776,0.015625,False,16,10,graph_amortized_device
NVIDIA H200,float16,16384,64,0,hopper/wmma_fast,1,3.6612000316381454,0.03125,False,16,10,graph_amortized_device
NVIDIA H200,float16,16384,64,0,hopper/warp,1,2.903600037097931,0.0,True,16,10,graph_amortized_device
NVIDIA H200,float16,16384,64,0,dao_plus_quant,1,22.355200350284576,,True,16,10,graph_amortized_device
NVIDIA H200,float16,16384,64,0,hopper/warp,2,2.8286000713706017,0.0,True,16,10,graph_amortized_device
NVIDIA H200,float16,16384,64,0,hopper/wmma_fast,2,3.652999922633171,0.03125,False,16,10,graph_amortized_device
NVIDIA H200,float16,16384,64,0,hopper/wmma_split,2,3.902199864387512,0.015625,False,16,10,graph_amortized_device
NVIDIA H200,float16,16384,64,0,hopper/mma_fast,2,2.703999914228916,0.03125,False,16,10,graph_amortized_device
NVIDIA H200,float16,16384,64,0,hopper/mma_split,2,2.8977999463677406,0.015625,False,16,10,graph_amortized_device
NVIDIA H200,float16,16384,64,0,dao,2,11.302600055932999,0.0,True,16,10,graph_amortized_device
NVIDIA H200,float16,16384,64,0,dao_plus_quant,2,22.364600002765656,,True,16,10,graph_amortized_device
NVIDIA H200,float16,16384,64,0,hopper/warp,3,2.8324000537395477,0.0,True,16,10,graph_amortized_device
NVIDIA H200,float16,16384,64,0,dao_plus_quant,3,22.426199913024902,,True,16,10,graph_amortized_device
NVIDIA H200,float16,16384,64,0,dao,3,11.303800344467163,0.0,True,16,10,graph_amortized_device
NVIDIA H200,float16,16384,64,0,hopper/mma_split,3,2.9475999996066093,0.015625,False,16,10,graph_amortized_device
NVIDIA H200,float16,16384,64,0,hopper/mma_fast,3,2.6744000613689423,0.03125,False,16,10,graph_amortized_device
NVIDIA H200,float16,16384,64,0,hopper/wmma_split,3,3.8920000195503235,0.015625,False,16,10,graph_amortized_device
NVIDIA H200,float16,16384,64,0,hopper/wmma_fast,3,3.66239994764328,0.03125,False,16,10,graph_amortized_device
NVIDIA H200,float16,16384,64,0,hopper/wmma_split,4,3.8736000657081604,0.015625,False,16,10,graph_amortized_device
NVIDIA H200,float16,16384,64,0,hopper/mma_fast,4,2.6707999408245087,0.03125,False,16,10,graph_amortized_device
NVIDIA H200,float16,16384,64,0,hopper/mma_split,4,2.953599952161312,0.015625,False,16,10,graph_amortized_device
NVIDIA H200,float16,16384,64,0,dao,4,11.309599876403809,0.0,True,16,10,graph_amortized_device
NVIDIA H200,float16,16384,64,0,dao_plus_quant,4,22.352799773216248,,True,16,10,graph_amortized_device
NVIDIA H200,float16,16384,64,0,hopper/warp,4,2.8351999819278717,0.0,True,16,10,graph_amortized_device
NVIDIA H200,float16,16384,64,0,hopper/wmma_fast,4,3.6563999950885773,0.03125,False,16,10,graph_amortized_device
NVIDIA H200,float16,16384,64,1,dao,0,11.325599998235703,0.0,True,16,10,graph_amortized_device
NVIDIA H200,float16,16384,64,1,dao_plus_quant,0,22.317199409008026,,True,16,10,graph_amortized_device
NVIDIA H200,float16,16384,64,1,hopper/warp,0,2.852199971675873,0.0,True,16,10,graph_amortized_device
NVIDIA H200,float16,16384,64,1,hopper/wmma_fast,0,3.6263998597860336,0.00390625,True,16,10,graph_amortized_device
NVIDIA H200,float16,16384,64,1,hopper/wmma_split,0,3.9124000817537308,0.001953125,True,16,10,graph_amortized_device
NVIDIA H200,float16,16384,64,1,hopper/mma_fast,0,2.621600031852722,0.00390625,True,16,10,graph_amortized_device
NVIDIA H200,float16,16384,64,1,hopper/mma_split,0,2.9249999672174454,0.001953125,True,16,10,graph_amortized_device
NVIDIA H200,float16,16384,64,1,dao,1,11.316599696874619,0.0,True,16,10,graph_amortized_device
NVIDIA H200,float16,16384,64,1,hopper/mma_split,1,2.979400008916855,0.001953125,True,16,10,graph_amortized_device
NVIDIA H200,float16,16384,64,1,hopper/mma_fast,1,2.6273999363183975,0.00390625,True,16,10,graph_amortized_device
NVIDIA H200,float16,16384,64,1,hopper/wmma_split,1,3.9282001554965973,0.001953125,True,16,10,graph_amortized_device
NVIDIA H200,float16,16384,64,1,hopper/wmma_fast,1,3.626200184226036,0.00390625,True,16,10,graph_amortized_device
NVIDIA H200,float16,16384,64,1,hopper/warp,1,2.857399918138981,0.0,True,16,10,graph_amortized_device
NVIDIA H200,float16,16384,64,1,dao_plus_quant,1,22.28360027074814,,True,16,10,graph_amortized_device
NVIDIA H200,float16,16384,64,1,hopper/warp,2,2.843400090932846,0.0,True,16,10,graph_amortized_device
NVIDIA H200,float16,16384,64,1,hopper/wmma_fast,2,3.6292001605033875,0.00390625,True,16,10,graph_amortized_device
NVIDIA H200,float16,16384,64,1,hopper/wmma_split,2,3.931400179862976,0.001953125,True,16,10,graph_amortized_device
NVIDIA H200,float16,16384,64,1,hopper/mma_fast,2,2.6666000485420227,0.00390625,True,16,10,graph_amortized_device
NVIDIA H200,float16,16384,64,1,hopper/mma_split,2,2.940000034868717,0.001953125,True,16,10,graph_amortized_device
NVIDIA H200,float16,16384,64,1,dao,2,11.316999793052673,0.0,True,16,10,graph_amortized_device
NVIDIA H200,float16,16384,64,1,dao_plus_quant,2,22.284400463104248,,True,16,10,graph_amortized_device
NVIDIA H200,float16,16384,64,1,hopper/warp,3,2.841000072658062,0.0,True,16,10,graph_amortized_device
NVIDIA H200,float16,16384,64,1,dao_plus_quant,3,22.318999469280243,,True,16,10,graph_amortized_device
NVIDIA H200,float16,16384,64,1,dao,3,11.315400153398514,0.0,True,16,10,graph_amortized_device
NVIDIA H200,float16,16384,64,1,hopper/mma_split,3,2.981399931013584,0.001953125,True,16,10,graph_amortized_device
NVIDIA H200,float16,16384,64,1,hopper/mma_fast,3,2.6340000331401825,0.00390625,True,16,10,graph_amortized_device
NVIDIA H200,float16,16384,64,1,hopper/wmma_split,3,3.908199816942215,0.001953125,True,16,10,graph_amortized_device
NVIDIA H200,float16,16384,64,1,hopper/wmma_fast,3,3.6281999200582504,0.00390625,True,16,10,graph_amortized_device
NVIDIA H200,float16,16384,64,1,hopper/wmma_split,4,3.909200057387352,0.001953125,True,16,10,graph_amortized_device
NVIDIA H200,float16,16384,64,1,hopper/mma_fast,4,2.6359999552369118,0.00390625,True,16,10,graph_amortized_device
NVIDIA H200,float16,16384,64,1,hopper/mma_split,4,2.9910000041127205,0.001953125,True,16,10,graph_amortized_device
NVIDIA H200,float16,16384,64,1,dao,4,11.316400021314621,0.0,True,16,10,graph_amortized_device
NVIDIA H200,float16,16384,64,1,dao_plus_quant,4,22.31760025024414,,True,16,10,graph_amortized_device
NVIDIA H200,float16,16384,64,1,hopper/warp,4,2.8341999277472496,0.0,True,16,10,graph_amortized_device
NVIDIA H200,float16,16384,64,1,hopper/wmma_fast,4,3.631199896335602,0.00390625,True,16,10,graph_amortized_device
NVIDIA H200,float16,131072,64,0,dao,0,80.45340180397034,0.0,True,16,10,graph_amortized_device
NVIDIA H200,float16,131072,64,0,dao_plus_quant,0,160.5523943901062,,True,16,10,graph_amortized_device
NVIDIA H200,float16,131072,64,0,hopper/warp,0,13.455800712108612,0.0,True,16,10,graph_amortized_device
NVIDIA H200,float16,131072,64,0,hopper/wmma_fast,0,17.48719960451126,0.03125,False,16,10,graph_amortized_device
NVIDIA H200,float16,131072,64,0,hopper/wmma_split,0,19.44819986820221,0.0078125,True,16,10,graph_amortized_device
NVIDIA H200,float16,131072,64,0,hopper/mma_fast,0,9.840399771928787,0.03125,False,16,10,graph_amortized_device
NVIDIA H200,float16,131072,64,0,hopper/mma_split,0,10.765600204467773,0.0078125,True,16,10,graph_amortized_device
NVIDIA H200,float16,131072,64,0,dao,1,80.47019839286804,0.0,True,16,10,graph_amortized_device
NVIDIA H200,float16,131072,64,0,hopper/mma_split,1,10.771799832582474,0.0078125,True,16,10,graph_amortized_device
NVIDIA H200,float16,131072,64,0,hopper/mma_fast,1,9.83320027589798,0.03125,False,16,10,graph_amortized_device
NVIDIA H200,float16,131072,64,0,hopper/wmma_split,1,19.448399543762207,0.0078125,True,16,10,graph_amortized_device
NVIDIA H200,float16,131072,64,0,hopper/wmma_fast,1,17.486800253391266,0.03125,False,16,10,graph_amortized_device
NVIDIA H200,float16,131072,64,0,hopper/warp,1,13.455800712108612,0.0,True,16,10,graph_amortized_device
NVIDIA H200,float16,131072,64,0,dao_plus_quant,1,160.54680347442627,,True,16,10,graph_amortized_device
NVIDIA H200,float16,131072,64,0,hopper/warp,2,13.463999330997467,0.0,True,16,10,graph_amortized_device
NVIDIA H200,float16,131072,64,0,hopper/wmma_fast,2,17.494800686836243,0.03125,False,16,10,graph_amortized_device
NVIDIA H200,float16,131072,64,0,hopper/wmma_split,2,19.444799423217773,0.0078125,True,16,10,graph_amortized_device
NVIDIA H200,float16,131072,64,0,hopper/mma_fast,2,9.842000156641006,0.03125,False,16,10,graph_amortized_device
NVIDIA H200,float16,131072,64,0,hopper/mma_split,2,10.779000073671341,0.0078125,True,16,10,graph_amortized_device
NVIDIA H200,float16,131072,64,0,dao,2,80.45380115509033,0.0,True,16,10,graph_amortized_device
NVIDIA H200,float16,131072,64,0,dao_plus_quant,2,161.7434024810791,,True,16,10,graph_amortized_device
NVIDIA H200,float16,131072,64,0,hopper/warp,3,13.502399623394012,0.0,True,16,10,graph_amortized_device
NVIDIA H200,float16,131072,64,0,dao_plus_quant,3,161.76719665527344,,True,16,10,graph_amortized_device
NVIDIA H200,float16,131072,64,0,dao,3,81.04280233383179,0.0,True,16,10,graph_amortized_device
NVIDIA H200,float16,131072,64,0,hopper/mma_split,3,10.840599983930588,0.0078125,True,16,10,graph_amortized_device
NVIDIA H200,float16,131072,64,0,hopper/mma_fast,3,9.889200329780579,0.03125,False,16,10,graph_amortized_device
NVIDIA H200,float16,131072,64,0,hopper/wmma_split,3,19.447200000286102,0.0078125,True,16,10,graph_amortized_device
NVIDIA H200,float16,131072,64,0,hopper/wmma_fast,3,17.497000098228455,0.03125,False,16,10,graph_amortized_device
NVIDIA H200,float16,131072,64,0,hopper/wmma_split,4,19.461800158023834,0.0078125,True,16,10,graph_amortized_device
NVIDIA H200,float16,131072,64,0,hopper/mma_fast,4,9.849599748849869,0.03125,False,16,10,graph_amortized_device
NVIDIA H200,float16,131072,64,0,hopper/mma_split,4,10.778599977493286,0.0078125,True,16,10,graph_amortized_device
NVIDIA H200,float16,131072,64,0,dao,4,80.56880235671997,0.0,True,16,10,graph_amortized_device
NVIDIA H200,float16,131072,64,0,dao_plus_quant,4,160.79100370407104,,True,16,10,graph_amortized_device
NVIDIA H200,float16,131072,64,0,hopper/warp,4,13.458800315856934,0.0,True,16,10,graph_amortized_device
NVIDIA H200,float16,131072,64,0,hopper/wmma_fast,4,17.48179942369461,0.03125,False,16,10,graph_amortized_device
NVIDIA H200,float16,131072,64,1,dao,0,80.4669976234436,0.0,True,16,10,graph_amortized_device
NVIDIA H200,float16,131072,64,1,dao_plus_quant,0,160.5173945426941,,True,16,10,graph_amortized_device
NVIDIA H200,float16,131072,64,1,hopper/warp,0,13.664400577545166,0.0,True,16,10,graph_amortized_device
NVIDIA H200,float16,131072,64,1,hopper/wmma_fast,0,17.471399903297424,0.00390625,True,16,10,graph_amortized_device
NVIDIA H200,float16,131072,64,1,hopper/wmma_split,0,19.47299987077713,0.0009765625,True,16,10,graph_amortized_device
NVIDIA H200,float16,131072,64,1,hopper/mma_fast,0,9.848599880933762,0.00390625,True,16,10,graph_amortized_device
NVIDIA H200,float16,131072,64,1,hopper/mma_split,0,10.745800286531448,0.0009765625,True,16,10,graph_amortized_device
NVIDIA H200,float16,131072,64,1,dao,1,80.47699928283691,0.0,True,16,10,graph_amortized_device
NVIDIA H200,float16,131072,64,1,hopper/mma_split,1,10.768000036478043,0.0009765625,True,16,10,graph_amortized_device
NVIDIA H200,float16,131072,64,1,hopper/mma_fast,1,9.8410002887249,0.00390625,True,16,10,graph_amortized_device
NVIDIA H200,float16,131072,64,1,hopper/wmma_split,1,19.459399580955505,0.0009765625,True,16,10,graph_amortized_device
NVIDIA H200,float16,131072,64,1,hopper/wmma_fast,1,17.472000420093536,0.00390625,True,16,10,graph_amortized_device
NVIDIA H200,float16,131072,64,1,hopper/warp,1,13.671199977397919,0.0,True,16,10,graph_amortized_device
NVIDIA H200,float16,131072,64,1,dao_plus_quant,1,160.51499843597412,,True,16,10,graph_amortized_device
NVIDIA H200,float16,131072,64,1,hopper/warp,2,13.658200204372406,0.0,True,16,10,graph_amortized_device
NVIDIA H200,float16,131072,64,1,hopper/wmma_fast,2,17.490200698375702,0.00390625,True,16,10,graph_amortized_device
NVIDIA H200,float16,131072,64,1,hopper/wmma_split,2,19.48540061712265,0.0009765625,True,16,10,graph_amortized_device
NVIDIA H200,float16,131072,64,1,hopper/mma_fast,2,9.828799962997437,0.00390625,True,16,10,graph_amortized_device
NVIDIA H200,float16,131072,64,1,hopper/mma_split,2,10.729999840259552,0.0009765625,True,16,10,graph_amortized_device
NVIDIA H200,float16,131072,64,1,dao,2,80.4639995098114,0.0,True,16,10,graph_amortized_device
NVIDIA H200,float16,131072,64,1,dao_plus_quant,2,160.53260564804077,,True,16,10,graph_amortized_device
NVIDIA H200,float16,131072,64,1,hopper/warp,3,13.675999641418457,0.0,True,16,10,graph_amortized_device
NVIDIA H200,float16,131072,64,1,dao_plus_quant,3,160.52119731903076,,True,16,10,graph_amortized_device
NVIDIA H200,float16,131072,64,1,dao,3,80.46740293502808,0.0,True,16,10,graph_amortized_device
NVIDIA H200,float16,131072,64,1,hopper/mma_split,3,10.751000046730042,0.0009765625,True,16,10,graph_amortized_device
NVIDIA H200,float16,131072,64,1,hopper/mma_fast,3,9.859000146389008,0.00390625,True,16,10,graph_amortized_device
NVIDIA H200,float16,131072,64,1,hopper/wmma_split,3,19.48380023241043,0.0009765625,True,16,10,graph_amortized_device
NVIDIA H200,float16,131072,64,1,hopper/wmma_fast,3,17.48480051755905,0.00390625,True,16,10,graph_amortized_device
NVIDIA H200,float16,131072,64,1,hopper/wmma_split,4,19.505800306797028,0.0009765625,True,16,10,graph_amortized_device
NVIDIA H200,float16,131072,64,1,hopper/mma_fast,4,9.82699990272522,0.00390625,True,16,10,graph_amortized_device
NVIDIA H200,float16,131072,64,1,hopper/mma_split,4,10.739199817180634,0.0009765625,True,16,10,graph_amortized_device
NVIDIA H200,float16,131072,64,1,dao,4,80.47059774398804,0.0,True,16,10,graph_amortized_device
NVIDIA H200,float16,131072,64,1,dao_plus_quant,4,160.52160263061523,,True,16,10,graph_amortized_device
NVIDIA H200,float16,131072,64,1,hopper/warp,4,13.696600496768951,0.0,True,16,10,graph_amortized_device
NVIDIA H200,float16,131072,64,1,hopper/wmma_fast,4,17.48560070991516,0.00390625,True,16,10,graph_amortized_device
NVIDIA H200,float16,1,128,0,dao,0,1.5444000251591206,0.0,True,16,10,graph_amortized_device
NVIDIA H200,float16,1,128,0,dao_plus_quant,0,2.9260000213980675,,True,16,10,graph_amortized_device
NVIDIA H200,float16,1,128,0,hopper/warp,0,1.435799989849329,0.0,True,16,10,graph_amortized_device
NVIDIA H200,float16,1,128,0,hopper/wmma_fast,0,1.4125999994575977,0.0,True,16,10,graph_amortized_device
NVIDIA H200,float16,1,128,0,hopper/wmma_split,0,1.4065999537706375,0.0,True,16,10,graph_amortized_device
NVIDIA H200,float16,1,128,0,hopper/mma_fast,0,1.433399971574545,0.0,True,16,10,graph_amortized_device
NVIDIA H200,float16,1,128,0,hopper/mma_split,0,1.4113999903202057,0.0,True,16,10,graph_amortized_device
NVIDIA H200,float16,1,128,0,dao,1,1.5615999698638916,0.0,True,16,10,graph_amortized_device
NVIDIA H200,float16,1,128,0,hopper/mma_split,1,1.4142000116407871,0.0,True,16,10,graph_amortized_device
NVIDIA H200,float16,1,128,0,hopper/mma_fast,1,1.4341999776661396,0.0,True,16,10,graph_amortized_device
NVIDIA H200,float16,1,128,0,hopper/wmma_split,1,1.4035999774932861,0.0,True,16,10,graph_amortized_device
NVIDIA H200,float16,1,128,0,hopper/wmma_fast,1,1.39340003952384,0.0,True,16,10,graph_amortized_device
NVIDIA H200,float16,1,128,0,hopper/warp,1,1.4411999844014645,0.0,True,16,10,graph_amortized_device
NVIDIA H200,float16,1,128,0,dao_plus_quant,1,2.8906000778079033,,True,16,10,graph_amortized_device
NVIDIA H200,float16,1,128,0,hopper/warp,2,1.437199953943491,0.0,True,16,10,graph_amortized_device
NVIDIA H200,float16,1,128,0,hopper/wmma_fast,2,1.4109999872744083,0.0,True,16,10,graph_amortized_device
NVIDIA H200,float16,1,128,0,hopper/wmma_split,2,1.4065999537706375,0.0,True,16,10,graph_amortized_device
NVIDIA H200,float16,1,128,0,hopper/mma_fast,2,1.433200016617775,0.0,True,16,10,graph_amortized_device
NVIDIA H200,float16,1,128,0,hopper/mma_split,2,1.410400029271841,0.0,True,16,10,graph_amortized_device
NVIDIA H200,float16,1,128,0,dao,2,1.5595999546349049,0.0,True,16,10,graph_amortized_device
NVIDIA H200,float16,1,128,0,dao_plus_quant,2,2.924400009214878,,True,16,10,graph_amortized_device
NVIDIA H200,float16,1,128,0,hopper/warp,3,1.4399999752640724,0.0,True,16,10,graph_amortized_device
NVIDIA H200,float16,1,128,0,dao_plus_quant,3,15.454399585723877,,True,16,10,graph_amortized_device
NVIDIA H200,float16,1,128,0,dao,3,1.559200044721365,0.0,True,16,10,graph_amortized_device
NVIDIA H200,float16,1,128,0,hopper/mma_split,3,1.4121999964118004,0.0,True,16,10,graph_amortized_device
NVIDIA H200,float16,1,128,0,hopper/mma_fast,3,1.4295999892055988,0.0,True,16,10,graph_amortized_device
NVIDIA H200,float16,1,128,0,hopper/wmma_split,3,1.4026000164449215,0.0,True,16,10,graph_amortized_device
NVIDIA H200,float16,1,128,0,hopper/wmma_fast,3,1.4097999781370163,0.0,True,16,10,graph_amortized_device
NVIDIA H200,float16,1,128,0,hopper/wmma_split,4,1.4050000347197056,0.0,True,16,10,graph_amortized_device
NVIDIA H200,float16,1,128,0,hopper/mma_fast,4,1.4294000342488289,0.0,True,16,10,graph_amortized_device
NVIDIA H200,float16,1,128,0,hopper/mma_split,4,1.4085999689996243,0.0,True,16,10,graph_amortized_device
NVIDIA H200,float16,1,128,0,dao,4,1.5615999698638916,0.0,True,16,10,graph_amortized_device
NVIDIA H200,float16,1,128,0,dao_plus_quant,4,2.8877999633550644,,True,16,10,graph_amortized_device
NVIDIA H200,float16,1,128,0,hopper/warp,4,1.4364000409841537,0.0,True,16,10,graph_amortized_device
NVIDIA H200,float16,1,128,0,hopper/wmma_fast,4,1.4077999629080296,0.0,True,16,10,graph_amortized_device
NVIDIA H200,float16,1,128,1,dao,0,1.5519999898970127,0.0,True,16,10,graph_amortized_device
NVIDIA H200,float16,1,128,1,dao_plus_quant,0,2.9278000816702843,,True,16,10,graph_amortized_device
NVIDIA H200,float16,1,128,1,hopper/warp,0,1.4171999879181385,0.0,True,16,10,graph_amortized_device
NVIDIA H200,float16,1,128,1,hopper/wmma_fast,0,1.4205999672412872,0.0,True,16,10,graph_amortized_device
NVIDIA H200,float16,1,128,1,hopper/wmma_split,0,1.4058000408113003,0.0,True,16,10,graph_amortized_device
NVIDIA H200,float16,1,128,1,hopper/mma_fast,0,1.4436000026762486,0.0,True,16,10,graph_amortized_device
NVIDIA H200,float16,1,128,1,hopper/mma_split,0,1.3996000401675701,0.0,True,16,10,graph_amortized_device
NVIDIA H200,float16,1,128,1,dao,1,1.5544000081717968,0.0,True,16,10,graph_amortized_device
NVIDIA H200,float16,1,128,1,hopper/mma_split,1,1.418600045144558,0.0,True,16,10,graph_amortized_device
NVIDIA H200,float16,1,128,1,hopper/mma_fast,1,1.4433999545872211,0.0,True,16,10,graph_amortized_device
NVIDIA H200,float16,1,128,1,hopper/wmma_split,1,1.4027999714016914,0.0,True,16,10,graph_amortized_device
NVIDIA H200,float16,1,128,1,hopper/wmma_fast,1,1.421399973332882,0.0,True,16,10,graph_amortized_device
NVIDIA H200,float16,1,128,1,hopper/warp,1,1.4162000268697739,0.0,True,16,10,graph_amortized_device
NVIDIA H200,float16,1,128,1,dao_plus_quant,1,2.928999997675419,,True,16,10,graph_amortized_device
NVIDIA H200,float16,1,128,1,hopper/warp,2,1.417400036007166,0.0,True,16,10,graph_amortized_device
NVIDIA H200,float16,1,128,1,hopper/wmma_fast,2,1.421200018376112,0.0,True,16,10,graph_amortized_device
NVIDIA H200,float16,1,128,1,hopper/wmma_split,2,1.4039999805390835,0.0,True,16,10,graph_amortized_device
NVIDIA H200,float16,1,128,1,hopper/mma_fast,2,1.4422000385820866,0.0,True,16,10,graph_amortized_device
NVIDIA H200,float16,1,128,1,hopper/mma_split,2,1.4166000299155712,0.0,True,16,10,graph_amortized_device
NVIDIA H200,float16,1,128,1,dao,2,1.5545999631285667,0.0,True,16,10,graph_amortized_device
NVIDIA H200,float16,1,128,1,dao_plus_quant,2,2.9293999075889587,,True,16,10,graph_amortized_device
NVIDIA H200,float16,1,128,1,hopper/warp,3,1.4135999605059624,0.0,True,16,10,graph_amortized_device
NVIDIA H200,float16,1,128,1,dao_plus_quant,3,2.9311999678611755,,True,16,10,graph_amortized_device
NVIDIA H200,float16,1,128,1,dao,3,1.554999966174364,0.0,True,16,10,graph_amortized_device
NVIDIA H200,float16,1,128,1,hopper/mma_split,3,1.4166000299155712,0.0,True,16,10,graph_amortized_device
NVIDIA H200,float16,1,128,1,hopper/mma_fast,3,1.4436000026762486,0.0,True,16,10,graph_amortized_device
NVIDIA H200,float16,1,128,1,hopper/wmma_split,3,1.4062000438570976,0.0,True,16,10,graph_amortized_device
NVIDIA H200,float16,1,128,1,hopper/wmma_fast,3,1.4204000122845173,0.0,True,16,10,graph_amortized_device
NVIDIA H200,float16,1,128,1,hopper/wmma_split,4,1.4058000408113003,0.0,True,16,10,graph_amortized_device
NVIDIA H200,float16,1,128,1,hopper/mma_fast,4,1.4403999783098698,0.0,True,16,10,graph_amortized_device
NVIDIA H200,float16,1,128,1,hopper/mma_split,4,1.4179999940097332,0.0,True,16,10,graph_amortized_device
NVIDIA H200,float16,1,128,1,dao,4,1.5540000051259995,0.0,True,16,10,graph_amortized_device
NVIDIA H200,float16,1,128,1,dao_plus_quant,4,2.928999997675419,,True,16,10,graph_amortized_device
NVIDIA H200,float16,1,128,1,hopper/warp,4,1.4150000177323818,0.0,True,16,10,graph_amortized_device
NVIDIA H200,float16,1,128,1,hopper/wmma_fast,4,1.4192000031471252,0.0,True,16,10,graph_amortized_device
NVIDIA H200,float16,128,128,0,dao,0,1.7028000205755234,0.0,True,16,10,graph_amortized_device
NVIDIA H200,float16,128,128,0,dao_plus_quant,0,3.2173998653888702,,True,16,10,graph_amortized_device
NVIDIA H200,float16,128,128,0,hopper/warp,0,1.540399994701147,0.0,True,16,10,graph_amortized_device
NVIDIA H200,float16,128,128,0,hopper/wmma_fast,0,1.9581999629735947,0.03125,False,16,10,graph_amortized_device
NVIDIA H200,float16,128,128,0,hopper/wmma_split,0,1.962600089609623,0.0,True,16,10,graph_amortized_device
NVIDIA H200,float16,128,128,0,hopper/mma_fast,0,1.6367999836802483,0.03125,False,16,10,graph_amortized_device
NVIDIA H200,float16,128,128,0,hopper/mma_split,0,1.6408000141382217,0.0,True,16,10,graph_amortized_device
NVIDIA H200,float16,128,128,0,dao,1,1.703999936580658,0.0,True,16,10,graph_amortized_device
NVIDIA H200,float16,128,128,0,hopper/mma_split,1,1.6373999416828156,0.0,True,16,10,graph_amortized_device
NVIDIA H200,float16,128,128,0,hopper/mma_fast,1,1.6373999416828156,0.03125,False,16,10,graph_amortized_device
NVIDIA H200,float16,128,128,0,hopper/wmma_split,1,1.965400017797947,0.0,True,16,10,graph_amortized_device
NVIDIA H200,float16,128,128,0,hopper/wmma_fast,1,1.958799920976162,0.03125,False,16,10,graph_amortized_device
NVIDIA H200,float16,128,128,0,hopper/warp,1,1.539199985563755,0.0,True,16,10,graph_amortized_device
NVIDIA H200,float16,128,128,0,dao_plus_quant,1,3.1812001019716263,,True,16,10,graph_amortized_device
NVIDIA H200,float16,128,128,0,hopper/warp,2,1.540399994701147,0.0,True,16,10,graph_amortized_device
NVIDIA H200,float16,128,128,0,hopper/wmma_fast,2,1.9564000889658928,0.03125,False,16,10,graph_amortized_device
NVIDIA H200,float16,128,128,0,hopper/wmma_split,2,1.9618000835180283,0.0,True,16,10,graph_amortized_device
NVIDIA H200,float16,128,128,0,hopper/mma_fast,2,1.6392000019550323,0.03125,False,16,10,graph_amortized_device
NVIDIA H200,float16,128,128,0,hopper/mma_split,2,1.6395999118685722,0.0,True,16,10,graph_amortized_device
NVIDIA H200,float16,128,128,0,dao,2,1.702599972486496,0.0,True,16,10,graph_amortized_device
NVIDIA H200,float16,128,128,0,dao_plus_quant,2,3.2138001173734665,,True,16,10,graph_amortized_device
NVIDIA H200,float16,128,128,0,hopper/warp,3,1.5394000336527824,0.0,True,16,10,graph_amortized_device
NVIDIA H200,float16,128,128,0,dao_plus_quant,3,3.1812001019716263,,True,16,10,graph_amortized_device
NVIDIA H200,float16,128,128,0,dao,3,1.7028000205755234,0.0,True,16,10,graph_amortized_device
NVIDIA H200,float16,128,128,0,hopper/mma_split,3,1.6572000458836555,0.0,True,16,10,graph_amortized_device
NVIDIA H200,float16,128,128,0,hopper/mma_fast,3,1.6367999836802483,0.03125,False,16,10,graph_amortized_device
NVIDIA H200,float16,128,128,0,hopper/wmma_split,3,1.965400017797947,0.0,True,16,10,graph_amortized_device
NVIDIA H200,float16,128,128,0,hopper/wmma_fast,3,1.9564000889658928,0.03125,False,16,10,graph_amortized_device
NVIDIA H200,float16,128,128,0,hopper/wmma_split,4,1.9602000713348389,0.0,True,16,10,graph_amortized_device
NVIDIA H200,float16,128,128,0,hopper/mma_fast,4,1.6373999416828156,0.03125,False,16,10,graph_amortized_device
NVIDIA H200,float16,128,128,0,hopper/mma_split,4,1.6564000397920609,0.0,True,16,10,graph_amortized_device
NVIDIA H200,float16,128,128,0,dao,4,1.703600026667118,0.0,True,16,10,graph_amortized_device
NVIDIA H200,float16,128,128,0,dao_plus_quant,4,3.1780000776052475,,True,16,10,graph_amortized_device
NVIDIA H200,float16,128,128,0,hopper/warp,4,1.5386000275611877,0.0,True,16,10,graph_amortized_device
NVIDIA H200,float16,128,128,0,hopper/wmma_fast,4,1.9586000591516495,0.03125,False,16,10,graph_amortized_device
NVIDIA H200,float16,128,128,1,dao,0,1.7031999304890633,0.0,True,16,10,graph_amortized_device
NVIDIA H200,float16,128,128,1,dao_plus_quant,0,3.2145999372005463,,True,16,10,graph_amortized_device
NVIDIA H200,float16,128,128,1,hopper/warp,0,1.524799969047308,0.0,True,16,10,graph_amortized_device
NVIDIA H200,float16,128,128,1,hopper/wmma_fast,0,1.9316000863909721,0.001953125,True,16,10,graph_amortized_device
NVIDIA H200,float16,128,128,1,hopper/wmma_split,0,1.9549999386072159,0.0,True,16,10,graph_amortized_device
NVIDIA H200,float16,128,128,1,hopper/mma_fast,0,1.626800000667572,0.001953125,True,16,10,graph_amortized_device
NVIDIA H200,float16,128,128,1,hopper/mma_split,0,1.6713999211788177,0.0,True,16,10,graph_amortized_device
NVIDIA H200,float16,128,128,1,dao,1,1.7009999603033066,0.0,True,16,10,graph_amortized_device
NVIDIA H200,float16,128,128,1,hopper/mma_split,1,1.6704000532627106,0.0,True,16,10,graph_amortized_device
NVIDIA H200,float16,128,128,1,hopper/mma_fast,1,1.62579994648695,0.001953125,True,16,10,graph_amortized_device
NVIDIA H200,float16,128,128,1,hopper/wmma_split,1,1.955600082874298,0.0,True,16,10,graph_amortized_device
NVIDIA H200,float16,128,128,1,hopper/wmma_fast,1,1.9308000802993774,0.001953125,True,16,10,graph_amortized_device
NVIDIA H200,float16,128,128,1,hopper/warp,1,1.5428000129759312,0.0,True,16,10,graph_amortized_device
NVIDIA H200,float16,128,128,1,dao_plus_quant,1,3.213600069284439,,True,16,10,graph_amortized_device
NVIDIA H200,float16,128,128,1,hopper/warp,2,1.5441999770700932,0.0,True,16,10,graph_amortized_device
NVIDIA H200,float16,128,128,1,hopper/wmma_fast,2,1.9300000742077827,0.001953125,True,16,10,graph_amortized_device
NVIDIA H200,float16,128,128,1,hopper/wmma_split,2,1.9713999703526497,0.0,True,16,10,graph_amortized_device
NVIDIA H200,float16,128,128,1,hopper/mma_fast,2,1.6241999343037605,0.001953125,True,16,10,graph_amortized_device
NVIDIA H200,float16,128,128,1,hopper/mma_split,2,1.6693999990820885,0.0,True,16,10,graph_amortized_device
NVIDIA H200,float16,128,128,1,dao,2,1.6990000382065773,0.0,True,16,10,graph_amortized_device
NVIDIA H200,float16,128,128,1,dao_plus_quant,2,3.212999925017357,,True,16,10,graph_amortized_device
NVIDIA H200,float16,128,128,1,hopper/warp,3,1.5292000025510788,0.0,True,16,10,graph_amortized_device
NVIDIA H200,float16,128,128,1,dao_plus_quant,3,3.2127998769283295,,True,16,10,graph_amortized_device
NVIDIA H200,float16,128,128,1,dao,3,1.7014000564813614,0.0,True,16,10,graph_amortized_device
NVIDIA H200,float16,128,128,1,hopper/mma_split,3,1.6710000112652779,0.0,True,16,10,graph_amortized_device
NVIDIA H200,float16,128,128,1,hopper/mma_fast,3,1.6225999221205711,0.001953125,True,16,10,graph_amortized_device
NVIDIA H200,float16,128,128,1,hopper/wmma_split,3,1.969200000166893,0.0,True,16,10,graph_amortized_device
NVIDIA H200,float16,128,128,1,hopper/wmma_fast,3,1.9303999841213226,0.001953125,True,16,10,graph_amortized_device
NVIDIA H200,float16,128,128,1,hopper/wmma_split,4,1.95700004696846,0.0,True,16,10,graph_amortized_device
NVIDIA H200,float16,128,128,1,hopper/mma_fast,4,1.6270000487565994,0.001953125,True,16,10,graph_amortized_device
NVIDIA H200,float16,128,128,1,hopper/mma_split,4,1.6707999631762505,0.0,True,16,10,graph_amortized_device
NVIDIA H200,float16,128,128,1,dao,4,1.702200062572956,0.0,True,16,10,graph_amortized_device
NVIDIA H200,float16,128,128,1,dao_plus_quant,4,3.2120000571012497,,True,16,10,graph_amortized_device
NVIDIA H200,float16,128,128,1,hopper/warp,4,1.524799969047308,0.0,True,16,10,graph_amortized_device
NVIDIA H200,float16,128,128,1,hopper/wmma_fast,4,1.9330000504851341,0.001953125,True,16,10,graph_amortized_device
NVIDIA H200,float16,16384,128,0,dao,0,11.322999745607376,0.0,True,16,10,graph_amortized_device
NVIDIA H200,float16,16384,128,0,dao_plus_quant,0,22.460199892520905,,True,16,10,graph_amortized_device
NVIDIA H200,float16,16384,128,0,hopper/warp,0,3.9225999265909195,0.0,True,16,10,graph_amortized_device
NVIDIA H200,float16,16384,128,0,hopper/wmma_fast,0,5.606399849057198,0.03125,False,16,10,graph_amortized_device
NVIDIA H200,float16,16384,128,0,hopper/wmma_split,0,6.070199981331825,0.015625,False,16,10,graph_amortized_device
NVIDIA H200,float16,16384,128,0,hopper/mma_fast,0,3.665599972009659,0.03125,False,16,10,graph_amortized_device
NVIDIA H200,float16,16384,128,0,hopper/mma_split,0,3.7661999464035034,0.015625,False,16,10,graph_amortized_device
NVIDIA H200,float16,16384,128,0,dao,1,11.32740005850792,0.0,True,16,10,graph_amortized_device
NVIDIA H200,float16,16384,128,0,hopper/mma_split,1,3.7581998854875565,0.015625,False,16,10,graph_amortized_device
NVIDIA H200,float16,16384,128,0,hopper/mma_fast,1,3.6490000784397125,0.03125,False,16,10,graph_amortized_device
NVIDIA H200,float16,16384,128,0,hopper/wmma_split,1,6.069200113415718,0.015625,False,16,10,graph_amortized_device
NVIDIA H200,float16,16384,128,0,hopper/wmma_fast,1,5.599800124764442,0.03125,False,16,10,graph_amortized_device
NVIDIA H200,float16,16384,128,0,hopper/warp,1,3.9193999022245407,0.0,True,16,10,graph_amortized_device
NVIDIA H200,float16,16384,128,0,dao_plus_quant,1,22.458399832248688,,True,16,10,graph_amortized_device
NVIDIA H200,float16,16384,128,0,hopper/warp,2,3.9138000458478928,0.0,True,16,10,graph_amortized_device
NVIDIA H200,float16,16384,128,0,hopper/wmma_fast,2,5.600599944591522,0.03125,False,16,10,graph_amortized_device
NVIDIA H200,float16,16384,128,0,hopper/wmma_split,2,6.0697998851537704,0.015625,False,16,10,graph_amortized_device
NVIDIA H200,float16,16384,128,0,hopper/mma_fast,2,3.6258000880479813,0.03125,False,16,10,graph_amortized_device
NVIDIA H200,float16,16384,128,0,hopper/mma_split,2,3.7610001862049103,0.015625,False,16,10,graph_amortized_device
NVIDIA H200,float16,16384,128,0,dao,2,11.326000094413757,0.0,True,16,10,graph_amortized_device
NVIDIA H200,float16,16384,128,0,dao_plus_quant,2,22.458399832248688,,True,16,10,graph_amortized_device
NVIDIA H200,float16,16384,128,0,hopper/warp,3,3.9267998188734055,0.0,True,16,10,graph_amortized_device
NVIDIA H200,float16,16384,128,0,dao_plus_quant,3,22.45599925518036,,True,16,10,graph_amortized_device
NVIDIA H200,float16,16384,128,0,dao,3,11.321999877691269,0.0,True,16,10,graph_amortized_device
NVIDIA H200,float16,16384,128,0,hopper/mma_split,3,3.760800138115883,0.015625,False,16,10,graph_amortized_device
NVIDIA H200,float16,16384,128,0,hopper/mma_fast,3,3.6423999816179276,0.03125,False,16,10,graph_amortized_device
NVIDIA H200,float16,16384,128,0,hopper/wmma_split,3,6.067600101232529,0.015625,False,16,10,graph_amortized_device
NVIDIA H200,float16,16384,128,0,hopper/wmma_fast,3,5.607600137591362,0.03125,False,16,10,graph_amortized_device
NVIDIA H200,float16,16384,128,0,hopper/wmma_split,4,6.072000041604042,0.015625,False,16,10,graph_amortized_device
NVIDIA H200,float16,16384,128,0,hopper/mma_fast,4,3.6577999591827393,0.03125,False,16,10,graph_amortized_device
NVIDIA H200,float16,16384,128,0,hopper/mma_split,4,3.759400174021721,0.015625,False,16,10,graph_amortized_device
NVIDIA H200,float16,16384,128,0,dao,4,11.333200335502625,0.0,True,16,10,graph_amortized_device
NVIDIA H200,float16,16384,128,0,dao_plus_quant,4,22.452199459075928,,True,16,10,graph_amortized_device
NVIDIA H200,float16,16384,128,0,hopper/warp,4,3.9282001554965973,0.0,True,16,10,graph_amortized_device
NVIDIA H200,float16,16384,128,0,hopper/wmma_fast,4,5.597800016403198,0.03125,False,16,10,graph_amortized_device
NVIDIA H200,float16,16384,128,1,dao,0,11.369200050830841,0.0,True,16,10,graph_amortized_device
NVIDIA H200,float16,16384,128,1,dao_plus_quant,0,22.46679961681366,,True,16,10,graph_amortized_device
NVIDIA H200,float16,16384,128,1,hopper/warp,0,3.974200040102005,0.0,True,16,10,graph_amortized_device
NVIDIA H200,float16,16384,128,1,hopper/wmma_fast,0,5.578799918293953,0.00390625,True,16,10,graph_amortized_device
NVIDIA H200,float16,16384,128,1,hopper/wmma_split,0,6.079399958252907,0.001953125,True,16,10,graph_amortized_device
NVIDIA H200,float16,16384,128,1,hopper/mma_fast,0,3.642600029706955,0.00390625,True,16,10,graph_amortized_device
NVIDIA H200,float16,16384,128,1,hopper/mma_split,0,3.756599873304367,0.001953125,True,16,10,graph_amortized_device
NVIDIA H200,float16,16384,128,1,dao,1,11.360400170087814,0.0,True,16,10,graph_amortized_device
NVIDIA H200,float16,16384,128,1,hopper/mma_split,1,3.7427999079227448,0.001953125,True,16,10,graph_amortized_device
NVIDIA H200,float16,16384,128,1,hopper/mma_fast,1,3.638799861073494,0.00390625,True,16,10,graph_amortized_device
NVIDIA H200,float16,16384,128,1,hopper/wmma_split,1,6.0708001255989075,0.001953125,True,16,10,graph_amortized_device
NVIDIA H200,float16,16384,128,1,hopper/wmma_fast,1,5.576800182461739,0.00390625,True,16,10,graph_amortized_device
NVIDIA H200,float16,16384,128,1,hopper/warp,1,3.9763998240232468,0.0,True,16,10,graph_amortized_device
NVIDIA H200,float16,16384,128,1,dao_plus_quant,1,22.44420051574707,,True,16,10,graph_amortized_device
NVIDIA H200,float16,16384,128,1,hopper/warp,2,3.914399817585945,0.0,True,16,10,graph_amortized_device
NVIDIA H200,float16,16384,128,1,hopper/wmma_fast,2,5.571600049734116,0.00390625,True,16,10,graph_amortized_device
NVIDIA H200,float16,16384,128,1,hopper/wmma_split,2,6.07060007750988,0.001953125,True,16,10,graph_amortized_device
NVIDIA H200,float16,16384,128,1,hopper/mma_fast,2,3.6531999707221985,0.00390625,True,16,10,graph_amortized_device
NVIDIA H200,float16,16384,128,1,hopper/mma_split,2,3.7804000079631805,0.001953125,True,16,10,graph_amortized_device
NVIDIA H200,float16,16384,128,1,dao,2,11.363200098276138,0.0,True,16,10,graph_amortized_device
NVIDIA H200,float16,16384,128,1,dao_plus_quant,2,22.446000576019287,,True,16,10,graph_amortized_device
NVIDIA H200,float16,16384,128,1,hopper/warp,3,3.9301998913288116,0.0,True,16,10,graph_amortized_device
NVIDIA H200,float16,16384,128,1,dao_plus_quant,3,22.446000576019287,,True,16,10,graph_amortized_device
NVIDIA H200,float16,16384,128,1,dao,3,11.353400349617004,0.0,True,16,10,graph_amortized_device
NVIDIA H200,float16,16384,128,1,hopper/mma_split,3,3.7413999438285828,0.001953125,True,16,10,graph_amortized_device
NVIDIA H200,float16,16384,128,1,hopper/mma_fast,3,3.6437999457120895,0.00390625,True,16,10,graph_amortized_device
NVIDIA H200,float16,16384,128,1,hopper/wmma_split,3,6.075000017881393,0.001953125,True,16,10,graph_amortized_device
NVIDIA H200,float16,16384,128,1,hopper/wmma_fast,3,5.578000098466873,0.00390625,True,16,10,graph_amortized_device
NVIDIA H200,float16,16384,128,1,hopper/wmma_split,4,6.07139989733696,0.001953125,True,16,10,graph_amortized_device
NVIDIA H200,float16,16384,128,1,hopper/mma_fast,4,3.655799850821495,0.00390625,True,16,10,graph_amortized_device
NVIDIA H200,float16,16384,128,1,hopper/mma_split,4,3.74159999191761,0.001953125,True,16,10,graph_amortized_device
NVIDIA H200,float16,16384,128,1,dao,4,11.354800313711166,0.0,True,16,10,graph_amortized_device
NVIDIA H200,float16,16384,128,1,dao_plus_quant,4,22.446799278259277,,True,16,10,graph_amortized_device
NVIDIA H200,float16,16384,128,1,hopper/warp,4,3.934599831700325,0.0,True,16,10,graph_amortized_device
NVIDIA H200,float16,16384,128,1,hopper/wmma_fast,4,5.5771999061107635,0.00390625,True,16,10,graph_amortized_device
NVIDIA H200,float16,131072,128,0,dao,0,80.63139915466309,0.0,True,16,10,graph_amortized_device
NVIDIA H200,float16,131072,128,0,dao_plus_quant,0,160.86620092391968,,True,16,10,graph_amortized_device
NVIDIA H200,float16,131072,128,0,hopper/warp,0,22.252200543880463,0.0,True,16,10,graph_amortized_device
NVIDIA H200,float16,131072,128,0,hopper/wmma_fast,0,33.142200112342834,0.03125,False,16,10,graph_amortized_device
NVIDIA H200,float16,131072,128,0,hopper/wmma_split,0,36.94640100002289,0.015625,False,16,10,graph_amortized_device
NVIDIA H200,float16,131072,128,0,hopper/mma_fast,0,20.206600427627563,0.03125,False,16,10,graph_amortized_device
NVIDIA H200,float16,131072,128,0,hopper/mma_split,0,20.248399674892426,0.015625,False,16,10,graph_amortized_device
NVIDIA H200,float16,131072,128,0,dao,1,80.62919974327087,0.0,True,16,10,graph_amortized_device
NVIDIA H200,float16,131072,128,0,hopper/mma_split,1,20.27900069952011,0.015625,False,16,10,graph_amortized_device
NVIDIA H200,float16,131072,128,0,hopper/mma_fast,1,20.250600576400757,0.03125,False,16,10,graph_amortized_device
NVIDIA H200,float16,131072,128,0,hopper/wmma_split,1,36.94759905338287,0.015625,False,16,10,graph_amortized_device
NVIDIA H200,float16,131072,128,0,hopper/wmma_fast,1,33.14479887485504,0.03125,False,16,10,graph_amortized_device
NVIDIA H200,float16,131072,128,0,hopper/warp,1,22.292999923229218,0.0,True,16,10,graph_amortized_device
NVIDIA H200,float16,131072,128,0,dao_plus_quant,1,161.40379905700684,,True,16,10,graph_amortized_device
NVIDIA H200,float16,131072,128,0,hopper/warp,2,22.383800148963928,0.0,True,16,10,graph_amortized_device
NVIDIA H200,float16,131072,128,0,hopper/wmma_fast,2,33.11519920825958,0.03125,False,16,10,graph_amortized_device
NVIDIA H200,float16,131072,128,0,hopper/wmma_split,2,36.92620098590851,0.015625,False,16,10,graph_amortized_device
NVIDIA H200,float16,131072,128,0,hopper/mma_fast,2,20.297999680042267,0.03125,False,16,10,graph_amortized_device
NVIDIA H200,float16,131072,128,0,hopper/mma_split,2,20.313799381256104,0.015625,False,16,10,graph_amortized_device
NVIDIA H200,float16,131072,128,0,dao,2,80.98700046539307,0.0,True,16,10,graph_amortized_device
NVIDIA H200,float16,131072,128,0,dao_plus_quant,2,162.00920343399048,,True,16,10,graph_amortized_device
NVIDIA H200,float16,131072,128,0,hopper/warp,3,22.35880047082901,0.0,True,16,10,graph_amortized_device
NVIDIA H200,float16,131072,128,0,dao_plus_quant,3,160.8680009841919,,True,16,10,graph_amortized_device
NVIDIA H200,float16,131072,128,0,dao,3,80.61479926109314,0.0,True,16,10,graph_amortized_device
NVIDIA H200,float16,131072,128,0,hopper/mma_split,3,20.250199735164642,0.015625,False,16,10,graph_amortized_device
NVIDIA H200,float16,131072,128,0,hopper/mma_fast,3,20.239800214767456,0.03125,False,16,10,graph_amortized_device
NVIDIA H200,float16,131072,128,0,hopper/wmma_split,3,36.660000681877136,0.015625,False,16,10,graph_amortized_device
NVIDIA H200,float16,131072,128,0,hopper/wmma_fast,3,32.89659917354584,0.03125,False,16,10,graph_amortized_device
NVIDIA H200,float16,131072,128,0,hopper/wmma_split,4,36.663201451301575,0.015625,False,16,10,graph_amortized_device
NVIDIA H200,float16,131072,128,0,hopper/mma_fast,4,20.202599465847015,0.03125,False,16,10,graph_amortized_device
NVIDIA H200,float16,131072,128,0,hopper/mma_split,4,20.234200358390808,0.015625,False,16,10,graph_amortized_device
NVIDIA H200,float16,131072,128,0,dao,4,80.75640201568604,0.0,True,16,10,graph_amortized_device
NVIDIA H200,float16,131072,128,0,dao_plus_quant,4,161.1032009124756,,True,16,10,graph_amortized_device
NVIDIA H200,float16,131072,128,0,hopper/warp,4,22.32300043106079,0.0,True,16,10,graph_amortized_device
NVIDIA H200,float16,131072,128,0,hopper/wmma_fast,4,32.93060064315796,0.03125,False,16,10,graph_amortized_device
NVIDIA H200,float16,131072,128,1,dao,0,80.58720231056213,0.0,True,16,10,graph_amortized_device
NVIDIA H200,float16,131072,128,1,dao_plus_quant,0,160.84740161895752,,True,16,10,graph_amortized_device
NVIDIA H200,float16,131072,128,1,hopper/warp,0,22.275400161743164,0.0,True,16,10,graph_amortized_device
NVIDIA H200,float16,131072,128,1,hopper/wmma_fast,0,32.90599882602692,0.00390625,True,16,10,graph_amortized_device
NVIDIA H200,float16,131072,128,1,hopper/wmma_split,0,36.66360080242157,0.001953125,True,16,10,graph_amortized_device
NVIDIA H200,float16,131072,128,1,hopper/mma_fast,0,20.16959935426712,0.00390625,True,16,10,graph_amortized_device
NVIDIA H200,float16,131072,128,1,hopper/mma_split,0,20.277799665927887,0.001953125,True,16,10,graph_amortized_device
NVIDIA H200,float16,131072,128,1,dao,1,80.58379888534546,0.0,True,16,10,graph_amortized_device
NVIDIA H200,float16,131072,128,1,hopper/mma_split,1,20.25420069694519,0.001953125,True,16,10,graph_amortized_device
NVIDIA H200,float16,131072,128,1,hopper/mma_fast,1,20.18740028142929,0.00390625,True,16,10,graph_amortized_device
NVIDIA H200,float16,131072,128,1,hopper/wmma_split,1,36.68600022792816,0.001953125,True,16,10,graph_amortized_device
NVIDIA H200,float16,131072,128,1,hopper/wmma_fast,1,32.9041987657547,0.00390625,True,16,10,graph_amortized_device
NVIDIA H200,float16,131072,128,1,hopper/warp,1,22.305800020694733,0.0,True,16,10,graph_amortized_device
NVIDIA H200,float16,131072,128,1,dao_plus_quant,1,161.1292004585266,,True,16,10,graph_amortized_device
NVIDIA H200,float16,131072,128,1,hopper/warp,2,22.323599457740784,0.0,True,16,10,graph_amortized_device
NVIDIA H200,float16,131072,128,1,hopper/wmma_fast,2,32.92480111122131,0.00390625,True,16,10,graph_amortized_device
NVIDIA H200,float16,131072,128,1,hopper/wmma_split,2,36.715999245643616,0.001953125,True,16,10,graph_amortized_device
NVIDIA H200,float16,131072,128,1,hopper/mma_fast,2,20.216800272464752,0.00390625,True,16,10,graph_amortized_device
NVIDIA H200,float16,131072,128,1,hopper/mma_split,2,20.234400033950806,0.001953125,True,16,10,graph_amortized_device
NVIDIA H200,float16,131072,128,1,dao,2,80.68959712982178,0.0,True,16,10,graph_amortized_device
NVIDIA H200,float16,131072,128,1,dao_plus_quant,2,161.13799810409546,,True,16,10,graph_amortized_device
NVIDIA H200,float16,131072,128,1,hopper/warp,3,22.315600514411926,0.0,True,16,10,graph_amortized_device
NVIDIA H200,float16,131072,128,1,dao_plus_quant,3,161.14100217819214,,True,16,10,graph_amortized_device
NVIDIA H200,float16,131072,128,1,dao,3,80.74780106544495,0.0,True,16,10,graph_amortized_device
NVIDIA H200,float16,131072,128,1,hopper/mma_split,3,20.247000455856323,0.001953125,True,16,10,graph_amortized_device
NVIDIA H200,float16,131072,128,1,hopper/mma_fast,3,20.205800235271454,0.00390625,True,16,10,graph_amortized_device
NVIDIA H200,float16,131072,128,1,hopper/wmma_split,3,36.69919967651367,0.001953125,True,16,10,graph_amortized_device
NVIDIA H200,float16,131072,128,1,hopper/wmma_fast,3,32.91960060596466,0.00390625,True,16,10,graph_amortized_device
NVIDIA H200,float16,131072,128,1,hopper/wmma_split,4,36.69059872627258,0.001953125,True,16,10,graph_amortized_device
NVIDIA H200,float16,131072,128,1,hopper/mma_fast,4,20.185600221157074,0.00390625,True,16,10,graph_amortized_device
NVIDIA H200,float16,131072,128,1,hopper/mma_split,4,20.26599943637848,0.001953125,True,16,10,graph_amortized_device
NVIDIA H200,float16,131072,128,1,dao,4,80.71119785308838,0.0,True,16,10,graph_amortized_device
NVIDIA H200,float16,131072,128,1,dao_plus_quant,4,161.18179559707642,,True,16,10,graph_amortized_device
NVIDIA H200,float16,131072,128,1,hopper/warp,4,22.342799603939056,0.0,True,16,10,graph_amortized_device
NVIDIA H200,float16,131072,128,1,hopper/wmma_fast,4,32.90640115737915,0.00390625,True,16,10,graph_amortized_device
NVIDIA H200,float16,1,256,0,dao,0,1.6119999811053276,0.0,True,16,10,graph_amortized_device
NVIDIA H200,float16,1,256,0,dao_plus_quant,0,2.969999983906746,,True,16,10,graph_amortized_device
NVIDIA H200,float16,1,256,0,hopper/warp,0,1.5056000091135502,0.0,True,16,10,graph_amortized_device
NVIDIA H200,float16,1,256,0,hopper/wmma_fast,0,1.7820000648498535,0.03125,False,16,10,graph_amortized_device
NVIDIA H200,float16,1,256,0,hopper/wmma_split,0,1.8120000138878822,0.0,True,16,10,graph_amortized_device
NVIDIA H200,float16,1,256,0,hopper/mma_fast,0,1.558000035583973,0.03125,False,16,10,graph_amortized_device
NVIDIA H200,float16,1,256,0,hopper/mma_split,0,1.5502000227570534,0.0,True,16,10,graph_amortized_device
NVIDIA H200,float16,1,256,0,dao,1,1.6085999086499214,0.0,True,16,10,graph_amortized_device
NVIDIA H200,float16,1,256,0,hopper/mma_split,1,1.5515999868512154,0.0,True,16,10,graph_amortized_device
NVIDIA H200,float16,1,256,0,hopper/mma_fast,1,1.5577999874949455,0.03125,False,16,10,graph_amortized_device
NVIDIA H200,float16,1,256,0,hopper/wmma_split,1,1.8115999177098274,0.0,True,16,10,graph_amortized_device
NVIDIA H200,float16,1,256,0,hopper/wmma_fast,1,1.783199980854988,0.03125,False,16,10,graph_amortized_device
NVIDIA H200,float16,1,256,0,hopper/warp,1,1.5068000182509422,0.0,True,16,10,graph_amortized_device
NVIDIA H200,float16,1,256,0,dao_plus_quant,1,2.97200009226799,,True,16,10,graph_amortized_device
NVIDIA H200,float16,1,256,0,hopper/warp,2,1.5061999671161175,0.0,True,16,10,graph_amortized_device
NVIDIA H200,float16,1,256,0,hopper/wmma_fast,2,1.7834000289440155,0.03125,False,16,10,graph_amortized_device
NVIDIA H200,float16,1,256,0,hopper/wmma_split,2,1.8130000680685043,0.0,True,16,10,graph_amortized_device
NVIDIA H200,float16,1,256,0,hopper/mma_fast,2,1.5577999874949455,0.03125,False,16,10,graph_amortized_device
NVIDIA H200,float16,1,256,0,hopper/mma_split,2,1.551199983805418,0.0,True,16,10,graph_amortized_device
NVIDIA H200,float16,1,256,0,dao,2,1.611199975013733,0.0,True,16,10,graph_amortized_device
NVIDIA H200,float16,1,256,0,dao_plus_quant,2,2.970599941909313,,True,16,10,graph_amortized_device
NVIDIA H200,float16,1,256,0,hopper/warp,3,1.5056000091135502,0.0,True,16,10,graph_amortized_device
NVIDIA H200,float16,1,256,0,dao_plus_quant,3,2.967599965631962,,True,16,10,graph_amortized_device
NVIDIA H200,float16,1,256,0,dao,3,1.6127999871969223,0.0,True,16,10,graph_amortized_device
NVIDIA H200,float16,1,256,0,hopper/mma_split,3,1.549800019711256,0.0,True,16,10,graph_amortized_device
NVIDIA H200,float16,1,256,0,hopper/mma_fast,3,1.5573999844491482,0.03125,False,16,10,graph_amortized_device
NVIDIA H200,float16,1,256,0,hopper/wmma_split,3,1.8109999597072601,0.0,True,16,10,graph_amortized_device
NVIDIA H200,float16,1,256,0,hopper/wmma_fast,3,1.7815999686717987,0.03125,False,16,10,graph_amortized_device
NVIDIA H200,float16,1,256,0,hopper/wmma_split,4,1.810000091791153,0.0,True,16,10,graph_amortized_device
NVIDIA H200,float16,1,256,0,hopper/mma_fast,4,1.5576000325381756,0.03125,False,16,10,graph_amortized_device
NVIDIA H200,float16,1,256,0,hopper/mma_split,4,1.5475999563932419,0.0,True,16,10,graph_amortized_device
NVIDIA H200,float16,1,256,0,dao,4,1.6093999147415161,0.0,True,16,10,graph_amortized_device
NVIDIA H200,float16,1,256,0,dao_plus_quant,4,2.9704000800848007,,True,16,10,graph_amortized_device
NVIDIA H200,float16,1,256,0,hopper/warp,4,1.5081999823451042,0.0,True,16,10,graph_amortized_device
NVIDIA H200,float16,1,256,0,hopper/wmma_fast,4,1.7813999205827713,0.03125,False,16,10,graph_amortized_device
NVIDIA H200,float16,1,256,1,dao,0,1.6370000317692757,0.0,True,16,10,graph_amortized_device
NVIDIA H200,float16,1,256,1,dao_plus_quant,0,2.971399948000908,,True,16,10,graph_amortized_device
NVIDIA H200,float16,1,256,1,hopper/warp,0,1.4895999804139137,0.0,True,16,10,graph_amortized_device
NVIDIA H200,float16,1,256,1,hopper/wmma_fast,0,1.7743999138474464,0.001953125,True,16,10,graph_amortized_device
NVIDIA H200,float16,1,256,1,hopper/wmma_split,0,1.8464000895619392,0.0,True,16,10,graph_amortized_device
NVIDIA H200,float16,1,256,1,hopper/mma_fast,0,1.5118000097572803,0.001953125,True,16,10,graph_amortized_device
NVIDIA H200,float16,1,256,1,hopper/mma_split,0,1.573999971151352,0.0,True,16,10,graph_amortized_device
NVIDIA H200,float16,1,256,1,dao,1,1.6378000378608704,0.0,True,16,10,graph_amortized_device
NVIDIA H200,float16,1,256,1,hopper/mma_split,1,1.5744000673294067,0.0,True,16,10,graph_amortized_device
NVIDIA H200,float16,1,256,1,hopper/mma_fast,1,1.513999979943037,0.001953125,True,16,10,graph_amortized_device
NVIDIA H200,float16,1,256,1,hopper/wmma_split,1,1.845799945294857,0.0,True,16,10,graph_amortized_device
NVIDIA H200,float16,1,256,1,hopper/wmma_fast,1,1.7934000119566917,0.001953125,True,16,10,graph_amortized_device
NVIDIA H200,float16,1,256,1,hopper/warp,1,1.4883999712765217,0.0,True,16,10,graph_amortized_device
NVIDIA H200,float16,1,256,1,dao_plus_quant,1,2.9683999717235565,,True,16,10,graph_amortized_device
NVIDIA H200,float16,1,256,1,hopper/warp,2,1.4879999682307243,0.0,True,16,10,graph_amortized_device
NVIDIA H200,float16,1,256,1,hopper/wmma_fast,2,1.7936000600457191,0.001953125,True,16,10,graph_amortized_device
NVIDIA H200,float16,1,256,1,hopper/wmma_split,2,1.8456000834703445,0.0,True,16,10,graph_amortized_device
NVIDIA H200,float16,1,256,1,hopper/mma_fast,2,1.512799970805645,0.001953125,True,16,10,graph_amortized_device
NVIDIA H200,float16,1,256,1,hopper/mma_split,2,1.5737999230623245,0.0,True,16,10,graph_amortized_device
NVIDIA H200,float16,1,256,1,dao,2,1.6394000500440598,0.0,True,16,10,graph_amortized_device
NVIDIA H200,float16,1,256,1,dao_plus_quant,2,2.971000038087368,,True,16,10,graph_amortized_device
NVIDIA H200,float16,1,256,1,hopper/warp,3,1.4879999682307243,0.0,True,16,10,graph_amortized_device
NVIDIA H200,float16,1,256,1,dao_plus_quant,3,2.9721999540925026,,True,16,10,graph_amortized_device
NVIDIA H200,float16,1,256,1,dao,3,1.640000008046627,0.0,True,16,10,graph_amortized_device
NVIDIA H200,float16,1,256,1,hopper/mma_split,3,1.5769999474287033,0.0,True,16,10,graph_amortized_device
NVIDIA H200,float16,1,256,1,hopper/mma_fast,3,1.511599961668253,0.001953125,True,16,10,graph_amortized_device
NVIDIA H200,float16,1,256,1,hopper/wmma_split,3,1.8106000497937202,0.0,True,16,10,graph_amortized_device
NVIDIA H200,float16,1,256,1,hopper/wmma_fast,3,1.7917999997735023,0.001953125,True,16,10,graph_amortized_device
NVIDIA H200,float16,1,256,1,hopper/wmma_split,4,1.8449999392032623,0.0,True,16,10,graph_amortized_device
NVIDIA H200,float16,1,256,1,hopper/mma_fast,4,1.512600015848875,0.001953125,True,16,10,graph_amortized_device
NVIDIA H200,float16,1,256,1,hopper/mma_split,4,1.5734000131487846,0.0,True,16,10,graph_amortized_device
NVIDIA H200,float16,1,256,1,dao,4,1.6395999118685722,0.0,True,16,10,graph_amortized_device
NVIDIA H200,float16,1,256,1,dao_plus_quant,4,2.9732000082731247,,True,16,10,graph_amortized_device
NVIDIA H200,float16,1,256,1,hopper/warp,4,1.4832000248134136,0.0,True,16,10,graph_amortized_device
NVIDIA H200,float16,1,256,1,hopper/wmma_fast,4,1.7896000295877457,0.001953125,True,16,10,graph_amortized_device
NVIDIA H200,float16,128,256,0,dao,0,1.7117999494075775,0.0,True,16,10,graph_amortized_device
NVIDIA H200,float16,128,256,0,dao_plus_quant,0,3.2811999320983887,,True,16,10,graph_amortized_device
NVIDIA H200,float16,128,256,0,hopper/warp,0,1.5863999724388123,0.0,True,16,10,graph_amortized_device
NVIDIA H200,float16,128,256,0,hopper/wmma_fast,0,1.9368000328540802,0.03125,False,16,10,graph_amortized_device
NVIDIA H200,float16,128,256,0,hopper/wmma_split,0,1.9788000732660294,0.0078125,True,16,10,graph_amortized_device
NVIDIA H200,float16,128,256,0,hopper/mma_fast,0,1.6497999429702759,0.03125,False,16,10,graph_amortized_device
NVIDIA H200,float16,128,256,0,hopper/mma_split,0,1.6721999272704124,0.0078125,True,16,10,graph_amortized_device
NVIDIA H200,float16,128,256,0,dao,1,1.7123999074101448,0.0,True,16,10,graph_amortized_device
NVIDIA H200,float16,128,256,0,hopper/mma_split,1,1.6572000458836555,0.0078125,True,16,10,graph_amortized_device
NVIDIA H200,float16,128,256,0,hopper/mma_fast,1,1.65219996124506,0.03125,False,16,10,graph_amortized_device
NVIDIA H200,float16,128,256,0,hopper/wmma_split,1,1.9788000732660294,0.0078125,True,16,10,graph_amortized_device
NVIDIA H200,float16,128,256,0,hopper/wmma_fast,1,1.938600093126297,0.03125,False,16,10,graph_amortized_device
NVIDIA H200,float16,128,256,0,hopper/warp,1,1.5680000185966492,0.0,True,16,10,graph_amortized_device
NVIDIA H200,float16,128,256,0,dao_plus_quant,1,3.2809998840093613,,True,16,10,graph_amortized_device
NVIDIA H200,float16,128,256,0,hopper/warp,2,1.5514000318944454,0.0,True,16,10,graph_amortized_device
NVIDIA H200,float16,128,256,0,hopper/wmma_fast,2,1.9365999847650528,0.03125,False,16,10,graph_amortized_device
NVIDIA H200,float16,128,256,0,hopper/wmma_split,2,1.9773999229073524,0.0078125,True,16,10,graph_amortized_device
NVIDIA H200,float16,128,256,0,hopper/mma_fast,2,1.6519999131560326,0.03125,False,16,10,graph_amortized_device
NVIDIA H200,float16,128,256,0,hopper/mma_split,2,1.6721999272704124,0.0078125,True,16,10,graph_amortized_device
NVIDIA H200,float16,128,256,0,dao,2,1.7128000035881996,0.0,True,16,10,graph_amortized_device
NVIDIA H200,float16,128,256,0,dao_plus_quant,2,3.2797999680042267,,True,16,10,graph_amortized_device
NVIDIA H200,float16,128,256,0,hopper/warp,3,1.5522000379860401,0.0,True,16,10,graph_amortized_device
NVIDIA H200,float16,128,256,0,dao_plus_quant,3,3.2795999199151993,,True,16,10,graph_amortized_device
NVIDIA H200,float16,128,256,0,dao,3,1.713000051677227,0.0,True,16,10,graph_amortized_device
NVIDIA H200,float16,128,256,0,hopper/mma_split,3,1.6750000417232513,0.0078125,True,16,10,graph_amortized_device
NVIDIA H200,float16,128,256,0,hopper/mma_fast,3,1.6491999849677086,0.03125,False,16,10,graph_amortized_device
NVIDIA H200,float16,128,256,0,hopper/wmma_split,3,1.9778000190854073,0.0078125,True,16,10,graph_amortized_device
NVIDIA H200,float16,128,256,0,hopper/wmma_fast,3,1.9395999610424042,0.03125,False,16,10,graph_amortized_device
NVIDIA H200,float16,128,256,0,hopper/wmma_split,4,1.9765999168157578,0.0078125,True,16,10,graph_amortized_device
NVIDIA H200,float16,128,256,0,hopper/mma_fast,4,1.653200015425682,0.03125,False,16,10,graph_amortized_device
NVIDIA H200,float16,128,256,0,hopper/mma_split,4,1.677200011909008,0.0078125,True,16,10,graph_amortized_device
NVIDIA H200,float16,128,256,0,dao,4,1.7111999914050102,0.0,True,16,10,graph_amortized_device
NVIDIA H200,float16,128,256,0,dao_plus_quant,4,3.2788001000881195,,True,16,10,graph_amortized_device
NVIDIA H200,float16,128,256,0,hopper/warp,4,1.571200042963028,0.0,True,16,10,graph_amortized_device
NVIDIA H200,float16,128,256,0,hopper/wmma_fast,4,1.9387999549508095,0.03125,False,16,10,graph_amortized_device
NVIDIA H200,float16,128,256,1,dao,0,1.7645999789237976,0.0,True,16,10,graph_amortized_device
NVIDIA H200,float16,128,256,1,dao_plus_quant,0,3.300600126385689,,True,16,10,graph_amortized_device
NVIDIA H200,float16,128,256,1,hopper/warp,0,1.5993999317288399,0.0,True,16,10,graph_amortized_device
NVIDIA H200,float16,128,256,1,hopper/wmma_fast,0,1.9269999116659164,0.001953125,True,16,10,graph_amortized_device
NVIDIA H200,float16,128,256,1,hopper/wmma_split,0,2.012000046670437,0.00048828125,True,16,10,graph_amortized_device
NVIDIA H200,float16,128,256,1,hopper/mma_fast,0,1.6222000122070312,0.001953125,True,16,10,graph_amortized_device
NVIDIA H200,float16,128,256,1,hopper/mma_split,0,1.6804000362753868,0.00048828125,True,16,10,graph_amortized_device
NVIDIA H200,float16,128,256,1,dao,1,1.7619999125599861,0.0,True,16,10,graph_amortized_device
NVIDIA H200,float16,128,256,1,hopper/mma_split,1,1.6821999102830887,0.00048828125,True,16,10,graph_amortized_device
NVIDIA H200,float16,128,256,1,hopper/mma_fast,1,1.6203999519348145,0.001953125,True,16,10,graph_amortized_device
NVIDIA H200,float16,128,256,1,hopper/wmma_split,1,2.0136000588536263,0.00048828125,True,16,10,graph_amortized_device
NVIDIA H200,float16,128,256,1,hopper/wmma_fast,1,1.9260000437498093,0.001953125,True,16,10,graph_amortized_device
NVIDIA H200,float16,128,256,1,hopper/warp,1,1.5984000638127327,0.0,True,16,10,graph_amortized_device
NVIDIA H200,float16,128,256,1,dao_plus_quant,1,3.2986000180244446,,True,16,10,graph_amortized_device
NVIDIA H200,float16,128,256,1,hopper/warp,2,1.6019999980926514,0.0,True,16,10,graph_amortized_device
NVIDIA H200,float16,128,256,1,hopper/wmma_fast,2,1.9236000254750252,0.001953125,True,16,10,graph_amortized_device
NVIDIA H200,float16,128,256,1,hopper/wmma_split,2,2.0128000527620316,0.00048828125,True,16,10,graph_amortized_device
NVIDIA H200,float16,128,256,1,hopper/mma_fast,2,1.623000018298626,0.001953125,True,16,10,graph_amortized_device
NVIDIA H200,float16,128,256,1,hopper/mma_split,2,1.6788000240921974,0.00048828125,True,16,10,graph_amortized_device
NVIDIA H200,float16,128,256,1,dao,2,1.7621999606490135,0.0,True,16,10,graph_amortized_device
NVIDIA H200,float16,128,256,1,dao_plus_quant,2,3.300800174474716,,True,16,10,graph_amortized_device
NVIDIA H200,float16,128,256,1,hopper/warp,3,1.6039999201893806,0.0,True,16,10,graph_amortized_device
NVIDIA H200,float16,128,256,1,dao_plus_quant,3,3.2972000539302826,,True,16,10,graph_amortized_device
NVIDIA H200,float16,128,256,1,dao,3,1.7619999125599861,0.0,True,16,10,graph_amortized_device
NVIDIA H200,float16,128,256,1,hopper/mma_split,3,1.681400090456009,0.00048828125,True,16,10,graph_amortized_device
NVIDIA H200,float16,128,256,1,hopper/mma_fast,3,1.6217999160289764,0.001953125,True,16,10,graph_amortized_device
NVIDIA H200,float16,128,256,1,hopper/wmma_split,3,2.0137999206781387,0.00048828125,True,16,10,graph_amortized_device
NVIDIA H200,float16,128,256,1,hopper/wmma_fast,3,1.929599978029728,0.001953125,True,16,10,graph_amortized_device
NVIDIA H200,float16,128,256,1,hopper/wmma_split,4,2.0152000710368156,0.00048828125,True,16,10,graph_amortized_device
NVIDIA H200,float16,128,256,1,hopper/mma_fast,4,1.621600054204464,0.001953125,True,16,10,graph_amortized_device
NVIDIA H200,float16,128,256,1,hopper/mma_split,4,1.6806000843644142,0.00048828125,True,16,10,graph_amortized_device
NVIDIA H200,float16,128,256,1,dao,4,1.7627999186515808,0.0,True,16,10,graph_amortized_device
NVIDIA H200,float16,128,256,1,dao_plus_quant,4,3.297799825668335,,True,16,10,graph_amortized_device
NVIDIA H200,float16,128,256,1,hopper/warp,4,1.5984000638127327,0.0,True,16,10,graph_amortized_device
NVIDIA H200,float16,128,256,1,hopper/wmma_fast,4,1.9287999719381332,0.001953125,True,16,10,graph_amortized_device
NVIDIA H200,float16,16384,256,0,dao,0,11.475399881601334,0.0,True,16,10,graph_amortized_device
NVIDIA H200,float16,16384,256,0,dao_plus_quant,0,22.92180061340332,,True,16,10,graph_amortized_device
NVIDIA H200,float16,16384,256,0,hopper/warp,0,5.1353998482227325,0.0,True,16,10,graph_amortized_device
NVIDIA H200,float16,16384,256,0,hopper/wmma_fast,0,9.456799924373627,0.0625,False,16,10,graph_amortized_device
NVIDIA H200,float16,16384,256,0,hopper/wmma_split,0,10.472399741411209,0.03125,False,16,10,graph_amortized_device
NVIDIA H200,float16,16384,256,0,hopper/mma_fast,0,5.208199843764305,0.0625,False,16,10,graph_amortized_device
NVIDIA H200,float16,16384,256,0,hopper/mma_split,0,5.590000003576279,0.03125,False,16,10,graph_amortized_device
NVIDIA H200,float16,16384,256,0,dao,1,11.481399834156036,0.0,True,16,10,graph_amortized_device
NVIDIA H200,float16,16384,256,0,hopper/mma_split,1,5.595799908041954,0.03125,False,16,10,graph_amortized_device
NVIDIA H200,float16,16384,256,0,hopper/mma_fast,1,5.240600183606148,0.0625,False,16,10,graph_amortized_device
NVIDIA H200,float16,16384,256,0,hopper/wmma_split,1,10.542000085115433,0.03125,False,16,10,graph_amortized_device
NVIDIA H200,float16,16384,256,0,hopper/wmma_fast,1,9.404999762773514,0.0625,False,16,10,graph_amortized_device
NVIDIA H200,float16,16384,256,0,hopper/warp,1,5.11539988219738,0.0,True,16,10,graph_amortized_device
NVIDIA H200,float16,16384,256,0,dao_plus_quant,1,22.937999665737152,,True,16,10,graph_amortized_device
NVIDIA H200,float16,16384,256,0,hopper/warp,2,5.102600157260895,0.0,True,16,10,graph_amortized_device
NVIDIA H200,float16,16384,256,0,hopper/wmma_fast,2,9.409199655056,0.0625,False,16,10,graph_amortized_device
NVIDIA H200,float16,16384,256,0,hopper/wmma_split,2,10.491599887609482,0.03125,False,16,10,graph_amortized_device
NVIDIA H200,float16,16384,256,0,hopper/mma_fast,2,5.248799920082092,0.0625,False,16,10,graph_amortized_device
NVIDIA H200,float16,16384,256,0,hopper/mma_split,2,5.57360015809536,0.03125,False,16,10,graph_amortized_device
NVIDIA H200,float16,16384,256,0,dao,2,11.49279996752739,0.0,True,16,10,graph_amortized_device
NVIDIA H200,float16,16384,256,0,dao_plus_quant,2,22.94500023126602,,True,16,10,graph_amortized_device
NVIDIA H200,float16,16384,256,0,hopper/warp,3,5.105800181627274,0.0,True,16,10,graph_amortized_device
NVIDIA H200,float16,16384,256,0,dao_plus_quant,3,22.904400527477264,,True,16,10,graph_amortized_device
NVIDIA H200,float16,16384,256,0,dao,3,11.48660033941269,0.0,True,16,10,graph_amortized_device
NVIDIA H200,float16,16384,256,0,hopper/mma_split,3,5.588399991393089,0.03125,False,16,10,graph_amortized_device
NVIDIA H200,float16,16384,256,0,hopper/mma_fast,3,5.238199979066849,0.0625,False,16,10,graph_amortized_device
NVIDIA H200,float16,16384,256,0,hopper/wmma_split,3,10.527999699115753,0.03125,False,16,10,graph_amortized_device
NVIDIA H200,float16,16384,256,0,hopper/wmma_fast,3,9.43240001797676,0.0625,False,16,10,graph_amortized_device
NVIDIA H200,float16,16384,256,0,hopper/wmma_split,4,10.488399863243103,0.03125,False,16,10,graph_amortized_device
NVIDIA H200,float16,16384,256,0,hopper/mma_fast,4,5.238199979066849,0.0625,False,16,10,graph_amortized_device
NVIDIA H200,float16,16384,256,0,hopper/mma_split,4,5.596800148487091,0.03125,False,16,10,graph_amortized_device
NVIDIA H200,float16,16384,256,0,dao,4,11.483799666166306,0.0,True,16,10,graph_amortized_device
NVIDIA H200,float16,16384,256,0,dao_plus_quant,4,22.904199361801147,,True,16,10,graph_amortized_device
NVIDIA H200,float16,16384,256,0,hopper/warp,4,5.122600123286247,0.0,True,16,10,graph_amortized_device
NVIDIA H200,float16,16384,256,0,hopper/wmma_fast,4,9.418799728155136,0.0625,False,16,10,graph_amortized_device
NVIDIA H200,float16,16384,256,1,dao,0,11.490800231695175,0.0,True,16,10,graph_amortized_device
NVIDIA H200,float16,16384,256,1,dao_plus_quant,0,22.983600199222565,,True,16,10,graph_amortized_device
NVIDIA H200,float16,16384,256,1,hopper/warp,0,5.0501998513937,0.0,True,16,10,graph_amortized_device
NVIDIA H200,float16,16384,256,1,hopper/wmma_fast,0,9.38280001282692,0.00390625,True,16,10,graph_amortized_device
NVIDIA H200,float16,16384,256,1,hopper/wmma_split,0,10.49560010433197,0.001953125,True,16,10,graph_amortized_device
NVIDIA H200,float16,16384,256,1,hopper/mma_fast,0,5.284599959850311,0.00390625,True,16,10,graph_amortized_device
NVIDIA H200,float16,16384,256,1,hopper/mma_split,0,5.6248001754283905,0.001953125,True,16,10,graph_amortized_device
NVIDIA H200,float16,16384,256,1,dao,1,11.524800211191177,0.0,True,16,10,graph_amortized_device
NVIDIA H200,float16,16384,256,1,hopper/mma_split,1,5.620599910616875,0.001953125,True,16,10,graph_amortized_device
NVIDIA H200,float16,16384,256,1,hopper/mma_fast,1,5.235400050878525,0.00390625,True,16,10,graph_amortized_device
NVIDIA H200,float16,16384,256,1,hopper/wmma_split,1,10.43820008635521,0.001953125,True,16,10,graph_amortized_device
NVIDIA H200,float16,16384,256,1,hopper/wmma_fast,1,9.3858003616333,0.00390625,True,16,10,graph_amortized_device
NVIDIA H200,float16,16384,256,1,hopper/warp,1,5.06180003285408,0.0,True,16,10,graph_amortized_device
NVIDIA H200,float16,16384,256,1,dao_plus_quant,1,22.9995995759964,,True,16,10,graph_amortized_device
NVIDIA H200,float16,16384,256,1,hopper/warp,2,5.081000179052353,0.0,True,16,10,graph_amortized_device
NVIDIA H200,float16,16384,256,1,hopper/wmma_fast,2,9.38040018081665,0.00390625,True,16,10,graph_amortized_device
NVIDIA H200,float16,16384,256,1,hopper/wmma_split,2,10.454999655485153,0.001953125,True,16,10,graph_amortized_device
NVIDIA H200,float16,16384,256,1,hopper/mma_fast,2,5.253199860453606,0.00390625,True,16,10,graph_amortized_device
NVIDIA H200,float16,16384,256,1,hopper/mma_split,2,5.6317999958992,0.001953125,True,16,10,graph_amortized_device
NVIDIA H200,float16,16384,256,1,dao,2,11.496199667453766,0.0,True,16,10,graph_amortized_device
NVIDIA H200,float16,16384,256,1,dao_plus_quant,2,22.98779934644699,,True,16,10,graph_amortized_device
NVIDIA H200,float16,16384,256,1,hopper/warp,3,5.0703998655080795,0.0,True,16,10,graph_amortized_device
NVIDIA H200,float16,16384,256,1,dao_plus_quant,3,23.010000586509705,,True,16,10,graph_amortized_device
NVIDIA H200,float16,16384,256,1,dao,3,11.51999980211258,0.0,True,16,10,graph_amortized_device
NVIDIA H200,float16,16384,256,1,hopper/mma_split,3,5.627800151705742,0.001953125,True,16,10,graph_amortized_device
NVIDIA H200,float16,16384,256,1,hopper/mma_fast,3,5.2452001720666885,0.00390625,True,16,10,graph_amortized_device
NVIDIA H200,float16,16384,256,1,hopper/wmma_split,3,10.432799905538559,0.001953125,True,16,10,graph_amortized_device
NVIDIA H200,float16,16384,256,1,hopper/wmma_fast,3,9.380800276994705,0.00390625,True,16,10,graph_amortized_device
NVIDIA H200,float16,16384,256,1,hopper/wmma_split,4,10.496199876070023,0.001953125,True,16,10,graph_amortized_device
NVIDIA H200,float16,16384,256,1,hopper/mma_fast,4,5.2427999675273895,0.00390625,True,16,10,graph_amortized_device
NVIDIA H200,float16,16384,256,1,hopper/mma_split,4,5.623200163245201,0.001953125,True,16,10,graph_amortized_device
NVIDIA H200,float16,16384,256,1,dao,4,11.483799666166306,0.0,True,16,10,graph_amortized_device
NVIDIA H200,float16,16384,256,1,dao_plus_quant,4,22.99260050058365,,True,16,10,graph_amortized_device
NVIDIA H200,float16,16384,256,1,hopper/warp,4,5.054000020027161,0.0,True,16,10,graph_amortized_device
NVIDIA H200,float16,16384,256,1,hopper/wmma_fast,4,9.411200135946274,0.00390625,True,16,10,graph_amortized_device
NVIDIA H200,float16,131072,256,0,dao,0,80.67119717597961,0.0,True,16,10,graph_amortized_device
NVIDIA H200,float16,131072,256,0,dao_plus_quant,0,161.50920391082764,,True,16,10,graph_amortized_device
NVIDIA H200,float16,131072,256,0,hopper/warp,0,35.53679883480072,0.0,True,16,10,graph_amortized_device
NVIDIA H200,float16,131072,256,0,hopper/wmma_fast,0,63.22680115699768,0.0625,False,16,10,graph_amortized_device
NVIDIA H200,float16,131072,256,0,hopper/wmma_split,0,70.96179723739624,0.03125,False,16,10,graph_amortized_device
NVIDIA H200,float16,131072,256,0,hopper/mma_fast,0,36.676400899887085,0.0625,False,16,10,graph_amortized_device
NVIDIA H200,float16,131072,256,0,hopper/mma_split,0,37.689000368118286,0.03125,False,16,10,graph_amortized_device
NVIDIA H200,float16,131072,256,0,dao,1,80.68119883537292,0.0,True,16,10,graph_amortized_device
NVIDIA H200,float16,131072,256,0,hopper/mma_split,1,37.671199440956116,0.03125,False,16,10,graph_amortized_device
NVIDIA H200,float16,131072,256,0,hopper/mma_fast,1,36.862799525260925,0.0625,False,16,10,graph_amortized_device
NVIDIA H200,float16,131072,256,0,hopper/wmma_split,1,70.39920091629028,0.03125,False,16,10,graph_amortized_device
NVIDIA H200,float16,131072,256,0,hopper/wmma_fast,1,62.759798765182495,0.0625,False,16,10,graph_amortized_device
NVIDIA H200,float16,131072,256,0,hopper/warp,1,35.52820086479187,0.0,True,16,10,graph_amortized_device
NVIDIA H200,float16,131072,256,0,dao_plus_quant,1,161.60240173339844,,True,16,10,graph_amortized_device
NVIDIA H200,float16,131072,256,0,hopper/warp,2,35.52379906177521,0.0,True,16,10,graph_amortized_device
NVIDIA H200,float16,131072,256,0,hopper/wmma_fast,2,62.7344012260437,0.0625,False,16,10,graph_amortized_device
NVIDIA H200,float16,131072,256,0,hopper/wmma_split,2,70.39960026741028,0.03125,False,16,10,graph_amortized_device
NVIDIA H200,float16,131072,256,0,hopper/mma_fast,2,36.70879900455475,0.0625,False,16,10,graph_amortized_device
NVIDIA H200,float16,131072,256,0,hopper/mma_split,2,37.69440054893494,0.03125,False,16,10,graph_amortized_device
NVIDIA H200,float16,131072,256,0,dao,2,80.84660172462463,0.0,True,16,10,graph_amortized_device
NVIDIA H200,float16,131072,256,0,dao_plus_quant,2,162.06040382385254,,True,16,10,graph_amortized_device
NVIDIA H200,float16,131072,256,0,hopper/warp,3,35.51880121231079,0.0,True,16,10,graph_amortized_device
NVIDIA H200,float16,131072,256,0,dao_plus_quant,3,162.04559803009033,,True,16,10,graph_amortized_device
NVIDIA H200,float16,131072,256,0,dao,3,80.89519739151001,0.0,True,16,10,graph_amortized_device
NVIDIA H200,float16,131072,256,0,hopper/mma_split,3,37.66680061817169,0.03125,False,16,10,graph_amortized_device
NVIDIA H200,float16,131072,256,0,hopper/mma_fast,3,36.68679893016815,0.0625,False,16,10,graph_amortized_device
NVIDIA H200,float16,131072,256,0,hopper/wmma_split,3,70.40280103683472,0.03125,False,16,10,graph_amortized_device
NVIDIA H200,float16,131072,256,0,hopper/wmma_fast,3,62.724798917770386,0.0625,False,16,10,graph_amortized_device
NVIDIA H200,float16,131072,256,0,hopper/wmma_split,4,70.36200165748596,0.03125,False,16,10,graph_amortized_device
NVIDIA H200,float16,131072,256,0,hopper/mma_fast,4,36.691999435424805,0.0625,False,16,10,graph_amortized_device
NVIDIA H200,float16,131072,256,0,hopper/mma_split,4,37.67560124397278,0.03125,False,16,10,graph_amortized_device
NVIDIA H200,float16,131072,256,0,dao,4,80.83379864692688,0.0,True,16,10,graph_amortized_device
NVIDIA H200,float16,131072,256,0,dao_plus_quant,4,162.01399564743042,,True,16,10,graph_amortized_device
NVIDIA H200,float16,131072,256,0,hopper/warp,4,35.54059863090515,0.0,True,16,10,graph_amortized_device
NVIDIA H200,float16,131072,256,0,hopper/wmma_fast,4,62.76019811630249,0.0625,False,16,10,graph_amortized_device
NVIDIA H200,float16,131072,256,1,dao,0,80.66480159759521,0.0,True,16,10,graph_amortized_device
NVIDIA H200,float16,131072,256,1,dao_plus_quant,0,161.58440113067627,,True,16,10,graph_amortized_device
NVIDIA H200,float16,131072,256,1,hopper/warp,0,35.91800034046173,0.0,True,16,10,graph_amortized_device
NVIDIA H200,float16,131072,256,1,hopper/wmma_fast,0,62.71299719810486,0.00390625,True,16,10,graph_amortized_device
NVIDIA H200,float16,131072,256,1,hopper/wmma_split,0,70.4114019870758,0.001953125,True,16,10,graph_amortized_device
NVIDIA H200,float16,131072,256,1,hopper/mma_fast,0,36.66499853134155,0.00390625,True,16,10,graph_amortized_device
NVIDIA H200,float16,131072,256,1,hopper/mma_split,0,37.629398703575134,0.001953125,True,16,10,graph_amortized_device
NVIDIA H200,float16,131072,256,1,dao,1,80.64320087432861,0.0,True,16,10,graph_amortized_device
NVIDIA H200,float16,131072,256,1,hopper/mma_split,1,37.67400085926056,0.001953125,True,16,10,graph_amortized_device
NVIDIA H200,float16,131072,256,1,hopper/mma_fast,1,36.68999969959259,0.00390625,True,16,10,graph_amortized_device
NVIDIA H200,float16,131072,256,1,hopper/wmma_split,1,70.45019865036011,0.001953125,True,16,10,graph_amortized_device
NVIDIA H200,float16,131072,256,1,hopper/wmma_fast,1,62.748199701309204,0.00390625,True,16,10,graph_amortized_device
NVIDIA H200,float16,131072,256,1,hopper/warp,1,35.97779870033264,0.0,True,16,10,graph_amortized_device
NVIDIA H200,float16,131072,256,1,dao_plus_quant,1,161.640202999115,,True,16,10,graph_amortized_device
NVIDIA H200,float16,131072,256,1,hopper/warp,2,35.958001017570496,0.0,True,16,10,graph_amortized_device
NVIDIA H200,float16,131072,256,1,hopper/wmma_fast,2,62.74539828300476,0.00390625,True,16,10,graph_amortized_device
NVIDIA H200,float16,131072,256,1,hopper/wmma_split,2,70.45440077781677,0.001953125,True,16,10,graph_amortized_device
NVIDIA H200,float16,131072,256,1,hopper/mma_fast,2,36.67919933795929,0.00390625,True,16,10,graph_amortized_device
NVIDIA H200,float16,131072,256,1,hopper/mma_split,2,37.656599283218384,0.001953125,True,16,10,graph_amortized_device
NVIDIA H200,float16,131072,256,1,dao,2,80.67479729652405,0.0,True,16,10,graph_amortized_device
NVIDIA H200,float16,131072,256,1,dao_plus_quant,2,161.6629958152771,,True,16,10,graph_amortized_device
NVIDIA H200,float16,131072,256,1,hopper/warp,3,35.95919907093048,0.0,True,16,10,graph_amortized_device
NVIDIA H200,float16,131072,256,1,dao_plus_quant,3,161.68099641799927,,True,16,10,graph_amortized_device
NVIDIA H200,float16,131072,256,1,dao,3,80.6846022605896,0.0,True,16,10,graph_amortized_device
NVIDIA H200,float16,131072,256,1,hopper/mma_split,3,37.68500089645386,0.001953125,True,16,10,graph_amortized_device
NVIDIA H200,float16,131072,256,1,hopper/mma_fast,3,36.70879900455475,0.00390625,True,16,10,graph_amortized_device
NVIDIA H200,float16,131072,256,1,hopper/wmma_split,3,70.5489993095398,0.001953125,True,16,10,graph_amortized_device
NVIDIA H200,float16,131072,256,1,hopper/wmma_fast,3,62.82820105552673,0.00390625,True,16,10,graph_amortized_device
NVIDIA H200,float16,131072,256,1,hopper/wmma_split,4,70.4688012599945,0.001953125,True,16,10,graph_amortized_device
NVIDIA H200,float16,131072,256,1,hopper/mma_fast,4,36.739400029182434,0.00390625,True,16,10,graph_amortized_device
NVIDIA H200,float16,131072,256,1,hopper/mma_split,4,37.669798731803894,0.001953125,True,16,10,graph_amortized_device
NVIDIA H200,float16,131072,256,1,dao,4,80.67399859428406,0.0,True,16,10,graph_amortized_device
NVIDIA H200,float16,131072,256,1,dao_plus_quant,4,161.65200471878052,,True,16,10,graph_amortized_device
NVIDIA H200,float16,131072,256,1,hopper/warp,4,35.96380054950714,0.0,True,16,10,graph_amortized_device
NVIDIA H200,float16,131072,256,1,hopper/wmma_fast,4,62.75799870491028,0.00390625,True,16,10,graph_amortized_device
NVIDIA H200,bfloat16,1,64,0,dao,0,1.5300000086426735,0.0,True,16,10,graph_amortized_device
NVIDIA H200,bfloat16,1,64,0,dao_plus_quant,0,2.875800058245659,,True,16,10,graph_amortized_device
NVIDIA H200,bfloat16,1,64,0,hopper/warp,0,1.3895999640226364,0.0,True,16,10,graph_amortized_device
NVIDIA H200,bfloat16,1,64,0,hopper/wmma_fast,0,1.4255999587476254,0.0,True,16,10,graph_amortized_device
NVIDIA H200,bfloat16,1,64,0,hopper/wmma_split,0,1.4043999835848808,0.0,True,16,10,graph_amortized_device
NVIDIA H200,bfloat16,1,64,0,hopper/mma_fast,0,1.3996000401675701,0.0,True,16,10,graph_amortized_device
NVIDIA H200,bfloat16,1,64,0,hopper/mma_split,0,1.4046000316739082,0.0,True,16,10,graph_amortized_device
NVIDIA H200,bfloat16,1,64,0,dao,1,1.5251999720931053,0.0,True,16,10,graph_amortized_device
NVIDIA H200,bfloat16,1,64,0,hopper/mma_split,1,1.4055999927222729,0.0,True,16,10,graph_amortized_device
NVIDIA H200,bfloat16,1,64,0,hopper/mma_fast,1,1.3992000371217728,0.0,True,16,10,graph_amortized_device
NVIDIA H200,bfloat16,1,64,0,hopper/wmma_split,1,1.4034000225365162,0.0,True,16,10,graph_amortized_device
NVIDIA H200,bfloat16,1,64,0,hopper/wmma_fast,1,1.4245999976992607,0.0,True,16,10,graph_amortized_device
NVIDIA H200,bfloat16,1,64,0,hopper/warp,1,1.3923999853432178,0.0,True,16,10,graph_amortized_device
NVIDIA H200,bfloat16,1,64,0,dao_plus_quant,1,2.8783999383449554,,True,16,10,graph_amortized_device
NVIDIA H200,bfloat16,1,64,0,hopper/warp,2,1.3895999640226364,0.0,True,16,10,graph_amortized_device
NVIDIA H200,bfloat16,1,64,0,hopper/wmma_fast,2,1.4255999587476254,0.0,True,16,10,graph_amortized_device
NVIDIA H200,bfloat16,1,64,0,hopper/wmma_split,2,1.4030000194907188,0.0,True,16,10,graph_amortized_device
NVIDIA H200,bfloat16,1,64,0,hopper/mma_fast,2,1.4006000012159348,0.0,True,16,10,graph_amortized_device
NVIDIA H200,bfloat16,1,64,0,hopper/mma_split,2,1.4038000255823135,0.0,True,16,10,graph_amortized_device
NVIDIA H200,bfloat16,1,64,0,dao,2,1.5286000445485115,0.0,True,16,10,graph_amortized_device
NVIDIA H200,bfloat16,1,64,0,dao_plus_quant,2,2.8397999703884125,,True,16,10,graph_amortized_device
NVIDIA H200,bfloat16,1,64,0,hopper/warp,3,1.3942000456154346,0.0,True,16,10,graph_amortized_device
NVIDIA H200,bfloat16,1,64,0,dao_plus_quant,3,2.8728000819683075,,True,16,10,graph_amortized_device
NVIDIA H200,bfloat16,1,64,0,dao,3,1.5255999751389027,0.0,True,16,10,graph_amortized_device
NVIDIA H200,bfloat16,1,64,0,hopper/mma_split,3,1.4046000316739082,0.0,True,16,10,graph_amortized_device
NVIDIA H200,bfloat16,1,64,0,hopper/mma_fast,3,1.4178000390529633,0.0,True,16,10,graph_amortized_device
NVIDIA H200,bfloat16,1,64,0,hopper/wmma_split,3,1.402399968355894,0.0,True,16,10,graph_amortized_device
NVIDIA H200,bfloat16,1,64,0,hopper/wmma_fast,3,1.4254000037908554,0.0,True,16,10,graph_amortized_device
NVIDIA H200,bfloat16,1,64,0,hopper/wmma_split,4,1.405400037765503,0.0,True,16,10,graph_amortized_device
NVIDIA H200,bfloat16,1,64,0,hopper/mma_fast,4,1.397399976849556,0.0,True,16,10,graph_amortized_device
NVIDIA H200,bfloat16,1,64,0,hopper/mma_split,4,1.405400037765503,0.0,True,16,10,graph_amortized_device
NVIDIA H200,bfloat16,1,64,0,dao,4,1.5286000445485115,0.0,True,16,10,graph_amortized_device
NVIDIA H200,bfloat16,1,64,0,dao_plus_quant,4,2.876400016248226,,True,16,10,graph_amortized_device
NVIDIA H200,bfloat16,1,64,0,hopper/warp,4,1.3752000406384468,0.0,True,16,10,graph_amortized_device
NVIDIA H200,bfloat16,1,64,0,hopper/wmma_fast,4,1.4205999672412872,0.0,True,16,10,graph_amortized_device
NVIDIA H200,bfloat16,1,64,1,dao,0,1.561800017952919,0.0,True,16,10,graph_amortized_device
NVIDIA H200,bfloat16,1,64,1,dao_plus_quant,0,2.8988000005483627,,True,16,10,graph_amortized_device
NVIDIA H200,bfloat16,1,64,1,hopper/warp,0,1.4019999653100967,0.0,True,16,10,graph_amortized_device
NVIDIA H200,bfloat16,1,64,1,hopper/wmma_fast,0,1.3807999901473522,0.0,True,16,10,graph_amortized_device
NVIDIA H200,bfloat16,1,64,1,hopper/wmma_split,0,1.4328000135719776,0.0,True,16,10,graph_amortized_device
NVIDIA H200,bfloat16,1,64,1,hopper/mma_fast,0,1.3886000029742718,0.0,True,16,10,graph_amortized_device
NVIDIA H200,bfloat16,1,64,1,hopper/mma_split,0,1.4192000031471252,0.0,True,16,10,graph_amortized_device
NVIDIA H200,bfloat16,1,64,1,dao,1,1.5589999966323376,0.0,True,16,10,graph_amortized_device
NVIDIA H200,bfloat16,1,64,1,hopper/mma_split,1,1.4197999611496925,0.0,True,16,10,graph_amortized_device
NVIDIA H200,bfloat16,1,64,1,hopper/mma_fast,1,1.386599987745285,0.0,True,16,10,graph_amortized_device
NVIDIA H200,bfloat16,1,64,1,hopper/wmma_split,1,1.433200016617775,0.0,True,16,10,graph_amortized_device
NVIDIA H200,bfloat16,1,64,1,hopper/wmma_fast,1,1.3976000249385834,0.0,True,16,10,graph_amortized_device
NVIDIA H200,bfloat16,1,64,1,hopper/warp,1,1.4027999714016914,0.0,True,16,10,graph_amortized_device
NVIDIA H200,bfloat16,1,64,1,dao_plus_quant,1,2.8982000425457954,,True,16,10,graph_amortized_device
NVIDIA H200,bfloat16,1,64,1,hopper/warp,2,1.402399968355894,0.0,True,16,10,graph_amortized_device
NVIDIA H200,bfloat16,1,64,1,hopper/wmma_fast,2,1.4000000432133675,0.0,True,16,10,graph_amortized_device
NVIDIA H200,bfloat16,1,64,1,hopper/wmma_split,2,1.4329999685287476,0.0,True,16,10,graph_amortized_device
NVIDIA H200,bfloat16,1,64,1,hopper/mma_fast,2,1.384199969470501,0.0,True,16,10,graph_amortized_device
NVIDIA H200,bfloat16,1,64,1,hopper/mma_split,2,1.422400027513504,0.0,True,16,10,graph_amortized_device
NVIDIA H200,bfloat16,1,64,1,dao,2,1.5595999546349049,0.0,True,16,10,graph_amortized_device
NVIDIA H200,bfloat16,1,64,1,dao_plus_quant,2,2.89939995855093,,True,16,10,graph_amortized_device
NVIDIA H200,bfloat16,1,64,1,hopper/warp,3,1.4000000432133675,0.0,True,16,10,graph_amortized_device
NVIDIA H200,bfloat16,1,64,1,dao_plus_quant,3,2.8991999104619026,,True,16,10,graph_amortized_device
NVIDIA H200,bfloat16,1,64,1,dao,3,1.5595999546349049,0.0,True,16,10,graph_amortized_device
NVIDIA H200,bfloat16,1,64,1,hopper/mma_split,3,1.4205999672412872,0.0,True,16,10,graph_amortized_device
NVIDIA H200,bfloat16,1,64,1,hopper/mma_fast,3,1.3857999816536903,0.0,True,16,10,graph_amortized_device
NVIDIA H200,bfloat16,1,64,1,hopper/wmma_split,3,1.432000007480383,0.0,True,16,10,graph_amortized_device
NVIDIA H200,bfloat16,1,64,1,hopper/wmma_fast,3,1.397200021892786,0.0,True,16,10,graph_amortized_device
NVIDIA H200,bfloat16,1,64,1,hopper/wmma_split,4,1.4312000013887882,0.0,True,16,10,graph_amortized_device
NVIDIA H200,bfloat16,1,64,1,hopper/mma_fast,4,1.3860000297427177,0.0,True,16,10,graph_amortized_device
NVIDIA H200,bfloat16,1,64,1,hopper/mma_split,4,1.4201999641954899,0.0,True,16,10,graph_amortized_device
NVIDIA H200,bfloat16,1,64,1,dao,4,1.5572000294923782,0.0,True,16,10,graph_amortized_device
NVIDIA H200,bfloat16,1,64,1,dao_plus_quant,4,2.9015999287366867,,True,16,10,graph_amortized_device
NVIDIA H200,bfloat16,1,64,1,hopper/warp,4,1.4001999981701374,0.0,True,16,10,graph_amortized_device
NVIDIA H200,bfloat16,1,64,1,hopper/wmma_fast,4,1.3989999890327454,0.0,True,16,10,graph_amortized_device
NVIDIA H200,bfloat16,128,64,0,dao,0,1.6901999711990356,0.0,True,16,10,graph_amortized_device
NVIDIA H200,bfloat16,128,64,0,dao_plus_quant,0,3.1987998634576797,,True,16,10,graph_amortized_device
NVIDIA H200,bfloat16,128,64,0,hopper/warp,0,1.4856000430881977,0.0,True,16,10,graph_amortized_device
NVIDIA H200,bfloat16,128,64,0,hopper/wmma_fast,0,1.9346000626683235,0.125,False,16,10,graph_amortized_device
NVIDIA H200,bfloat16,128,64,0,hopper/wmma_split,0,1.9996000453829765,0.0009765625,True,16,10,graph_amortized_device
NVIDIA H200,bfloat16,128,64,0,hopper/mma_fast,0,1.631000079214573,0.125,False,16,10,graph_amortized_device
NVIDIA H200,bfloat16,128,64,0,hopper/mma_split,0,1.638600043952465,0.0009765625,True,16,10,graph_amortized_device
NVIDIA H200,bfloat16,128,64,0,dao,1,1.7079999670386314,0.0,True,16,10,graph_amortized_device
NVIDIA H200,bfloat16,128,64,0,hopper/mma_split,1,1.638600043952465,0.0009765625,True,16,10,graph_amortized_device
NVIDIA H200,bfloat16,128,64,0,hopper/mma_fast,1,1.6297999769449234,0.125,False,16,10,graph_amortized_device
NVIDIA H200,bfloat16,128,64,0,hopper/wmma_split,1,1.9869999960064888,0.0009765625,True,16,10,graph_amortized_device
NVIDIA H200,bfloat16,128,64,0,hopper/wmma_fast,1,1.934799924492836,0.125,False,16,10,graph_amortized_device
NVIDIA H200,bfloat16,128,64,0,hopper/warp,1,1.4681999571621418,0.0,True,16,10,graph_amortized_device
NVIDIA H200,bfloat16,128,64,0,dao_plus_quant,1,3.2001998275518417,,True,16,10,graph_amortized_device
NVIDIA H200,bfloat16,128,64,0,hopper/warp,2,1.4841999858617783,0.0,True,16,10,graph_amortized_device
NVIDIA H200,bfloat16,128,64,0,hopper/wmma_fast,2,1.936200074851513,0.125,False,16,10,graph_amortized_device
NVIDIA H200,bfloat16,128,64,0,hopper/wmma_split,2,1.9985999912023544,0.0009765625,True,16,10,graph_amortized_device
NVIDIA H200,bfloat16,128,64,0,hopper/mma_fast,2,1.630599983036518,0.125,False,16,10,graph_amortized_device
NVIDIA H200,bfloat16,128,64,0,hopper/mma_split,2,1.6388000920414925,0.0009765625,True,16,10,graph_amortized_device
NVIDIA H200,bfloat16,128,64,0,dao,2,1.7066000029444695,0.0,True,16,10,graph_amortized_device
NVIDIA H200,bfloat16,128,64,0,dao_plus_quant,2,3.1987998634576797,,True,16,10,graph_amortized_device
NVIDIA H200,bfloat16,128,64,0,hopper/warp,3,1.4857999980449677,0.0,True,16,10,graph_amortized_device
NVIDIA H200,bfloat16,128,64,0,dao_plus_quant,3,3.200000151991844,,True,16,10,graph_amortized_device
NVIDIA H200,bfloat16,128,64,0,dao,3,1.7055999487638474,0.0,True,16,10,graph_amortized_device
NVIDIA H200,bfloat16,128,64,0,hopper/mma_split,3,1.6392000019550323,0.0009765625,True,16,10,graph_amortized_device
NVIDIA H200,bfloat16,128,64,0,hopper/mma_fast,3,1.6116000711917877,0.125,False,16,10,graph_amortized_device
NVIDIA H200,bfloat16,128,64,0,hopper/wmma_split,3,2.0023999735713005,0.0009765625,True,16,10,graph_amortized_device
NVIDIA H200,bfloat16,128,64,0,hopper/wmma_fast,3,1.936200074851513,0.125,False,16,10,graph_amortized_device
NVIDIA H200,bfloat16,128,64,0,hopper/wmma_split,4,1.982400007545948,0.0009765625,True,16,10,graph_amortized_device
NVIDIA H200,bfloat16,128,64,0,hopper/mma_fast,4,1.6313999891281128,0.125,False,16,10,graph_amortized_device
NVIDIA H200,bfloat16,128,64,0,hopper/mma_split,4,1.6214000061154366,0.0009765625,True,16,10,graph_amortized_device
NVIDIA H200,bfloat16,128,64,0,dao,4,1.7085999250411987,0.0,True,16,10,graph_amortized_device
NVIDIA H200,bfloat16,128,64,0,dao_plus_quant,4,3.1925998628139496,,True,16,10,graph_amortized_device
NVIDIA H200,bfloat16,128,64,0,hopper/warp,4,1.486399956047535,0.0,True,16,10,graph_amortized_device
NVIDIA H200,bfloat16,128,64,0,hopper/wmma_fast,4,1.9355999305844307,0.125,False,16,10,graph_amortized_device
NVIDIA H200,bfloat16,128,64,1,dao,0,1.703999936580658,0.0,True,16,10,graph_amortized_device
NVIDIA H200,bfloat16,128,64,1,dao_plus_quant,0,3.194599971175194,,True,16,10,graph_amortized_device
NVIDIA H200,bfloat16,128,64,1,hopper/warp,0,1.5131999738514423,0.0,True,16,10,graph_amortized_device
NVIDIA H200,bfloat16,128,64,1,hopper/wmma_fast,0,1.9155999645590782,0.015625,True,16,10,graph_amortized_device
NVIDIA H200,bfloat16,128,64,1,hopper/wmma_split,0,2.0212000235915184,0.0001220703125,True,16,10,graph_amortized_device
NVIDIA H200,bfloat16,128,64,1,hopper/mma_fast,0,1.614600047469139,0.015625,True,16,10,graph_amortized_device
NVIDIA H200,bfloat16,128,64,1,hopper/mma_split,0,1.6443999484181404,0.0001220703125,True,16,10,graph_amortized_device
NVIDIA H200,bfloat16,128,64,1,dao,1,1.703999936580658,0.0,True,16,10,graph_amortized_device
NVIDIA H200,bfloat16,128,64,1,hopper/mma_split,1,1.645199954509735,0.0001220703125,True,16,10,graph_amortized_device
NVIDIA H200,bfloat16,128,64,1,hopper/mma_fast,1,1.616000011563301,0.015625,True,16,10,graph_amortized_device
NVIDIA H200,bfloat16,128,64,1,hopper/wmma_split,1,2.0215999335050583,0.0001220703125,True,16,10,graph_amortized_device
NVIDIA H200,bfloat16,128,64,1,hopper/wmma_fast,1,1.9171999767422676,0.015625,True,16,10,graph_amortized_device
NVIDIA H200,bfloat16,128,64,1,hopper/warp,1,1.5147999860346317,0.0,True,16,10,graph_amortized_device
NVIDIA H200,bfloat16,128,64,1,dao_plus_quant,1,3.1922001391649246,,True,16,10,graph_amortized_device
NVIDIA H200,bfloat16,128,64,1,hopper/warp,2,1.5142000280320644,0.0,True,16,10,graph_amortized_device
NVIDIA H200,bfloat16,128,64,1,hopper/wmma_fast,2,1.916399970650673,0.015625,True,16,10,graph_amortized_device
NVIDIA H200,bfloat16,128,64,1,hopper/wmma_split,2,2.0193999633193016,0.0001220703125,True,16,10,graph_amortized_device
NVIDIA H200,bfloat16,128,64,1,hopper/mma_fast,2,1.6127999871969223,0.015625,True,16,10,graph_amortized_device
NVIDIA H200,bfloat16,128,64,1,hopper/mma_split,2,1.6445999965071678,0.0001220703125,True,16,10,graph_amortized_device
NVIDIA H200,bfloat16,128,64,1,dao,2,1.703999936580658,0.0,True,16,10,graph_amortized_device
NVIDIA H200,bfloat16,128,64,1,dao_plus_quant,2,3.1950000673532486,,True,16,10,graph_amortized_device
NVIDIA H200,bfloat16,128,64,1,hopper/warp,3,1.513999979943037,0.0,True,16,10,graph_amortized_device
NVIDIA H200,bfloat16,128,64,1,dao_plus_quant,3,3.192799910902977,,True,16,10,graph_amortized_device
NVIDIA H200,bfloat16,128,64,1,dao,3,1.7044000327587128,0.0,True,16,10,graph_amortized_device
NVIDIA H200,bfloat16,128,64,1,hopper/mma_split,3,1.6467999666929245,0.0001220703125,True,16,10,graph_amortized_device
NVIDIA H200,bfloat16,128,64,1,hopper/mma_fast,3,1.614600047469139,0.015625,True,16,10,graph_amortized_device
NVIDIA H200,bfloat16,128,64,1,hopper/wmma_split,3,2.0204000174999237,0.0001220703125,True,16,10,graph_amortized_device
NVIDIA H200,bfloat16,128,64,1,hopper/wmma_fast,3,1.9161999225616455,0.015625,True,16,10,graph_amortized_device
NVIDIA H200,bfloat16,128,64,1,hopper/wmma_split,4,2.0207999274134636,0.0001220703125,True,16,10,graph_amortized_device
NVIDIA H200,bfloat16,128,64,1,hopper/mma_fast,4,1.614600047469139,0.015625,True,16,10,graph_amortized_device
NVIDIA H200,bfloat16,128,64,1,hopper/mma_split,4,1.6435999423265457,0.0001220703125,True,16,10,graph_amortized_device
NVIDIA H200,bfloat16,128,64,1,dao,4,1.7000000923871994,0.0,True,16,10,graph_amortized_device
NVIDIA H200,bfloat16,128,64,1,dao_plus_quant,4,3.194800019264221,,True,16,10,graph_amortized_device
NVIDIA H200,bfloat16,128,64,1,hopper/warp,4,1.5107999555766582,0.0,True,16,10,graph_amortized_device
NVIDIA H200,bfloat16,128,64,1,hopper/wmma_fast,4,1.9190000370144844,0.015625,True,16,10,graph_amortized_device
NVIDIA H200,bfloat16,16384,64,0,dao,0,11.321999877691269,0.0,True,16,10,graph_amortized_device
NVIDIA H200,bfloat16,16384,64,0,dao_plus_quant,0,22.34320044517517,,True,16,10,graph_amortized_device
NVIDIA H200,bfloat16,16384,64,0,hopper/warp,0,2.7950000017881393,0.0,True,16,10,graph_amortized_device
NVIDIA H200,bfloat16,16384,64,0,hopper/wmma_fast,0,3.7202000617980957,0.25,False,16,10,graph_amortized_device
NVIDIA H200,bfloat16,16384,64,0,hopper/wmma_split,0,4.069999977946281,0.125,False,16,10,graph_amortized_device
NVIDIA H200,bfloat16,16384,64,0,hopper/mma_fast,0,2.6985999196767807,0.25,False,16,10,graph_amortized_device
NVIDIA H200,bfloat16,16384,64,0,hopper/mma_split,0,2.9479999095201492,0.125,False,16,10,graph_amortized_device
NVIDIA H200,bfloat16,16384,64,0,dao,1,11.328600347042084,0.0,True,16,10,graph_amortized_device
NVIDIA H200,bfloat16,16384,64,0,hopper/mma_split,1,2.9510000720620155,0.125,False,16,10,graph_amortized_device
NVIDIA H200,bfloat16,16384,64,0,hopper/mma_fast,1,2.698400057852268,0.25,False,16,10,graph_amortized_device
NVIDIA H200,bfloat16,16384,64,0,hopper/wmma_split,1,4.069599881768227,0.125,False,16,10,graph_amortized_device
NVIDIA H200,bfloat16,16384,64,0,hopper/wmma_fast,1,3.720799833536148,0.25,False,16,10,graph_amortized_device
NVIDIA H200,bfloat16,16384,64,0,hopper/warp,1,2.800000086426735,0.0,True,16,10,graph_amortized_device
NVIDIA H200,bfloat16,16384,64,0,dao_plus_quant,1,22.342200577259064,,True,16,10,graph_amortized_device
NVIDIA H200,bfloat16,16384,64,0,hopper/warp,2,2.7979999780654907,0.0,True,16,10,graph_amortized_device
NVIDIA H200,bfloat16,16384,64,0,hopper/wmma_fast,2,3.7206001579761505,0.25,False,16,10,graph_amortized_device
NVIDIA H200,bfloat16,16384,64,0,hopper/wmma_split,2,4.066399857401848,0.125,False,16,10,graph_amortized_device
NVIDIA H200,bfloat16,16384,64,0,hopper/mma_fast,2,2.645600028336048,0.25,False,16,10,graph_amortized_device
NVIDIA H200,bfloat16,16384,64,0,hopper/mma_split,2,2.87299994379282,0.125,False,16,10,graph_amortized_device
NVIDIA H200,bfloat16,16384,64,0,dao,2,11.333800107240677,0.0,True,16,10,graph_amortized_device
NVIDIA H200,bfloat16,16384,64,0,dao_plus_quant,2,22.342999279499054,,True,16,10,graph_amortized_device
NVIDIA H200,bfloat16,16384,64,0,hopper/warp,3,2.8157999739050865,0.0,True,16,10,graph_amortized_device
NVIDIA H200,bfloat16,16384,64,0,dao_plus_quant,3,22.341200709342957,,True,16,10,graph_amortized_device
NVIDIA H200,bfloat16,16384,64,0,dao,3,11.322800070047379,0.0,True,16,10,graph_amortized_device
NVIDIA H200,bfloat16,16384,64,0,hopper/mma_split,3,2.9575999826192856,0.125,False,16,10,graph_amortized_device
NVIDIA H200,bfloat16,16384,64,0,hopper/mma_fast,3,2.6936000213027,0.25,False,16,10,graph_amortized_device
NVIDIA H200,bfloat16,16384,64,0,hopper/wmma_split,3,4.069200158119202,0.125,False,16,10,graph_amortized_device
NVIDIA H200,bfloat16,16384,64,0,hopper/wmma_fast,3,3.719000145792961,0.25,False,16,10,graph_amortized_device
NVIDIA H200,bfloat16,16384,64,0,hopper/wmma_split,4,4.069599881768227,0.125,False,16,10,graph_amortized_device
NVIDIA H200,bfloat16,16384,64,0,hopper/mma_fast,4,2.6853999122977257,0.25,False,16,10,graph_amortized_device
NVIDIA H200,bfloat16,16384,64,0,hopper/mma_split,4,2.9346000403165817,0.125,False,16,10,graph_amortized_device
NVIDIA H200,bfloat16,16384,64,0,dao,4,11.322999745607376,0.0,True,16,10,graph_amortized_device
NVIDIA H200,bfloat16,16384,64,0,dao_plus_quant,4,22.342999279499054,,True,16,10,graph_amortized_device
NVIDIA H200,bfloat16,16384,64,0,hopper/warp,4,2.800999954342842,0.0,True,16,10,graph_amortized_device
NVIDIA H200,bfloat16,16384,64,0,hopper/wmma_fast,4,3.700599819421768,0.25,False,16,10,graph_amortized_device
NVIDIA H200,bfloat16,16384,64,1,dao,0,11.296399682760239,0.0,True,16,10,graph_amortized_device
NVIDIA H200,bfloat16,16384,64,1,dao_plus_quant,0,22.342799603939056,,True,16,10,graph_amortized_device
NVIDIA H200,bfloat16,16384,64,1,hopper/warp,0,2.822599932551384,0.0,True,16,10,graph_amortized_device
NVIDIA H200,bfloat16,16384,64,1,hopper/wmma_fast,0,3.7122000008821487,0.03125,True,16,10,graph_amortized_device
NVIDIA H200,bfloat16,16384,64,1,hopper/wmma_split,0,4.108599945902824,0.015625,True,16,10,graph_amortized_device
NVIDIA H200,bfloat16,16384,64,1,hopper/mma_fast,0,2.6944000273942947,0.03125,True,16,10,graph_amortized_device
NVIDIA H200,bfloat16,16384,64,1,hopper/mma_split,0,2.95219998806715,0.015625,True,16,10,graph_amortized_device
NVIDIA H200,bfloat16,16384,64,1,dao,1,11.30559965968132,0.0,True,16,10,graph_amortized_device
NVIDIA H200,bfloat16,16384,64,1,hopper/mma_split,1,2.9405999928712845,0.015625,True,16,10,graph_amortized_device
NVIDIA H200,bfloat16,16384,64,1,hopper/mma_fast,1,2.6985999196767807,0.03125,True,16,10,graph_amortized_device
NVIDIA H200,bfloat16,16384,64,1,hopper/wmma_split,1,4.104200005531311,0.015625,True,16,10,graph_amortized_device
NVIDIA H200,bfloat16,16384,64,1,hopper/wmma_fast,1,3.7115998566150665,0.03125,True,16,10,graph_amortized_device
NVIDIA H200,bfloat16,16384,64,1,hopper/warp,1,2.8901999816298485,0.0,True,16,10,graph_amortized_device
NVIDIA H200,bfloat16,16384,64,1,dao_plus_quant,1,22.342200577259064,,True,16,10,graph_amortized_device
NVIDIA H200,bfloat16,16384,64,1,hopper/warp,2,2.8101999312639236,0.0,True,16,10,graph_amortized_device
NVIDIA H200,bfloat16,16384,64,1,hopper/wmma_fast,2,3.694399818778038,0.03125,True,16,10,graph_amortized_device
NVIDIA H200,bfloat16,16384,64,1,hopper/wmma_split,2,4.104200005531311,0.015625,True,16,10,graph_amortized_device
NVIDIA H200,bfloat16,16384,64,1,hopper/mma_fast,2,2.645000070333481,0.03125,True,16,10,graph_amortized_device
NVIDIA H200,bfloat16,16384,64,1,hopper/mma_split,2,2.901200018823147,0.015625,True,16,10,graph_amortized_device
NVIDIA H200,bfloat16,16384,64,1,dao,2,11.293400079011917,0.0,True,16,10,graph_amortized_device
NVIDIA H200,bfloat16,16384,64,1,dao_plus_quant,2,22.346800565719604,,True,16,10,graph_amortized_device
NVIDIA H200,bfloat16,16384,64,1,hopper/warp,3,2.810399979352951,0.0,True,16,10,graph_amortized_device
NVIDIA H200,bfloat16,16384,64,1,dao_plus_quant,3,22.345000505447388,,True,16,10,graph_amortized_device
NVIDIA H200,bfloat16,16384,64,1,dao,3,11.296799778938293,0.0,True,16,10,graph_amortized_device
NVIDIA H200,bfloat16,16384,64,1,hopper/mma_split,3,2.9335999861359596,0.015625,True,16,10,graph_amortized_device
NVIDIA H200,bfloat16,16384,64,1,hopper/mma_fast,3,2.705799974501133,0.03125,True,16,10,graph_amortized_device
NVIDIA H200,bfloat16,16384,64,1,hopper/wmma_split,3,4.109200090169907,0.015625,True,16,10,graph_amortized_device
NVIDIA H200,bfloat16,16384,64,1,hopper/wmma_fast,3,3.708599880337715,0.03125,True,16,10,graph_amortized_device
NVIDIA H200,bfloat16,16384,64,1,hopper/wmma_split,4,4.103599861264229,0.015625,True,16,10,graph_amortized_device
NVIDIA H200,bfloat16,16384,64,1,hopper/mma_fast,4,2.703399956226349,0.03125,True,16,10,graph_amortized_device
NVIDIA H200,bfloat16,16384,64,1,hopper/mma_split,4,2.9308000579476357,0.015625,True,16,10,graph_amortized_device
NVIDIA H200,bfloat16,16384,64,1,dao,4,11.294999718666077,0.0,True,16,10,graph_amortized_device
NVIDIA H200,bfloat16,16384,64,1,dao_plus_quant,4,22.346800565719604,,True,16,10,graph_amortized_device
NVIDIA H200,bfloat16,16384,64,1,hopper/warp,4,2.81360000371933,0.0,True,16,10,graph_amortized_device
NVIDIA H200,bfloat16,16384,64,1,hopper/wmma_fast,4,3.7119999527931213,0.03125,True,16,10,graph_amortized_device
NVIDIA H200,bfloat16,131072,64,0,dao,0,80.4744005203247,0.0,True,16,10,graph_amortized_device
NVIDIA H200,bfloat16,131072,64,0,dao_plus_quant,0,160.59739589691162,,True,16,10,graph_amortized_device
NVIDIA H200,bfloat16,131072,64,0,hopper/warp,0,13.45759928226471,0.0,True,16,10,graph_amortized_device
NVIDIA H200,bfloat16,131072,64,0,hopper/wmma_fast,0,18.296000361442566,0.25,False,16,10,graph_amortized_device
NVIDIA H200,bfloat16,131072,64,0,hopper/wmma_split,0,21.145400404930115,0.125,False,16,10,graph_amortized_device
NVIDIA H200,bfloat16,131072,64,0,hopper/mma_fast,0,9.809800237417221,0.25,False,16,10,graph_amortized_device
NVIDIA H200,bfloat16,131072,64,0,hopper/mma_split,0,11.028199642896652,0.125,False,16,10,graph_amortized_device
NVIDIA H200,bfloat16,131072,64,0,dao,1,80.48819899559021,0.0,True,16,10,graph_amortized_device
NVIDIA H200,bfloat16,131072,64,0,hopper/mma_split,1,11.075399816036224,0.125,False,16,10,graph_amortized_device
NVIDIA H200,bfloat16,131072,64,0,hopper/mma_fast,1,9.796400368213654,0.25,False,16,10,graph_amortized_device
NVIDIA H200,bfloat16,131072,64,0,hopper/wmma_split,1,21.143600344657898,0.125,False,16,10,graph_amortized_device
NVIDIA H200,bfloat16,131072,64,0,hopper/wmma_fast,1,18.282799422740936,0.25,False,16,10,graph_amortized_device
NVIDIA H200,bfloat16,131072,64,0,hopper/warp,1,13.454200327396393,0.0,True,16,10,graph_amortized_device
NVIDIA H200,bfloat16,131072,64,0,dao_plus_quant,1,160.57900190353394,,True,16,10,graph_amortized_device
NVIDIA H200,bfloat16,131072,64,0,hopper/warp,2,13.482600450515747,0.0,True,16,10,graph_amortized_device
NVIDIA H200,bfloat16,131072,64,0,hopper/wmma_fast,2,18.30800026655197,0.25,False,16,10,graph_amortized_device
NVIDIA H200,bfloat16,131072,64,0,hopper/wmma_split,2,21.171200275421143,0.125,False,16,10,graph_amortized_device
NVIDIA H200,bfloat16,131072,64,0,hopper/mma_fast,2,9.800200164318085,0.25,False,16,10,graph_amortized_device
NVIDIA H200,bfloat16,131072,64,0,hopper/mma_split,2,11.102200299501419,0.125,False,16,10,graph_amortized_device
NVIDIA H200,bfloat16,131072,64,0,dao,2,80.48239946365356,0.0,True,16,10,graph_amortized_device
NVIDIA H200,bfloat16,131072,64,0,dao_plus_quant,2,160.5780005455017,,True,16,10,graph_amortized_device
NVIDIA H200,bfloat16,131072,64,0,hopper/warp,3,13.441599905490875,0.0,True,16,10,graph_amortized_device
NVIDIA H200,bfloat16,131072,64,0,dao_plus_quant,3,160.5746030807495,,True,16,10,graph_amortized_device
NVIDIA H200,bfloat16,131072,64,0,dao,3,80.5001974105835,0.0,True,16,10,graph_amortized_device
NVIDIA H200,bfloat16,131072,64,0,hopper/mma_split,3,11.047600209712982,0.125,False,16,10,graph_amortized_device
NVIDIA H200,bfloat16,131072,64,0,hopper/mma_fast,3,9.779799729585648,0.25,False,16,10,graph_amortized_device
NVIDIA H200,bfloat16,131072,64,0,hopper/wmma_split,3,21.135200560092926,0.125,False,16,10,graph_amortized_device
NVIDIA H200,bfloat16,131072,64,0,hopper/wmma_fast,3,18.283799290657043,0.25,False,16,10,graph_amortized_device
NVIDIA H200,bfloat16,131072,64,0,hopper/wmma_split,4,21.14900052547455,0.125,False,16,10,graph_amortized_device
NVIDIA H200,bfloat16,131072,64,0,hopper/mma_fast,4,9.77180004119873,0.25,False,16,10,graph_amortized_device
NVIDIA H200,bfloat16,131072,64,0,hopper/mma_split,4,11.11299991607666,0.125,False,16,10,graph_amortized_device
NVIDIA H200,bfloat16,131072,64,0,dao,4,80.49060106277466,0.0,True,16,10,graph_amortized_device
NVIDIA H200,bfloat16,131072,64,0,dao_plus_quant,4,160.56159734725952,,True,16,10,graph_amortized_device
NVIDIA H200,bfloat16,131072,64,0,hopper/warp,4,13.471400737762451,0.0,True,16,10,graph_amortized_device
NVIDIA H200,bfloat16,131072,64,0,hopper/wmma_fast,4,18.291400372982025,0.25,False,16,10,graph_amortized_device
NVIDIA H200,bfloat16,131072,64,1,dao,0,80.45160174369812,0.0,True,16,10,graph_amortized_device
NVIDIA H200,bfloat16,131072,64,1,dao_plus_quant,0,160.5422019958496,,True,16,10,graph_amortized_device
NVIDIA H200,bfloat16,131072,64,1,hopper/warp,0,13.762600719928741,0.0,True,16,10,graph_amortized_device
NVIDIA H200,bfloat16,131072,64,1,hopper/wmma_fast,0,18.37580054998398,0.03125,True,16,10,graph_amortized_device
NVIDIA H200,bfloat16,131072,64,1,hopper/wmma_split,0,21.16840034723282,0.015625,True,16,10,graph_amortized_device
NVIDIA H200,bfloat16,131072,64,1,hopper/mma_fast,0,9.843199700117111,0.03125,True,16,10,graph_amortized_device
NVIDIA H200,bfloat16,131072,64,1,hopper/mma_split,0,11.077199876308441,0.015625,True,16,10,graph_amortized_device
NVIDIA H200,bfloat16,131072,64,1,dao,1,80.43860197067261,0.0,True,16,10,graph_amortized_device
NVIDIA H200,bfloat16,131072,64,1,hopper/mma_split,1,11.04540005326271,0.015625,True,16,10,graph_amortized_device
NVIDIA H200,bfloat16,131072,64,1,hopper/mma_fast,1,9.822999686002731,0.03125,True,16,10,graph_amortized_device
NVIDIA H200,bfloat16,131072,64,1,hopper/wmma_split,1,21.137799322605133,0.015625,True,16,10,graph_amortized_device
NVIDIA H200,bfloat16,131072,64,1,hopper/wmma_fast,1,18.36339980363846,0.03125,True,16,10,graph_amortized_device
NVIDIA H200,bfloat16,131072,64,1,hopper/warp,1,13.738399744033813,0.0,True,16,10,graph_amortized_device
NVIDIA H200,bfloat16,131072,64,1,dao_plus_quant,1,160.53459644317627,,True,16,10,graph_amortized_device
NVIDIA H200,bfloat16,131072,64,1,hopper/warp,2,13.753600418567657,0.0,True,16,10,graph_amortized_device
NVIDIA H200,bfloat16,131072,64,1,hopper/wmma_fast,2,18.35539937019348,0.03125,True,16,10,graph_amortized_device
NVIDIA H200,bfloat16,131072,64,1,hopper/wmma_split,2,21.13559991121292,0.015625,True,16,10,graph_amortized_device
NVIDIA H200,bfloat16,131072,64,1,hopper/mma_fast,2,9.847400337457657,0.03125,True,16,10,graph_amortized_device
NVIDIA H200,bfloat16,131072,64,1,hopper/mma_split,2,11.058399826288223,0.015625,True,16,10,graph_amortized_device
NVIDIA H200,bfloat16,131072,64,1,dao,2,80.45099973678589,0.0,True,16,10,graph_amortized_device
NVIDIA H200,bfloat16,131072,64,1,dao_plus_quant,2,160.54320335388184,,True,16,10,graph_amortized_device
NVIDIA H200,bfloat16,131072,64,1,hopper/warp,3,13.706399500370026,0.0,True,16,10,graph_amortized_device
NVIDIA H200,bfloat16,131072,64,1,dao_plus_quant,3,160.54879426956177,,True,16,10,graph_amortized_device
NVIDIA H200,bfloat16,131072,64,1,dao,3,80.47000169754028,0.0,True,16,10,graph_amortized_device
NVIDIA H200,bfloat16,131072,64,1,hopper/mma_split,3,11.093000322580338,0.015625,True,16,10,graph_amortized_device
NVIDIA H200,bfloat16,131072,64,1,hopper/mma_fast,3,9.859800338745117,0.03125,True,16,10,graph_amortized_device
NVIDIA H200,bfloat16,131072,64,1,hopper/wmma_split,3,21.18780016899109,0.015625,True,16,10,graph_amortized_device
NVIDIA H200,bfloat16,131072,64,1,hopper/wmma_fast,3,18.38340014219284,0.03125,True,16,10,graph_amortized_device
NVIDIA H200,bfloat16,131072,64,1,hopper/wmma_split,4,21.17539942264557,0.015625,True,16,10,graph_amortized_device
NVIDIA H200,bfloat16,131072,64,1,hopper/mma_fast,4,9.859000146389008,0.03125,True,16,10,graph_amortized_device
NVIDIA H200,bfloat16,131072,64,1,hopper/mma_split,4,11.08120009303093,0.015625,True,16,10,graph_amortized_device
NVIDIA H200,bfloat16,131072,64,1,dao,4,80.4535984992981,0.0,True,16,10,graph_amortized_device
NVIDIA H200,bfloat16,131072,64,1,dao_plus_quant,4,160.55140495300293,,True,16,10,graph_amortized_device
NVIDIA H200,bfloat16,131072,64,1,hopper/warp,4,13.76579999923706,0.0,True,16,10,graph_amortized_device
NVIDIA H200,bfloat16,131072,64,1,hopper/wmma_fast,4,18.394799530506134,0.03125,True,16,10,graph_amortized_device
NVIDIA H200,bfloat16,1,128,0,dao,0,1.57260000705719,0.0,True,16,10,graph_amortized_device
NVIDIA H200,bfloat16,1,128,0,dao_plus_quant,0,2.8982000425457954,,True,16,10,graph_amortized_device
NVIDIA H200,bfloat16,1,128,0,hopper/warp,0,1.3980000279843807,0.0,True,16,10,graph_amortized_device
NVIDIA H200,bfloat16,1,128,0,hopper/wmma_fast,0,1.4340000227093697,0.0,True,16,10,graph_amortized_device
NVIDIA H200,bfloat16,1,128,0,hopper/wmma_split,0,1.4229999855160713,0.0,True,16,10,graph_amortized_device
NVIDIA H200,bfloat16,1,128,0,hopper/mma_fast,0,1.4166000299155712,0.0,True,16,10,graph_amortized_device
NVIDIA H200,bfloat16,1,128,0,hopper/mma_split,0,1.4341999776661396,0.0,True,16,10,graph_amortized_device
NVIDIA H200,bfloat16,1,128,0,dao,1,1.5721999108791351,0.0,True,16,10,graph_amortized_device
NVIDIA H200,bfloat16,1,128,0,hopper/mma_split,1,1.4375999569892883,0.0,True,16,10,graph_amortized_device
NVIDIA H200,bfloat16,1,128,0,hopper/mma_fast,1,1.4183999970555305,0.0,True,16,10,graph_amortized_device
NVIDIA H200,bfloat16,1,128,0,hopper/wmma_split,1,1.4192000031471252,0.0,True,16,10,graph_amortized_device
NVIDIA H200,bfloat16,1,128,0,hopper/wmma_fast,1,1.430600043386221,0.0,True,16,10,graph_amortized_device
NVIDIA H200,bfloat16,1,128,0,hopper/warp,1,1.418600045144558,0.0,True,16,10,graph_amortized_device
NVIDIA H200,bfloat16,1,128,0,dao_plus_quant,1,2.898400090634823,,True,16,10,graph_amortized_device
NVIDIA H200,bfloat16,1,128,0,hopper/warp,2,1.4151999726891518,0.0,True,16,10,graph_amortized_device
NVIDIA H200,bfloat16,1,128,0,hopper/wmma_fast,2,1.4313999563455582,0.0,True,16,10,graph_amortized_device
NVIDIA H200,bfloat16,1,128,0,hopper/wmma_split,2,1.421200018376112,0.0,True,16,10,graph_amortized_device
NVIDIA H200,bfloat16,1,128,0,hopper/mma_fast,2,1.3992000371217728,0.0,True,16,10,graph_amortized_device
NVIDIA H200,bfloat16,1,128,0,hopper/mma_split,2,1.433200016617775,0.0,True,16,10,graph_amortized_device
NVIDIA H200,bfloat16,1,128,0,dao,2,1.5723999589681625,0.0,True,16,10,graph_amortized_device
NVIDIA H200,bfloat16,1,128,0,dao_plus_quant,2,2.8960000723600388,,True,16,10,graph_amortized_device
NVIDIA H200,bfloat16,1,128,0,hopper/warp,3,1.4189999550580978,0.0,True,16,10,graph_amortized_device
NVIDIA H200,bfloat16,1,128,0,dao_plus_quant,3,2.8960000723600388,,True,16,10,graph_amortized_device
NVIDIA H200,bfloat16,1,128,0,dao,3,1.571200042963028,0.0,True,16,10,graph_amortized_device
NVIDIA H200,bfloat16,1,128,0,hopper/mma_split,3,1.4379999600350857,0.0,True,16,10,graph_amortized_device
NVIDIA H200,bfloat16,1,128,0,hopper/mma_fast,3,1.4166000299155712,0.0,True,16,10,graph_amortized_device
NVIDIA H200,bfloat16,1,128,0,hopper/wmma_split,3,1.418600045144558,0.0,True,16,10,graph_amortized_device
NVIDIA H200,bfloat16,1,128,0,hopper/wmma_fast,3,1.4303999952971935,0.0,True,16,10,graph_amortized_device
NVIDIA H200,bfloat16,1,128,0,hopper/wmma_split,4,1.422400027513504,0.0,True,16,10,graph_amortized_device
NVIDIA H200,bfloat16,1,128,0,hopper/mma_fast,4,1.4170000329613686,0.0,True,16,10,graph_amortized_device
NVIDIA H200,bfloat16,1,128,0,hopper/mma_split,4,1.4364000409841537,0.0,True,16,10,graph_amortized_device
NVIDIA H200,bfloat16,1,128,0,dao,4,1.5720000490546227,0.0,True,16,10,graph_amortized_device
NVIDIA H200,bfloat16,1,128,0,dao_plus_quant,4,2.8961999341845512,,True,16,10,graph_amortized_device
NVIDIA H200,bfloat16,1,128,0,hopper/warp,4,1.4175999909639359,0.0,True,16,10,graph_amortized_device
NVIDIA H200,bfloat16,1,128,0,hopper/wmma_fast,4,1.4298000372946262,0.0,True,16,10,graph_amortized_device
NVIDIA H200,bfloat16,1,128,1,dao,0,1.5321999788284302,0.0,True,16,10,graph_amortized_device
NVIDIA H200,bfloat16,1,128,1,dao_plus_quant,0,2.927199937403202,,True,16,10,graph_amortized_device
NVIDIA H200,bfloat16,1,128,1,hopper/warp,0,1.396199967712164,0.0,True,16,10,graph_amortized_device
NVIDIA H200,bfloat16,1,128,1,hopper/wmma_fast,0,1.4221999794244766,0.0,True,16,10,graph_amortized_device
NVIDIA H200,bfloat16,1,128,1,hopper/wmma_split,0,1.396000012755394,0.0,True,16,10,graph_amortized_device
NVIDIA H200,bfloat16,1,128,1,hopper/mma_fast,0,1.4183999970555305,0.0,True,16,10,graph_amortized_device
NVIDIA H200,bfloat16,1,128,1,hopper/mma_split,0,1.4073999598622322,0.0,True,16,10,graph_amortized_device
NVIDIA H200,bfloat16,1,128,1,dao,1,1.5363999642431736,0.0,True,16,10,graph_amortized_device
NVIDIA H200,bfloat16,1,128,1,hopper/mma_split,1,1.408000010997057,0.0,True,16,10,graph_amortized_device
NVIDIA H200,bfloat16,1,128,1,hopper/mma_fast,1,1.4167999848723412,0.0,True,16,10,graph_amortized_device
NVIDIA H200,bfloat16,1,128,1,hopper/wmma_split,1,1.4124000445008278,0.0,True,16,10,graph_amortized_device
NVIDIA H200,bfloat16,1,128,1,hopper/wmma_fast,1,1.4419999904930592,0.0,True,16,10,graph_amortized_device
NVIDIA H200,bfloat16,1,128,1,hopper/warp,1,1.398599985986948,0.0,True,16,10,graph_amortized_device
NVIDIA H200,bfloat16,1,128,1,dao_plus_quant,1,2.928199991583824,,True,16,10,graph_amortized_device
NVIDIA H200,bfloat16,1,128,1,hopper/warp,2,1.3989999890327454,0.0,True,16,10,graph_amortized_device
NVIDIA H200,bfloat16,1,128,1,hopper/wmma_fast,2,1.4433999545872211,0.0,True,16,10,graph_amortized_device
NVIDIA H200,bfloat16,1,128,1,hopper/wmma_split,2,1.397200021892786,0.0,True,16,10,graph_amortized_device
NVIDIA H200,bfloat16,1,128,1,hopper/mma_fast,2,1.4178000390529633,0.0,True,16,10,graph_amortized_device
NVIDIA H200,bfloat16,1,128,1,hopper/mma_split,2,1.408199965953827,0.0,True,16,10,graph_amortized_device
NVIDIA H200,bfloat16,1,128,1,dao,2,1.5304000116884708,0.0,True,16,10,graph_amortized_device
NVIDIA H200,bfloat16,1,128,1,dao_plus_quant,2,2.930000051856041,,True,16,10,graph_amortized_device
NVIDIA H200,bfloat16,1,128,1,hopper/warp,3,1.3944000005722046,0.0,True,16,10,graph_amortized_device
NVIDIA H200,bfloat16,1,128,1,dao_plus_quant,3,2.8922000899910927,,True,16,10,graph_amortized_device
NVIDIA H200,bfloat16,1,128,1,dao,3,1.517799962311983,0.0,True,16,10,graph_amortized_device
NVIDIA H200,bfloat16,1,128,1,hopper/mma_split,3,1.4101999811828136,0.0,True,16,10,graph_amortized_device
NVIDIA H200,bfloat16,1,128,1,hopper/mma_fast,3,1.4193999581038952,0.0,True,16,10,graph_amortized_device
NVIDIA H200,bfloat16,1,128,1,hopper/wmma_split,3,1.394800003618002,0.0,True,16,10,graph_amortized_device
NVIDIA H200,bfloat16,1,128,1,hopper/wmma_fast,3,1.4402000233530998,0.0,True,16,10,graph_amortized_device
NVIDIA H200,bfloat16,1,128,1,hopper/wmma_split,4,1.394800003618002,0.0,True,16,10,graph_amortized_device
NVIDIA H200,bfloat16,1,128,1,hopper/mma_fast,4,1.4374000020325184,0.0,True,16,10,graph_amortized_device
NVIDIA H200,bfloat16,1,128,1,hopper/mma_split,4,1.4089999720454216,0.0,True,16,10,graph_amortized_device
NVIDIA H200,bfloat16,1,128,1,dao,4,1.5475999563932419,0.0,True,16,10,graph_amortized_device
NVIDIA H200,bfloat16,1,128,1,dao_plus_quant,4,2.890400029718876,,True,16,10,graph_amortized_device
NVIDIA H200,bfloat16,1,128,1,hopper/warp,4,1.3939999975264072,0.0,True,16,10,graph_amortized_device
NVIDIA H200,bfloat16,1,128,1,hopper/wmma_fast,4,1.422400027513504,0.0,True,16,10,graph_amortized_device
NVIDIA H200,bfloat16,128,128,0,dao,0,1.7302000895142555,0.0,True,16,10,graph_amortized_device
NVIDIA H200,bfloat16,128,128,0,dao_plus_quant,0,3.2203998416662216,,True,16,10,graph_amortized_device
NVIDIA H200,bfloat16,128,128,0,hopper/warp,0,1.5518000349402428,0.0,True,16,10,graph_amortized_device
NVIDIA H200,bfloat16,128,128,0,hopper/wmma_fast,0,1.9363999366760254,0.25,False,16,10,graph_amortized_device
NVIDIA H200,bfloat16,128,128,0,hopper/wmma_split,0,2.0155999809503555,0.0625,False,16,10,graph_amortized_device
NVIDIA H200,bfloat16,128,128,0,hopper/mma_fast,0,1.566999964416027,0.25,False,16,10,graph_amortized_device
NVIDIA H200,bfloat16,128,128,0,hopper/mma_split,0,1.6853999346494675,0.0625,False,16,10,graph_amortized_device
NVIDIA H200,bfloat16,128,128,0,dao,1,1.7311999574303627,0.0,True,16,10,graph_amortized_device
NVIDIA H200,bfloat16,128,128,0,hopper/mma_split,1,1.6801999881863594,0.0625,False,16,10,graph_amortized_device
NVIDIA H200,bfloat16,128,128,0,hopper/mma_fast,1,1.5874000266194344,0.25,False,16,10,graph_amortized_device
NVIDIA H200,bfloat16,128,128,0,hopper/wmma_split,1,2.0179999992251396,0.0625,False,16,10,graph_amortized_device
NVIDIA H200,bfloat16,128,128,0,hopper/wmma_fast,1,1.9344000145792961,0.25,False,16,10,graph_amortized_device
NVIDIA H200,bfloat16,128,128,0,hopper/warp,1,1.5482000075280666,0.0,True,16,10,graph_amortized_device
NVIDIA H200,bfloat16,128,128,0,dao_plus_quant,1,3.2214000821113586,,True,16,10,graph_amortized_device
NVIDIA H200,bfloat16,128,128,0,hopper/warp,2,1.5503999777138233,0.0,True,16,10,graph_amortized_device
NVIDIA H200,bfloat16,128,128,0,hopper/wmma_fast,2,1.9303999841213226,0.25,False,16,10,graph_amortized_device
NVIDIA H200,bfloat16,128,128,0,hopper/wmma_split,2,2.028599940240383,0.0625,False,16,10,graph_amortized_device
NVIDIA H200,bfloat16,128,128,0,hopper/mma_fast,2,1.6057999804615974,0.25,False,16,10,graph_amortized_device
NVIDIA H200,bfloat16,128,128,0,hopper/mma_split,2,1.6844000667333603,0.0625,False,16,10,graph_amortized_device
NVIDIA H200,bfloat16,128,128,0,dao,2,1.7316000536084175,0.0,True,16,10,graph_amortized_device
NVIDIA H200,bfloat16,128,128,0,dao_plus_quant,2,3.2212000340223312,,True,16,10,graph_amortized_device
NVIDIA H200,bfloat16,128,128,0,hopper/warp,3,1.551199983805418,0.0,True,16,10,graph_amortized_device
NVIDIA H200,bfloat16,128,128,0,dao_plus_quant,3,3.2221999019384384,,True,16,10,graph_amortized_device
NVIDIA H200,bfloat16,128,128,0,dao,3,1.7333999276161194,0.0,True,16,10,graph_amortized_device
NVIDIA H200,bfloat16,128,128,0,hopper/mma_split,3,1.683799922466278,0.0625,False,16,10,graph_amortized_device
NVIDIA H200,bfloat16,128,128,0,hopper/mma_fast,3,1.5869999304413795,0.25,False,16,10,graph_amortized_device
NVIDIA H200,bfloat16,128,128,0,hopper/wmma_split,3,2.0454000681638718,0.0625,False,16,10,graph_amortized_device
NVIDIA H200,bfloat16,128,128,0,hopper/wmma_fast,3,1.9331999123096466,0.25,False,16,10,graph_amortized_device
NVIDIA H200,bfloat16,128,128,0,hopper/wmma_split,4,2.0320000126957893,0.0625,False,16,10,graph_amortized_device
NVIDIA H200,bfloat16,128,128,0,hopper/mma_fast,4,1.6219999641180038,0.25,False,16,10,graph_amortized_device
NVIDIA H200,bfloat16,128,128,0,hopper/mma_split,4,1.683799922466278,0.0625,False,16,10,graph_amortized_device
NVIDIA H200,bfloat16,128,128,0,dao,4,1.7311999574303627,0.0,True,16,10,graph_amortized_device
NVIDIA H200,bfloat16,128,128,0,dao_plus_quant,4,3.2193999737501144,,True,16,10,graph_amortized_device
NVIDIA H200,bfloat16,128,128,0,hopper/warp,4,1.5522000379860401,0.0,True,16,10,graph_amortized_device
NVIDIA H200,bfloat16,128,128,0,hopper/wmma_fast,4,1.9344000145792961,0.25,False,16,10,graph_amortized_device
NVIDIA H200,bfloat16,128,128,1,dao,0,1.7311999574303627,0.0,True,16,10,graph_amortized_device
NVIDIA H200,bfloat16,128,128,1,dao_plus_quant,0,3.279000148177147,,True,16,10,graph_amortized_device
NVIDIA H200,bfloat16,128,128,1,hopper/warp,0,1.5251999720931053,0.0,True,16,10,graph_amortized_device
NVIDIA H200,bfloat16,128,128,1,hopper/wmma_fast,0,1.9484000280499458,0.015625,True,16,10,graph_amortized_device
NVIDIA H200,bfloat16,128,128,1,hopper/wmma_split,0,1.9829999655485153,0.001953125,True,16,10,graph_amortized_device
NVIDIA H200,bfloat16,128,128,1,hopper/mma_fast,0,1.6462000086903572,0.015625,True,16,10,graph_amortized_device
NVIDIA H200,bfloat16,128,128,1,hopper/mma_split,0,1.6599999740719795,0.001953125,True,16,10,graph_amortized_device
NVIDIA H200,bfloat16,128,128,1,dao,1,1.7281999811530113,0.0,True,16,10,graph_amortized_device
NVIDIA H200,bfloat16,128,128,1,hopper/mma_split,1,1.6604000702500343,0.001953125,True,16,10,graph_amortized_device
NVIDIA H200,bfloat16,128,128,1,hopper/mma_fast,1,1.6459999606013298,0.015625,True,16,10,graph_amortized_device
NVIDIA H200,bfloat16,128,128,1,hopper/wmma_split,1,1.9929999485611916,0.001953125,True,16,10,graph_amortized_device
NVIDIA H200,bfloat16,128,128,1,hopper/wmma_fast,1,1.950399950146675,0.015625,True,16,10,graph_amortized_device
NVIDIA H200,bfloat16,128,128,1,hopper/warp,1,1.5238000079989433,0.0,True,16,10,graph_amortized_device
NVIDIA H200,bfloat16,128,128,1,dao_plus_quant,1,3.2806001603603363,,True,16,10,graph_amortized_device
NVIDIA H200,bfloat16,128,128,1,hopper/warp,2,1.523400004953146,0.0,True,16,10,graph_amortized_device
NVIDIA H200,bfloat16,128,128,1,hopper/wmma_fast,2,1.9514000043272972,0.015625,True,16,10,graph_amortized_device
NVIDIA H200,bfloat16,128,128,1,hopper/wmma_split,2,1.9829999655485153,0.001953125,True,16,10,graph_amortized_device
NVIDIA H200,bfloat16,128,128,1,hopper/mma_fast,2,1.626800000667572,0.015625,True,16,10,graph_amortized_device
NVIDIA H200,bfloat16,128,128,1,hopper/mma_split,2,1.662999950349331,0.001953125,True,16,10,graph_amortized_device
NVIDIA H200,bfloat16,128,128,1,dao,2,1.728999987244606,0.0,True,16,10,graph_amortized_device
NVIDIA H200,bfloat16,128,128,1,dao_plus_quant,2,3.27799990773201,,True,16,10,graph_amortized_device
NVIDIA H200,bfloat16,128,128,1,hopper/warp,3,1.5251999720931053,0.0,True,16,10,graph_amortized_device
NVIDIA H200,bfloat16,128,128,1,dao_plus_quant,3,3.2802000641822815,,True,16,10,graph_amortized_device
NVIDIA H200,bfloat16,128,128,1,dao,3,1.7255999147891998,0.0,True,16,10,graph_amortized_device
NVIDIA H200,bfloat16,128,128,1,hopper/mma_split,3,1.6607999801635742,0.001953125,True,16,10,graph_amortized_device
NVIDIA H200,bfloat16,128,128,1,hopper/mma_fast,3,1.6459999606013298,0.015625,True,16,10,graph_amortized_device
NVIDIA H200,bfloat16,128,128,1,hopper/wmma_split,3,1.9953999668359756,0.001953125,True,16,10,graph_amortized_device
NVIDIA H200,bfloat16,128,128,1,hopper/wmma_fast,3,1.9505999982357025,0.015625,True,16,10,graph_amortized_device
NVIDIA H200,bfloat16,128,128,1,hopper/wmma_split,4,1.995600014925003,0.001953125,True,16,10,graph_amortized_device
NVIDIA H200,bfloat16,128,128,1,hopper/mma_fast,4,1.6472000628709793,0.015625,True,16,10,graph_amortized_device
NVIDIA H200,bfloat16,128,128,1,hopper/mma_split,4,1.662600040435791,0.001953125,True,16,10,graph_amortized_device
NVIDIA H200,bfloat16,128,128,1,dao,4,1.7309999093413353,0.0,True,16,10,graph_amortized_device
NVIDIA H200,bfloat16,128,128,1,dao_plus_quant,4,3.2784000039100647,,True,16,10,graph_amortized_device
NVIDIA H200,bfloat16,128,128,1,hopper/warp,4,1.5243999660015106,0.0,True,16,10,graph_amortized_device
NVIDIA H200,bfloat16,128,128,1,hopper/wmma_fast,4,1.9509999081492424,0.015625,True,16,10,graph_amortized_device
NVIDIA H200,bfloat16,16384,128,0,dao,0,11.385200172662735,0.0,True,16,10,graph_amortized_device
NVIDIA H200,bfloat16,16384,128,0,dao_plus_quant,0,22.434799373149872,,True,16,10,graph_amortized_device
NVIDIA H200,bfloat16,16384,128,0,hopper/warp,0,3.982599824666977,0.0,True,16,10,graph_amortized_device
NVIDIA H200,bfloat16,16384,128,0,hopper/wmma_fast,0,5.75300008058548,0.25,False,16,10,graph_amortized_device
NVIDIA H200,bfloat16,16384,128,0,hopper/wmma_split,0,6.528600305318832,0.125,False,16,10,graph_amortized_device
NVIDIA H200,bfloat16,16384,128,0,hopper/mma_fast,0,3.6184001713991165,0.25,False,16,10,graph_amortized_device
NVIDIA H200,bfloat16,16384,128,0,hopper/mma_split,0,3.8134001195430756,0.125,False,16,10,graph_amortized_device
NVIDIA H200,bfloat16,16384,128,0,dao,1,11.388400197029114,0.0,True,16,10,graph_amortized_device
NVIDIA H200,bfloat16,16384,128,0,hopper/mma_split,1,3.8534000515937805,0.125,False,16,10,graph_amortized_device
NVIDIA H200,bfloat16,16384,128,0,hopper/mma_fast,1,3.640199825167656,0.25,False,16,10,graph_amortized_device
NVIDIA H200,bfloat16,16384,128,0,hopper/wmma_split,1,6.52180016040802,0.125,False,16,10,graph_amortized_device
NVIDIA H200,bfloat16,16384,128,0,hopper/wmma_fast,1,5.8253999799489975,0.25,False,16,10,graph_amortized_device
NVIDIA H200,bfloat16,16384,128,0,hopper/warp,1,3.988400101661682,0.0,True,16,10,graph_amortized_device
NVIDIA H200,bfloat16,16384,128,0,dao_plus_quant,1,22.436800599098206,,True,16,10,graph_amortized_device
NVIDIA H200,bfloat16,16384,128,0,hopper/warp,2,3.983199968934059,0.0,True,16,10,graph_amortized_device
NVIDIA H200,bfloat16,16384,128,0,hopper/wmma_fast,2,5.748200044035912,0.25,False,16,10,graph_amortized_device
NVIDIA H200,bfloat16,16384,128,0,hopper/wmma_split,2,6.5247997641563416,0.125,False,16,10,graph_amortized_device
NVIDIA H200,bfloat16,16384,128,0,hopper/mma_fast,2,3.625600039958954,0.25,False,16,10,graph_amortized_device
NVIDIA H200,bfloat16,16384,128,0,hopper/mma_split,2,3.826199844479561,0.125,False,16,10,graph_amortized_device
NVIDIA H200,bfloat16,16384,128,0,dao,2,11.40580028295517,0.0,True,16,10,graph_amortized_device
NVIDIA H200,bfloat16,16384,128,0,dao_plus_quant,2,22.42880016565323,,True,16,10,graph_amortized_device
NVIDIA H200,bfloat16,16384,128,0,hopper/warp,3,4.04600016772747,0.0,True,16,10,graph_amortized_device
NVIDIA H200,bfloat16,16384,128,0,dao_plus_quant,3,22.438199818134308,,True,16,10,graph_amortized_device
NVIDIA H200,bfloat16,16384,128,0,dao,3,11.423800140619278,0.0,True,16,10,graph_amortized_device
NVIDIA H200,bfloat16,16384,128,0,hopper/mma_split,3,3.8571998476982117,0.125,False,16,10,graph_amortized_device
NVIDIA H200,bfloat16,16384,128,0,hopper/mma_fast,3,3.64920012652874,0.25,False,16,10,graph_amortized_device
NVIDIA H200,bfloat16,16384,128,0,hopper/wmma_split,3,6.524600088596344,0.125,False,16,10,graph_amortized_device
NVIDIA H200,bfloat16,16384,128,0,hopper/wmma_fast,3,5.752599984407425,0.25,False,16,10,graph_amortized_device
NVIDIA H200,bfloat16,16384,128,0,hopper/wmma_split,4,6.527400016784668,0.125,False,16,10,graph_amortized_device
NVIDIA H200,bfloat16,16384,128,0,hopper/mma_fast,4,3.7202000617980957,0.25,False,16,10,graph_amortized_device
NVIDIA H200,bfloat16,16384,128,0,hopper/mma_split,4,3.7918001413345337,0.125,False,16,10,graph_amortized_device
NVIDIA H200,bfloat16,16384,128,0,dao,4,11.389599740505219,0.0,True,16,10,graph_amortized_device
NVIDIA H200,bfloat16,16384,128,0,dao_plus_quant,4,22.426599264144897,,True,16,10,graph_amortized_device
NVIDIA H200,bfloat16,16384,128,0,hopper/warp,4,4.021599888801575,0.0,True,16,10,graph_amortized_device
NVIDIA H200,bfloat16,16384,128,0,hopper/wmma_fast,4,5.7829998433589935,0.25,False,16,10,graph_amortized_device
NVIDIA H200,bfloat16,16384,128,1,dao,0,11.37939989566803,0.0,True,16,10,graph_amortized_device
NVIDIA H200,bfloat16,16384,128,1,dao_plus_quant,0,22.444400191307068,,True,16,10,graph_amortized_device
NVIDIA H200,bfloat16,16384,128,1,hopper/warp,0,4.017199948430061,0.0,True,16,10,graph_amortized_device
NVIDIA H200,bfloat16,16384,128,1,hopper/wmma_fast,0,5.817800015211105,0.03125,True,16,10,graph_amortized_device
NVIDIA H200,bfloat16,16384,128,1,hopper/wmma_split,0,6.553199887275696,0.015625,True,16,10,graph_amortized_device
NVIDIA H200,bfloat16,16384,128,1,hopper/mma_fast,0,3.6235999315977097,0.03125,True,16,10,graph_amortized_device
NVIDIA H200,bfloat16,16384,128,1,hopper/mma_split,0,3.856400027871132,0.015625,True,16,10,graph_amortized_device
NVIDIA H200,bfloat16,16384,128,1,dao,1,11.377999931573868,0.0,True,16,10,graph_amortized_device
NVIDIA H200,bfloat16,16384,128,1,hopper/mma_split,1,3.8265999406576157,0.015625,True,16,10,graph_amortized_device
NVIDIA H200,bfloat16,16384,128,1,hopper/mma_fast,1,3.5985998809337616,0.03125,True,16,10,graph_amortized_device
NVIDIA H200,bfloat16,16384,128,1,hopper/wmma_split,1,6.564400345087051,0.015625,True,16,10,graph_amortized_device
NVIDIA H200,bfloat16,16384,128,1,hopper/wmma_fast,1,5.772000178694725,0.03125,True,16,10,graph_amortized_device
NVIDIA H200,bfloat16,16384,128,1,hopper/warp,1,4.012800008058548,0.0,True,16,10,graph_amortized_device
NVIDIA H200,bfloat16,16384,128,1,dao_plus_quant,1,22.447599470615387,,True,16,10,graph_amortized_device
NVIDIA H200,bfloat16,16384,128,1,hopper/warp,2,3.948799893260002,0.0,True,16,10,graph_amortized_device
NVIDIA H200,bfloat16,16384,128,1,hopper/wmma_fast,2,5.771400034427643,0.03125,True,16,10,graph_amortized_device
NVIDIA H200,bfloat16,16384,128,1,hopper/wmma_split,2,6.564000248908997,0.015625,True,16,10,graph_amortized_device
NVIDIA H200,bfloat16,16384,128,1,hopper/mma_fast,2,3.6559998989105225,0.03125,True,16,10,graph_amortized_device
NVIDIA H200,bfloat16,16384,128,1,hopper/mma_split,2,3.846200183033943,0.015625,True,16,10,graph_amortized_device
NVIDIA H200,bfloat16,16384,128,1,dao,2,11.383800208568573,0.0,True,16,10,graph_amortized_device
NVIDIA H200,bfloat16,16384,128,1,dao_plus_quant,2,22.45499938726425,,True,16,10,graph_amortized_device
NVIDIA H200,bfloat16,16384,128,1,hopper/warp,3,3.945399820804596,0.0,True,16,10,graph_amortized_device
NVIDIA H200,bfloat16,16384,128,1,dao_plus_quant,3,22.444799542427063,,True,16,10,graph_amortized_device
NVIDIA H200,bfloat16,16384,128,1,dao,3,11.358600109815598,0.0,True,16,10,graph_amortized_device
NVIDIA H200,bfloat16,16384,128,1,hopper/mma_split,3,3.8477998226881027,0.015625,True,16,10,graph_amortized_device
NVIDIA H200,bfloat16,16384,128,1,hopper/mma_fast,3,3.6371998488903046,0.03125,True,16,10,graph_amortized_device
NVIDIA H200,bfloat16,16384,128,1,hopper/wmma_split,3,6.568600237369537,0.015625,True,16,10,graph_amortized_device
NVIDIA H200,bfloat16,16384,128,1,hopper/wmma_fast,3,5.771199986338615,0.03125,True,16,10,graph_amortized_device
NVIDIA H200,bfloat16,16384,128,1,hopper/wmma_split,4,6.564600020647049,0.015625,True,16,10,graph_amortized_device
NVIDIA H200,bfloat16,16384,128,1,hopper/mma_fast,4,3.6423999816179276,0.03125,True,16,10,graph_amortized_device
NVIDIA H200,bfloat16,16384,128,1,hopper/mma_split,4,3.8575999438762665,0.015625,True,16,10,graph_amortized_device
NVIDIA H200,bfloat16,16384,128,1,dao,4,11.37700006365776,0.0,True,16,10,graph_amortized_device
NVIDIA H200,bfloat16,16384,128,1,dao_plus_quant,4,22.417399287223816,,True,16,10,graph_amortized_device
NVIDIA H200,bfloat16,16384,128,1,hopper/warp,4,4.002600163221359,0.0,True,16,10,graph_amortized_device
NVIDIA H200,bfloat16,16384,128,1,hopper/wmma_fast,4,5.781399831175804,0.03125,True,16,10,graph_amortized_device
NVIDIA H200,bfloat16,131072,128,0,dao,0,80.61699867248535,0.0,True,16,10,graph_amortized_device
NVIDIA H200,bfloat16,131072,128,0,dao_plus_quant,0,160.8657956123352,,True,16,10,graph_amortized_device
NVIDIA H200,bfloat16,131072,128,0,hopper/warp,0,22.259800136089325,0.0,True,16,10,graph_amortized_device
NVIDIA H200,bfloat16,131072,128,0,hopper/wmma_fast,0,34.94200110435486,0.25,False,16,10,graph_amortized_device
NVIDIA H200,bfloat16,131072,128,0,hopper/wmma_split,0,40.315601229667664,0.25,False,16,10,graph_amortized_device
NVIDIA H200,bfloat16,131072,128,0,hopper/mma_fast,0,20.196999609470367,0.25,False,16,10,graph_amortized_device
NVIDIA H200,bfloat16,131072,128,0,hopper/mma_split,0,20.629000663757324,0.25,False,16,10,graph_amortized_device
NVIDIA H200,bfloat16,131072,128,0,dao,1,80.60380220413208,0.0,True,16,10,graph_amortized_device
NVIDIA H200,bfloat16,131072,128,0,hopper/mma_split,1,20.645199716091156,0.25,False,16,10,graph_amortized_device
NVIDIA H200,bfloat16,131072,128,0,hopper/mma_fast,1,20.218999683856964,0.25,False,16,10,graph_amortized_device
NVIDIA H200,bfloat16,131072,128,0,hopper/wmma_split,1,40.31839966773987,0.25,False,16,10,graph_amortized_device
NVIDIA H200,bfloat16,131072,128,0,hopper/wmma_fast,1,34.92400050163269,0.25,False,16,10,graph_amortized_device
NVIDIA H200,bfloat16,131072,128,0,hopper/warp,1,22.290199995040894,0.0,True,16,10,graph_amortized_device
NVIDIA H200,bfloat16,131072,128,0,dao_plus_quant,1,161.2787961959839,,True,16,10,graph_amortized_device
NVIDIA H200,bfloat16,131072,128,0,hopper/warp,2,22.37199991941452,0.0,True,16,10,graph_amortized_device
NVIDIA H200,bfloat16,131072,128,0,hopper/wmma_fast,2,34.96699929237366,0.25,False,16,10,graph_amortized_device
NVIDIA H200,bfloat16,131072,128,0,hopper/wmma_split,2,40.36000072956085,0.25,False,16,10,graph_amortized_device
NVIDIA H200,bfloat16,131072,128,0,hopper/mma_fast,2,20.25199979543686,0.25,False,16,10,graph_amortized_device
NVIDIA H200,bfloat16,131072,128,0,hopper/mma_split,2,20.715199410915375,0.25,False,16,10,graph_amortized_device
NVIDIA H200,bfloat16,131072,128,0,dao,2,80.96879720687866,0.0,True,16,10,graph_amortized_device
NVIDIA H200,bfloat16,131072,128,0,dao_plus_quant,2,161.65239810943604,,True,16,10,graph_amortized_device
NVIDIA H200,bfloat16,131072,128,0,hopper/warp,3,22.413399815559387,0.0,True,16,10,graph_amortized_device
NVIDIA H200,bfloat16,131072,128,0,dao_plus_quant,3,160.99779605865479,,True,16,10,graph_amortized_device
NVIDIA H200,bfloat16,131072,128,0,dao,3,80.65999746322632,0.0,True,16,10,graph_amortized_device
NVIDIA H200,bfloat16,131072,128,0,hopper/mma_split,3,20.66580057144165,0.25,False,16,10,graph_amortized_device
NVIDIA H200,bfloat16,131072,128,0,hopper/mma_fast,3,20.24739980697632,0.25,False,16,10,graph_amortized_device
NVIDIA H200,bfloat16,131072,128,0,hopper/wmma_split,3,40.29519855976105,0.25,False,16,10,graph_amortized_device
NVIDIA H200,bfloat16,131072,128,0,hopper/wmma_fast,3,34.93080139160156,0.25,False,16,10,graph_amortized_device
NVIDIA H200,bfloat16,131072,128,0,hopper/wmma_split,4,40.30179977416992,0.25,False,16,10,graph_amortized_device
NVIDIA H200,bfloat16,131072,128,0,hopper/mma_fast,4,20.241400599479675,0.25,False,16,10,graph_amortized_device
NVIDIA H200,bfloat16,131072,128,0,hopper/mma_split,4,20.641599595546722,0.25,False,16,10,graph_amortized_device
NVIDIA H200,bfloat16,131072,128,0,dao,4,80.66160082817078,0.0,True,16,10,graph_amortized_device
NVIDIA H200,bfloat16,131072,128,0,dao_plus_quant,4,160.95160245895386,,True,16,10,graph_amortized_device
NVIDIA H200,bfloat16,131072,128,0,hopper/warp,4,22.33400046825409,0.0,True,16,10,graph_amortized_device
NVIDIA H200,bfloat16,131072,128,0,hopper/wmma_fast,4,34.9590003490448,0.25,False,16,10,graph_amortized_device
NVIDIA H200,bfloat16,131072,128,1,dao,0,80.63639998435974,0.0,True,16,10,graph_amortized_device
NVIDIA H200,bfloat16,131072,128,1,dao_plus_quant,0,160.85200309753418,,True,16,10,graph_amortized_device
NVIDIA H200,bfloat16,131072,128,1,hopper/warp,0,22.41320013999939,0.0,True,16,10,graph_amortized_device
NVIDIA H200,bfloat16,131072,128,1,hopper/wmma_fast,0,34.93419885635376,0.03125,True,16,10,graph_amortized_device
NVIDIA H200,bfloat16,131072,128,1,hopper/wmma_split,0,40.33379852771759,0.015625,True,16,10,graph_amortized_device
NVIDIA H200,bfloat16,131072,128,1,hopper/mma_fast,0,20.18759995698929,0.03125,True,16,10,graph_amortized_device
NVIDIA H200,bfloat16,131072,128,1,hopper/mma_split,0,20.59839963912964,0.015625,True,16,10,graph_amortized_device
NVIDIA H200,bfloat16,131072,128,1,dao,1,80.61500191688538,0.0,True,16,10,graph_amortized_device
NVIDIA H200,bfloat16,131072,128,1,hopper/mma_split,1,20.586399734020233,0.015625,True,16,10,graph_amortized_device
NVIDIA H200,bfloat16,131072,128,1,hopper/mma_fast,1,20.187799632549286,0.03125,True,16,10,graph_amortized_device
NVIDIA H200,bfloat16,131072,128,1,hopper/wmma_split,1,40.33620059490204,0.015625,True,16,10,graph_amortized_device
NVIDIA H200,bfloat16,131072,128,1,hopper/wmma_fast,1,34.93419885635376,0.03125,True,16,10,graph_amortized_device
NVIDIA H200,bfloat16,131072,128,1,hopper/warp,1,22.428199648857117,0.0,True,16,10,graph_amortized_device
NVIDIA H200,bfloat16,131072,128,1,dao_plus_quant,1,161.5489959716797,,True,16,10,graph_amortized_device
NVIDIA H200,bfloat16,131072,128,1,hopper/warp,2,22.50480055809021,0.0,True,16,10,graph_amortized_device
NVIDIA H200,bfloat16,131072,128,1,hopper/wmma_fast,2,34.94479954242706,0.03125,True,16,10,graph_amortized_device
NVIDIA H200,bfloat16,131072,128,1,hopper/wmma_split,2,40.334999561309814,0.015625,True,16,10,graph_amortized_device
NVIDIA H200,bfloat16,131072,128,1,hopper/mma_fast,2,20.25340050458908,0.03125,True,16,10,graph_amortized_device
NVIDIA H200,bfloat16,131072,128,1,hopper/mma_split,2,20.626400411128998,0.015625,True,16,10,graph_amortized_device
NVIDIA H200,bfloat16,131072,128,1,dao,2,80.99759817123413,0.0,True,16,10,graph_amortized_device
NVIDIA H200,bfloat16,131072,128,1,dao_plus_quant,2,161.94820404052734,,True,16,10,graph_amortized_device
NVIDIA H200,bfloat16,131072,128,1,hopper/warp,3,22.398599982261658,0.0,True,16,10,graph_amortized_device
NVIDIA H200,bfloat16,131072,128,1,dao_plus_quant,3,160.8962059020996,,True,16,10,graph_amortized_device
NVIDIA H200,bfloat16,131072,128,1,dao,3,80.61800003051758,0.0,True,16,10,graph_amortized_device
NVIDIA H200,bfloat16,131072,128,1,hopper/mma_split,3,20.57580053806305,0.015625,True,16,10,graph_amortized_device
NVIDIA H200,bfloat16,131072,128,1,hopper/mma_fast,3,20.197199285030365,0.03125,True,16,10,graph_amortized_device
NVIDIA H200,bfloat16,131072,128,1,hopper/wmma_split,3,40.340399742126465,0.015625,True,16,10,graph_amortized_device
NVIDIA H200,bfloat16,131072,128,1,hopper/wmma_fast,3,34.93260145187378,0.03125,True,16,10,graph_amortized_device
NVIDIA H200,bfloat16,131072,128,1,hopper/wmma_split,4,40.32120108604431,0.015625,True,16,10,graph_amortized_device
NVIDIA H200,bfloat16,131072,128,1,hopper/mma_fast,4,20.196199417114258,0.03125,True,16,10,graph_amortized_device
NVIDIA H200,bfloat16,131072,128,1,hopper/mma_split,4,20.573200285434723,0.015625,True,16,10,graph_amortized_device
NVIDIA H200,bfloat16,131072,128,1,dao,4,80.71460127830505,0.0,True,16,10,graph_amortized_device
NVIDIA H200,bfloat16,131072,128,1,dao_plus_quant,4,161.19660139083862,,True,16,10,graph_amortized_device
NVIDIA H200,bfloat16,131072,128,1,hopper/warp,4,22.481200098991394,0.0,True,16,10,graph_amortized_device
NVIDIA H200,bfloat16,131072,128,1,hopper/wmma_fast,4,34.975799918174744,0.03125,True,16,10,graph_amortized_device
NVIDIA H200,bfloat16,1,256,0,dao,0,1.650400087237358,0.0,True,16,10,graph_amortized_device
NVIDIA H200,bfloat16,1,256,0,dao_plus_quant,0,2.9732000082731247,,True,16,10,graph_amortized_device
NVIDIA H200,bfloat16,1,256,0,hopper/warp,0,1.4976000413298607,0.0,True,16,10,graph_amortized_device
NVIDIA H200,bfloat16,1,256,0,hopper/wmma_fast,0,1.7740000039339066,0.25,False,16,10,graph_amortized_device
NVIDIA H200,bfloat16,1,256,0,hopper/wmma_split,0,1.9096000120043755,0.0625,False,16,10,graph_amortized_device
NVIDIA H200,bfloat16,1,256,0,hopper/mma_fast,0,1.5320000238716602,0.25,False,16,10,graph_amortized_device
NVIDIA H200,bfloat16,1,256,0,hopper/mma_split,0,1.5866000205278397,0.0625,False,16,10,graph_amortized_device
NVIDIA H200,bfloat16,1,256,0,dao,1,1.6462000086903572,0.0,True,16,10,graph_amortized_device
NVIDIA H200,bfloat16,1,256,0,hopper/mma_split,1,1.5930000692605972,0.0625,False,16,10,graph_amortized_device
NVIDIA H200,bfloat16,1,256,0,hopper/mma_fast,1,1.5293999575078487,0.25,False,16,10,graph_amortized_device
NVIDIA H200,bfloat16,1,256,0,hopper/wmma_split,1,1.9053999334573746,0.0625,False,16,10,graph_amortized_device
NVIDIA H200,bfloat16,1,256,0,hopper/wmma_fast,1,1.7748000100255013,0.25,False,16,10,graph_amortized_device
NVIDIA H200,bfloat16,1,256,0,hopper/warp,1,1.5030000358819962,0.0,True,16,10,graph_amortized_device
NVIDIA H200,bfloat16,1,256,0,dao_plus_quant,1,2.973799966275692,,True,16,10,graph_amortized_device
NVIDIA H200,bfloat16,1,256,0,hopper/warp,2,1.496800035238266,0.0,True,16,10,graph_amortized_device
NVIDIA H200,bfloat16,1,256,0,hopper/wmma_fast,2,1.7750000581145287,0.25,False,16,10,graph_amortized_device
NVIDIA H200,bfloat16,1,256,0,hopper/wmma_split,2,1.9088000059127808,0.0625,False,16,10,graph_amortized_device
NVIDIA H200,bfloat16,1,256,0,hopper/mma_fast,2,1.5317999757826328,0.25,False,16,10,graph_amortized_device
NVIDIA H200,bfloat16,1,256,0,hopper/mma_split,2,1.5898000448942184,0.0625,False,16,10,graph_amortized_device
NVIDIA H200,bfloat16,1,256,0,dao,2,1.6448000445961952,0.0,True,16,10,graph_amortized_device
NVIDIA H200,bfloat16,1,256,0,dao_plus_quant,2,2.973799966275692,,True,16,10,graph_amortized_device
NVIDIA H200,bfloat16,1,256,0,hopper/warp,3,1.4999999664723873,0.0,True,16,10,graph_amortized_device
NVIDIA H200,bfloat16,1,256,0,dao_plus_quant,3,2.971000038087368,,True,16,10,graph_amortized_device
NVIDIA H200,bfloat16,1,256,0,dao,3,1.648000068962574,0.0,True,16,10,graph_amortized_device
NVIDIA H200,bfloat16,1,256,0,hopper/mma_split,3,1.5930000692605972,0.0625,False,16,10,graph_amortized_device
NVIDIA H200,bfloat16,1,256,0,hopper/mma_fast,3,1.5316000208258629,0.25,False,16,10,graph_amortized_device
NVIDIA H200,bfloat16,1,256,0,hopper/wmma_split,3,1.9077999517321587,0.0625,False,16,10,graph_amortized_device
NVIDIA H200,bfloat16,1,256,0,hopper/wmma_fast,3,1.7748000100255013,0.25,False,16,10,graph_amortized_device
NVIDIA H200,bfloat16,1,256,0,hopper/wmma_split,4,1.9085999578237534,0.0625,False,16,10,graph_amortized_device
NVIDIA H200,bfloat16,1,256,0,hopper/mma_fast,4,1.5300000086426735,0.25,False,16,10,graph_amortized_device
NVIDIA H200,bfloat16,1,256,0,hopper/mma_split,4,1.5917999669909477,0.0625,False,16,10,graph_amortized_device
NVIDIA H200,bfloat16,1,256,0,dao,4,1.6454000025987625,0.0,True,16,10,graph_amortized_device
NVIDIA H200,bfloat16,1,256,0,dao_plus_quant,4,2.976199984550476,,True,16,10,graph_amortized_device
NVIDIA H200,bfloat16,1,256,0,hopper/warp,4,1.4965999871492386,0.0,True,16,10,graph_amortized_device
NVIDIA H200,bfloat16,1,256,0,hopper/wmma_fast,4,1.772800087928772,0.25,False,16,10,graph_amortized_device
NVIDIA H200,bfloat16,1,256,1,dao,0,1.6341999173164368,0.0,True,16,10,graph_amortized_device
NVIDIA H200,bfloat16,1,256,1,dao_plus_quant,0,2.961600013077259,,True,16,10,graph_amortized_device
NVIDIA H200,bfloat16,1,256,1,hopper/warp,0,1.5154000371694565,0.0,True,16,10,graph_amortized_device
NVIDIA H200,bfloat16,1,256,1,hopper/wmma_fast,0,1.7947999760508537,0.015625,True,16,10,graph_amortized_device
NVIDIA H200,bfloat16,1,256,1,hopper/wmma_split,0,1.8942000344395638,0.00390625,True,16,10,graph_amortized_device
NVIDIA H200,bfloat16,1,256,1,hopper/mma_fast,0,1.536799967288971,0.015625,True,16,10,graph_amortized_device
NVIDIA H200,bfloat16,1,256,1,hopper/mma_split,0,1.5745999291539192,0.00390625,True,16,10,graph_amortized_device
NVIDIA H200,bfloat16,1,256,1,dao,1,1.6356000676751137,0.0,True,16,10,graph_amortized_device
NVIDIA H200,bfloat16,1,256,1,hopper/mma_split,1,1.5576000325381756,0.00390625,True,16,10,graph_amortized_device
NVIDIA H200,bfloat16,1,256,1,hopper/mma_fast,1,1.535400003194809,0.015625,True,16,10,graph_amortized_device
NVIDIA H200,bfloat16,1,256,1,hopper/wmma_split,1,1.8974000588059425,0.00390625,True,16,10,graph_amortized_device
NVIDIA H200,bfloat16,1,256,1,hopper/wmma_fast,1,1.792999915778637,0.015625,True,16,10,graph_amortized_device
NVIDIA H200,bfloat16,1,256,1,hopper/warp,1,1.513999979943037,0.0,True,16,10,graph_amortized_device
NVIDIA H200,bfloat16,1,256,1,dao_plus_quant,1,2.9603999108076096,,True,16,10,graph_amortized_device
NVIDIA H200,bfloat16,1,256,1,hopper/warp,2,1.5135999768972397,0.0,True,16,10,graph_amortized_device
NVIDIA H200,bfloat16,1,256,1,hopper/wmma_fast,2,1.795399934053421,0.015625,True,16,10,graph_amortized_device
NVIDIA H200,bfloat16,1,256,1,hopper/wmma_split,2,1.8958000466227531,0.00390625,True,16,10,graph_amortized_device
NVIDIA H200,bfloat16,1,256,1,hopper/mma_fast,2,1.5337999910116196,0.015625,True,16,10,graph_amortized_device
NVIDIA H200,bfloat16,1,256,1,hopper/mma_split,2,1.5720000490546227,0.00390625,True,16,10,graph_amortized_device
NVIDIA H200,bfloat16,1,256,1,dao,2,1.6340000554919243,0.0,True,16,10,graph_amortized_device
NVIDIA H200,bfloat16,1,256,1,dao_plus_quant,2,2.961600013077259,,True,16,10,graph_amortized_device
NVIDIA H200,bfloat16,1,256,1,hopper/warp,3,1.4910000376403332,0.0,True,16,10,graph_amortized_device
NVIDIA H200,bfloat16,1,256,1,dao_plus_quant,3,2.9621999710798264,,True,16,10,graph_amortized_device
NVIDIA H200,bfloat16,1,256,1,dao,3,1.6341999173164368,0.0,True,16,10,graph_amortized_device
NVIDIA H200,bfloat16,1,256,1,hopper/mma_split,3,1.5553999692201614,0.00390625,True,16,10,graph_amortized_device
NVIDIA H200,bfloat16,1,256,1,hopper/mma_fast,3,1.5358000062406063,0.015625,True,16,10,graph_amortized_device
NVIDIA H200,bfloat16,1,256,1,hopper/wmma_split,3,1.8982000648975372,0.00390625,True,16,10,graph_amortized_device
NVIDIA H200,bfloat16,1,256,1,hopper/wmma_fast,3,1.7928000539541245,0.015625,True,16,10,graph_amortized_device
NVIDIA H200,bfloat16,1,256,1,hopper/wmma_split,4,1.8983999267220497,0.00390625,True,16,10,graph_amortized_device
NVIDIA H200,bfloat16,1,256,1,hopper/mma_fast,4,1.5362000092864037,0.015625,True,16,10,graph_amortized_device
NVIDIA H200,bfloat16,1,256,1,hopper/mma_split,4,1.5561999753117561,0.00390625,True,16,10,graph_amortized_device
NVIDIA H200,bfloat16,1,256,1,dao,4,1.6346000134944916,0.0,True,16,10,graph_amortized_device
NVIDIA H200,bfloat16,1,256,1,dao_plus_quant,4,2.9618000611662865,,True,16,10,graph_amortized_device
NVIDIA H200,bfloat16,1,256,1,hopper/warp,4,1.5111999586224556,0.0,True,16,10,graph_amortized_device
NVIDIA H200,bfloat16,1,256,1,hopper/wmma_fast,4,1.792999915778637,0.015625,True,16,10,graph_amortized_device
NVIDIA H200,bfloat16,128,256,0,dao,0,1.72520000487566,0.0,True,16,10,graph_amortized_device
NVIDIA H200,bfloat16,128,256,0,dao_plus_quant,0,3.2572001218795776,,True,16,10,graph_amortized_device
NVIDIA H200,bfloat16,128,256,0,hopper/warp,0,1.6060000285506248,0.0,True,16,10,graph_amortized_device
NVIDIA H200,bfloat16,128,256,0,hopper/wmma_fast,0,1.913600042462349,0.25,False,16,10,graph_amortized_device
NVIDIA H200,bfloat16,128,256,0,hopper/wmma_split,0,2.067199908196926,0.03125,True,16,10,graph_amortized_device
NVIDIA H200,bfloat16,128,256,0,hopper/mma_fast,0,1.640399917960167,0.25,False,16,10,graph_amortized_device
NVIDIA H200,bfloat16,128,256,0,hopper/mma_split,0,1.6697999089956284,0.03125,True,16,10,graph_amortized_device
NVIDIA H200,bfloat16,128,256,0,dao,1,1.7451999709010124,0.0,True,16,10,graph_amortized_device
NVIDIA H200,bfloat16,128,256,0,hopper/mma_split,1,1.6685999929904938,0.03125,True,16,10,graph_amortized_device
NVIDIA H200,bfloat16,128,256,0,hopper/mma_fast,1,1.641399972140789,0.25,False,16,10,graph_amortized_device
NVIDIA H200,bfloat16,128,256,0,hopper/wmma_split,1,2.0684000104665756,0.03125,True,16,10,graph_amortized_device
NVIDIA H200,bfloat16,128,256,0,hopper/wmma_fast,1,1.9269999116659164,0.25,False,16,10,graph_amortized_device
NVIDIA H200,bfloat16,128,256,0,hopper/warp,1,1.6057999804615974,0.0,True,16,10,graph_amortized_device
NVIDIA H200,bfloat16,128,256,0,dao_plus_quant,1,3.255999833345413,,True,16,10,graph_amortized_device
NVIDIA H200,bfloat16,128,256,0,hopper/warp,2,1.607000082731247,0.0,True,16,10,graph_amortized_device
NVIDIA H200,bfloat16,128,256,0,hopper/wmma_fast,2,1.9139999523758888,0.25,False,16,10,graph_amortized_device
NVIDIA H200,bfloat16,128,256,0,hopper/wmma_split,2,2.0659999921917915,0.03125,True,16,10,graph_amortized_device
NVIDIA H200,bfloat16,128,256,0,hopper/mma_fast,2,1.6408000141382217,0.25,False,16,10,graph_amortized_device
NVIDIA H200,bfloat16,128,256,0,hopper/mma_split,2,1.6715999692678452,0.03125,True,16,10,graph_amortized_device
NVIDIA H200,bfloat16,128,256,0,dao,2,1.7459999769926071,0.0,True,16,10,graph_amortized_device
NVIDIA H200,bfloat16,128,256,0,dao_plus_quant,2,3.255999833345413,,True,16,10,graph_amortized_device
NVIDIA H200,bfloat16,128,256,0,hopper/warp,3,1.6065999865531921,0.0,True,16,10,graph_amortized_device
NVIDIA H200,bfloat16,128,256,0,dao_plus_quant,3,3.256399929523468,,True,16,10,graph_amortized_device
NVIDIA H200,bfloat16,128,256,0,dao,3,1.746400073170662,0.0,True,16,10,graph_amortized_device
NVIDIA H200,bfloat16,128,256,0,hopper/mma_split,3,1.6697999089956284,0.03125,True,16,10,graph_amortized_device
NVIDIA H200,bfloat16,128,256,0,hopper/mma_fast,3,1.6392000019550323,0.25,False,16,10,graph_amortized_device
NVIDIA H200,bfloat16,128,256,0,hopper/wmma_split,3,2.068999968469143,0.03125,True,16,10,graph_amortized_device
NVIDIA H200,bfloat16,128,256,0,hopper/wmma_fast,3,1.9262000918388367,0.25,False,16,10,graph_amortized_device
NVIDIA H200,bfloat16,128,256,0,hopper/wmma_split,4,2.0673999562859535,0.03125,True,16,10,graph_amortized_device
NVIDIA H200,bfloat16,128,256,0,hopper/mma_fast,4,1.6419999301433563,0.25,False,16,10,graph_amortized_device
NVIDIA H200,bfloat16,128,256,0,hopper/mma_split,4,1.6699999570846558,0.03125,True,16,10,graph_amortized_device
NVIDIA H200,bfloat16,128,256,0,dao,4,1.7483999952673912,0.0,True,16,10,graph_amortized_device
NVIDIA H200,bfloat16,128,256,0,dao_plus_quant,4,3.2558001577854156,,True,16,10,graph_amortized_device
NVIDIA H200,bfloat16,128,256,0,hopper/warp,4,1.6060000285506248,0.0,True,16,10,graph_amortized_device
NVIDIA H200,bfloat16,128,256,0,hopper/wmma_fast,4,1.917799934744835,0.25,False,16,10,graph_amortized_device
NVIDIA H200,bfloat16,128,256,1,dao,0,1.7666000872850418,0.0,True,16,10,graph_amortized_device
NVIDIA H200,bfloat16,128,256,1,dao_plus_quant,0,3.2152000814676285,,True,16,10,graph_amortized_device
NVIDIA H200,bfloat16,128,256,1,hopper/warp,0,1.587199978530407,0.0,True,16,10,graph_amortized_device
NVIDIA H200,bfloat16,128,256,1,hopper/wmma_fast,0,1.9346000626683235,0.015625,True,16,10,graph_amortized_device
NVIDIA H200,bfloat16,128,256,1,hopper/wmma_split,0,2.053000032901764,0.001953125,True,16,10,graph_amortized_device
NVIDIA H200,bfloat16,128,256,1,hopper/mma_fast,0,1.6176000237464905,0.015625,True,16,10,graph_amortized_device
NVIDIA H200,bfloat16,128,256,1,hopper/mma_split,0,1.6853999346494675,0.001953125,True,16,10,graph_amortized_device
NVIDIA H200,bfloat16,128,256,1,dao,1,1.7441999167203903,0.0,True,16,10,graph_amortized_device
NVIDIA H200,bfloat16,128,256,1,hopper/mma_split,1,1.685200072824955,0.001953125,True,16,10,graph_amortized_device
NVIDIA H200,bfloat16,128,256,1,hopper/mma_fast,1,1.6195999458432198,0.015625,True,16,10,graph_amortized_device
NVIDIA H200,bfloat16,128,256,1,hopper/wmma_split,1,2.051600068807602,0.001953125,True,16,10,graph_amortized_device
NVIDIA H200,bfloat16,128,256,1,hopper/wmma_fast,1,1.949400082230568,0.015625,True,16,10,graph_amortized_device
NVIDIA H200,bfloat16,128,256,1,hopper/warp,1,1.5917999669909477,0.0,True,16,10,graph_amortized_device
NVIDIA H200,bfloat16,128,256,1,dao_plus_quant,1,3.2118000090122223,,True,16,10,graph_amortized_device
NVIDIA H200,bfloat16,128,256,1,hopper/warp,2,1.5931999310851097,0.0,True,16,10,graph_amortized_device
NVIDIA H200,bfloat16,128,256,1,hopper/wmma_fast,2,1.9484000280499458,0.015625,True,16,10,graph_amortized_device
NVIDIA H200,bfloat16,128,256,1,hopper/wmma_split,2,2.052200026810169,0.001953125,True,16,10,graph_amortized_device
NVIDIA H200,bfloat16,128,256,1,hopper/mma_fast,2,1.6394000500440598,0.015625,True,16,10,graph_amortized_device
NVIDIA H200,bfloat16,128,256,1,hopper/mma_split,2,1.682800054550171,0.001953125,True,16,10,graph_amortized_device
NVIDIA H200,bfloat16,128,256,1,dao,2,1.7659999430179596,0.0,True,16,10,graph_amortized_device
NVIDIA H200,bfloat16,128,256,1,dao_plus_quant,2,3.2868001610040665,,True,16,10,graph_amortized_device
NVIDIA H200,bfloat16,128,256,1,hopper/warp,3,1.5906000509858131,0.0,True,16,10,graph_amortized_device
NVIDIA H200,bfloat16,128,256,1,dao_plus_quant,3,3.213600069284439,,True,16,10,graph_amortized_device
NVIDIA H200,bfloat16,128,256,1,dao,3,1.7680000513792038,0.0,True,16,10,graph_amortized_device
NVIDIA H200,bfloat16,128,256,1,hopper/mma_split,3,1.6860000789165497,0.001953125,True,16,10,graph_amortized_device
NVIDIA H200,bfloat16,128,256,1,hopper/mma_fast,3,1.641399972140789,0.015625,True,16,10,graph_amortized_device
NVIDIA H200,bfloat16,128,256,1,hopper/wmma_split,3,2.051999978721142,0.001953125,True,16,10,graph_amortized_device
NVIDIA H200,bfloat16,128,256,1,hopper/wmma_fast,3,1.9336000084877014,0.015625,True,16,10,graph_amortized_device
NVIDIA H200,bfloat16,128,256,1,hopper/wmma_split,4,2.0517999306321144,0.001953125,True,16,10,graph_amortized_device
NVIDIA H200,bfloat16,128,256,1,hopper/mma_fast,4,1.6440000385046005,0.015625,True,16,10,graph_amortized_device
NVIDIA H200,bfloat16,128,256,1,hopper/mma_split,4,1.6863999888300896,0.001953125,True,16,10,graph_amortized_device
NVIDIA H200,bfloat16,128,256,1,dao,4,1.7659999430179596,0.0,True,16,10,graph_amortized_device
NVIDIA H200,bfloat16,128,256,1,dao_plus_quant,4,3.286999836564064,,True,16,10,graph_amortized_device
NVIDIA H200,bfloat16,128,256,1,hopper/warp,4,1.5860000625252724,0.0,True,16,10,graph_amortized_device
NVIDIA H200,bfloat16,128,256,1,hopper/wmma_fast,4,1.9511999562382698,0.015625,True,16,10,graph_amortized_device
NVIDIA H200,bfloat16,16384,256,0,dao,0,11.510200053453445,0.0,True,16,10,graph_amortized_device
NVIDIA H200,bfloat16,16384,256,0,dao_plus_quant,0,22.90640026330948,,True,16,10,graph_amortized_device
NVIDIA H200,bfloat16,16384,256,0,hopper/warp,0,4.990600049495697,0.0,True,16,10,graph_amortized_device
NVIDIA H200,bfloat16,16384,256,0,hopper/wmma_fast,0,9.888599812984467,0.5,False,16,10,graph_amortized_device
NVIDIA H200,bfloat16,16384,256,0,hopper/wmma_split,0,11.373399943113327,0.25,False,16,10,graph_amortized_device
NVIDIA H200,bfloat16,16384,256,0,hopper/mma_fast,0,5.220400169491768,0.5,False,16,10,graph_amortized_device
NVIDIA H200,bfloat16,16384,256,0,hopper/mma_split,0,5.710399895906448,0.25,False,16,10,graph_amortized_device
NVIDIA H200,bfloat16,16384,256,0,dao,1,11.545400321483612,0.0,True,16,10,graph_amortized_device
NVIDIA H200,bfloat16,16384,256,0,hopper/mma_split,1,5.734999850392342,0.25,False,16,10,graph_amortized_device
NVIDIA H200,bfloat16,16384,256,0,hopper/mma_fast,1,5.235400050878525,0.5,False,16,10,graph_amortized_device
NVIDIA H200,bfloat16,16384,256,0,hopper/wmma_split,1,11.344199627637863,0.25,False,16,10,graph_amortized_device
NVIDIA H200,bfloat16,16384,256,0,hopper/wmma_fast,1,9.880799800157547,0.5,False,16,10,graph_amortized_device
NVIDIA H200,bfloat16,16384,256,0,hopper/warp,1,4.979199916124344,0.0,True,16,10,graph_amortized_device
NVIDIA H200,bfloat16,16384,256,0,dao_plus_quant,1,22.901399433612823,,True,16,10,graph_amortized_device
NVIDIA H200,bfloat16,16384,256,0,hopper/warp,2,4.980599880218506,0.0,True,16,10,graph_amortized_device
NVIDIA H200,bfloat16,16384,256,0,hopper/wmma_fast,2,9.865400195121765,0.5,False,16,10,graph_amortized_device
NVIDIA H200,bfloat16,16384,256,0,hopper/wmma_split,2,11.361599713563919,0.25,False,16,10,graph_amortized_device
NVIDIA H200,bfloat16,16384,256,0,hopper/mma_fast,2,5.202199891209602,0.5,False,16,10,graph_amortized_device
NVIDIA H200,bfloat16,16384,256,0,hopper/mma_split,2,5.6912001222372055,0.25,False,16,10,graph_amortized_device
NVIDIA H200,bfloat16,16384,256,0,dao,2,11.572399735450745,0.0,True,16,10,graph_amortized_device
NVIDIA H200,bfloat16,16384,256,0,dao_plus_quant,2,22.887399792671204,,True,16,10,graph_amortized_device
NVIDIA H200,bfloat16,16384,256,0,hopper/warp,3,4.986999928951263,0.0,True,16,10,graph_amortized_device
NVIDIA H200,bfloat16,16384,256,0,dao_plus_quant,3,22.924399375915527,,True,16,10,graph_amortized_device
NVIDIA H200,bfloat16,16384,256,0,dao,3,11.586400121450424,0.0,True,16,10,graph_amortized_device
NVIDIA H200,bfloat16,16384,256,0,hopper/mma_split,3,5.7151999324560165,0.25,False,16,10,graph_amortized_device
NVIDIA H200,bfloat16,16384,256,0,hopper/mma_fast,3,5.247600004076958,0.5,False,16,10,graph_amortized_device
NVIDIA H200,bfloat16,16384,256,0,hopper/wmma_split,3,11.365199834108353,0.25,False,16,10,graph_amortized_device
NVIDIA H200,bfloat16,16384,256,0,hopper/wmma_fast,3,9.861800074577332,0.5,False,16,10,graph_amortized_device
NVIDIA H200,bfloat16,16384,256,0,hopper/wmma_split,4,11.356999725103378,0.25,False,16,10,graph_amortized_device
NVIDIA H200,bfloat16,16384,256,0,hopper/mma_fast,4,5.237999930977821,0.5,False,16,10,graph_amortized_device
NVIDIA H200,bfloat16,16384,256,0,hopper/mma_split,4,5.717400088906288,0.25,False,16,10,graph_amortized_device
NVIDIA H200,bfloat16,16384,256,0,dao,4,11.49900034070015,0.0,True,16,10,graph_amortized_device
NVIDIA H200,bfloat16,16384,256,0,dao_plus_quant,4,22.914400696754456,,True,16,10,graph_amortized_device
NVIDIA H200,bfloat16,16384,256,0,hopper/warp,4,4.957399889826775,0.0,True,16,10,graph_amortized_device
NVIDIA H200,bfloat16,16384,256,0,hopper/wmma_fast,4,9.88439992070198,0.5,False,16,10,graph_amortized_device
NVIDIA H200,bfloat16,16384,256,1,dao,0,11.534400284290314,0.0,True,16,10,graph_amortized_device
NVIDIA H200,bfloat16,16384,256,1,dao_plus_quant,0,22.928200662136078,,True,16,10,graph_amortized_device
NVIDIA H200,bfloat16,16384,256,1,hopper/warp,0,5.237999930977821,0.0,True,16,10,graph_amortized_device
NVIDIA H200,bfloat16,16384,256,1,hopper/wmma_fast,0,9.769800305366516,0.03125,True,16,10,graph_amortized_device
NVIDIA H200,bfloat16,16384,256,1,hopper/wmma_split,0,11.281400173902512,0.015625,True,16,10,graph_amortized_device
NVIDIA H200,bfloat16,16384,256,1,hopper/mma_fast,0,5.260400101542473,0.03125,True,16,10,graph_amortized_device
NVIDIA H200,bfloat16,16384,256,1,hopper/mma_split,0,5.762799829244614,0.015625,True,16,10,graph_amortized_device
NVIDIA H200,bfloat16,16384,256,1,dao,1,11.512000113725662,0.0,True,16,10,graph_amortized_device
NVIDIA H200,bfloat16,16384,256,1,hopper/mma_split,1,5.760199949145317,0.015625,True,16,10,graph_amortized_device
NVIDIA H200,bfloat16,16384,256,1,hopper/mma_fast,1,5.2163999527692795,0.03125,True,16,10,graph_amortized_device
NVIDIA H200,bfloat16,16384,256,1,hopper/wmma_split,1,11.350400000810623,0.015625,True,16,10,graph_amortized_device
NVIDIA H200,bfloat16,16384,256,1,hopper/wmma_fast,1,9.749399870634079,0.03125,True,16,10,graph_amortized_device
NVIDIA H200,bfloat16,16384,256,1,hopper/warp,1,5.226600170135498,0.0,True,16,10,graph_amortized_device
NVIDIA H200,bfloat16,16384,256,1,dao_plus_quant,1,22.9325994849205,,True,16,10,graph_amortized_device
NVIDIA H200,bfloat16,16384,256,1,hopper/warp,2,5.245399847626686,0.0,True,16,10,graph_amortized_device
NVIDIA H200,bfloat16,16384,256,1,hopper/wmma_fast,2,9.75859984755516,0.03125,True,16,10,graph_amortized_device
NVIDIA H200,bfloat16,16384,256,1,hopper/wmma_split,2,11.315000057220459,0.015625,True,16,10,graph_amortized_device
NVIDIA H200,bfloat16,16384,256,1,hopper/mma_fast,2,5.270000174641609,0.03125,True,16,10,graph_amortized_device
NVIDIA H200,bfloat16,16384,256,1,hopper/mma_split,2,5.7989999651908875,0.015625,True,16,10,graph_amortized_device
NVIDIA H200,bfloat16,16384,256,1,dao,2,11.538200080394745,0.0,True,16,10,graph_amortized_device
NVIDIA H200,bfloat16,16384,256,1,dao_plus_quant,2,22.902800142765045,,True,16,10,graph_amortized_device
NVIDIA H200,bfloat16,16384,256,1,hopper/warp,3,5.244399979710579,0.0,True,16,10,graph_amortized_device
NVIDIA H200,bfloat16,16384,256,1,dao_plus_quant,3,22.913600504398346,,True,16,10,graph_amortized_device
NVIDIA H200,bfloat16,16384,256,1,dao,3,11.517000198364258,0.0,True,16,10,graph_amortized_device
NVIDIA H200,bfloat16,16384,256,1,hopper/mma_split,3,5.737200006842613,0.015625,True,16,10,graph_amortized_device
NVIDIA H200,bfloat16,16384,256,1,hopper/mma_fast,3,5.231200158596039,0.03125,True,16,10,graph_amortized_device
NVIDIA H200,bfloat16,16384,256,1,hopper/wmma_split,3,11.338800191879272,0.015625,True,16,10,graph_amortized_device
NVIDIA H200,bfloat16,16384,256,1,hopper/wmma_fast,3,9.806200116872787,0.03125,True,16,10,graph_amortized_device
NVIDIA H200,bfloat16,16384,256,1,hopper/wmma_split,4,11.300399899482727,0.015625,True,16,10,graph_amortized_device
NVIDIA H200,bfloat16,16384,256,1,hopper/mma_fast,4,5.263600125908852,0.03125,True,16,10,graph_amortized_device
NVIDIA H200,bfloat16,16384,256,1,hopper/mma_split,4,5.778000131249428,0.015625,True,16,10,graph_amortized_device
NVIDIA H200,bfloat16,16384,256,1,dao,4,11.501199752092361,0.0,True,16,10,graph_amortized_device
NVIDIA H200,bfloat16,16384,256,1,dao_plus_quant,4,22.910599410533905,,True,16,10,graph_amortized_device
NVIDIA H200,bfloat16,16384,256,1,hopper/warp,4,5.2411999553442,0.0,True,16,10,graph_amortized_device
NVIDIA H200,bfloat16,16384,256,1,hopper/wmma_fast,4,9.825199842453003,0.03125,True,16,10,graph_amortized_device
NVIDIA H200,bfloat16,131072,256,0,dao,0,80.7286024093628,0.0,True,16,10,graph_amortized_device
NVIDIA H200,bfloat16,131072,256,0,dao_plus_quant,0,161.66119575500488,,True,16,10,graph_amortized_device
NVIDIA H200,bfloat16,131072,256,0,hopper/warp,0,36.10219955444336,0.0,True,16,10,graph_amortized_device
NVIDIA H200,bfloat16,131072,256,0,hopper/wmma_fast,0,66.76859855651855,0.5,False,16,10,graph_amortized_device
NVIDIA H200,bfloat16,131072,256,0,hopper/wmma_split,0,77.89919972419739,0.25,False,16,10,graph_amortized_device
NVIDIA H200,bfloat16,131072,256,0,hopper/mma_fast,0,36.72640025615692,0.5,False,16,10,graph_amortized_device
NVIDIA H200,bfloat16,131072,256,0,hopper/mma_split,0,38.03659975528717,0.25,False,16,10,graph_amortized_device
NVIDIA H200,bfloat16,131072,256,0,dao,1,80.71240186691284,0.0,True,16,10,graph_amortized_device
NVIDIA H200,bfloat16,131072,256,0,hopper/mma_split,1,38.040199875831604,0.25,False,16,10,graph_amortized_device
NVIDIA H200,bfloat16,131072,256,0,hopper/mma_fast,1,36.7249995470047,0.5,False,16,10,graph_amortized_device
NVIDIA H200,bfloat16,131072,256,0,hopper/wmma_split,1,77.88659930229187,0.25,False,16,10,graph_amortized_device
NVIDIA H200,bfloat16,131072,256,0,hopper/wmma_fast,1,66.79720282554626,0.5,False,16,10,graph_amortized_device
NVIDIA H200,bfloat16,131072,256,0,hopper/warp,1,36.121198534965515,0.0,True,16,10,graph_amortized_device
NVIDIA H200,bfloat16,131072,256,0,dao_plus_quant,1,162.17999458312988,,True,16,10,graph_amortized_device
NVIDIA H200,bfloat16,131072,256,0,hopper/warp,2,36.08739972114563,0.0,True,16,10,graph_amortized_device
NVIDIA H200,bfloat16,131072,256,0,hopper/wmma_fast,2,66.81039929389954,0.5,False,16,10,graph_amortized_device
NVIDIA H200,bfloat16,131072,256,0,hopper/wmma_split,2,77.95559763908386,0.25,False,16,10,graph_amortized_device
NVIDIA H200,bfloat16,131072,256,0,hopper/mma_fast,2,36.712801456451416,0.5,False,16,10,graph_amortized_device
NVIDIA H200,bfloat16,131072,256,0,hopper/mma_split,2,38.01980018615723,0.25,False,16,10,graph_amortized_device
NVIDIA H200,bfloat16,131072,256,0,dao,2,80.71079850196838,0.0,True,16,10,graph_amortized_device
NVIDIA H200,bfloat16,131072,256,0,dao_plus_quant,2,161.7650032043457,,True,16,10,graph_amortized_device
NVIDIA H200,bfloat16,131072,256,0,hopper/warp,3,36.12020015716553,0.0,True,16,10,graph_amortized_device
NVIDIA H200,bfloat16,131072,256,0,dao_plus_quant,3,161.74880266189575,,True,16,10,graph_amortized_device
NVIDIA H200,bfloat16,131072,256,0,dao,3,80.75140118598938,0.0,True,16,10,graph_amortized_device
NVIDIA H200,bfloat16,131072,256,0,hopper/mma_split,3,38.02739977836609,0.25,False,16,10,graph_amortized_device
NVIDIA H200,bfloat16,131072,256,0,hopper/mma_fast,3,36.69700026512146,0.5,False,16,10,graph_amortized_device
NVIDIA H200,bfloat16,131072,256,0,hopper/wmma_split,3,77.89720296859741,0.25,False,16,10,graph_amortized_device
NVIDIA H200,bfloat16,131072,256,0,hopper/wmma_fast,3,66.7930006980896,0.5,False,16,10,graph_amortized_device
NVIDIA H200,bfloat16,131072,256,0,hopper/wmma_split,4,77.90219783782959,0.25,False,16,10,graph_amortized_device
NVIDIA H200,bfloat16,131072,256,0,hopper/mma_fast,4,36.7467999458313,0.5,False,16,10,graph_amortized_device
NVIDIA H200,bfloat16,131072,256,0,hopper/mma_split,4,38.06979954242706,0.25,False,16,10,graph_amortized_device
NVIDIA H200,bfloat16,131072,256,0,dao,4,80.73260188102722,0.0,True,16,10,graph_amortized_device
NVIDIA H200,bfloat16,131072,256,0,dao_plus_quant,4,161.71400547027588,,True,16,10,graph_amortized_device
NVIDIA H200,bfloat16,131072,256,0,hopper/warp,4,36.1272007226944,0.0,True,16,10,graph_amortized_device
NVIDIA H200,bfloat16,131072,256,0,hopper/wmma_fast,4,66.839599609375,0.5,False,16,10,graph_amortized_device
NVIDIA H200,bfloat16,131072,256,1,dao,0,80.7174026966095,0.0,True,16,10,graph_amortized_device
NVIDIA H200,bfloat16,131072,256,1,dao_plus_quant,0,161.60839796066284,,True,16,10,graph_amortized_device
NVIDIA H200,bfloat16,131072,256,1,hopper/warp,0,37.30340003967285,0.0,True,16,10,graph_amortized_device
NVIDIA H200,bfloat16,131072,256,1,hopper/wmma_fast,0,66.8582022190094,0.03125,True,16,10,graph_amortized_device
NVIDIA H200,bfloat16,131072,256,1,hopper/wmma_split,0,77.93160080909729,0.015625,True,16,10,graph_amortized_device
NVIDIA H200,bfloat16,131072,256,1,hopper/mma_fast,0,36.59619987010956,0.03125,True,16,10,graph_amortized_device
NVIDIA H200,bfloat16,131072,256,1,hopper/mma_split,0,38.020798563957214,0.015625,True,16,10,graph_amortized_device
NVIDIA H200,bfloat16,131072,256,1,dao,1,80.73019981384277,0.0,True,16,10,graph_amortized_device
NVIDIA H200,bfloat16,131072,256,1,hopper/mma_split,1,38.19980025291443,0.015625,True,16,10,graph_amortized_device
NVIDIA H200,bfloat16,131072,256,1,hopper/mma_fast,1,36.587199568748474,0.03125,True,16,10,graph_amortized_device
NVIDIA H200,bfloat16,131072,256,1,hopper/wmma_split,1,77.84420251846313,0.015625,True,16,10,graph_amortized_device
NVIDIA H200,bfloat16,131072,256,1,hopper/wmma_fast,1,66.79819822311401,0.03125,True,16,10,graph_amortized_device
NVIDIA H200,bfloat16,131072,256,1,hopper/warp,1,37.29600012302399,0.0,True,16,10,graph_amortized_device
NVIDIA H200,bfloat16,131072,256,1,dao_plus_quant,1,162.06979751586914,,True,16,10,graph_amortized_device
NVIDIA H200,bfloat16,131072,256,1,hopper/warp,2,37.25680112838745,0.0,True,16,10,graph_amortized_device
NVIDIA H200,bfloat16,131072,256,1,hopper/wmma_fast,2,66.83359742164612,0.03125,True,16,10,graph_amortized_device
NVIDIA H200,bfloat16,131072,256,1,hopper/wmma_split,2,77.90380120277405,0.015625,True,16,10,graph_amortized_device
NVIDIA H200,bfloat16,131072,256,1,hopper/mma_fast,2,36.68160140514374,0.03125,True,16,10,graph_amortized_device
NVIDIA H200,bfloat16,131072,256,1,hopper/mma_split,2,38.05980086326599,0.015625,True,16,10,graph_amortized_device
NVIDIA H200,bfloat16,131072,256,1,dao,2,80.84459900856018,0.0,True,16,10,graph_amortized_device
NVIDIA H200,bfloat16,131072,256,1,dao_plus_quant,2,162.15239763259888,,True,16,10,graph_amortized_device
NVIDIA H200,bfloat16,131072,256,1,hopper/warp,3,37.285199761390686,0.0,True,16,10,graph_amortized_device
NVIDIA H200,bfloat16,131072,256,1,dao_plus_quant,3,161.54780387878418,,True,16,10,graph_amortized_device
NVIDIA H200,bfloat16,131072,256,1,dao,3,80.64919710159302,0.0,True,16,10,graph_amortized_device
NVIDIA H200,bfloat16,131072,256,1,hopper/mma_split,3,38.023799657821655,0.015625,True,16,10,graph_amortized_device
NVIDIA H200,bfloat16,131072,256,1,hopper/mma_fast,3,36.581799387931824,0.03125,True,16,10,graph_amortized_device
NVIDIA H200,bfloat16,131072,256,1,hopper/wmma_split,3,77.85459756851196,0.015625,True,16,10,graph_amortized_device
NVIDIA H200,bfloat16,131072,256,1,hopper/wmma_fast,3,66.82360172271729,0.03125,True,16,10,graph_amortized_device
NVIDIA H200,bfloat16,131072,256,1,hopper/wmma_split,4,77.9009997844696,0.015625,True,16,10,graph_amortized_device
NVIDIA H200,bfloat16,131072,256,1,hopper/mma_fast,4,36.615198850631714,0.03125,True,16,10,graph_amortized_device
NVIDIA H200,bfloat16,131072,256,1,hopper/mma_split,4,38.027599453926086,0.015625,True,16,10,graph_amortized_device
NVIDIA H200,bfloat16,131072,256,1,dao,4,80.6801974773407,0.0,True,16,10,graph_amortized_device
NVIDIA H200,bfloat16,131072,256,1,dao_plus_quant,4,161.66419982910156,,True,16,10,graph_amortized_device
NVIDIA H200,bfloat16,131072,256,1,hopper/warp,4,37.28660047054291,0.0,True,16,10,graph_amortized_device
NVIDIA H200,bfloat16,131072,256,1,hopper/wmma_fast,4,66.84179902076721,0.03125,True,16,10,graph_amortized_device
