gpu,dtype,tokens,head_dim,normalize,backend,round,us,max_abs,pass,nodes,replays,measurement
NVIDIA H200,float16,1,64,0,dao,0,1.4998000115156174,0.0,True,16,10,graph_amortized_device
NVIDIA H200,float16,1,64,0,dao_plus_quant,0,2.843400090932846,,True,16,10,graph_amortized_device
NVIDIA H200,float16,1,64,0,tuned/baseline,0,1.3965999707579613,0.0,True,16,10,graph_amortized_device
NVIDIA H200,float16,1,64,0,tuned/optimized,0,1.3198000378906727,0.0,True,16,10,graph_amortized_device
NVIDIA H200,float16,1,64,0,tuned/warp,0,1.3942000456154346,0.0,True,16,10,graph_amortized_device
NVIDIA H200,float16,1,64,0,tuned/fused_opt,0,1.6704000532627106,,True,16,10,graph_amortized_device
NVIDIA H200,float16,1,64,0,tuned/fused_warp,0,1.520999986678362,,True,16,10,graph_amortized_device
NVIDIA H200,float16,1,64,0,dao,1,1.4998000115156174,0.0,True,16,10,graph_amortized_device
NVIDIA H200,float16,1,64,0,tuned/fused_warp,1,1.5238000079989433,,True,16,10,graph_amortized_device
NVIDIA H200,float16,1,64,0,tuned/fused_opt,1,1.670599915087223,,True,16,10,graph_amortized_device
NVIDIA H200,float16,1,64,0,tuned/warp,1,1.3957999646663666,0.0,True,16,10,graph_amortized_device
NVIDIA H200,float16,1,64,0,tuned/optimized,1,1.3183999806642532,0.0,True,16,10,graph_amortized_device
NVIDIA H200,float16,1,64,0,tuned/baseline,1,1.4151999726891518,0.0,True,16,10,graph_amortized_device
NVIDIA H200,float16,1,64,0,dao_plus_quant,1,2.8426000848412514,,True,16,10,graph_amortized_device
NVIDIA H200,float16,1,64,0,tuned/baseline,2,1.4139999635517597,0.0,True,16,10,graph_amortized_device
NVIDIA H200,float16,1,64,0,tuned/optimized,2,1.334800012409687,0.0,True,16,10,graph_amortized_device
NVIDIA H200,float16,1,64,0,tuned/warp,2,1.3915999792516232,0.0,True,16,10,graph_amortized_device
NVIDIA H200,float16,1,64,0,tuned/fused_opt,2,1.6699999570846558,,True,16,10,graph_amortized_device
NVIDIA H200,float16,1,64,0,tuned/fused_warp,2,1.5204000286757946,,True,16,10,graph_amortized_device
NVIDIA H200,float16,1,64,0,dao,2,1.4977999962866306,0.0,True,16,10,graph_amortized_device
NVIDIA H200,float16,1,64,0,dao_plus_quant,2,2.8449999168515205,,True,16,10,graph_amortized_device
NVIDIA H200,float16,1,64,0,tuned/baseline,3,1.3964000158011913,0.0,True,16,10,graph_amortized_device
NVIDIA H200,float16,1,64,0,dao_plus_quant,3,2.8426000848412514,,True,16,10,graph_amortized_device
NVIDIA H200,float16,1,64,0,dao,3,1.495799981057644,0.0,True,16,10,graph_amortized_device
NVIDIA H200,float16,1,64,0,tuned/fused_warp,3,1.523599959909916,,True,16,10,graph_amortized_device
NVIDIA H200,float16,1,64,0,tuned/fused_opt,3,1.6712000593543053,,True,16,10,graph_amortized_device
NVIDIA H200,float16,1,64,0,tuned/warp,3,1.3915999792516232,0.0,True,16,10,graph_amortized_device
NVIDIA H200,float16,1,64,0,tuned/optimized,3,1.319199986755848,0.0,True,16,10,graph_amortized_device
NVIDIA H200,float16,1,64,0,tuned/warp,4,1.394800003618002,0.0,True,16,10,graph_amortized_device
NVIDIA H200,float16,1,64,0,tuned/fused_opt,4,1.6693999990820885,,True,16,10,graph_amortized_device
NVIDIA H200,float16,1,64,0,tuned/fused_warp,4,1.5217999927699566,,True,16,10,graph_amortized_device
NVIDIA H200,float16,1,64,0,dao,4,1.4961999841034412,0.0,True,16,10,graph_amortized_device
NVIDIA H200,float16,1,64,0,dao_plus_quant,4,2.8449999168515205,,True,16,10,graph_amortized_device
NVIDIA H200,float16,1,64,0,tuned/baseline,4,1.396199967712164,0.0,True,16,10,graph_amortized_device
NVIDIA H200,float16,1,64,0,tuned/optimized,4,1.3186000287532806,0.0,True,16,10,graph_amortized_device
NVIDIA H200,float16,1,64,1,dao,0,1.520800031721592,0.0,True,16,10,graph_amortized_device
NVIDIA H200,float16,1,64,1,dao_plus_quant,0,2.8440000489354134,,True,16,10,graph_amortized_device
NVIDIA H200,float16,1,64,1,tuned/baseline,0,1.4233999885618687,0.0,True,16,10,graph_amortized_device
NVIDIA H200,float16,1,64,1,tuned/optimized,0,1.334999967366457,0.0,True,16,10,graph_amortized_device
NVIDIA H200,float16,1,64,1,tuned/warp,0,1.344399992376566,0.0,True,16,10,graph_amortized_device
NVIDIA H200,float16,1,64,1,tuned/fused_opt,0,1.681400090456009,,True,16,10,graph_amortized_device
NVIDIA H200,float16,1,64,1,tuned/fused_warp,0,1.5425999648869038,,True,16,10,graph_amortized_device
NVIDIA H200,float16,1,64,1,dao,1,1.5212000347673893,0.0,True,16,10,graph_amortized_device
NVIDIA H200,float16,1,64,1,tuned/fused_warp,1,1.5425999648869038,,True,16,10,graph_amortized_device
NVIDIA H200,float16,1,64,1,tuned/fused_opt,1,1.6790000721812248,,True,16,10,graph_amortized_device
NVIDIA H200,float16,1,64,1,tuned/warp,1,1.3636000454425812,0.0,True,16,10,graph_amortized_device
NVIDIA H200,float16,1,64,1,tuned/optimized,1,1.3388000428676605,0.0,True,16,10,graph_amortized_device
NVIDIA H200,float16,1,64,1,tuned/baseline,1,1.4171999879181385,0.0,True,16,10,graph_amortized_device
NVIDIA H200,float16,1,64,1,dao_plus_quant,1,2.8429999947547913,,True,16,10,graph_amortized_device
NVIDIA H200,float16,1,64,1,tuned/baseline,2,1.4204000122845173,0.0,True,16,10,graph_amortized_device
NVIDIA H200,float16,1,64,1,tuned/optimized,2,1.3319999910891056,0.0,True,16,10,graph_amortized_device
NVIDIA H200,float16,1,64,1,tuned/warp,2,1.3646000064909458,0.0,True,16,10,graph_amortized_device
NVIDIA H200,float16,1,64,1,tuned/fused_opt,2,1.680999994277954,,True,16,10,graph_amortized_device
NVIDIA H200,float16,1,64,1,tuned/fused_warp,2,1.5424000099301338,,True,16,10,graph_amortized_device
NVIDIA H200,float16,1,64,1,dao,2,1.522199995815754,0.0,True,16,10,graph_amortized_device
NVIDIA H200,float16,1,64,1,dao_plus_quant,2,2.8432000428438187,,True,16,10,graph_amortized_device
NVIDIA H200,float16,1,64,1,tuned/baseline,3,1.4167999848723412,0.0,True,16,10,graph_amortized_device
NVIDIA H200,float16,1,64,1,dao_plus_quant,3,2.8449999168515205,,True,16,10,graph_amortized_device
NVIDIA H200,float16,1,64,1,dao,3,1.5213999897241592,0.0,True,16,10,graph_amortized_device
NVIDIA H200,float16,1,64,1,tuned/fused_warp,3,1.542999967932701,,True,16,10,graph_amortized_device
NVIDIA H200,float16,1,64,1,tuned/fused_opt,3,1.6812000423669815,,True,16,10,graph_amortized_device
NVIDIA H200,float16,1,64,1,tuned/warp,3,1.3799999840557575,0.0,True,16,10,graph_amortized_device
NVIDIA H200,float16,1,64,1,tuned/optimized,3,1.3381999917328358,0.0,True,16,10,graph_amortized_device
NVIDIA H200,float16,1,64,1,tuned/warp,4,1.3825999572873116,0.0,True,16,10,graph_amortized_device
NVIDIA H200,float16,1,64,1,tuned/fused_opt,4,1.682399958372116,,True,16,10,graph_amortized_device
NVIDIA H200,float16,1,64,1,tuned/fused_warp,4,1.5437999740242958,,True,16,10,graph_amortized_device
NVIDIA H200,float16,1,64,1,dao,4,1.522199995815754,0.0,True,16,10,graph_amortized_device
NVIDIA H200,float16,1,64,1,dao_plus_quant,4,2.8429999947547913,,True,16,10,graph_amortized_device
NVIDIA H200,float16,1,64,1,tuned/baseline,4,1.4196000061929226,0.0,True,16,10,graph_amortized_device
NVIDIA H200,float16,1,64,1,tuned/optimized,4,1.3344000093638897,0.0,True,16,10,graph_amortized_device
NVIDIA H200,float16,128,64,0,dao,0,1.6707999631762505,0.0,True,16,10,graph_amortized_device
NVIDIA H200,float16,128,64,0,dao_plus_quant,0,3.1695999205112457,,True,16,10,graph_amortized_device
NVIDIA H200,float16,128,64,0,tuned/baseline,0,1.6645999625325203,0.0,True,16,10,graph_amortized_device
NVIDIA H200,float16,128,64,0,tuned/optimized,0,1.537800021469593,0.0,True,16,10,graph_amortized_device
NVIDIA H200,float16,128,64,0,tuned/warp,0,1.4910000376403332,0.0,True,16,10,graph_amortized_device
NVIDIA H200,float16,128,64,0,tuned/fused_opt,0,1.8759999424219131,,True,16,10,graph_amortized_device
NVIDIA H200,float16,128,64,0,tuned/fused_warp,0,1.6982000321149826,,True,16,10,graph_amortized_device
NVIDIA H200,float16,128,64,0,dao,1,1.6726000234484673,0.0,True,16,10,graph_amortized_device
NVIDIA H200,float16,128,64,0,tuned/fused_warp,1,1.6953999176621437,,True,16,10,graph_amortized_device
NVIDIA H200,float16,128,64,0,tuned/fused_opt,1,1.8753999844193459,,True,16,10,graph_amortized_device
NVIDIA H200,float16,128,64,0,tuned/warp,1,1.4918000437319279,0.0,True,16,10,graph_amortized_device
NVIDIA H200,float16,128,64,0,tuned/optimized,1,1.5398000366985798,0.0,True,16,10,graph_amortized_device
NVIDIA H200,float16,128,64,0,tuned/baseline,1,1.6656000167131424,0.0,True,16,10,graph_amortized_device
NVIDIA H200,float16,128,64,0,dao_plus_quant,1,3.1686000525951385,,True,16,10,graph_amortized_device
NVIDIA H200,float16,128,64,0,tuned/baseline,2,1.6648000106215477,0.0,True,16,10,graph_amortized_device
NVIDIA H200,float16,128,64,0,tuned/optimized,2,1.537999976426363,0.0,True,16,10,graph_amortized_device
NVIDIA H200,float16,128,64,0,tuned/warp,2,1.4891999773681164,0.0,True,16,10,graph_amortized_device
NVIDIA H200,float16,128,64,0,tuned/fused_opt,2,1.876400038599968,,True,16,10,graph_amortized_device
NVIDIA H200,float16,128,64,0,tuned/fused_warp,2,1.6985999420285225,,True,16,10,graph_amortized_device
NVIDIA H200,float16,128,64,0,dao,2,1.6712000593543053,0.0,True,16,10,graph_amortized_device
NVIDIA H200,float16,128,64,0,dao_plus_quant,2,3.168800100684166,,True,16,10,graph_amortized_device
NVIDIA H200,float16,128,64,0,tuned/baseline,3,1.664399914443493,0.0,True,16,10,graph_amortized_device
NVIDIA H200,float16,128,64,0,dao_plus_quant,3,3.167400136590004,,True,16,10,graph_amortized_device
NVIDIA H200,float16,128,64,0,dao,3,1.6728000715374947,0.0,True,16,10,graph_amortized_device
NVIDIA H200,float16,128,64,0,tuned/fused_warp,3,1.6968000680208206,,True,16,10,graph_amortized_device
NVIDIA H200,float16,128,64,0,tuned/fused_opt,3,1.8766000866889954,,True,16,10,graph_amortized_device
NVIDIA H200,float16,128,64,0,tuned/warp,3,1.494400016963482,0.0,True,16,10,graph_amortized_device
NVIDIA H200,float16,128,64,0,tuned/optimized,3,1.5374000184237957,0.0,True,16,10,graph_amortized_device
NVIDIA H200,float16,128,64,0,tuned/warp,4,1.4895999804139137,0.0,True,16,10,graph_amortized_device
NVIDIA H200,float16,128,64,0,tuned/fused_opt,4,1.87740009278059,,True,16,10,graph_amortized_device
NVIDIA H200,float16,128,64,0,tuned/fused_warp,4,1.7004000023007393,,True,16,10,graph_amortized_device
NVIDIA H200,float16,128,64,0,dao,4,1.6713999211788177,0.0,True,16,10,graph_amortized_device
NVIDIA H200,float16,128,64,0,dao_plus_quant,4,3.1676001846790314,,True,16,10,graph_amortized_device
NVIDIA H200,float16,128,64,0,tuned/baseline,4,1.6634000465273857,0.0,True,16,10,graph_amortized_device
NVIDIA H200,float16,128,64,0,tuned/optimized,4,1.5375999733805656,0.0,True,16,10,graph_amortized_device
NVIDIA H200,float16,128,64,1,dao,0,1.7079999670386314,0.0,True,16,10,graph_amortized_device
NVIDIA H200,float16,128,64,1,dao_plus_quant,0,3.1582001596689224,,True,16,10,graph_amortized_device
NVIDIA H200,float16,128,64,1,tuned/baseline,0,1.6898000612854958,0.0,True,16,10,graph_amortized_device
NVIDIA H200,float16,128,64,1,tuned/optimized,0,1.522199995815754,0.0,True,16,10,graph_amortized_device
NVIDIA H200,float16,128,64,1,tuned/warp,0,1.5143999829888344,0.0,True,16,10,graph_amortized_device
NVIDIA H200,float16,128,64,1,tuned/fused_opt,0,1.8629999831318855,,True,16,10,graph_amortized_device
NVIDIA H200,float16,128,64,1,tuned/fused_warp,0,1.7322000116109848,,True,16,10,graph_amortized_device
NVIDIA H200,float16,128,64,1,dao,1,1.7111999914050102,0.0,True,16,10,graph_amortized_device
NVIDIA H200,float16,128,64,1,tuned/fused_warp,1,1.7300000414252281,,True,16,10,graph_amortized_device
NVIDIA H200,float16,128,64,1,tuned/fused_opt,1,1.864200085401535,,True,16,10,graph_amortized_device
NVIDIA H200,float16,128,64,1,tuned/warp,1,1.515199989080429,0.0,True,16,10,graph_amortized_device
NVIDIA H200,float16,128,64,1,tuned/optimized,1,1.5250000171363354,0.0,True,16,10,graph_amortized_device
NVIDIA H200,float16,128,64,1,tuned/baseline,1,1.6928000375628471,0.0,True,16,10,graph_amortized_device
NVIDIA H200,float16,128,64,1,dao_plus_quant,1,3.1567998230457306,,True,16,10,graph_amortized_device
NVIDIA H200,float16,128,64,1,tuned/baseline,2,1.6909999772906303,0.0,True,16,10,graph_amortized_device
NVIDIA H200,float16,128,64,1,tuned/optimized,2,1.522199995815754,0.0,True,16,10,graph_amortized_device
NVIDIA H200,float16,128,64,1,tuned/warp,2,1.513999979943037,0.0,True,16,10,graph_amortized_device
NVIDIA H200,float16,128,64,1,tuned/fused_opt,2,1.8626000732183456,,True,16,10,graph_amortized_device
NVIDIA H200,float16,128,64,1,tuned/fused_warp,2,1.7281999811530113,,True,16,10,graph_amortized_device
NVIDIA H200,float16,128,64,1,dao,2,1.7095999792218208,0.0,True,16,10,graph_amortized_device
NVIDIA H200,float16,128,64,1,dao_plus_quant,2,3.1553998589515686,,True,16,10,graph_amortized_device
NVIDIA H200,float16,128,64,1,tuned/baseline,3,1.6906000673770905,0.0,True,16,10,graph_amortized_device
NVIDIA H200,float16,128,64,1,dao_plus_quant,3,3.1557999551296234,,True,16,10,graph_amortized_device
NVIDIA H200,float16,128,64,1,dao,3,1.709200069308281,0.0,True,16,10,graph_amortized_device
NVIDIA H200,float16,128,64,1,tuned/fused_warp,3,1.7297999933362007,,True,16,10,graph_amortized_device
NVIDIA H200,float16,128,64,1,tuned/fused_opt,3,1.865600049495697,,True,16,10,graph_amortized_device
NVIDIA H200,float16,128,64,1,tuned/warp,3,1.5134000219404697,0.0,True,16,10,graph_amortized_device
NVIDIA H200,float16,128,64,1,tuned/optimized,3,1.5188000164926052,0.0,True,16,10,graph_amortized_device
NVIDIA H200,float16,128,64,1,tuned/warp,4,1.5143999829888344,0.0,True,16,10,graph_amortized_device
NVIDIA H200,float16,128,64,1,tuned/fused_opt,4,1.863200031220913,,True,16,10,graph_amortized_device
NVIDIA H200,float16,128,64,1,tuned/fused_warp,4,1.7287999391555786,,True,16,10,graph_amortized_device
NVIDIA H200,float16,128,64,1,dao,4,1.7090000212192535,0.0,True,16,10,graph_amortized_device
NVIDIA H200,float16,128,64,1,dao_plus_quant,4,3.1567998230457306,,True,16,10,graph_amortized_device
NVIDIA H200,float16,128,64,1,tuned/baseline,4,1.6901999711990356,0.0,True,16,10,graph_amortized_device
NVIDIA H200,float16,128,64,1,tuned/optimized,4,1.5227999538183212,0.0,True,16,10,graph_amortized_device
NVIDIA H200,float16,16384,64,0,dao,0,11.283399909734726,0.0,True,16,10,graph_amortized_device
NVIDIA H200,float16,16384,64,0,dao_plus_quant,0,22.32780009508133,,True,16,10,graph_amortized_device
NVIDIA H200,float16,16384,64,0,tuned/baseline,0,11.471399664878845,0.0,True,16,10,graph_amortized_device
NVIDIA H200,float16,16384,64,0,tuned/optimized,0,3.8895998150110245,0.0,True,16,10,graph_amortized_device
NVIDIA H200,float16,16384,64,0,tuned/warp,0,2.8217999264597893,0.0,True,16,10,graph_amortized_device
NVIDIA H200,float16,16384,64,0,tuned/fused_opt,0,11.491400003433228,,True,16,10,graph_amortized_device
NVIDIA H200,float16,16384,64,0,tuned/fused_warp,0,3.787200152873993,,True,16,10,graph_amortized_device
NVIDIA H200,float16,16384,64,0,dao,1,11.283999681472778,0.0,True,16,10,graph_amortized_device
NVIDIA H200,float16,16384,64,0,tuned/fused_warp,1,3.791400045156479,,True,16,10,graph_amortized_device
NVIDIA H200,float16,16384,64,0,tuned/fused_opt,1,11.494000256061554,,True,16,10,graph_amortized_device
NVIDIA H200,float16,16384,64,0,tuned/warp,1,2.812200039625168,0.0,True,16,10,graph_amortized_device
NVIDIA H200,float16,16384,64,0,tuned/optimized,1,3.8612000644207,0.0,True,16,10,graph_amortized_device
NVIDIA H200,float16,16384,64,0,tuned/baseline,1,11.469800025224686,0.0,True,16,10,graph_amortized_device
NVIDIA H200,float16,16384,64,0,dao_plus_quant,1,22.315600514411926,,True,16,10,graph_amortized_device
NVIDIA H200,float16,16384,64,0,tuned/baseline,2,11.468400061130524,0.0,True,16,10,graph_amortized_device
NVIDIA H200,float16,16384,64,0,tuned/optimized,2,3.8594000041484833,0.0,True,16,10,graph_amortized_device
NVIDIA H200,float16,16384,64,0,tuned/warp,2,2.8186000883579254,0.0,True,16,10,graph_amortized_device
NVIDIA H200,float16,16384,64,0,tuned/fused_opt,2,11.491800099611282,,True,16,10,graph_amortized_device
NVIDIA H200,float16,16384,64,0,tuned/fused_warp,2,3.783399984240532,,True,16,10,graph_amortized_device
NVIDIA H200,float16,16384,64,0,dao,2,11.288200318813324,0.0,True,16,10,graph_amortized_device
NVIDIA H200,float16,16384,64,0,dao_plus_quant,2,22.34099954366684,,True,16,10,graph_amortized_device
NVIDIA H200,float16,16384,64,0,tuned/baseline,3,11.476600170135498,0.0,True,16,10,graph_amortized_device
NVIDIA H200,float16,16384,64,0,dao_plus_quant,3,22.313399612903595,,True,16,10,graph_amortized_device
NVIDIA H200,float16,16384,64,0,dao,3,11.282800137996674,0.0,True,16,10,graph_amortized_device
NVIDIA H200,float16,16384,64,0,tuned/fused_warp,3,3.7866000086069107,,True,16,10,graph_amortized_device
NVIDIA H200,float16,16384,64,0,tuned/fused_opt,3,11.490599811077118,,True,16,10,graph_amortized_device
NVIDIA H200,float16,16384,64,0,tuned/warp,3,2.8138000518083572,0.0,True,16,10,graph_amortized_device
NVIDIA H200,float16,16384,64,0,tuned/optimized,3,3.8623999804258347,0.0,True,16,10,graph_amortized_device
NVIDIA H200,float16,16384,64,0,tuned/warp,4,2.8154000639915466,0.0,True,16,10,graph_amortized_device
NVIDIA H200,float16,16384,64,0,tuned/fused_opt,4,11.489800363779068,,True,16,10,graph_amortized_device
NVIDIA H200,float16,16384,64,0,tuned/fused_warp,4,3.790999948978424,,True,16,10,graph_amortized_device
NVIDIA H200,float16,16384,64,0,dao,4,11.284200102090836,0.0,True,16,10,graph_amortized_device
NVIDIA H200,float16,16384,64,0,dao_plus_quant,4,22.318199276924133,,True,16,10,graph_amortized_device
NVIDIA H200,float16,16384,64,0,tuned/baseline,4,11.471399664878845,0.0,True,16,10,graph_amortized_device
NVIDIA H200,float16,16384,64,0,tuned/optimized,4,3.86199988424778,0.0,True,16,10,graph_amortized_device
NVIDIA H200,float16,16384,64,1,dao,0,11.319400370121002,0.0,True,16,10,graph_amortized_device
NVIDIA H200,float16,16384,64,1,dao_plus_quant,0,22.30760008096695,,True,16,10,graph_amortized_device
NVIDIA H200,float16,16384,64,1,tuned/baseline,0,11.517400294542313,0.0,True,16,10,graph_amortized_device
NVIDIA H200,float16,16384,64,1,tuned/optimized,0,3.8109999150037766,0.0,True,16,10,graph_amortized_device
NVIDIA H200,float16,16384,64,1,tuned/warp,0,2.843400090932846,0.0,True,16,10,graph_amortized_device
NVIDIA H200,float16,16384,64,1,tuned/fused_opt,0,11.474800109863281,,True,16,10,graph_amortized_device
NVIDIA H200,float16,16384,64,1,tuned/fused_warp,0,3.802400082349777,,True,16,10,graph_amortized_device
NVIDIA H200,float16,16384,64,1,dao,1,11.324799805879593,0.0,True,16,10,graph_amortized_device
NVIDIA H200,float16,16384,64,1,tuned/fused_warp,1,3.7838000804185867,,True,16,10,graph_amortized_device
NVIDIA H200,float16,16384,64,1,tuned/fused_opt,1,11.473800241947174,,True,16,10,graph_amortized_device
NVIDIA H200,float16,16384,64,1,tuned/warp,1,2.839599922299385,0.0,True,16,10,graph_amortized_device
NVIDIA H200,float16,16384,64,1,tuned/optimized,1,3.8419999182224274,0.0,True,16,10,graph_amortized_device
NVIDIA H200,float16,16384,64,1,tuned/baseline,1,11.502400040626526,0.0,True,16,10,graph_amortized_device
NVIDIA H200,float16,16384,64,1,dao_plus_quant,1,22.27119952440262,,True,16,10,graph_amortized_device
NVIDIA H200,float16,16384,64,1,tuned/baseline,2,11.503200232982635,0.0,True,16,10,graph_amortized_device
NVIDIA H200,float16,16384,64,1,tuned/optimized,2,3.810400143265724,0.0,True,16,10,graph_amortized_device
NVIDIA H200,float16,16384,64,1,tuned/warp,2,2.8356000781059265,0.0,True,16,10,graph_amortized_device
NVIDIA H200,float16,16384,64,1,tuned/fused_opt,2,11.47100031375885,,True,16,10,graph_amortized_device
NVIDIA H200,float16,16384,64,1,tuned/fused_warp,2,3.8043998181819916,,True,16,10,graph_amortized_device
NVIDIA H200,float16,16384,64,1,dao,2,11.31260022521019,0.0,True,16,10,graph_amortized_device
NVIDIA H200,float16,16384,64,1,dao_plus_quant,2,22.270600497722626,,True,16,10,graph_amortized_device
NVIDIA H200,float16,16384,64,1,tuned/baseline,3,11.500400304794312,0.0,True,16,10,graph_amortized_device
NVIDIA H200,float16,16384,64,1,dao_plus_quant,3,22.305600345134735,,True,16,10,graph_amortized_device
NVIDIA H200,float16,16384,64,1,dao,3,11.315400153398514,0.0,True,16,10,graph_amortized_device
NVIDIA H200,float16,16384,64,1,tuned/fused_warp,3,3.8068000227212906,,True,16,10,graph_amortized_device
NVIDIA H200,float16,16384,64,1,tuned/fused_opt,3,11.472199857234955,,True,16,10,graph_amortized_device
NVIDIA H200,float16,16384,64,1,tuned/warp,3,2.84000001847744,0.0,True,16,10,graph_amortized_device
NVIDIA H200,float16,16384,64,1,tuned/optimized,3,3.810400143265724,0.0,True,16,10,graph_amortized_device
NVIDIA H200,float16,16384,64,1,tuned/warp,4,2.8416000306606293,0.0,True,16,10,graph_amortized_device
NVIDIA H200,float16,16384,64,1,tuned/fused_opt,4,11.473999917507172,,True,16,10,graph_amortized_device
NVIDIA H200,float16,16384,64,1,tuned/fused_warp,4,3.7640001624822617,,True,16,10,graph_amortized_device
NVIDIA H200,float16,16384,64,1,dao,4,11.315599828958511,0.0,True,16,10,graph_amortized_device
NVIDIA H200,float16,16384,64,1,dao_plus_quant,4,22.304600477218628,,True,16,10,graph_amortized_device
NVIDIA H200,float16,16384,64,1,tuned/baseline,4,11.499200016260147,0.0,True,16,10,graph_amortized_device
NVIDIA H200,float16,16384,64,1,tuned/optimized,4,3.810799866914749,0.0,True,16,10,graph_amortized_device
NVIDIA H200,float16,131072,64,0,dao,0,80.57479858398438,0.0,True,16,10,graph_amortized_device
NVIDIA H200,float16,131072,64,0,dao_plus_quant,0,160.80420017242432,,True,16,10,graph_amortized_device
NVIDIA H200,float16,131072,64,0,tuned/baseline,0,80.7561993598938,0.0,True,16,10,graph_amortized_device
NVIDIA H200,float16,131072,64,0,tuned/optimized,0,21.435600519180298,0.0,True,16,10,graph_amortized_device
NVIDIA H200,float16,131072,64,0,tuned/warp,0,13.594399392604828,0.0,True,16,10,graph_amortized_device
NVIDIA H200,float16,131072,64,0,tuned/fused_opt,0,80.56020140647888,,True,16,10,graph_amortized_device
NVIDIA H200,float16,131072,64,0,tuned/fused_warp,0,18.679800629615784,,True,16,10,graph_amortized_device
NVIDIA H200,float16,131072,64,0,dao,1,80.56340217590332,0.0,True,16,10,graph_amortized_device
NVIDIA H200,float16,131072,64,0,tuned/fused_warp,1,18.709400296211243,,True,16,10,graph_amortized_device
NVIDIA H200,float16,131072,64,0,tuned/fused_opt,1,80.55559992790222,,True,16,10,graph_amortized_device
NVIDIA H200,float16,131072,64,0,tuned/warp,1,13.60280066728592,0.0,True,16,10,graph_amortized_device
NVIDIA H200,float16,131072,64,0,tuned/optimized,1,21.411800384521484,0.0,True,16,10,graph_amortized_device
NVIDIA H200,float16,131072,64,0,tuned/baseline,1,80.7483971118927,0.0,True,16,10,graph_amortized_device
NVIDIA H200,float16,131072,64,0,dao_plus_quant,1,160.76279878616333,,True,16,10,graph_amortized_device
NVIDIA H200,float16,131072,64,0,tuned/baseline,2,80.74600100517273,0.0,True,16,10,graph_amortized_device
NVIDIA H200,float16,131072,64,0,tuned/optimized,2,21.417999267578125,0.0,True,16,10,graph_amortized_device
NVIDIA H200,float16,131072,64,0,tuned/warp,2,13.590200245380402,0.0,True,16,10,graph_amortized_device
NVIDIA H200,float16,131072,64,0,tuned/fused_opt,2,80.55359721183777,,True,16,10,graph_amortized_device
NVIDIA H200,float16,131072,64,0,tuned/fused_warp,2,18.691399693489075,,True,16,10,graph_amortized_device
NVIDIA H200,float16,131072,64,0,dao,2,80.55800199508667,0.0,True,16,10,graph_amortized_device
NVIDIA H200,float16,131072,64,0,dao_plus_quant,2,160.76279878616333,,True,16,10,graph_amortized_device
NVIDIA H200,float16,131072,64,0,tuned/baseline,3,80.77020049095154,0.0,True,16,10,graph_amortized_device
NVIDIA H200,float16,131072,64,0,dao_plus_quant,3,160.74739694595337,,True,16,10,graph_amortized_device
NVIDIA H200,float16,131072,64,0,dao,3,80.57960271835327,0.0,True,16,10,graph_amortized_device
NVIDIA H200,float16,131072,64,0,tuned/fused_warp,3,18.7281996011734,,True,16,10,graph_amortized_device
NVIDIA H200,float16,131072,64,0,tuned/fused_opt,3,80.5616021156311,,True,16,10,graph_amortized_device
NVIDIA H200,float16,131072,64,0,tuned/warp,3,13.587400317192078,0.0,True,16,10,graph_amortized_device
NVIDIA H200,float16,131072,64,0,tuned/optimized,3,21.424199640750885,0.0,True,16,10,graph_amortized_device
NVIDIA H200,float16,131072,64,0,tuned/warp,4,13.598600029945374,0.0,True,16,10,graph_amortized_device
NVIDIA H200,float16,131072,64,0,tuned/fused_opt,4,80.56100010871887,,True,16,10,graph_amortized_device
NVIDIA H200,float16,131072,64,0,tuned/fused_warp,4,18.67920011281967,,True,16,10,graph_amortized_device
NVIDIA H200,float16,131072,64,0,dao,4,80.55940270423889,0.0,True,16,10,graph_amortized_device
NVIDIA H200,float16,131072,64,0,dao_plus_quant,4,160.76459884643555,,True,16,10,graph_amortized_device
NVIDIA H200,float16,131072,64,0,tuned/baseline,4,80.77800273895264,0.0,True,16,10,graph_amortized_device
NVIDIA H200,float16,131072,64,0,tuned/optimized,4,21.438999474048615,0.0,True,16,10,graph_amortized_device
NVIDIA H200,float16,131072,64,1,dao,0,80.57900071144104,0.0,True,16,10,graph_amortized_device
NVIDIA H200,float16,131072,64,1,dao_plus_quant,0,160.71900129318237,,True,16,10,graph_amortized_device
NVIDIA H200,float16,131072,64,1,tuned/baseline,0,80.76080083847046,0.0,True,16,10,graph_amortized_device
NVIDIA H200,float16,131072,64,1,tuned/optimized,0,21.410000324249268,0.0,True,16,10,graph_amortized_device
NVIDIA H200,float16,131072,64,1,tuned/warp,0,13.791599869728088,0.0,True,16,10,graph_amortized_device
NVIDIA H200,float16,131072,64,1,tuned/fused_opt,0,80.52359819412231,,True,16,10,graph_amortized_device
NVIDIA H200,float16,131072,64,1,tuned/fused_warp,0,18.902799487113953,,True,16,10,graph_amortized_device
NVIDIA H200,float16,131072,64,1,dao,1,80.57159781455994,0.0,True,16,10,graph_amortized_device
NVIDIA H200,float16,131072,64,1,tuned/fused_warp,1,18.854600191116333,,True,16,10,graph_amortized_device
NVIDIA H200,float16,131072,64,1,tuned/fused_opt,1,80.51660060882568,,True,16,10,graph_amortized_device
NVIDIA H200,float16,131072,64,1,tuned/warp,1,13.76979947090149,0.0,True,16,10,graph_amortized_device
NVIDIA H200,float16,131072,64,1,tuned/optimized,1,21.40759974718094,0.0,True,16,10,graph_amortized_device
NVIDIA H200,float16,131072,64,1,tuned/baseline,1,80.76159954071045,0.0,True,16,10,graph_amortized_device
NVIDIA H200,float16,131072,64,1,dao_plus_quant,1,160.699200630188,,True,16,10,graph_amortized_device
NVIDIA H200,float16,131072,64,1,tuned/baseline,2,80.75379729270935,0.0,True,16,10,graph_amortized_device
NVIDIA H200,float16,131072,64,1,tuned/optimized,2,21.40740007162094,0.0,True,16,10,graph_amortized_device
NVIDIA H200,float16,131072,64,1,tuned/warp,2,13.79539966583252,0.0,True,16,10,graph_amortized_device
NVIDIA H200,float16,131072,64,1,tuned/fused_opt,2,80.57339787483215,,True,16,10,graph_amortized_device
NVIDIA H200,float16,131072,64,1,tuned/fused_warp,2,18.940000236034393,,True,16,10,graph_amortized_device
NVIDIA H200,float16,131072,64,1,dao,2,80.56139945983887,0.0,True,16,10,graph_amortized_device
NVIDIA H200,float16,131072,64,1,dao_plus_quant,2,160.71020364761353,,True,16,10,graph_amortized_device
NVIDIA H200,float16,131072,64,1,tuned/baseline,3,80.74859976768494,0.0,True,16,10,graph_amortized_device
NVIDIA H200,float16,131072,64,1,dao_plus_quant,3,160.66499948501587,,True,16,10,graph_amortized_device
NVIDIA H200,float16,131072,64,1,dao,3,80.56780099868774,0.0,True,16,10,graph_amortized_device
NVIDIA H200,float16,131072,64,1,tuned/fused_warp,3,18.857799470424652,,True,16,10,graph_amortized_device
NVIDIA H200,float16,131072,64,1,tuned/fused_opt,3,80.58720231056213,,True,16,10,graph_amortized_device
NVIDIA H200,float16,131072,64,1,tuned/warp,3,13.742199540138245,0.0,True,16,10,graph_amortized_device
NVIDIA H200,float16,131072,64,1,tuned/optimized,3,21.412399411201477,0.0,True,16,10,graph_amortized_device
NVIDIA H200,float16,131072,64,1,tuned/warp,4,13.74959945678711,0.0,True,16,10,graph_amortized_device
NVIDIA H200,float16,131072,64,1,tuned/fused_opt,4,80.51220178604126,,True,16,10,graph_amortized_device
NVIDIA H200,float16,131072,64,1,tuned/fused_warp,4,18.856200575828552,,True,16,10,graph_amortized_device
NVIDIA H200,float16,131072,64,1,dao,4,80.55179715156555,0.0,True,16,10,graph_amortized_device
NVIDIA H200,float16,131072,64,1,dao_plus_quant,4,160.725998878479,,True,16,10,graph_amortized_device
NVIDIA H200,float16,131072,64,1,tuned/baseline,4,80.75720071792603,0.0,True,16,10,graph_amortized_device
NVIDIA H200,float16,131072,64,1,tuned/optimized,4,21.435600519180298,0.0,True,16,10,graph_amortized_device
NVIDIA H200,float16,1,128,0,dao,0,1.5610000118613243,0.0,True,16,10,graph_amortized_device
NVIDIA H200,float16,1,128,0,dao_plus_quant,0,2.6965999975800514,,True,16,10,graph_amortized_device
NVIDIA H200,float16,1,128,0,tuned/baseline,0,1.4732000418007374,0.0,True,16,10,graph_amortized_device
NVIDIA H200,float16,1,128,0,tuned/optimized,0,1.5077999792993069,0.0,True,16,10,graph_amortized_device
NVIDIA H200,float16,1,128,0,tuned/warp,0,1.381400041282177,0.0,True,16,10,graph_amortized_device
NVIDIA H200,float16,1,128,0,tuned/fused_opt,0,1.6990000382065773,,True,16,10,graph_amortized_device
NVIDIA H200,float16,1,128,0,tuned/fused_warp,0,1.580199971795082,,True,16,10,graph_amortized_device
NVIDIA H200,float16,1,128,0,dao,1,1.5615999698638916,0.0,True,16,10,graph_amortized_device
NVIDIA H200,float16,1,128,0,tuned/fused_warp,1,1.5861999243497849,,True,16,10,graph_amortized_device
NVIDIA H200,float16,1,128,0,tuned/fused_opt,1,1.7004000023007393,,True,16,10,graph_amortized_device
NVIDIA H200,float16,1,128,0,tuned/warp,1,1.3795999810099602,0.0,True,16,10,graph_amortized_device
NVIDIA H200,float16,1,128,0,tuned/optimized,1,1.5077999792993069,0.0,True,16,10,graph_amortized_device
NVIDIA H200,float16,1,128,0,tuned/baseline,1,1.47299999371171,0.0,True,16,10,graph_amortized_device
NVIDIA H200,float16,1,128,0,dao_plus_quant,1,2.6952000334858894,,True,16,10,graph_amortized_device
NVIDIA H200,float16,1,128,0,tuned/baseline,2,1.4737999998033047,0.0,True,16,10,graph_amortized_device
NVIDIA H200,float16,1,128,0,tuned/optimized,2,1.5097999945282936,0.0,True,16,10,graph_amortized_device
NVIDIA H200,float16,1,128,0,tuned/warp,2,1.3848000206053257,0.0,True,16,10,graph_amortized_device
NVIDIA H200,float16,1,128,0,tuned/fused_opt,2,1.6995999962091446,,True,16,10,graph_amortized_device
NVIDIA H200,float16,1,128,0,tuned/fused_warp,2,1.582000032067299,,True,16,10,graph_amortized_device
NVIDIA H200,float16,1,128,0,dao,2,1.560799963772297,0.0,True,16,10,graph_amortized_device
NVIDIA H200,float16,1,128,0,dao_plus_quant,2,2.6941999793052673,,True,16,10,graph_amortized_device
NVIDIA H200,float16,1,128,0,tuned/baseline,3,1.495600026100874,0.0,True,16,10,graph_amortized_device
NVIDIA H200,float16,1,128,0,dao_plus_quant,3,2.6955999433994293,,True,16,10,graph_amortized_device
NVIDIA H200,float16,1,128,0,dao,3,1.5610000118613243,0.0,True,16,10,graph_amortized_device
NVIDIA H200,float16,1,128,0,tuned/fused_warp,3,1.582000032067299,,True,16,10,graph_amortized_device
NVIDIA H200,float16,1,128,0,tuned/fused_opt,3,1.699800044298172,,True,16,10,graph_amortized_device
NVIDIA H200,float16,1,128,0,tuned/warp,3,1.3811999931931496,0.0,True,16,10,graph_amortized_device
NVIDIA H200,float16,1,128,0,tuned/optimized,3,1.5106000006198883,0.0,True,16,10,graph_amortized_device
NVIDIA H200,float16,1,128,0,tuned/warp,4,1.3819999992847443,0.0,True,16,10,graph_amortized_device
NVIDIA H200,float16,1,128,0,tuned/fused_opt,4,1.699800044298172,,True,16,10,graph_amortized_device
NVIDIA H200,float16,1,128,0,tuned/fused_warp,4,1.5836000442504883,,True,16,10,graph_amortized_device
NVIDIA H200,float16,1,128,0,dao,4,1.5602000057697296,0.0,True,16,10,graph_amortized_device
NVIDIA H200,float16,1,128,0,dao_plus_quant,4,2.6962000876665115,,True,16,10,graph_amortized_device
NVIDIA H200,float16,1,128,0,tuned/baseline,4,1.4915999956429005,0.0,True,16,10,graph_amortized_device
NVIDIA H200,float16,1,128,0,tuned/optimized,4,1.5081999823451042,0.0,True,16,10,graph_amortized_device
NVIDIA H200,float16,1,128,1,dao,0,1.5464000403881073,0.0,True,16,10,graph_amortized_device
NVIDIA H200,float16,1,128,1,dao_plus_quant,0,2.6413999497890472,,True,16,10,graph_amortized_device
NVIDIA H200,float16,1,128,1,tuned/baseline,0,1.4613999985158443,0.0,True,16,10,graph_amortized_device
NVIDIA H200,float16,1,128,1,tuned/optimized,0,1.5146000310778618,0.0,True,16,10,graph_amortized_device
NVIDIA H200,float16,1,128,1,tuned/warp,0,1.3725999742746353,0.0,True,16,10,graph_amortized_device
NVIDIA H200,float16,1,128,1,tuned/fused_opt,0,1.6953999176621437,,True,16,10,graph_amortized_device
NVIDIA H200,float16,1,128,1,tuned/fused_warp,0,1.5745999291539192,,True,16,10,graph_amortized_device
NVIDIA H200,float16,1,128,1,dao,1,1.5445999801158905,0.0,True,16,10,graph_amortized_device
NVIDIA H200,float16,1,128,1,tuned/fused_warp,1,1.5729999169707298,,True,16,10,graph_amortized_device
NVIDIA H200,float16,1,128,1,tuned/fused_opt,1,1.6933999955654144,,True,16,10,graph_amortized_device
NVIDIA H200,float16,1,128,1,tuned/warp,1,1.3712000101804733,0.0,True,16,10,graph_amortized_device
NVIDIA H200,float16,1,128,1,tuned/optimized,1,1.495799981057644,0.0,True,16,10,graph_amortized_device
NVIDIA H200,float16,1,128,1,tuned/baseline,1,1.4444000087678432,0.0,True,16,10,graph_amortized_device
NVIDIA H200,float16,1,128,1,dao_plus_quant,1,2.64079999178648,,True,16,10,graph_amortized_device
NVIDIA H200,float16,1,128,1,tuned/baseline,2,1.459799986332655,0.0,True,16,10,graph_amortized_device
NVIDIA H200,float16,1,128,1,tuned/optimized,2,1.5143999829888344,0.0,True,16,10,graph_amortized_device
NVIDIA H200,float16,1,128,1,tuned/warp,2,1.37320002540946,0.0,True,16,10,graph_amortized_device
NVIDIA H200,float16,1,128,1,tuned/fused_opt,2,1.6938000917434692,,True,16,10,graph_amortized_device
NVIDIA H200,float16,1,128,1,tuned/fused_warp,2,1.577799953520298,,True,16,10,graph_amortized_device
NVIDIA H200,float16,1,128,1,dao,2,1.54619999229908,0.0,True,16,10,graph_amortized_device
NVIDIA H200,float16,1,128,1,dao_plus_quant,2,2.641800045967102,,True,16,10,graph_amortized_device
NVIDIA H200,float16,1,128,1,tuned/baseline,3,1.4576000161468983,0.0,True,16,10,graph_amortized_device
NVIDIA H200,float16,1,128,1,dao_plus_quant,3,2.606399916112423,,True,16,10,graph_amortized_device
NVIDIA H200,float16,1,128,1,dao,3,1.5479999594390392,0.0,True,16,10,graph_amortized_device
NVIDIA H200,float16,1,128,1,tuned/fused_warp,3,1.5745999291539192,,True,16,10,graph_amortized_device
NVIDIA H200,float16,1,128,1,tuned/fused_opt,3,1.6942000016570091,,True,16,10,graph_amortized_device
NVIDIA H200,float16,1,128,1,tuned/warp,3,1.3701999559998512,0.0,True,16,10,graph_amortized_device
NVIDIA H200,float16,1,128,1,tuned/optimized,3,1.5162000432610512,0.0,True,16,10,graph_amortized_device
NVIDIA H200,float16,1,128,1,tuned/warp,4,1.3700000010430813,0.0,True,16,10,graph_amortized_device
NVIDIA H200,float16,1,128,1,tuned/fused_opt,4,1.693199947476387,,True,16,10,graph_amortized_device
NVIDIA H200,float16,1,128,1,tuned/fused_warp,4,1.5747999772429466,,True,16,10,graph_amortized_device
NVIDIA H200,float16,1,128,1,dao,4,1.5465999953448772,0.0,True,16,10,graph_amortized_device
NVIDIA H200,float16,1,128,1,dao_plus_quant,4,2.6071999222040176,,True,16,10,graph_amortized_device
NVIDIA H200,float16,1,128,1,tuned/baseline,4,1.442600041627884,0.0,True,16,10,graph_amortized_device
NVIDIA H200,float16,1,128,1,tuned/optimized,4,1.5168000012636185,0.0,True,16,10,graph_amortized_device
NVIDIA H200,float16,128,128,0,dao,0,1.6502000391483307,0.0,True,16,10,graph_amortized_device
NVIDIA H200,float16,128,128,0,dao_plus_quant,0,3.192000091075897,,True,16,10,graph_amortized_device
NVIDIA H200,float16,128,128,0,tuned/baseline,0,1.7066000029444695,0.0,True,16,10,graph_amortized_device
NVIDIA H200,float16,128,128,0,tuned/optimized,0,1.634800061583519,0.0,True,16,10,graph_amortized_device
NVIDIA H200,float16,128,128,0,tuned/warp,0,1.487599965184927,0.0,True,16,10,graph_amortized_device
NVIDIA H200,float16,128,128,0,tuned/fused_opt,0,1.9401999190449715,,True,16,10,graph_amortized_device
NVIDIA H200,float16,128,128,0,tuned/fused_warp,0,1.740800030529499,,True,16,10,graph_amortized_device
NVIDIA H200,float16,128,128,0,dao,1,1.6683999449014664,0.0,True,16,10,graph_amortized_device
NVIDIA H200,float16,128,128,0,tuned/fused_warp,1,1.7387999221682549,,True,16,10,graph_amortized_device
NVIDIA H200,float16,128,128,0,tuned/fused_opt,1,1.9416000694036484,,True,16,10,graph_amortized_device
NVIDIA H200,float16,128,128,0,tuned/warp,1,1.4870000071823597,0.0,True,16,10,graph_amortized_device
NVIDIA H200,float16,128,128,0,tuned/optimized,1,1.6354000195860863,0.0,True,16,10,graph_amortized_device
NVIDIA H200,float16,128,128,0,tuned/baseline,1,1.7055999487638474,0.0,True,16,10,graph_amortized_device
NVIDIA H200,float16,128,128,0,dao_plus_quant,1,3.193200007081032,,True,16,10,graph_amortized_device
NVIDIA H200,float16,128,128,0,tuned/baseline,2,1.7052000388503075,0.0,True,16,10,graph_amortized_device
NVIDIA H200,float16,128,128,0,tuned/optimized,2,1.6354000195860863,0.0,True,16,10,graph_amortized_device
NVIDIA H200,float16,128,128,0,tuned/warp,2,1.4870000071823597,0.0,True,16,10,graph_amortized_device
NVIDIA H200,float16,128,128,0,tuned/fused_opt,2,1.9409999251365662,,True,16,10,graph_amortized_device
NVIDIA H200,float16,128,128,0,tuned/fused_warp,2,1.7403999343514442,,True,16,10,graph_amortized_device
NVIDIA H200,float16,128,128,0,dao,2,1.6672000288963318,0.0,True,16,10,graph_amortized_device
NVIDIA H200,float16,128,128,0,dao_plus_quant,2,3.1925998628139496,,True,16,10,graph_amortized_device
NVIDIA H200,float16,128,128,0,tuned/baseline,3,1.7085999250411987,0.0,True,16,10,graph_amortized_device
NVIDIA H200,float16,128,128,0,dao_plus_quant,3,3.1925998628139496,,True,16,10,graph_amortized_device
NVIDIA H200,float16,128,128,0,dao,3,1.6680000349879265,0.0,True,16,10,graph_amortized_device
NVIDIA H200,float16,128,128,0,tuned/fused_warp,3,1.7405999824404716,,True,16,10,graph_amortized_device
NVIDIA H200,float16,128,128,0,tuned/fused_opt,3,1.9392000511288643,,True,16,10,graph_amortized_device
NVIDIA H200,float16,128,128,0,tuned/warp,3,1.487599965184927,0.0,True,16,10,graph_amortized_device
NVIDIA H200,float16,128,128,0,tuned/optimized,3,1.6343999654054642,0.0,True,16,10,graph_amortized_device
NVIDIA H200,float16,128,128,0,tuned/warp,4,1.486000046133995,0.0,True,16,10,graph_amortized_device
NVIDIA H200,float16,128,128,0,tuned/fused_opt,4,1.940000057220459,,True,16,10,graph_amortized_device
NVIDIA H200,float16,128,128,0,tuned/fused_warp,4,1.7400000244379044,,True,16,10,graph_amortized_device
NVIDIA H200,float16,128,128,0,dao,4,1.6685999929904938,0.0,True,16,10,graph_amortized_device
NVIDIA H200,float16,128,128,0,dao_plus_quant,4,3.19180004298687,,True,16,10,graph_amortized_device
NVIDIA H200,float16,128,128,0,tuned/baseline,4,1.7069999128580093,0.0,True,16,10,graph_amortized_device
NVIDIA H200,float16,128,128,0,tuned/optimized,4,1.6327999532222748,0.0,True,16,10,graph_amortized_device
NVIDIA H200,float16,128,128,1,dao,0,1.6953999176621437,0.0,True,16,10,graph_amortized_device
NVIDIA H200,float16,128,128,1,dao_plus_quant,0,3.1826000660657883,,True,16,10,graph_amortized_device
NVIDIA H200,float16,128,128,1,tuned/baseline,0,1.7007999122142792,0.0,True,16,10,graph_amortized_device
NVIDIA H200,float16,128,128,1,tuned/optimized,0,1.6232000663876534,0.0,True,16,10,graph_amortized_device
NVIDIA H200,float16,128,128,1,tuned/warp,0,1.5106000006198883,0.0,True,16,10,graph_amortized_device
NVIDIA H200,float16,128,128,1,tuned/fused_opt,0,1.926800049841404,,True,16,10,graph_amortized_device
NVIDIA H200,float16,128,128,1,tuned/fused_warp,0,1.7626000568270683,,True,16,10,graph_amortized_device
NVIDIA H200,float16,128,128,1,dao,1,1.6958000138401985,0.0,True,16,10,graph_amortized_device
NVIDIA H200,float16,128,128,1,tuned/fused_warp,1,1.7612000927329063,,True,16,10,graph_amortized_device
NVIDIA H200,float16,128,128,1,tuned/fused_opt,1,1.9260000437498093,,True,16,10,graph_amortized_device
NVIDIA H200,float16,128,128,1,tuned/warp,1,1.5097999945282936,0.0,True,16,10,graph_amortized_device
NVIDIA H200,float16,128,128,1,tuned/optimized,1,1.6232000663876534,0.0,True,16,10,graph_amortized_device
NVIDIA H200,float16,128,128,1,tuned/baseline,1,1.7007999122142792,0.0,True,16,10,graph_amortized_device
NVIDIA H200,float16,128,128,1,dao_plus_quant,1,3.183399885892868,,True,16,10,graph_amortized_device
NVIDIA H200,float16,128,128,1,tuned/baseline,2,1.7184000462293625,0.0,True,16,10,graph_amortized_device
NVIDIA H200,float16,128,128,1,tuned/optimized,2,1.6235999763011932,0.0,True,16,10,graph_amortized_device
NVIDIA H200,float16,128,128,1,tuned/warp,2,1.508999988436699,0.0,True,16,10,graph_amortized_device
NVIDIA H200,float16,128,128,1,tuned/fused_opt,2,1.9266000017523766,,True,16,10,graph_amortized_device
NVIDIA H200,float16,128,128,1,tuned/fused_warp,2,1.761000044643879,,True,16,10,graph_amortized_device
NVIDIA H200,float16,128,128,1,dao,2,1.6944000497460365,0.0,True,16,10,graph_amortized_device
NVIDIA H200,float16,128,128,1,dao_plus_quant,2,3.1831998378038406,,True,16,10,graph_amortized_device
NVIDIA H200,float16,128,128,1,tuned/baseline,3,1.7149999737739563,0.0,True,16,10,graph_amortized_device
NVIDIA H200,float16,128,128,1,dao_plus_quant,3,3.2175999134778976,,True,16,10,graph_amortized_device
NVIDIA H200,float16,128,128,1,dao,3,1.6933999955654144,0.0,True,16,10,graph_amortized_device
NVIDIA H200,float16,128,128,1,tuned/fused_warp,3,1.7616000026464462,,True,16,10,graph_amortized_device
NVIDIA H200,float16,128,128,1,tuned/fused_opt,3,1.9262000918388367,,True,16,10,graph_amortized_device
NVIDIA H200,float16,128,128,1,tuned/warp,3,1.5107999555766582,0.0,True,16,10,graph_amortized_device
NVIDIA H200,float16,128,128,1,tuned/optimized,3,1.6200000420212746,0.0,True,16,10,graph_amortized_device
NVIDIA H200,float16,128,128,1,tuned/warp,4,1.5092000365257263,0.0,True,16,10,graph_amortized_device
NVIDIA H200,float16,128,128,1,tuned/fused_opt,4,1.9284000620245934,,True,16,10,graph_amortized_device
NVIDIA H200,float16,128,128,1,tuned/fused_warp,4,1.7627999186515808,,True,16,10,graph_amortized_device
NVIDIA H200,float16,128,128,1,dao,4,1.6759999096393585,0.0,True,16,10,graph_amortized_device
NVIDIA H200,float16,128,128,1,dao_plus_quant,4,3.184400126338005,,True,16,10,graph_amortized_device
NVIDIA H200,float16,128,128,1,tuned/baseline,4,1.715799979865551,0.0,True,16,10,graph_amortized_device
NVIDIA H200,float16,128,128,1,tuned/optimized,4,1.6259999945759773,0.0,True,16,10,graph_amortized_device
NVIDIA H200,float16,16384,128,0,dao,0,11.359599977731705,0.0,True,16,10,graph_amortized_device
NVIDIA H200,float16,16384,128,0,dao_plus_quant,0,22.470200061798096,,True,16,10,graph_amortized_device
NVIDIA H200,float16,16384,128,0,tuned/baseline,0,13.259199261665344,0.0,True,16,10,graph_amortized_device
NVIDIA H200,float16,16384,128,0,tuned/optimized,0,6.516800075769424,0.0,True,16,10,graph_amortized_device
NVIDIA H200,float16,16384,128,0,tuned/warp,0,3.9177998900413513,0.0,True,16,10,graph_amortized_device
NVIDIA H200,float16,16384,128,0,tuned/fused_opt,0,11.901800334453583,,True,16,10,graph_amortized_device
NVIDIA H200,float16,16384,128,0,tuned/fused_warp,0,4.768199846148491,,True,16,10,graph_amortized_device
NVIDIA H200,float16,16384,128,0,dao,1,11.36080026626587,0.0,True,16,10,graph_amortized_device
NVIDIA H200,float16,16384,128,0,tuned/fused_warp,1,4.75820004940033,,True,16,10,graph_amortized_device
NVIDIA H200,float16,16384,128,0,tuned/fused_opt,1,11.903399974107742,,True,16,10,graph_amortized_device
NVIDIA H200,float16,16384,128,0,tuned/warp,1,3.9014000445604324,0.0,True,16,10,graph_amortized_device
NVIDIA H200,float16,16384,128,0,tuned/optimized,1,6.510200351476669,0.0,True,16,10,graph_amortized_device
NVIDIA H200,float16,16384,128,0,tuned/baseline,1,13.252200186252594,0.0,True,16,10,graph_amortized_device
NVIDIA H200,float16,16384,128,0,dao_plus_quant,1,22.440600395202637,,True,16,10,graph_amortized_device
NVIDIA H200,float16,16384,128,0,tuned/baseline,2,13.264399766921997,0.0,True,16,10,graph_amortized_device
NVIDIA H200,float16,16384,128,0,tuned/optimized,2,6.519199907779694,0.0,True,16,10,graph_amortized_device
NVIDIA H200,float16,16384,128,0,tuned/warp,2,3.9032001048326492,0.0,True,16,10,graph_amortized_device
NVIDIA H200,float16,16384,128,0,tuned/fused_opt,2,11.901000142097473,,True,16,10,graph_amortized_device
NVIDIA H200,float16,16384,128,0,tuned/fused_warp,2,4.761800169944763,,True,16,10,graph_amortized_device
NVIDIA H200,float16,16384,128,0,dao,2,11.360599845647812,0.0,True,16,10,graph_amortized_device
NVIDIA H200,float16,16384,128,0,dao_plus_quant,2,22.45820015668869,,True,16,10,graph_amortized_device
NVIDIA H200,float16,16384,128,0,tuned/baseline,3,13.255800306797028,0.0,True,16,10,graph_amortized_device
NVIDIA H200,float16,16384,128,0,dao_plus_quant,3,22.45679944753647,,True,16,10,graph_amortized_device
NVIDIA H200,float16,16384,128,0,dao,3,11.410199850797653,0.0,True,16,10,graph_amortized_device
NVIDIA H200,float16,16384,128,0,tuned/fused_warp,3,4.758999869227409,,True,16,10,graph_amortized_device
NVIDIA H200,float16,16384,128,0,tuned/fused_opt,3,11.901800334453583,,True,16,10,graph_amortized_device
NVIDIA H200,float16,16384,128,0,tuned/warp,3,3.9654001593589783,0.0,True,16,10,graph_amortized_device
NVIDIA H200,float16,16384,128,0,tuned/optimized,3,6.513399630784988,0.0,True,16,10,graph_amortized_device
NVIDIA H200,float16,16384,128,0,tuned/warp,4,3.9113998413085938,0.0,True,16,10,graph_amortized_device
NVIDIA H200,float16,16384,128,0,tuned/fused_opt,4,11.898999661207199,,True,16,10,graph_amortized_device
NVIDIA H200,float16,16384,128,0,tuned/fused_warp,4,4.760599881410599,,True,16,10,graph_amortized_device
NVIDIA H200,float16,16384,128,0,dao,4,11.376400291919708,0.0,True,16,10,graph_amortized_device
NVIDIA H200,float16,16384,128,0,dao_plus_quant,4,22.45520055294037,,True,16,10,graph_amortized_device
NVIDIA H200,float16,16384,128,0,tuned/baseline,4,13.252200186252594,0.0,True,16,10,graph_amortized_device
NVIDIA H200,float16,16384,128,0,tuned/optimized,4,6.506200134754181,0.0,True,16,10,graph_amortized_device
NVIDIA H200,float16,16384,128,1,dao,0,11.353199928998947,0.0,True,16,10,graph_amortized_device
NVIDIA H200,float16,16384,128,1,dao_plus_quant,0,22.44880050420761,,True,16,10,graph_amortized_device
NVIDIA H200,float16,16384,128,1,tuned/baseline,0,13.292799890041351,0.0,True,16,10,graph_amortized_device
NVIDIA H200,float16,16384,128,1,tuned/optimized,0,6.480199843645096,0.0,True,16,10,graph_amortized_device
NVIDIA H200,float16,16384,128,1,tuned/warp,0,3.9448000490665436,0.0,True,16,10,graph_amortized_device
NVIDIA H200,float16,16384,128,1,tuned/fused_opt,0,11.90439984202385,,True,16,10,graph_amortized_device
NVIDIA H200,float16,16384,128,1,tuned/fused_warp,0,4.832400009036064,,True,16,10,graph_amortized_device
NVIDIA H200,float16,16384,128,1,dao,1,11.353600025177002,0.0,True,16,10,graph_amortized_device
NVIDIA H200,float16,16384,128,1,tuned/fused_warp,1,4.836399853229523,,True,16,10,graph_amortized_device
NVIDIA H200,float16,16384,128,1,tuned/fused_opt,1,11.903399974107742,,True,16,10,graph_amortized_device
NVIDIA H200,float16,16384,128,1,tuned/warp,1,3.9351999759674072,0.0,True,16,10,graph_amortized_device
NVIDIA H200,float16,16384,128,1,tuned/optimized,1,6.4796000719070435,0.0,True,16,10,graph_amortized_device
NVIDIA H200,float16,16384,128,1,tuned/baseline,1,13.288600742816925,0.0,True,16,10,graph_amortized_device
NVIDIA H200,float16,16384,128,1,dao_plus_quant,1,22.4371999502182,,True,16,10,graph_amortized_device
NVIDIA H200,float16,16384,128,1,tuned/baseline,2,13.290199637413025,0.0,True,16,10,graph_amortized_device
NVIDIA H200,float16,16384,128,1,tuned/optimized,2,6.480000168085098,0.0,True,16,10,graph_amortized_device
NVIDIA H200,float16,16384,128,1,tuned/warp,2,3.9438001811504364,0.0,True,16,10,graph_amortized_device
NVIDIA H200,float16,16384,128,1,tuned/fused_opt,2,11.90280020236969,,True,16,10,graph_amortized_device
NVIDIA H200,float16,16384,128,1,tuned/fused_warp,2,4.8315998166799545,,True,16,10,graph_amortized_device
NVIDIA H200,float16,16384,128,1,dao,2,11.35300025343895,0.0,True,16,10,graph_amortized_device
NVIDIA H200,float16,16384,128,1,dao_plus_quant,2,22.44980037212372,,True,16,10,graph_amortized_device
NVIDIA H200,float16,16384,128,1,tuned/baseline,3,13.281600177288055,0.0,True,16,10,graph_amortized_device
NVIDIA H200,float16,16384,128,1,dao_plus_quant,3,22.44579941034317,,True,16,10,graph_amortized_device
NVIDIA H200,float16,16384,128,1,dao,3,11.392199993133545,0.0,True,16,10,graph_amortized_device
NVIDIA H200,float16,16384,128,1,tuned/fused_warp,3,4.84279990196228,,True,16,10,graph_amortized_device
NVIDIA H200,float16,16384,128,1,tuned/fused_opt,3,11.907000094652176,,True,16,10,graph_amortized_device
NVIDIA H200,float16,16384,128,1,tuned/warp,3,3.955399990081787,0.0,True,16,10,graph_amortized_device
NVIDIA H200,float16,16384,128,1,tuned/optimized,3,6.480199843645096,0.0,True,16,10,graph_amortized_device
NVIDIA H200,float16,16384,128,1,tuned/warp,4,3.9149999618530273,0.0,True,16,10,graph_amortized_device
NVIDIA H200,float16,16384,128,1,tuned/fused_opt,4,11.90439984202385,,True,16,10,graph_amortized_device
NVIDIA H200,float16,16384,128,1,tuned/fused_warp,4,4.831799864768982,,True,16,10,graph_amortized_device
NVIDIA H200,float16,16384,128,1,dao,4,11.350800096988678,0.0,True,16,10,graph_amortized_device
NVIDIA H200,float16,16384,128,1,dao_plus_quant,4,22.448599338531494,,True,16,10,graph_amortized_device
NVIDIA H200,float16,16384,128,1,tuned/baseline,4,13.295799493789673,0.0,True,16,10,graph_amortized_device
NVIDIA H200,float16,16384,128,1,tuned/optimized,4,6.486999988555908,0.0,True,16,10,graph_amortized_device
NVIDIA H200,float16,131072,128,0,dao,0,80.64839839935303,0.0,True,16,10,graph_amortized_device
NVIDIA H200,float16,131072,128,0,dao_plus_quant,0,160.9753966331482,,True,16,10,graph_amortized_device
NVIDIA H200,float16,131072,128,0,tuned/baseline,0,96.9726026058197,0.0,True,16,10,graph_amortized_device
NVIDIA H200,float16,131072,128,0,tuned/optimized,0,41.773998737335205,0.0,True,16,10,graph_amortized_device
NVIDIA H200,float16,131072,128,0,tuned/warp,0,22.33539968729019,0.0,True,16,10,graph_amortized_device
NVIDIA H200,float16,131072,128,0,tuned/fused_opt,0,81.10340237617493,,True,16,10,graph_amortized_device
NVIDIA H200,float16,131072,128,0,tuned/fused_warp,0,27.292200922966003,,True,16,10,graph_amortized_device
NVIDIA H200,float16,131072,128,0,dao,1,80.65059781074524,0.0,True,16,10,graph_amortized_device
NVIDIA H200,float16,131072,128,0,tuned/fused_warp,1,27.311798930168152,,True,16,10,graph_amortized_device
NVIDIA H200,float16,131072,128,0,tuned/fused_opt,1,81.12559914588928,,True,16,10,graph_amortized_device
NVIDIA H200,float16,131072,128,0,tuned/warp,1,22.352199256420135,0.0,True,16,10,graph_amortized_device
NVIDIA H200,float16,131072,128,0,tuned/optimized,1,41.760000586509705,0.0,True,16,10,graph_amortized_device
NVIDIA H200,float16,131072,128,0,tuned/baseline,1,96.9547986984253,0.0,True,16,10,graph_amortized_device
NVIDIA H200,float16,131072,128,0,dao_plus_quant,1,160.9637975692749,,True,16,10,graph_amortized_device
NVIDIA H200,float16,131072,128,0,tuned/baseline,2,96.86779975891113,0.0,True,16,10,graph_amortized_device
NVIDIA H200,float16,131072,128,0,tuned/optimized,2,41.77640080451965,0.0,True,16,10,graph_amortized_device
NVIDIA H200,float16,131072,128,0,tuned/warp,2,22.35099971294403,0.0,True,16,10,graph_amortized_device
NVIDIA H200,float16,131072,128,0,tuned/fused_opt,2,81.0994029045105,,True,16,10,graph_amortized_device
NVIDIA H200,float16,131072,128,0,tuned/fused_warp,2,27.270600199699402,,True,16,10,graph_amortized_device
NVIDIA H200,float16,131072,128,0,dao,2,80.64540028572083,0.0,True,16,10,graph_amortized_device
NVIDIA H200,float16,131072,128,0,dao_plus_quant,2,160.94720363616943,,True,16,10,graph_amortized_device
NVIDIA H200,float16,131072,128,0,tuned/baseline,3,96.98119759559631,0.0,True,16,10,graph_amortized_device
NVIDIA H200,float16,131072,128,0,dao_plus_quant,3,160.91879606246948,,True,16,10,graph_amortized_device
NVIDIA H200,float16,131072,128,0,dao,3,80.6331992149353,0.0,True,16,10,graph_amortized_device
NVIDIA H200,float16,131072,128,0,tuned/fused_warp,3,27.225399017333984,,True,16,10,graph_amortized_device
NVIDIA H200,float16,131072,128,0,tuned/fused_opt,3,81.05599880218506,,True,16,10,graph_amortized_device
NVIDIA H200,float16,131072,128,0,tuned/warp,3,22.340799868106842,0.0,True,16,10,graph_amortized_device
NVIDIA H200,float16,131072,128,0,tuned/optimized,3,41.78439974784851,0.0,True,16,10,graph_amortized_device
NVIDIA H200,float16,131072,128,0,tuned/warp,4,22.3361998796463,0.0,True,16,10,graph_amortized_device
NVIDIA H200,float16,131072,128,0,tuned/fused_opt,4,81.10139966011047,,True,16,10,graph_amortized_device
NVIDIA H200,float16,131072,128,0,tuned/fused_warp,4,27.211400866508484,,True,16,10,graph_amortized_device
NVIDIA H200,float16,131072,128,0,dao,4,80.63740134239197,0.0,True,16,10,graph_amortized_device
NVIDIA H200,float16,131072,128,0,dao_plus_quant,4,160.9570026397705,,True,16,10,graph_amortized_device
NVIDIA H200,float16,131072,128,0,tuned/baseline,4,96.9785988330841,0.0,True,16,10,graph_amortized_device
NVIDIA H200,float16,131072,128,0,tuned/optimized,4,41.79059863090515,0.0,True,16,10,graph_amortized_device
NVIDIA H200,float16,131072,128,1,dao,0,80.6447982788086,0.0,True,16,10,graph_amortized_device
NVIDIA H200,float16,131072,128,1,dao_plus_quant,0,160.93039512634277,,True,16,10,graph_amortized_device
NVIDIA H200,float16,131072,128,1,tuned/baseline,0,96.9327986240387,0.0,True,16,10,graph_amortized_device
NVIDIA H200,float16,131072,128,1,tuned/optimized,0,41.73420071601868,0.0,True,16,10,graph_amortized_device
NVIDIA H200,float16,131072,128,1,tuned/warp,0,22.383399307727814,0.0,True,16,10,graph_amortized_device
NVIDIA H200,float16,131072,128,1,tuned/fused_opt,0,81.13539814949036,,True,16,10,graph_amortized_device
NVIDIA H200,float16,131072,128,1,tuned/fused_warp,0,27.878600358963013,,True,16,10,graph_amortized_device
NVIDIA H200,float16,131072,128,1,dao,1,80.61860203742981,0.0,True,16,10,graph_amortized_device
NVIDIA H200,float16,131072,128,1,tuned/fused_warp,1,27.904999256134033,,True,16,10,graph_amortized_device
NVIDIA H200,float16,131072,128,1,tuned/fused_opt,1,81.14240169525146,,True,16,10,graph_amortized_device
NVIDIA H200,float16,131072,128,1,tuned/warp,1,22.372199594974518,0.0,True,16,10,graph_amortized_device
NVIDIA H200,float16,131072,128,1,tuned/optimized,1,41.788798570632935,0.0,True,16,10,graph_amortized_device
NVIDIA H200,float16,131072,128,1,tuned/baseline,1,96.80399894714355,0.0,True,16,10,graph_amortized_device
NVIDIA H200,float16,131072,128,1,dao_plus_quant,1,160.95720529556274,,True,16,10,graph_amortized_device
NVIDIA H200,float16,131072,128,1,tuned/baseline,2,96.80960178375244,0.0,True,16,10,graph_amortized_device
NVIDIA H200,float16,131072,128,1,tuned/optimized,2,41.76360070705414,0.0,True,16,10,graph_amortized_device
NVIDIA H200,float16,131072,128,1,tuned/warp,2,22.38219976425171,0.0,True,16,10,graph_amortized_device
NVIDIA H200,float16,131072,128,1,tuned/fused_opt,2,81.12620115280151,,True,16,10,graph_amortized_device
NVIDIA H200,float16,131072,128,1,tuned/fused_warp,2,27.874401211738586,,True,16,10,graph_amortized_device
NVIDIA H200,float16,131072,128,1,dao,2,80.62080144882202,0.0,True,16,10,graph_amortized_device
NVIDIA H200,float16,131072,128,1,dao_plus_quant,2,160.97359657287598,,True,16,10,graph_amortized_device
NVIDIA H200,float16,131072,128,1,tuned/baseline,3,96.92680239677429,0.0,True,16,10,graph_amortized_device
NVIDIA H200,float16,131072,128,1,dao_plus_quant,3,160.9652042388916,,True,16,10,graph_amortized_device
NVIDIA H200,float16,131072,128,1,dao,3,80.63420057296753,0.0,True,16,10,graph_amortized_device
NVIDIA H200,float16,131072,128,1,tuned/fused_warp,3,27.887600660324097,,True,16,10,graph_amortized_device
NVIDIA H200,float16,131072,128,1,tuned/fused_opt,3,81.13880157470703,,True,16,10,graph_amortized_device
NVIDIA H200,float16,131072,128,1,tuned/warp,3,22.374999523162842,0.0,True,16,10,graph_amortized_device
NVIDIA H200,float16,131072,128,1,tuned/optimized,3,41.749000549316406,0.0,True,16,10,graph_amortized_device
NVIDIA H200,float16,131072,128,1,tuned/warp,4,22.3798006772995,0.0,True,16,10,graph_amortized_device
NVIDIA H200,float16,131072,128,1,tuned/fused_opt,4,81.12419843673706,,True,16,10,graph_amortized_device
NVIDIA H200,float16,131072,128,1,tuned/fused_warp,4,27.882200479507446,,True,16,10,graph_amortized_device
NVIDIA H200,float16,131072,128,1,dao,4,80.62580227851868,0.0,True,16,10,graph_amortized_device
NVIDIA H200,float16,131072,128,1,dao_plus_quant,4,160.94059944152832,,True,16,10,graph_amortized_device
NVIDIA H200,float16,131072,128,1,tuned/baseline,4,96.90619707107544,0.0,True,16,10,graph_amortized_device
NVIDIA H200,float16,131072,128,1,tuned/optimized,4,41.81320071220398,0.0,True,16,10,graph_amortized_device
NVIDIA H200,float16,1,256,0,dao,0,1.5623999759554863,0.0,True,16,10,graph_amortized_device
NVIDIA H200,float16,1,256,0,dao_plus_quant,0,2.7017999440431595,,True,16,10,graph_amortized_device
NVIDIA H200,float16,1,256,0,tuned/baseline,0,1.5468000434339046,0.0,True,16,10,graph_amortized_device
NVIDIA H200,float16,1,256,0,tuned/optimized,0,1.5506000258028507,0.0,True,16,10,graph_amortized_device
NVIDIA H200,float16,1,256,0,tuned/warp,0,1.42000000923872,0.0,True,16,10,graph_amortized_device
NVIDIA H200,float16,1,256,0,tuned/fused_opt,0,1.7354000359773636,,True,16,10,graph_amortized_device
NVIDIA H200,float16,1,256,0,tuned/fused_warp,0,1.6132000833749771,,True,16,10,graph_amortized_device
NVIDIA H200,float16,1,256,0,dao,1,1.5650000423192978,0.0,True,16,10,graph_amortized_device
NVIDIA H200,float16,1,256,0,tuned/fused_warp,1,1.614999957382679,,True,16,10,graph_amortized_device
NVIDIA H200,float16,1,256,0,tuned/fused_opt,1,1.7359999939799309,,True,16,10,graph_amortized_device
NVIDIA H200,float16,1,256,0,tuned/warp,1,1.4216000214219093,0.0,True,16,10,graph_amortized_device
NVIDIA H200,float16,1,256,0,tuned/optimized,1,1.5490000136196613,0.0,True,16,10,graph_amortized_device
NVIDIA H200,float16,1,256,0,tuned/baseline,1,1.54600003734231,0.0,True,16,10,graph_amortized_device
NVIDIA H200,float16,1,256,0,dao_plus_quant,1,2.705799974501133,,True,16,10,graph_amortized_device
NVIDIA H200,float16,1,256,0,tuned/baseline,2,1.54619999229908,0.0,True,16,10,graph_amortized_device
NVIDIA H200,float16,1,256,0,tuned/optimized,2,1.551199983805418,0.0,True,16,10,graph_amortized_device
NVIDIA H200,float16,1,256,0,tuned/warp,2,1.4228000305593014,0.0,True,16,10,graph_amortized_device
NVIDIA H200,float16,1,256,0,tuned/fused_opt,2,1.7324000597000122,,True,16,10,graph_amortized_device
NVIDIA H200,float16,1,256,0,tuned/fused_warp,2,1.614999957382679,,True,16,10,graph_amortized_device
NVIDIA H200,float16,1,256,0,dao,2,1.5629999339580536,0.0,True,16,10,graph_amortized_device
NVIDIA H200,float16,1,256,0,dao_plus_quant,2,2.7022000402212143,,True,16,10,graph_amortized_device
NVIDIA H200,float16,1,256,0,tuned/baseline,3,1.5468000434339046,0.0,True,16,10,graph_amortized_device
NVIDIA H200,float16,1,256,0,dao_plus_quant,3,2.7031999081373215,,True,16,10,graph_amortized_device
NVIDIA H200,float16,1,256,0,dao,3,1.5629999339580536,0.0,True,16,10,graph_amortized_device
NVIDIA H200,float16,1,256,0,tuned/fused_warp,3,1.614600047469139,,True,16,10,graph_amortized_device
NVIDIA H200,float16,1,256,0,tuned/fused_opt,3,1.7338000237941742,,True,16,10,graph_amortized_device
NVIDIA H200,float16,1,256,0,tuned/warp,3,1.4196000061929226,0.0,True,16,10,graph_amortized_device
NVIDIA H200,float16,1,256,0,tuned/optimized,3,1.5515999868512154,0.0,True,16,10,graph_amortized_device
NVIDIA H200,float16,1,256,0,tuned/warp,4,1.4220000244677067,0.0,True,16,10,graph_amortized_device
NVIDIA H200,float16,1,256,0,tuned/fused_opt,4,1.7348000779747963,,True,16,10,graph_amortized_device
NVIDIA H200,float16,1,256,0,tuned/fused_warp,4,1.6141999512910843,,True,16,10,graph_amortized_device
NVIDIA H200,float16,1,256,0,dao,4,1.5653999522328377,0.0,True,16,10,graph_amortized_device
NVIDIA H200,float16,1,256,0,dao_plus_quant,4,2.7052000164985657,,True,16,10,graph_amortized_device
NVIDIA H200,float16,1,256,0,tuned/baseline,4,1.5468000434339046,0.0,True,16,10,graph_amortized_device
NVIDIA H200,float16,1,256,0,tuned/optimized,4,1.5495999716222286,0.0,True,16,10,graph_amortized_device
NVIDIA H200,float16,1,256,1,dao,0,1.5968000516295433,0.0,True,16,10,graph_amortized_device
NVIDIA H200,float16,1,256,1,dao_plus_quant,0,2.7049999684095383,,True,16,10,graph_amortized_device
NVIDIA H200,float16,1,256,1,tuned/baseline,0,1.60559993237257,0.0,True,16,10,graph_amortized_device
NVIDIA H200,float16,1,256,1,tuned/optimized,0,1.5313999727368355,0.0,True,16,10,graph_amortized_device
NVIDIA H200,float16,1,256,1,tuned/warp,0,1.390399970114231,0.0,True,16,10,graph_amortized_device
NVIDIA H200,float16,1,256,1,tuned/fused_opt,0,1.7033999785780907,,True,16,10,graph_amortized_device
NVIDIA H200,float16,1,256,1,tuned/fused_warp,0,1.7297999933362007,,True,16,10,graph_amortized_device
NVIDIA H200,float16,1,256,1,dao,1,1.5914000570774078,0.0,True,16,10,graph_amortized_device
NVIDIA H200,float16,1,256,1,tuned/fused_warp,1,1.728999987244606,,True,16,10,graph_amortized_device
NVIDIA H200,float16,1,256,1,tuned/fused_opt,1,1.7082000151276588,,True,16,10,graph_amortized_device
NVIDIA H200,float16,1,256,1,tuned/warp,1,1.3918000273406506,0.0,True,16,10,graph_amortized_device
NVIDIA H200,float16,1,256,1,tuned/optimized,1,1.5158000402152538,0.0,True,16,10,graph_amortized_device
NVIDIA H200,float16,1,256,1,tuned/baseline,1,1.6063999384641647,0.0,True,16,10,graph_amortized_device
NVIDIA H200,float16,1,256,1,dao_plus_quant,1,2.7022000402212143,,True,16,10,graph_amortized_device
NVIDIA H200,float16,1,256,1,tuned/baseline,2,1.6090000048279762,0.0,True,16,10,graph_amortized_device
NVIDIA H200,float16,1,256,1,tuned/optimized,2,1.5305999666452408,0.0,True,16,10,graph_amortized_device
NVIDIA H200,float16,1,256,1,tuned/warp,2,1.394800003618002,0.0,True,16,10,graph_amortized_device
NVIDIA H200,float16,1,256,1,tuned/fused_opt,2,1.7028000205755234,,True,16,10,graph_amortized_device
NVIDIA H200,float16,1,256,1,tuned/fused_warp,2,1.7284000292420387,,True,16,10,graph_amortized_device
NVIDIA H200,float16,1,256,1,dao,2,1.5946000814437866,0.0,True,16,10,graph_amortized_device
NVIDIA H200,float16,1,256,1,dao_plus_quant,2,2.704799920320511,,True,16,10,graph_amortized_device
NVIDIA H200,float16,1,256,1,tuned/baseline,3,1.6063999384641647,0.0,True,16,10,graph_amortized_device
NVIDIA H200,float16,1,256,1,dao_plus_quant,3,2.7046000584959984,,True,16,10,graph_amortized_device
NVIDIA H200,float16,1,256,1,dao,3,1.5946000814437866,0.0,True,16,10,graph_amortized_device
NVIDIA H200,float16,1,256,1,tuned/fused_warp,3,1.7295999452471733,,True,16,10,graph_amortized_device
NVIDIA H200,float16,1,256,1,tuned/fused_opt,3,1.702599972486496,,True,16,10,graph_amortized_device
NVIDIA H200,float16,1,256,1,tuned/warp,3,1.3956000097095966,0.0,True,16,10,graph_amortized_device
NVIDIA H200,float16,1,256,1,tuned/optimized,3,1.5289999544620514,0.0,True,16,10,graph_amortized_device
NVIDIA H200,float16,1,256,1,tuned/warp,4,1.3906000182032585,0.0,True,16,10,graph_amortized_device
NVIDIA H200,float16,1,256,1,tuned/fused_opt,4,1.703600026667118,,True,16,10,graph_amortized_device
NVIDIA H200,float16,1,256,1,tuned/fused_warp,4,1.7292000353336334,,True,16,10,graph_amortized_device
NVIDIA H200,float16,1,256,1,dao,4,1.5944000333547592,0.0,True,16,10,graph_amortized_device
NVIDIA H200,float16,1,256,1,dao_plus_quant,4,2.702599950134754,,True,16,10,graph_amortized_device
NVIDIA H200,float16,1,256,1,tuned/baseline,4,1.6079999506473541,0.0,True,16,10,graph_amortized_device
NVIDIA H200,float16,1,256,1,tuned/optimized,4,1.5321999788284302,0.0,True,16,10,graph_amortized_device
NVIDIA H200,float16,128,256,0,dao,0,1.7480000853538513,0.0,True,16,10,graph_amortized_device
NVIDIA H200,float16,128,256,0,dao_plus_quant,0,3.3055998384952545,,True,16,10,graph_amortized_device
NVIDIA H200,float16,128,256,0,tuned/baseline,0,1.8050000071525574,0.0,True,16,10,graph_amortized_device
NVIDIA H200,float16,128,256,0,tuned/optimized,0,1.7354000359773636,0.0,True,16,10,graph_amortized_device
NVIDIA H200,float16,128,256,0,tuned/warp,0,1.5761999413371086,0.0,True,16,10,graph_amortized_device
NVIDIA H200,float16,128,256,0,tuned/fused_opt,0,2.0231999456882477,,True,16,10,graph_amortized_device
NVIDIA H200,float16,128,256,0,tuned/fused_warp,0,1.8278000876307487,,True,16,10,graph_amortized_device
NVIDIA H200,float16,128,256,0,dao,1,1.7480000853538513,0.0,True,16,10,graph_amortized_device
NVIDIA H200,float16,128,256,0,tuned/fused_warp,1,1.8330000340938568,,True,16,10,graph_amortized_device
NVIDIA H200,float16,128,256,0,tuned/fused_opt,1,2.02380008995533,,True,16,10,graph_amortized_device
NVIDIA H200,float16,128,256,0,tuned/warp,1,1.5602000057697296,0.0,True,16,10,graph_amortized_device
NVIDIA H200,float16,128,256,0,tuned/optimized,1,1.737000048160553,0.0,True,16,10,graph_amortized_device
NVIDIA H200,float16,128,256,0,tuned/baseline,1,1.803399994969368,0.0,True,16,10,graph_amortized_device
NVIDIA H200,float16,128,256,0,dao_plus_quant,1,3.305400162935257,,True,16,10,graph_amortized_device
NVIDIA H200,float16,128,256,0,tuned/baseline,2,1.8007999286055565,0.0,True,16,10,graph_amortized_device
NVIDIA H200,float16,128,256,0,tuned/optimized,2,1.7354000359773636,0.0,True,16,10,graph_amortized_device
NVIDIA H200,float16,128,256,0,tuned/warp,2,1.5758000314235687,0.0,True,16,10,graph_amortized_device
NVIDIA H200,float16,128,256,0,tuned/fused_opt,2,2.0239999517798424,,True,16,10,graph_amortized_device
NVIDIA H200,float16,128,256,0,tuned/fused_warp,2,1.8279999494552612,,True,16,10,graph_amortized_device
NVIDIA H200,float16,128,256,0,dao,2,1.7480000853538513,0.0,True,16,10,graph_amortized_device
NVIDIA H200,float16,128,256,0,dao_plus_quant,2,3.3055998384952545,,True,16,10,graph_amortized_device
NVIDIA H200,float16,128,256,0,tuned/baseline,3,1.8028000369668007,0.0,True,16,10,graph_amortized_device
NVIDIA H200,float16,128,256,0,dao_plus_quant,3,3.3032000064849854,,True,16,10,graph_amortized_device
NVIDIA H200,float16,128,256,0,dao,3,1.7481999471783638,0.0,True,16,10,graph_amortized_device
NVIDIA H200,float16,128,256,0,tuned/fused_warp,3,1.8308000639081001,,True,16,10,graph_amortized_device
NVIDIA H200,float16,128,256,0,tuned/fused_opt,3,2.02419999986887,,True,16,10,graph_amortized_device
NVIDIA H200,float16,128,256,0,tuned/warp,3,1.560799963772297,0.0,True,16,10,graph_amortized_device
NVIDIA H200,float16,128,256,0,tuned/optimized,3,1.7371999099850655,0.0,True,16,10,graph_amortized_device
NVIDIA H200,float16,128,256,0,tuned/warp,4,1.5768000856041908,0.0,True,16,10,graph_amortized_device
NVIDIA H200,float16,128,256,0,tuned/fused_opt,4,2.02380008995533,,True,16,10,graph_amortized_device
NVIDIA H200,float16,128,256,0,tuned/fused_warp,4,1.829800009727478,,True,16,10,graph_amortized_device
NVIDIA H200,float16,128,256,0,dao,4,1.7495999112725258,0.0,True,16,10,graph_amortized_device
NVIDIA H200,float16,128,256,0,dao_plus_quant,4,3.3034000545740128,,True,16,10,graph_amortized_device
NVIDIA H200,float16,128,256,0,tuned/baseline,4,1.8055999651551247,0.0,True,16,10,graph_amortized_device
NVIDIA H200,float16,128,256,0,tuned/optimized,4,1.7351999878883362,0.0,True,16,10,graph_amortized_device
NVIDIA H200,float16,128,256,1,dao,0,1.7559999600052834,0.0,True,16,10,graph_amortized_device
NVIDIA H200,float16,128,256,1,dao_plus_quant,0,3.308200091123581,,True,16,10,graph_amortized_device
NVIDIA H200,float16,128,256,1,tuned/baseline,0,1.7702000215649605,0.0,True,16,10,graph_amortized_device
NVIDIA H200,float16,128,256,1,tuned/optimized,0,1.711999997496605,0.0,True,16,10,graph_amortized_device
NVIDIA H200,float16,128,256,1,tuned/warp,0,1.6170000657439232,0.0,True,16,10,graph_amortized_device
NVIDIA H200,float16,128,256,1,tuned/fused_opt,0,1.987599954009056,,True,16,10,graph_amortized_device
NVIDIA H200,float16,128,256,1,tuned/fused_warp,0,1.8459999933838844,,True,16,10,graph_amortized_device
NVIDIA H200,float16,128,256,1,dao,1,1.7551999539136887,0.0,True,16,10,graph_amortized_device
NVIDIA H200,float16,128,256,1,tuned/fused_warp,1,1.848600059747696,,True,16,10,graph_amortized_device
NVIDIA H200,float16,128,256,1,tuned/fused_opt,1,1.9878000020980835,,True,16,10,graph_amortized_device
NVIDIA H200,float16,128,256,1,tuned/warp,1,1.594799943268299,0.0,True,16,10,graph_amortized_device
NVIDIA H200,float16,128,256,1,tuned/optimized,1,1.7117999494075775,0.0,True,16,10,graph_amortized_device
NVIDIA H200,float16,128,256,1,tuned/baseline,1,1.755400002002716,0.0,True,16,10,graph_amortized_device
NVIDIA H200,float16,128,256,1,dao_plus_quant,1,3.3061999827623367,,True,16,10,graph_amortized_device
NVIDIA H200,float16,128,256,1,tuned/baseline,2,1.7545999959111214,0.0,True,16,10,graph_amortized_device
NVIDIA H200,float16,128,256,1,tuned/optimized,2,1.714400015771389,0.0,True,16,10,graph_amortized_device
NVIDIA H200,float16,128,256,1,tuned/warp,2,1.6157999634742737,0.0,True,16,10,graph_amortized_device
NVIDIA H200,float16,128,256,1,tuned/fused_opt,2,1.9874000921845436,,True,16,10,graph_amortized_device
NVIDIA H200,float16,128,256,1,tuned/fused_warp,2,1.8454000353813171,,True,16,10,graph_amortized_device
NVIDIA H200,float16,128,256,1,dao,2,1.7542000859975815,0.0,True,16,10,graph_amortized_device
NVIDIA H200,float16,128,256,1,dao_plus_quant,2,3.309600055217743,,True,16,10,graph_amortized_device
NVIDIA H200,float16,128,256,1,tuned/baseline,3,1.7712000757455826,0.0,True,16,10,graph_amortized_device
NVIDIA H200,float16,128,256,1,dao_plus_quant,3,3.305799886584282,,True,16,10,graph_amortized_device
NVIDIA H200,float16,128,256,1,dao,3,1.755400002002716,0.0,True,16,10,graph_amortized_device
NVIDIA H200,float16,128,256,1,tuned/fused_warp,3,1.8459999933838844,,True,16,10,graph_amortized_device
NVIDIA H200,float16,128,256,1,tuned/fused_opt,3,1.9874000921845436,,True,16,10,graph_amortized_device
NVIDIA H200,float16,128,256,1,tuned/warp,3,1.6133999451994896,0.0,True,16,10,graph_amortized_device
NVIDIA H200,float16,128,256,1,tuned/optimized,3,1.709200069308281,0.0,True,16,10,graph_amortized_device
NVIDIA H200,float16,128,256,1,tuned/warp,4,1.6138000413775444,0.0,True,16,10,graph_amortized_device
NVIDIA H200,float16,128,256,1,tuned/fused_opt,4,1.9881999120116234,,True,16,10,graph_amortized_device
NVIDIA H200,float16,128,256,1,tuned/fused_warp,4,1.828400045633316,,True,16,10,graph_amortized_device
NVIDIA H200,float16,128,256,1,dao,4,1.7551999539136887,0.0,True,16,10,graph_amortized_device
NVIDIA H200,float16,128,256,1,dao_plus_quant,4,3.308200091123581,,True,16,10,graph_amortized_device
NVIDIA H200,float16,128,256,1,tuned/baseline,4,1.7872000113129616,0.0,True,16,10,graph_amortized_device
NVIDIA H200,float16,128,256,1,tuned/optimized,4,1.7117999494075775,0.0,True,16,10,graph_amortized_device
NVIDIA H200,float16,16384,256,0,dao,0,11.489000171422958,0.0,True,16,10,graph_amortized_device
NVIDIA H200,float16,16384,256,0,dao_plus_quant,0,22.55920022726059,,True,16,10,graph_amortized_device
NVIDIA H200,float16,16384,256,0,tuned/baseline,0,25.286000967025757,0.0,True,16,10,graph_amortized_device
NVIDIA H200,float16,16384,256,0,tuned/optimized,0,11.524999886751175,0.0,True,16,10,graph_amortized_device
NVIDIA H200,float16,16384,256,0,tuned/warp,0,5.0092000514268875,0.0,True,16,10,graph_amortized_device
NVIDIA H200,float16,16384,256,0,tuned/fused_opt,0,12.61499971151352,,True,16,10,graph_amortized_device
NVIDIA H200,float16,16384,256,0,tuned/fused_warp,0,6.810999661684036,,True,16,10,graph_amortized_device
NVIDIA H200,float16,16384,256,0,dao,1,11.500400304794312,0.0,True,16,10,graph_amortized_device
NVIDIA H200,float16,16384,256,0,tuned/fused_warp,1,6.812400370836258,,True,16,10,graph_amortized_device
NVIDIA H200,float16,16384,256,0,tuned/fused_opt,1,12.609200179576874,,True,16,10,graph_amortized_device
NVIDIA H200,float16,16384,256,0,tuned/warp,1,4.991599917411804,0.0,True,16,10,graph_amortized_device
NVIDIA H200,float16,16384,256,0,tuned/optimized,1,11.557000130414963,0.0,True,16,10,graph_amortized_device
NVIDIA H200,float16,16384,256,0,tuned/baseline,1,25.264400243759155,0.0,True,16,10,graph_amortized_device
NVIDIA H200,float16,16384,256,0,dao_plus_quant,1,22.617000341415405,,True,16,10,graph_amortized_device
NVIDIA H200,float16,16384,256,0,tuned/baseline,2,25.280600786209106,0.0,True,16,10,graph_amortized_device
NVIDIA H200,float16,16384,256,0,tuned/optimized,2,11.523400247097015,0.0,True,16,10,graph_amortized_device
NVIDIA H200,float16,16384,256,0,tuned/warp,2,4.992400109767914,0.0,True,16,10,graph_amortized_device
NVIDIA H200,float16,16384,256,0,tuned/fused_opt,2,12.613999843597412,,True,16,10,graph_amortized_device
NVIDIA H200,float16,16384,256,0,tuned/fused_warp,2,6.808599829673767,,True,16,10,graph_amortized_device
NVIDIA H200,float16,16384,256,0,dao,2,11.483199894428253,0.0,True,16,10,graph_amortized_device
NVIDIA H200,float16,16384,256,0,dao_plus_quant,2,22.585999965667725,,True,16,10,graph_amortized_device
NVIDIA H200,float16,16384,256,0,tuned/baseline,3,25.270000100135803,0.0,True,16,10,graph_amortized_device
NVIDIA H200,float16,16384,256,0,dao_plus_quant,3,22.610600292682648,,True,16,10,graph_amortized_device
NVIDIA H200,float16,16384,256,0,dao,3,11.48340031504631,0.0,True,16,10,graph_amortized_device
NVIDIA H200,float16,16384,256,0,tuned/fused_warp,3,6.810799986124039,,True,16,10,graph_amortized_device
NVIDIA H200,float16,16384,256,0,tuned/fused_opt,3,12.628400325775146,,True,16,10,graph_amortized_device
NVIDIA H200,float16,16384,256,0,tuned/warp,3,5.048799887299538,0.0,True,16,10,graph_amortized_device
NVIDIA H200,float16,16384,256,0,tuned/optimized,3,11.573000252246857,0.0,True,16,10,graph_amortized_device
NVIDIA H200,float16,16384,256,0,tuned/warp,4,4.990600049495697,0.0,True,16,10,graph_amortized_device
NVIDIA H200,float16,16384,256,0,tuned/fused_opt,4,12.590999901294708,,True,16,10,graph_amortized_device
NVIDIA H200,float16,16384,256,0,tuned/fused_warp,4,6.809599697589874,,True,16,10,graph_amortized_device
NVIDIA H200,float16,16384,256,0,dao,4,11.508200317621231,0.0,True,16,10,graph_amortized_device
NVIDIA H200,float16,16384,256,0,dao_plus_quant,4,22.5490003824234,,True,16,10,graph_amortized_device
NVIDIA H200,float16,16384,256,0,tuned/baseline,4,25.270599126815796,0.0,True,16,10,graph_amortized_device
NVIDIA H200,float16,16384,256,0,tuned/optimized,4,11.526799947023392,0.0,True,16,10,graph_amortized_device
NVIDIA H200,float16,16384,256,1,dao,0,11.473000049591064,0.0,True,16,10,graph_amortized_device
NVIDIA H200,float16,16384,256,1,dao_plus_quant,0,22.609399259090424,,True,16,10,graph_amortized_device
NVIDIA H200,float16,16384,256,1,tuned/baseline,0,25.360199809074402,0.0,True,16,10,graph_amortized_device
NVIDIA H200,float16,16384,256,1,tuned/optimized,0,11.532600224018097,0.0,True,16,10,graph_amortized_device
NVIDIA H200,float16,16384,256,1,tuned/warp,0,5.028999969363213,0.0,True,16,10,graph_amortized_device
NVIDIA H200,float16,16384,256,1,tuned/fused_opt,0,12.689399719238281,,True,16,10,graph_amortized_device
NVIDIA H200,float16,16384,256,1,tuned/fused_warp,0,7.01180025935173,,True,16,10,graph_amortized_device
NVIDIA H200,float16,16384,256,1,dao,1,11.484000086784363,0.0,True,16,10,graph_amortized_device
NVIDIA H200,float16,16384,256,1,tuned/fused_warp,1,6.9923996925354,,True,16,10,graph_amortized_device
NVIDIA H200,float16,16384,256,1,tuned/fused_opt,1,12.639200687408447,,True,16,10,graph_amortized_device
NVIDIA H200,float16,16384,256,1,tuned/warp,1,5.030199885368347,0.0,True,16,10,graph_amortized_device
NVIDIA H200,float16,16384,256,1,tuned/optimized,1,11.535000056028366,0.0,True,16,10,graph_amortized_device
NVIDIA H200,float16,16384,256,1,tuned/baseline,1,25.33380091190338,0.0,True,16,10,graph_amortized_device
NVIDIA H200,float16,16384,256,1,dao_plus_quant,1,22.58799970149994,,True,16,10,graph_amortized_device
NVIDIA H200,float16,16384,256,1,tuned/baseline,2,25.329801440238953,0.0,True,16,10,graph_amortized_device
NVIDIA H200,float16,16384,256,1,tuned/optimized,2,11.524400115013123,0.0,True,16,10,graph_amortized_device
NVIDIA H200,float16,16384,256,1,tuned/warp,2,5.069399997591972,0.0,True,16,10,graph_amortized_device
NVIDIA H200,float16,16384,256,1,tuned/fused_opt,2,12.636399269104004,,True,16,10,graph_amortized_device
NVIDIA H200,float16,16384,256,1,tuned/fused_warp,2,7.012200355529785,,True,16,10,graph_amortized_device
NVIDIA H200,float16,16384,256,1,dao,2,11.499600112438202,0.0,True,16,10,graph_amortized_device
NVIDIA H200,float16,16384,256,1,dao_plus_quant,2,22.558000683784485,,True,16,10,graph_amortized_device
NVIDIA H200,float16,16384,256,1,tuned/baseline,3,25.340399146080017,0.0,True,16,10,graph_amortized_device
NVIDIA H200,float16,16384,256,1,dao_plus_quant,3,22.60880023241043,,True,16,10,graph_amortized_device
NVIDIA H200,float16,16384,256,1,dao,3,11.501999944448471,0.0,True,16,10,graph_amortized_device
NVIDIA H200,float16,16384,256,1,tuned/fused_warp,3,7.006199657917023,,True,16,10,graph_amortized_device
NVIDIA H200,float16,16384,256,1,tuned/fused_opt,3,12.693999707698822,,True,16,10,graph_amortized_device
NVIDIA H200,float16,16384,256,1,tuned/warp,3,5.043800175189972,0.0,True,16,10,graph_amortized_device
NVIDIA H200,float16,16384,256,1,tuned/optimized,3,11.542999744415283,0.0,True,16,10,graph_amortized_device
NVIDIA H200,float16,16384,256,1,tuned/warp,4,5.096400156617165,0.0,True,16,10,graph_amortized_device
NVIDIA H200,float16,16384,256,1,tuned/fused_opt,4,12.681600451469421,,True,16,10,graph_amortized_device
NVIDIA H200,float16,16384,256,1,tuned/fused_warp,4,7.012400031089783,,True,16,10,graph_amortized_device
NVIDIA H200,float16,16384,256,1,dao,4,11.467400193214417,0.0,True,16,10,graph_amortized_device
NVIDIA H200,float16,16384,256,1,dao_plus_quant,4,22.594399750232697,,True,16,10,graph_amortized_device
NVIDIA H200,float16,16384,256,1,tuned/baseline,4,25.353199243545532,0.0,True,16,10,graph_amortized_device
NVIDIA H200,float16,16384,256,1,tuned/optimized,4,11.523599922657013,0.0,True,16,10,graph_amortized_device
NVIDIA H200,float16,131072,256,0,dao,0,80.71560263633728,0.0,True,16,10,graph_amortized_device
NVIDIA H200,float16,131072,256,0,dao_plus_quant,0,161.71640157699585,,True,16,10,graph_amortized_device
NVIDIA H200,float16,131072,256,0,tuned/baseline,0,194.58060264587402,0.0,True,16,10,graph_amortized_device
NVIDIA H200,float16,131072,256,0,tuned/optimized,0,81.74300193786621,0.0,True,16,10,graph_amortized_device
NVIDIA H200,float16,131072,256,0,tuned/warp,0,35.9362006187439,0.0,True,16,10,graph_amortized_device
NVIDIA H200,float16,131072,256,0,tuned/fused_opt,0,94.47699785232544,,True,16,10,graph_amortized_device
NVIDIA H200,float16,131072,256,0,tuned/fused_warp,0,46.01840078830719,,True,16,10,graph_amortized_device
NVIDIA H200,float16,131072,256,0,dao,1,80.71860074996948,0.0,True,16,10,graph_amortized_device
NVIDIA H200,float16,131072,256,0,tuned/fused_warp,1,46.289798617362976,,True,16,10,graph_amortized_device
NVIDIA H200,float16,131072,256,0,tuned/fused_opt,1,94.47159767150879,,True,16,10,graph_amortized_device
NVIDIA H200,float16,131072,256,0,tuned/warp,1,35.91359853744507,0.0,True,16,10,graph_amortized_device
NVIDIA H200,float16,131072,256,0,tuned/optimized,1,81.84120059013367,0.0,True,16,10,graph_amortized_device
NVIDIA H200,float16,131072,256,0,tuned/baseline,1,194.4316029548645,0.0,True,16,10,graph_amortized_device
NVIDIA H200,float16,131072,256,0,dao_plus_quant,1,162.03839778900146,,True,16,10,graph_amortized_device
NVIDIA H200,float16,131072,256,0,tuned/baseline,2,194.75640058517456,0.0,True,16,10,graph_amortized_device
NVIDIA H200,float16,131072,256,0,tuned/optimized,2,81.81920051574707,0.0,True,16,10,graph_amortized_device
NVIDIA H200,float16,131072,256,0,tuned/warp,2,35.96459925174713,0.0,True,16,10,graph_amortized_device
NVIDIA H200,float16,131072,256,0,tuned/fused_opt,2,94.55119967460632,,True,16,10,graph_amortized_device
NVIDIA H200,float16,131072,256,0,tuned/fused_warp,2,46.052199602127075,,True,16,10,graph_amortized_device
NVIDIA H200,float16,131072,256,0,dao,2,80.77960014343262,0.0,True,16,10,graph_amortized_device
NVIDIA H200,float16,131072,256,0,dao_plus_quant,2,161.88000440597534,,True,16,10,graph_amortized_device
NVIDIA H200,float16,131072,256,0,tuned/baseline,3,194.44479942321777,0.0,True,16,10,graph_amortized_device
NVIDIA H200,float16,131072,256,0,dao_plus_quant,3,162.00579404830933,,True,16,10,graph_amortized_device
NVIDIA H200,float16,131072,256,0,dao,3,80.85539937019348,0.0,True,16,10,graph_amortized_device
NVIDIA H200,float16,131072,256,0,tuned/fused_warp,3,46.02999985218048,,True,16,10,graph_amortized_device
NVIDIA H200,float16,131072,256,0,tuned/fused_opt,3,94.4923996925354,,True,16,10,graph_amortized_device
NVIDIA H200,float16,131072,256,0,tuned/warp,3,35.95139980316162,0.0,True,16,10,graph_amortized_device
NVIDIA H200,float16,131072,256,0,tuned/optimized,3,81.85340166091919,0.0,True,16,10,graph_amortized_device
NVIDIA H200,float16,131072,256,0,tuned/warp,4,35.95939874649048,0.0,True,16,10,graph_amortized_device
NVIDIA H200,float16,131072,256,0,tuned/fused_opt,4,94.51259970664978,,True,16,10,graph_amortized_device
NVIDIA H200,float16,131072,256,0,tuned/fused_warp,4,46.08460068702698,,True,16,10,graph_amortized_device
NVIDIA H200,float16,131072,256,0,dao,4,80.79280257225037,0.0,True,16,10,graph_amortized_device
NVIDIA H200,float16,131072,256,0,dao_plus_quant,4,162.29759454727173,,True,16,10,graph_amortized_device
NVIDIA H200,float16,131072,256,0,tuned/baseline,4,194.48659420013428,0.0,True,16,10,graph_amortized_device
NVIDIA H200,float16,131072,256,0,tuned/optimized,4,81.91080093383789,0.0,True,16,10,graph_amortized_device
NVIDIA H200,float16,131072,256,1,dao,0,80.75019717216492,0.0,True,16,10,graph_amortized_device
NVIDIA H200,float16,131072,256,1,dao_plus_quant,0,161.6871953010559,,True,16,10,graph_amortized_device
NVIDIA H200,float16,131072,256,1,tuned/baseline,0,194.6843981742859,0.0,True,16,10,graph_amortized_device
NVIDIA H200,float16,131072,256,1,tuned/optimized,0,81.71319961547852,0.0,True,16,10,graph_amortized_device
NVIDIA H200,float16,131072,256,1,tuned/warp,0,36.45080029964447,0.0,True,16,10,graph_amortized_device
NVIDIA H200,float16,131072,256,1,tuned/fused_opt,0,94.78240013122559,,True,16,10,graph_amortized_device
NVIDIA H200,float16,131072,256,1,tuned/fused_warp,0,47.81779944896698,,True,16,10,graph_amortized_device
NVIDIA H200,float16,131072,256,1,dao,1,80.69559931755066,0.0,True,16,10,graph_amortized_device
NVIDIA H200,float16,131072,256,1,tuned/fused_warp,1,47.82080054283142,,True,16,10,graph_amortized_device
NVIDIA H200,float16,131072,256,1,tuned/fused_opt,1,94.78200078010559,,True,16,10,graph_amortized_device
NVIDIA H200,float16,131072,256,1,tuned/warp,1,36.417800188064575,0.0,True,16,10,graph_amortized_device
NVIDIA H200,float16,131072,256,1,tuned/optimized,1,81.68659806251526,0.0,True,16,10,graph_amortized_device
NVIDIA H200,float16,131072,256,1,tuned/baseline,1,194.78060007095337,0.0,True,16,10,graph_amortized_device
NVIDIA H200,float16,131072,256,1,dao_plus_quant,1,162.104594707489,,True,16,10,graph_amortized_device
NVIDIA H200,float16,131072,256,1,tuned/baseline,2,194.54799890518188,0.0,True,16,10,graph_amortized_device
NVIDIA H200,float16,131072,256,1,tuned/optimized,2,81.88660144805908,0.0,True,16,10,graph_amortized_device
NVIDIA H200,float16,131072,256,1,tuned/warp,2,36.42039895057678,0.0,True,16,10,graph_amortized_device
NVIDIA H200,float16,131072,256,1,tuned/fused_opt,2,94.77840065956116,,True,16,10,graph_amortized_device
NVIDIA H200,float16,131072,256,1,tuned/fused_warp,2,47.846999764442444,,True,16,10,graph_amortized_device
NVIDIA H200,float16,131072,256,1,dao,2,80.70399761199951,0.0,True,16,10,graph_amortized_device
NVIDIA H200,float16,131072,256,1,dao_plus_quant,2,161.735999584198,,True,16,10,graph_amortized_device
NVIDIA H200,float16,131072,256,1,tuned/baseline,3,194.5639967918396,0.0,True,16,10,graph_amortized_device
NVIDIA H200,float16,131072,256,1,dao_plus_quant,3,161.73019409179688,,True,16,10,graph_amortized_device
NVIDIA H200,float16,131072,256,1,dao,3,80.72540163993835,0.0,True,16,10,graph_amortized_device
NVIDIA H200,float16,131072,256,1,tuned/fused_warp,3,47.757598757743835,,True,16,10,graph_amortized_device
NVIDIA H200,float16,131072,256,1,tuned/fused_opt,3,94.72219944000244,,True,16,10,graph_amortized_device
NVIDIA H200,float16,131072,256,1,tuned/warp,3,36.42140030860901,0.0,True,16,10,graph_amortized_device
NVIDIA H200,float16,131072,256,1,tuned/optimized,3,81.72159790992737,0.0,True,16,10,graph_amortized_device
NVIDIA H200,float16,131072,256,1,tuned/warp,4,36.44939959049225,0.0,True,16,10,graph_amortized_device
NVIDIA H200,float16,131072,256,1,tuned/fused_opt,4,94.76699829101562,,True,16,10,graph_amortized_device
NVIDIA H200,float16,131072,256,1,tuned/fused_warp,4,47.81619906425476,,True,16,10,graph_amortized_device
NVIDIA H200,float16,131072,256,1,dao,4,80.7096004486084,0.0,True,16,10,graph_amortized_device
NVIDIA H200,float16,131072,256,1,dao_plus_quant,4,161.80919408798218,,True,16,10,graph_amortized_device
NVIDIA H200,float16,131072,256,1,tuned/baseline,4,194.77239847183228,0.0,True,16,10,graph_amortized_device
NVIDIA H200,float16,131072,256,1,tuned/optimized,4,81.73739910125732,0.0,True,16,10,graph_amortized_device
NVIDIA H200,float16,1,512,0,dao,0,1.603199914097786,0.0,True,16,10,graph_amortized_device
NVIDIA H200,float16,1,512,0,dao_plus_quant,0,2.7785999700427055,,True,16,10,graph_amortized_device
NVIDIA H200,float16,1,512,0,tuned/baseline,0,1.7723999917507172,0.0,True,16,10,graph_amortized_device
NVIDIA H200,float16,1,512,0,tuned/optimized,0,1.5990000218153,0.0,True,16,10,graph_amortized_device
NVIDIA H200,float16,1,512,0,tuned/warp,0,1.5185999684035778,0.0,True,16,10,graph_amortized_device
NVIDIA H200,float16,1,512,0,tuned/fused_opt,0,1.826000027358532,,True,16,10,graph_amortized_device
NVIDIA H200,float16,1,512,0,tuned/fused_warp,0,1.9006000831723213,,True,16,10,graph_amortized_device
NVIDIA H200,float16,1,512,0,dao,1,1.6030000522732735,0.0,True,16,10,graph_amortized_device
NVIDIA H200,float16,1,512,0,tuned/fused_warp,1,1.9026000052690506,,True,16,10,graph_amortized_device
NVIDIA H200,float16,1,512,0,tuned/fused_opt,1,1.8252000212669373,,True,16,10,graph_amortized_device
NVIDIA H200,float16,1,512,0,tuned/warp,1,1.5155999921262264,0.0,True,16,10,graph_amortized_device
NVIDIA H200,float16,1,512,0,tuned/optimized,1,1.601400040090084,0.0,True,16,10,graph_amortized_device
NVIDIA H200,float16,1,512,0,tuned/baseline,1,1.7729999497532845,0.0,True,16,10,graph_amortized_device
NVIDIA H200,float16,1,512,0,dao_plus_quant,1,2.74059996008873,,True,16,10,graph_amortized_device
NVIDIA H200,float16,1,512,0,tuned/baseline,2,1.7753999680280685,0.0,True,16,10,graph_amortized_device
NVIDIA H200,float16,1,512,0,tuned/optimized,2,1.5982000157237053,0.0,True,16,10,graph_amortized_device
NVIDIA H200,float16,1,512,0,tuned/warp,2,1.5142000280320644,0.0,True,16,10,graph_amortized_device
NVIDIA H200,float16,1,512,0,tuned/fused_opt,2,1.8254000693559647,,True,16,10,graph_amortized_device
NVIDIA H200,float16,1,512,0,tuned/fused_warp,2,1.901799999177456,,True,16,10,graph_amortized_device
NVIDIA H200,float16,1,512,0,dao,2,1.6033999621868134,0.0,True,16,10,graph_amortized_device
NVIDIA H200,float16,1,512,0,dao_plus_quant,2,2.8144000098109245,,True,16,10,graph_amortized_device
NVIDIA H200,float16,1,512,0,tuned/baseline,3,1.7767999321222305,0.0,True,16,10,graph_amortized_device
NVIDIA H200,float16,1,512,0,dao_plus_quant,3,2.7766000479459763,,True,16,10,graph_amortized_device
NVIDIA H200,float16,1,512,0,dao,3,1.6025999560952187,0.0,True,16,10,graph_amortized_device
NVIDIA H200,float16,1,512,0,tuned/fused_warp,3,1.9015999510884285,,True,16,10,graph_amortized_device
NVIDIA H200,float16,1,512,0,tuned/fused_opt,3,1.8254000693559647,,True,16,10,graph_amortized_device
NVIDIA H200,float16,1,512,0,tuned/warp,3,1.5168000012636185,0.0,True,16,10,graph_amortized_device
NVIDIA H200,float16,1,512,0,tuned/optimized,3,1.5998000279068947,0.0,True,16,10,graph_amortized_device
NVIDIA H200,float16,1,512,0,tuned/warp,4,1.5168000012636185,0.0,True,16,10,graph_amortized_device
NVIDIA H200,float16,1,512,0,tuned/fused_opt,4,1.82460006326437,,True,16,10,graph_amortized_device
NVIDIA H200,float16,1,512,0,tuned/fused_warp,4,1.9009999930858612,,True,16,10,graph_amortized_device
NVIDIA H200,float16,1,512,0,dao,4,1.6006000339984894,0.0,True,16,10,graph_amortized_device
NVIDIA H200,float16,1,512,0,dao_plus_quant,4,2.778399921953678,,True,16,10,graph_amortized_device
NVIDIA H200,float16,1,512,0,tuned/baseline,4,1.7759999260306358,0.0,True,16,10,graph_amortized_device
NVIDIA H200,float16,1,512,0,tuned/optimized,4,1.5969999134540558,0.0,True,16,10,graph_amortized_device
NVIDIA H200,float16,1,512,1,dao,0,1.589599996805191,0.0,True,16,10,graph_amortized_device
NVIDIA H200,float16,1,512,1,dao_plus_quant,0,2.7701999992132187,,True,16,10,graph_amortized_device
NVIDIA H200,float16,1,512,1,tuned/baseline,0,1.7988000065088272,0.0,True,16,10,graph_amortized_device
NVIDIA H200,float16,1,512,1,tuned/optimized,0,1.6209999099373817,0.0,True,16,10,graph_amortized_device
NVIDIA H200,float16,1,512,1,tuned/warp,0,1.569800078868866,0.0,True,16,10,graph_amortized_device
NVIDIA H200,float16,1,512,1,tuned/fused_opt,0,1.813800074160099,,True,16,10,graph_amortized_device
NVIDIA H200,float16,1,512,1,tuned/fused_warp,0,1.9339999184012413,,True,16,10,graph_amortized_device
NVIDIA H200,float16,1,512,1,dao,1,1.5917999669909477,0.0,True,16,10,graph_amortized_device
NVIDIA H200,float16,1,512,1,tuned/fused_warp,1,1.933399960398674,,True,16,10,graph_amortized_device
NVIDIA H200,float16,1,512,1,tuned/fused_opt,1,1.8023999407887459,,True,16,10,graph_amortized_device
NVIDIA H200,float16,1,512,1,tuned/warp,1,1.5457999892532825,0.0,True,16,10,graph_amortized_device
NVIDIA H200,float16,1,512,1,tuned/optimized,1,1.5971999615430832,0.0,True,16,10,graph_amortized_device
NVIDIA H200,float16,1,512,1,tuned/baseline,1,1.7735999077558517,0.0,True,16,10,graph_amortized_device
NVIDIA H200,float16,1,512,1,dao_plus_quant,1,2.76040006428957,,True,16,10,graph_amortized_device
NVIDIA H200,float16,1,512,1,tuned/baseline,2,1.791200041770935,0.0,True,16,10,graph_amortized_device
NVIDIA H200,float16,1,512,1,tuned/optimized,2,1.5993999317288399,0.0,True,16,10,graph_amortized_device
NVIDIA H200,float16,1,512,1,tuned/warp,2,1.5469999983906746,0.0,True,16,10,graph_amortized_device
NVIDIA H200,float16,1,512,1,tuned/fused_opt,2,1.803399994969368,,True,16,10,graph_amortized_device
NVIDIA H200,float16,1,512,1,tuned/fused_warp,2,1.9336000084877014,,True,16,10,graph_amortized_device
NVIDIA H200,float16,1,512,1,dao,2,1.6044000163674355,0.0,True,16,10,graph_amortized_device
NVIDIA H200,float16,1,512,1,dao_plus_quant,2,2.7620000764727592,,True,16,10,graph_amortized_device
NVIDIA H200,float16,1,512,1,tuned/baseline,3,1.7909999936819077,0.0,True,16,10,graph_amortized_device
NVIDIA H200,float16,1,512,1,dao_plus_quant,3,2.727000042796135,,True,16,10,graph_amortized_device
NVIDIA H200,float16,1,512,1,dao,3,1.6054000705480576,0.0,True,16,10,graph_amortized_device
NVIDIA H200,float16,1,512,1,tuned/fused_warp,3,1.934799924492836,,True,16,10,graph_amortized_device
NVIDIA H200,float16,1,512,1,tuned/fused_opt,3,1.8025999888777733,,True,16,10,graph_amortized_device
NVIDIA H200,float16,1,512,1,tuned/warp,3,1.547400001436472,0.0,True,16,10,graph_amortized_device
NVIDIA H200,float16,1,512,1,tuned/optimized,3,1.5985999256372452,0.0,True,16,10,graph_amortized_device
NVIDIA H200,float16,1,512,1,tuned/warp,4,1.5255999751389027,0.0,True,16,10,graph_amortized_device
NVIDIA H200,float16,1,512,1,tuned/fused_opt,4,1.8017999827861786,,True,16,10,graph_amortized_device
NVIDIA H200,float16,1,512,1,tuned/fused_warp,4,1.9328000023961067,,True,16,10,graph_amortized_device
NVIDIA H200,float16,1,512,1,dao,4,1.5866000205278397,0.0,True,16,10,graph_amortized_device
NVIDIA H200,float16,1,512,1,dao_plus_quant,4,2.7966000139713287,,True,16,10,graph_amortized_device
NVIDIA H200,float16,1,512,1,tuned/baseline,4,1.7750000581145287,0.0,True,16,10,graph_amortized_device
NVIDIA H200,float16,1,512,1,tuned/optimized,4,1.6009999439120293,0.0,True,16,10,graph_amortized_device
NVIDIA H200,float16,128,512,0,dao,0,1.7710000276565552,0.0,True,16,10,graph_amortized_device
NVIDIA H200,float16,128,512,0,dao_plus_quant,0,3.365800157189369,,True,16,10,graph_amortized_device
NVIDIA H200,float16,128,512,0,tuned/baseline,0,1.9379999488592148,0.0,True,16,10,graph_amortized_device
NVIDIA H200,float16,128,512,0,tuned/optimized,0,1.7985999584197998,0.0,True,16,10,graph_amortized_device
NVIDIA H200,float16,128,512,0,tuned/warp,0,1.7273999750614166,0.0,True,16,10,graph_amortized_device
NVIDIA H200,float16,128,512,0,tuned/fused_opt,0,2.074600011110306,,True,16,10,graph_amortized_device
NVIDIA H200,float16,128,512,0,tuned/fused_warp,0,2.0193999633193016,,True,16,10,graph_amortized_device
NVIDIA H200,float16,128,512,0,dao,1,1.7729999497532845,0.0,True,16,10,graph_amortized_device
NVIDIA H200,float16,128,512,0,tuned/fused_warp,1,2.0152000710368156,,True,16,10,graph_amortized_device
NVIDIA H200,float16,128,512,0,tuned/fused_opt,1,2.0721999928355217,,True,16,10,graph_amortized_device
NVIDIA H200,float16,128,512,0,tuned/warp,1,1.7227999866008759,0.0,True,16,10,graph_amortized_device
NVIDIA H200,float16,128,512,0,tuned/optimized,1,1.8007999286055565,0.0,True,16,10,graph_amortized_device
NVIDIA H200,float16,128,512,0,tuned/baseline,1,1.9171999767422676,0.0,True,16,10,graph_amortized_device
NVIDIA H200,float16,128,512,0,dao_plus_quant,1,3.365600109100342,,True,16,10,graph_amortized_device
NVIDIA H200,float16,128,512,0,tuned/baseline,2,1.9354000687599182,0.0,True,16,10,graph_amortized_device
NVIDIA H200,float16,128,512,0,tuned/optimized,2,1.799600012600422,0.0,True,16,10,graph_amortized_device
NVIDIA H200,float16,128,512,0,tuned/warp,2,1.7232000827789307,0.0,True,16,10,graph_amortized_device
NVIDIA H200,float16,128,512,0,tuned/fused_opt,2,2.095399983227253,,True,16,10,graph_amortized_device
NVIDIA H200,float16,128,512,0,tuned/fused_warp,2,2.018599957227707,,True,16,10,graph_amortized_device
NVIDIA H200,float16,128,512,0,dao,2,1.752600073814392,0.0,True,16,10,graph_amortized_device
NVIDIA H200,float16,128,512,0,dao_plus_quant,2,3.3674001693725586,,True,16,10,graph_amortized_device
NVIDIA H200,float16,128,512,0,tuned/baseline,3,1.9341999664902687,0.0,True,16,10,graph_amortized_device
NVIDIA H200,float16,128,512,0,dao_plus_quant,3,3.365600109100342,,True,16,10,graph_amortized_device
NVIDIA H200,float16,128,512,0,dao,3,1.75160001963377,0.0,True,16,10,graph_amortized_device
NVIDIA H200,float16,128,512,0,tuned/fused_warp,3,2.018599957227707,,True,16,10,graph_amortized_device
NVIDIA H200,float16,128,512,0,tuned/fused_opt,3,2.0942000672221184,,True,16,10,graph_amortized_device
NVIDIA H200,float16,128,512,0,tuned/warp,3,1.7109999433159828,0.0,True,16,10,graph_amortized_device
NVIDIA H200,float16,128,512,0,tuned/optimized,3,1.7985999584197998,0.0,True,16,10,graph_amortized_device
NVIDIA H200,float16,128,512,0,tuned/warp,4,1.723800040781498,0.0,True,16,10,graph_amortized_device
NVIDIA H200,float16,128,512,0,tuned/fused_opt,4,2.0927999168634415,,True,16,10,graph_amortized_device
NVIDIA H200,float16,128,512,0,tuned/fused_warp,4,2.016199938952923,,True,16,10,graph_amortized_device
NVIDIA H200,float16,128,512,0,dao,4,1.7720000818371773,0.0,True,16,10,graph_amortized_device
NVIDIA H200,float16,128,512,0,dao_plus_quant,4,3.366199880838394,,True,16,10,graph_amortized_device
NVIDIA H200,float16,128,512,0,tuned/baseline,4,1.9368000328540802,0.0,True,16,10,graph_amortized_device
NVIDIA H200,float16,128,512,0,tuned/optimized,4,1.800600066781044,0.0,True,16,10,graph_amortized_device
NVIDIA H200,float16,128,512,1,dao,0,1.7642000690102577,0.0,True,16,10,graph_amortized_device
NVIDIA H200,float16,128,512,1,dao_plus_quant,0,3.369000181555748,,True,16,10,graph_amortized_device
NVIDIA H200,float16,128,512,1,tuned/baseline,0,1.964000053703785,0.0,True,16,10,graph_amortized_device
NVIDIA H200,float16,128,512,1,tuned/optimized,0,1.7726000398397446,0.0,True,16,10,graph_amortized_device
NVIDIA H200,float16,128,512,1,tuned/warp,0,1.7535999417304993,0.0,True,16,10,graph_amortized_device
NVIDIA H200,float16,128,512,1,tuned/fused_opt,0,2.080399915575981,,True,16,10,graph_amortized_device
NVIDIA H200,float16,128,512,1,tuned/fused_warp,0,2.0357999950647354,,True,16,10,graph_amortized_device
NVIDIA H200,float16,128,512,1,dao,1,1.747800037264824,0.0,True,16,10,graph_amortized_device
NVIDIA H200,float16,128,512,1,tuned/fused_warp,1,2.0368000492453575,,True,16,10,graph_amortized_device
NVIDIA H200,float16,128,512,1,tuned/fused_opt,1,2.080800011754036,,True,16,10,graph_amortized_device
NVIDIA H200,float16,128,512,1,tuned/warp,1,1.7532000318169594,0.0,True,16,10,graph_amortized_device
NVIDIA H200,float16,128,512,1,tuned/optimized,1,1.7872000113129616,0.0,True,16,10,graph_amortized_device
NVIDIA H200,float16,128,512,1,tuned/baseline,1,1.9557999446988106,0.0,True,16,10,graph_amortized_device
NVIDIA H200,float16,128,512,1,dao_plus_quant,1,3.366199880838394,,True,16,10,graph_amortized_device
NVIDIA H200,float16,128,512,1,tuned/baseline,2,1.9651999697089195,0.0,True,16,10,graph_amortized_device
NVIDIA H200,float16,128,512,1,tuned/optimized,2,1.7885999754071236,0.0,True,16,10,graph_amortized_device
NVIDIA H200,float16,128,512,1,tuned/warp,2,1.7503999173641205,0.0,True,16,10,graph_amortized_device
NVIDIA H200,float16,128,512,1,tuned/fused_opt,2,2.0788000896573067,,True,16,10,graph_amortized_device
NVIDIA H200,float16,128,512,1,tuned/fused_warp,2,2.0357999950647354,,True,16,10,graph_amortized_device
NVIDIA H200,float16,128,512,1,dao,2,1.7790000885725021,0.0,True,16,10,graph_amortized_device
NVIDIA H200,float16,128,512,1,dao_plus_quant,2,3.3358000218868256,,True,16,10,graph_amortized_device
NVIDIA H200,float16,128,512,1,tuned/baseline,3,1.9748000428080559,0.0,True,16,10,graph_amortized_device
NVIDIA H200,float16,128,512,1,dao_plus_quant,3,3.369000181555748,,True,16,10,graph_amortized_device
NVIDIA H200,float16,128,512,1,dao,3,1.7805999144911766,0.0,True,16,10,graph_amortized_device
NVIDIA H200,float16,128,512,1,tuned/fused_warp,3,2.037600055336952,,True,16,10,graph_amortized_device
NVIDIA H200,float16,128,512,1,tuned/fused_opt,3,2.0816000178456306,,True,16,10,graph_amortized_device
NVIDIA H200,float16,128,512,1,tuned/warp,3,1.7573999240994453,0.0,True,16,10,graph_amortized_device
NVIDIA H200,float16,128,512,1,tuned/optimized,3,1.7890000715851784,0.0,True,16,10,graph_amortized_device
NVIDIA H200,float16,128,512,1,tuned/warp,4,1.7532000318169594,0.0,True,16,10,graph_amortized_device
NVIDIA H200,float16,128,512,1,tuned/fused_opt,4,2.080399915575981,,True,16,10,graph_amortized_device
NVIDIA H200,float16,128,512,1,tuned/fused_warp,4,2.036000043153763,,True,16,10,graph_amortized_device
NVIDIA H200,float16,128,512,1,dao,4,1.780799962580204,0.0,True,16,10,graph_amortized_device
NVIDIA H200,float16,128,512,1,dao_plus_quant,4,3.3358000218868256,,True,16,10,graph_amortized_device
NVIDIA H200,float16,128,512,1,tuned/baseline,4,1.973400078713894,0.0,True,16,10,graph_amortized_device
NVIDIA H200,float16,128,512,1,tuned/optimized,4,1.788800023496151,0.0,True,16,10,graph_amortized_device
NVIDIA H200,float16,16384,512,0,dao,0,11.981800198554993,0.0,True,16,10,graph_amortized_device
NVIDIA H200,float16,16384,512,0,dao_plus_quant,0,26.844000816345215,,True,16,10,graph_amortized_device
NVIDIA H200,float16,16384,512,0,tuned/baseline,0,51.70919895172119,0.0,True,16,10,graph_amortized_device
NVIDIA H200,float16,16384,512,0,tuned/optimized,0,19.749799370765686,0.0,True,16,10,graph_amortized_device
NVIDIA H200,float16,16384,512,0,tuned/warp,0,10.00560000538826,0.0,True,16,10,graph_amortized_device
NVIDIA H200,float16,16384,512,0,tuned/fused_opt,0,24.789799749851227,,True,16,10,graph_amortized_device
NVIDIA H200,float16,16384,512,0,tuned/fused_warp,0,11.202000081539154,,True,16,10,graph_amortized_device
NVIDIA H200,float16,16384,512,0,dao,1,11.974400281906128,0.0,True,16,10,graph_amortized_device
NVIDIA H200,float16,16384,512,0,tuned/fused_warp,1,11.162599921226501,,True,16,10,graph_amortized_device
NVIDIA H200,float16,16384,512,0,tuned/fused_opt,1,24.845600128173828,,True,16,10,graph_amortized_device
NVIDIA H200,float16,16384,512,0,tuned/warp,1,10.001599788665771,0.0,True,16,10,graph_amortized_device
NVIDIA H200,float16,16384,512,0,tuned/optimized,1,19.719600677490234,0.0,True,16,10,graph_amortized_device
NVIDIA H200,float16,16384,512,0,tuned/baseline,1,51.701998710632324,0.0,True,16,10,graph_amortized_device
NVIDIA H200,float16,16384,512,0,dao_plus_quant,1,26.81579887866974,,True,16,10,graph_amortized_device
NVIDIA H200,float16,16384,512,0,tuned/baseline,2,51.71599984169006,0.0,True,16,10,graph_amortized_device
NVIDIA H200,float16,16384,512,0,tuned/optimized,2,19.708600640296936,0.0,True,16,10,graph_amortized_device
NVIDIA H200,float16,16384,512,0,tuned/warp,2,10.025399923324585,0.0,True,16,10,graph_amortized_device
NVIDIA H200,float16,16384,512,0,tuned/fused_opt,2,24.799199402332306,,True,16,10,graph_amortized_device
NVIDIA H200,float16,16384,512,0,tuned/fused_warp,2,11.140599846839905,,True,16,10,graph_amortized_device
NVIDIA H200,float16,16384,512,0,dao,2,11.963000148534775,0.0,True,16,10,graph_amortized_device
NVIDIA H200,float16,16384,512,0,dao_plus_quant,2,26.815199851989746,,True,16,10,graph_amortized_device
NVIDIA H200,float16,16384,512,0,tuned/baseline,3,51.716798543930054,0.0,True,16,10,graph_amortized_device
NVIDIA H200,float16,16384,512,0,dao_plus_quant,3,26.81640088558197,,True,16,10,graph_amortized_device
NVIDIA H200,float16,16384,512,0,dao,3,11.976800113916397,0.0,True,16,10,graph_amortized_device
NVIDIA H200,float16,16384,512,0,tuned/fused_warp,3,11.130200326442719,,True,16,10,graph_amortized_device
NVIDIA H200,float16,16384,512,0,tuned/fused_opt,3,24.86020028591156,,True,16,10,graph_amortized_device
NVIDIA H200,float16,16384,512,0,tuned/warp,3,10.070200264453888,0.0,True,16,10,graph_amortized_device
NVIDIA H200,float16,16384,512,0,tuned/optimized,3,19.819200038909912,0.0,True,16,10,graph_amortized_device
NVIDIA H200,float16,16384,512,0,tuned/warp,4,10.050799697637558,0.0,True,16,10,graph_amortized_device
NVIDIA H200,float16,16384,512,0,tuned/fused_opt,4,24.79580044746399,,True,16,10,graph_amortized_device
NVIDIA H200,float16,16384,512,0,tuned/fused_warp,4,11.142399907112122,,True,16,10,graph_amortized_device
NVIDIA H200,float16,16384,512,0,dao,4,11.968199908733368,0.0,True,16,10,graph_amortized_device
NVIDIA H200,float16,16384,512,0,dao_plus_quant,4,26.808801293373108,,True,16,10,graph_amortized_device
NVIDIA H200,float16,16384,512,0,tuned/baseline,4,51.717597246170044,0.0,True,16,10,graph_amortized_device
NVIDIA H200,float16,16384,512,0,tuned/optimized,4,19.72920000553131,0.0,True,16,10,graph_amortized_device
NVIDIA H200,float16,16384,512,1,dao,0,11.973799765110016,0.0,True,16,10,graph_amortized_device
NVIDIA H200,float16,16384,512,1,dao_plus_quant,0,26.957198977470398,,True,16,10,graph_amortized_device
NVIDIA H200,float16,16384,512,1,tuned/baseline,0,51.91980004310608,0.0,True,16,10,graph_amortized_device
NVIDIA H200,float16,16384,512,1,tuned/optimized,0,19.856999814510345,0.0,True,16,10,graph_amortized_device
NVIDIA H200,float16,16384,512,1,tuned/warp,0,10.44519990682602,0.0,True,16,10,graph_amortized_device
NVIDIA H200,float16,16384,512,1,tuned/fused_opt,0,24.941200017929077,,True,16,10,graph_amortized_device
NVIDIA H200,float16,16384,512,1,tuned/fused_warp,0,11.350400000810623,,True,16,10,graph_amortized_device
NVIDIA H200,float16,16384,512,1,dao,1,11.931200325489044,0.0,True,16,10,graph_amortized_device
NVIDIA H200,float16,16384,512,1,tuned/fused_warp,1,11.333800107240677,,True,16,10,graph_amortized_device
NVIDIA H200,float16,16384,512,1,tuned/fused_opt,1,24.962399899959564,,True,16,10,graph_amortized_device
NVIDIA H200,float16,16384,512,1,tuned/warp,1,10.44519990682602,0.0,True,16,10,graph_amortized_device
NVIDIA H200,float16,16384,512,1,tuned/optimized,1,19.82019990682602,0.0,True,16,10,graph_amortized_device
NVIDIA H200,float16,16384,512,1,tuned/baseline,1,51.88639760017395,0.0,True,16,10,graph_amortized_device
NVIDIA H200,float16,16384,512,1,dao_plus_quant,1,26.92280113697052,,True,16,10,graph_amortized_device
NVIDIA H200,float16,16384,512,1,tuned/baseline,2,51.86740159988403,0.0,True,16,10,graph_amortized_device
NVIDIA H200,float16,16384,512,1,tuned/optimized,2,19.829800724983215,0.0,True,16,10,graph_amortized_device
NVIDIA H200,float16,16384,512,1,tuned/warp,2,10.479000210762024,0.0,True,16,10,graph_amortized_device
NVIDIA H200,float16,16384,512,1,tuned/fused_opt,2,24.946799874305725,,True,16,10,graph_amortized_device
NVIDIA H200,float16,16384,512,1,tuned/fused_warp,2,11.3476000726223,,True,16,10,graph_amortized_device
NVIDIA H200,float16,16384,512,1,dao,2,11.962199956178665,0.0,True,16,10,graph_amortized_device
NVIDIA H200,float16,16384,512,1,dao_plus_quant,2,26.903599500656128,,True,16,10,graph_amortized_device
NVIDIA H200,float16,16384,512,1,tuned/baseline,3,51.87100172042847,0.0,True,16,10,graph_amortized_device
NVIDIA H200,float16,16384,512,1,dao_plus_quant,3,26.91819965839386,,True,16,10,graph_amortized_device
NVIDIA H200,float16,16384,512,1,dao,3,11.95399984717369,0.0,True,16,10,graph_amortized_device
NVIDIA H200,float16,16384,512,1,tuned/fused_warp,3,11.34679988026619,,True,16,10,graph_amortized_device
NVIDIA H200,float16,16384,512,1,tuned/fused_opt,3,24.945999681949615,,True,16,10,graph_amortized_device
NVIDIA H200,float16,16384,512,1,tuned/warp,3,10.469400137662888,0.0,True,16,10,graph_amortized_device
NVIDIA H200,float16,16384,512,1,tuned/optimized,3,19.81779932975769,0.0,True,16,10,graph_amortized_device
NVIDIA H200,float16,16384,512,1,tuned/warp,4,10.478799790143967,0.0,True,16,10,graph_amortized_device
NVIDIA H200,float16,16384,512,1,tuned/fused_opt,4,25.07140040397644,,True,16,10,graph_amortized_device
NVIDIA H200,float16,16384,512,1,tuned/fused_warp,4,11.389199644327164,,True,16,10,graph_amortized_device
NVIDIA H200,float16,16384,512,1,dao,4,11.957000195980072,0.0,True,16,10,graph_amortized_device
NVIDIA H200,float16,16384,512,1,dao_plus_quant,4,26.993998885154724,,True,16,10,graph_amortized_device
NVIDIA H200,float16,16384,512,1,tuned/baseline,4,51.86700224876404,0.0,True,16,10,graph_amortized_device
NVIDIA H200,float16,16384,512,1,tuned/optimized,4,19.796399772167206,0.0,True,16,10,graph_amortized_device
NVIDIA H200,float16,131072,512,0,dao,0,81.60539865493774,0.0,True,16,10,graph_amortized_device
NVIDIA H200,float16,131072,512,0,dao_plus_quant,0,218.87099742889404,,True,16,10,graph_amortized_device
NVIDIA H200,float16,131072,512,0,tuned/baseline,0,409.6752166748047,0.0,True,16,10,graph_amortized_device
NVIDIA H200,float16,131072,512,0,tuned/optimized,0,158.2867980003357,0.0,True,16,10,graph_amortized_device
NVIDIA H200,float16,131072,512,0,tuned/warp,0,68.70459914207458,0.0,True,16,10,graph_amortized_device
NVIDIA H200,float16,131072,512,0,tuned/fused_opt,0,203.7060022354126,,True,16,10,graph_amortized_device
NVIDIA H200,float16,131072,512,0,tuned/fused_warp,0,76.83179974555969,,True,16,10,graph_amortized_device
NVIDIA H200,float16,131072,512,0,dao,1,82.00979828834534,0.0,True,16,10,graph_amortized_device
NVIDIA H200,float16,131072,512,0,tuned/fused_warp,1,76.83979868888855,,True,16,10,graph_amortized_device
NVIDIA H200,float16,131072,512,0,tuned/fused_opt,1,203.77860069274902,,True,16,10,graph_amortized_device
NVIDIA H200,float16,131072,512,0,tuned/warp,1,68.74920129776001,0.0,True,16,10,graph_amortized_device
NVIDIA H200,float16,131072,512,0,tuned/optimized,1,158.22559595108032,0.0,True,16,10,graph_amortized_device
NVIDIA H200,float16,131072,512,0,tuned/baseline,1,409.33899879455566,0.0,True,16,10,graph_amortized_device
NVIDIA H200,float16,131072,512,0,dao_plus_quant,1,218.9621925354004,,True,16,10,graph_amortized_device
NVIDIA H200,float16,131072,512,0,tuned/baseline,2,409.0449810028076,0.0,True,16,10,graph_amortized_device
NVIDIA H200,float16,131072,512,0,tuned/optimized,2,158.26159715652466,0.0,True,16,10,graph_amortized_device
NVIDIA H200,float16,131072,512,0,tuned/warp,2,68.77620220184326,0.0,True,16,10,graph_amortized_device
NVIDIA H200,float16,131072,512,0,tuned/fused_opt,2,203.79760265350342,,True,16,10,graph_amortized_device
NVIDIA H200,float16,131072,512,0,tuned/fused_warp,2,76.80839896202087,,True,16,10,graph_amortized_device
NVIDIA H200,float16,131072,512,0,dao,2,81.57520294189453,0.0,True,16,10,graph_amortized_device
NVIDIA H200,float16,131072,512,0,dao_plus_quant,2,218.95959377288818,,True,16,10,graph_amortized_device
NVIDIA H200,float16,131072,512,0,tuned/baseline,3,409.2597961425781,0.0,True,16,10,graph_amortized_device
NVIDIA H200,float16,131072,512,0,dao_plus_quant,3,218.92919540405273,,True,16,10,graph_amortized_device
NVIDIA H200,float16,131072,512,0,dao,3,81.563800573349,0.0,True,16,10,graph_amortized_device
NVIDIA H200,float16,131072,512,0,tuned/fused_warp,3,76.79679989814758,,True,16,10,graph_amortized_device
NVIDIA H200,float16,131072,512,0,tuned/fused_opt,3,203.62379550933838,,True,16,10,graph_amortized_device
NVIDIA H200,float16,131072,512,0,tuned/warp,3,68.75240206718445,0.0,True,16,10,graph_amortized_device
NVIDIA H200,float16,131072,512,0,tuned/optimized,3,158.24439525604248,0.0,True,16,10,graph_amortized_device
NVIDIA H200,float16,131072,512,0,tuned/warp,4,68.75920295715332,0.0,True,16,10,graph_amortized_device
NVIDIA H200,float16,131072,512,0,tuned/fused_opt,4,203.81479263305664,,True,16,10,graph_amortized_device
NVIDIA H200,float16,131072,512,0,tuned/fused_warp,4,76.78679823875427,,True,16,10,graph_amortized_device
NVIDIA H200,float16,131072,512,0,dao,4,81.69940114021301,0.0,True,16,10,graph_amortized_device
NVIDIA H200,float16,131072,512,0,dao_plus_quant,4,219.05779838562012,,True,16,10,graph_amortized_device
NVIDIA H200,float16,131072,512,0,tuned/baseline,4,409.4870090484619,0.0,True,16,10,graph_amortized_device
NVIDIA H200,float16,131072,512,0,tuned/optimized,4,158.27300548553467,0.0,True,16,10,graph_amortized_device
NVIDIA H200,float16,131072,512,1,dao,0,81.62959814071655,0.0,True,16,10,graph_amortized_device
NVIDIA H200,float16,131072,512,1,dao_plus_quant,0,219.0743923187256,,True,16,10,graph_amortized_device
NVIDIA H200,float16,131072,512,1,tuned/baseline,0,409.92259979248047,0.0,True,16,10,graph_amortized_device
NVIDIA H200,float16,131072,512,1,tuned/optimized,0,159.16340351104736,0.0,True,16,10,graph_amortized_device
NVIDIA H200,float16,131072,512,1,tuned/warp,0,70.46080231666565,0.0,True,16,10,graph_amortized_device
NVIDIA H200,float16,131072,512,1,tuned/fused_opt,0,204.53379154205322,,True,16,10,graph_amortized_device
NVIDIA H200,float16,131072,512,1,tuned/fused_warp,0,78.21879982948303,,True,16,10,graph_amortized_device
NVIDIA H200,float16,131072,512,1,dao,1,81.65580034255981,0.0,True,16,10,graph_amortized_device
NVIDIA H200,float16,131072,512,1,tuned/fused_warp,1,78.10840010643005,,True,16,10,graph_amortized_device
NVIDIA H200,float16,131072,512,1,tuned/fused_opt,1,204.34999465942383,,True,16,10,graph_amortized_device
NVIDIA H200,float16,131072,512,1,tuned/warp,1,70.45680284500122,0.0,True,16,10,graph_amortized_device
NVIDIA H200,float16,131072,512,1,tuned/optimized,1,159.20820236206055,0.0,True,16,10,graph_amortized_device
NVIDIA H200,float16,131072,512,1,tuned/baseline,1,410.2628231048584,0.0,True,16,10,graph_amortized_device
NVIDIA H200,float16,131072,512,1,dao_plus_quant,1,219.0713882446289,,True,16,10,graph_amortized_device
NVIDIA H200,float16,131072,512,1,tuned/baseline,2,410.3425979614258,0.0,True,16,10,graph_amortized_device
NVIDIA H200,float16,131072,512,1,tuned/optimized,2,159.17060375213623,0.0,True,16,10,graph_amortized_device
NVIDIA H200,float16,131072,512,1,tuned/warp,2,70.48140168190002,0.0,True,16,10,graph_amortized_device
NVIDIA H200,float16,131072,512,1,tuned/fused_opt,2,204.3410062789917,,True,16,10,graph_amortized_device
NVIDIA H200,float16,131072,512,1,tuned/fused_warp,2,78.1283974647522,,True,16,10,graph_amortized_device
NVIDIA H200,float16,131072,512,1,dao,2,81.58659934997559,0.0,True,16,10,graph_amortized_device
NVIDIA H200,float16,131072,512,1,dao_plus_quant,2,219.2310094833374,,True,16,10,graph_amortized_device
NVIDIA H200,float16,131072,512,1,tuned/baseline,3,410.37960052490234,0.0,True,16,10,graph_amortized_device
NVIDIA H200,float16,131072,512,1,dao_plus_quant,3,219.08400058746338,,True,16,10,graph_amortized_device
NVIDIA H200,float16,131072,512,1,dao,3,81.60319924354553,0.0,True,16,10,graph_amortized_device
NVIDIA H200,float16,131072,512,1,tuned/fused_warp,3,78.10879945755005,,True,16,10,graph_amortized_device
NVIDIA H200,float16,131072,512,1,tuned/fused_opt,3,204.50880527496338,,True,16,10,graph_amortized_device
NVIDIA H200,float16,131072,512,1,tuned/warp,3,70.50819993019104,0.0,True,16,10,graph_amortized_device
NVIDIA H200,float16,131072,512,1,tuned/optimized,3,159.18020009994507,0.0,True,16,10,graph_amortized_device
NVIDIA H200,float16,131072,512,1,tuned/warp,4,70.49940228462219,0.0,True,16,10,graph_amortized_device
NVIDIA H200,float16,131072,512,1,tuned/fused_opt,4,204.52380180358887,,True,16,10,graph_amortized_device
NVIDIA H200,float16,131072,512,1,tuned/fused_warp,4,78.22480201721191,,True,16,10,graph_amortized_device
NVIDIA H200,float16,131072,512,1,dao,4,81.68140053749084,0.0,True,16,10,graph_amortized_device
NVIDIA H200,float16,131072,512,1,dao_plus_quant,4,219.3455934524536,,True,16,10,graph_amortized_device
NVIDIA H200,float16,131072,512,1,tuned/baseline,4,411.4895820617676,0.0,True,16,10,graph_amortized_device
NVIDIA H200,float16,131072,512,1,tuned/optimized,4,159.08780097961426,0.0,True,16,10,graph_amortized_device
NVIDIA H200,float16,1,1024,0,dao,0,1.7650000751018524,0.0,True,16,10,graph_amortized_device
NVIDIA H200,float16,1,1024,0,dao_plus_quant,0,3.0559999868273735,,True,16,10,graph_amortized_device
NVIDIA H200,float16,1,1024,0,tuned/baseline,0,2.135000005364418,0.0,True,16,10,graph_amortized_device
NVIDIA H200,float16,1,1024,0,tuned/optimized,0,1.7527999356389046,0.0,True,16,10,graph_amortized_device
NVIDIA H200,float16,1,1024,0,tuned/warp,0,3.344399854540825,0.0,True,16,10,graph_amortized_device
NVIDIA H200,float16,1,1024,0,tuned/fused_opt,0,2.0476000383496284,,True,16,10,graph_amortized_device
NVIDIA H200,float16,1,1024,0,tuned/fused_warp,0,2.359599992632866,,True,16,10,graph_amortized_device
NVIDIA H200,float16,1,1024,0,dao,1,1.7650000751018524,0.0,True,16,10,graph_amortized_device
NVIDIA H200,float16,1,1024,0,tuned/fused_warp,1,2.34179999679327,,True,16,10,graph_amortized_device
NVIDIA H200,float16,1,1024,0,tuned/fused_opt,1,2.0493999123573303,,True,16,10,graph_amortized_device
NVIDIA H200,float16,1,1024,0,tuned/warp,1,3.3445999026298523,0.0,True,16,10,graph_amortized_device
NVIDIA H200,float16,1,1024,0,tuned/optimized,1,1.7542000859975815,0.0,True,16,10,graph_amortized_device
NVIDIA H200,float16,1,1024,0,tuned/baseline,1,2.1338000893592834,0.0,True,16,10,graph_amortized_device
NVIDIA H200,float16,1,1024,0,dao_plus_quant,1,3.053399920463562,,True,16,10,graph_amortized_device
NVIDIA H200,float16,1,1024,0,tuned/baseline,2,2.1352000534534454,0.0,True,16,10,graph_amortized_device
NVIDIA H200,float16,1,1024,0,tuned/optimized,2,1.7378000542521477,0.0,True,16,10,graph_amortized_device
NVIDIA H200,float16,1,1024,0,tuned/warp,2,3.3433999866247177,0.0,True,16,10,graph_amortized_device
NVIDIA H200,float16,1,1024,0,tuned/fused_opt,2,2.047399990260601,,True,16,10,graph_amortized_device
NVIDIA H200,float16,1,1024,0,tuned/fused_warp,2,2.3603999987244606,,True,16,10,graph_amortized_device
NVIDIA H200,float16,1,1024,0,dao,2,1.7653999850153923,0.0,True,16,10,graph_amortized_device
NVIDIA H200,float16,1,1024,0,dao_plus_quant,2,3.056599944829941,,True,16,10,graph_amortized_device
NVIDIA H200,float16,1,1024,0,tuned/baseline,3,2.1347999572753906,0.0,True,16,10,graph_amortized_device
NVIDIA H200,float16,1,1024,0,dao_plus_quant,3,3.0541999265551567,,True,16,10,graph_amortized_device
NVIDIA H200,float16,1,1024,0,dao,3,1.7659999430179596,0.0,True,16,10,graph_amortized_device
NVIDIA H200,float16,1,1024,0,tuned/fused_warp,3,2.3600000888109207,,True,16,10,graph_amortized_device
NVIDIA H200,float16,1,1024,0,tuned/fused_opt,3,2.0481999963521957,,True,16,10,graph_amortized_device
NVIDIA H200,float16,1,1024,0,tuned/warp,3,3.3459998667240143,0.0,True,16,10,graph_amortized_device
NVIDIA H200,float16,1,1024,0,tuned/optimized,3,1.7548000440001488,0.0,True,16,10,graph_amortized_device
NVIDIA H200,float16,1,1024,0,tuned/warp,4,3.3445999026298523,0.0,True,16,10,graph_amortized_device
NVIDIA H200,float16,1,1024,0,tuned/fused_opt,4,2.0479999482631683,,True,16,10,graph_amortized_device
NVIDIA H200,float16,1,1024,0,tuned/fused_warp,4,2.3590000346302986,,True,16,10,graph_amortized_device
NVIDIA H200,float16,1,1024,0,dao,4,1.7642000690102577,0.0,True,16,10,graph_amortized_device
NVIDIA H200,float16,1,1024,0,dao_plus_quant,4,3.0535999685525894,,True,16,10,graph_amortized_device
NVIDIA H200,float16,1,1024,0,tuned/baseline,4,2.1352000534534454,0.0,True,16,10,graph_amortized_device
NVIDIA H200,float16,1,1024,0,tuned/optimized,4,1.7535999417304993,0.0,True,16,10,graph_amortized_device
NVIDIA H200,float16,1,1024,1,dao,0,1.747399941086769,0.0,True,16,10,graph_amortized_device
NVIDIA H200,float16,1,1024,1,dao_plus_quant,0,3.0980000272393227,,True,16,10,graph_amortized_device
NVIDIA H200,float16,1,1024,1,tuned/baseline,0,2.1277999505400658,0.0,True,16,10,graph_amortized_device
NVIDIA H200,float16,1,1024,1,tuned/optimized,0,1.7891999334096909,0.0,True,16,10,graph_amortized_device
NVIDIA H200,float16,1,1024,1,tuned/warp,0,3.1644001603126526,0.0,True,16,10,graph_amortized_device
NVIDIA H200,float16,1,1024,1,tuned/fused_opt,0,2.0910000428557396,,True,16,10,graph_amortized_device
NVIDIA H200,float16,1,1024,1,tuned/fused_warp,0,2.3749999701976776,,True,16,10,graph_amortized_device
NVIDIA H200,float16,1,1024,1,dao,1,1.7433999106287956,0.0,True,16,10,graph_amortized_device
NVIDIA H200,float16,1,1024,1,tuned/fused_warp,1,2.375599928200245,,True,16,10,graph_amortized_device
NVIDIA H200,float16,1,1024,1,tuned/fused_opt,1,2.090599946677685,,True,16,10,graph_amortized_device
NVIDIA H200,float16,1,1024,1,tuned/warp,1,3.167400136590004,0.0,True,16,10,graph_amortized_device
NVIDIA H200,float16,1,1024,1,tuned/optimized,1,1.7861999571323395,0.0,True,16,10,graph_amortized_device
NVIDIA H200,float16,1,1024,1,tuned/baseline,1,2.126999944448471,0.0,True,16,10,graph_amortized_device
NVIDIA H200,float16,1,1024,1,dao_plus_quant,1,3.0959999188780785,,True,16,10,graph_amortized_device
NVIDIA H200,float16,1,1024,1,tuned/baseline,2,2.1271999925374985,0.0,True,16,10,graph_amortized_device
NVIDIA H200,float16,1,1024,1,tuned/optimized,2,1.7899999395012856,0.0,True,16,10,graph_amortized_device
NVIDIA H200,float16,1,1024,1,tuned/warp,2,3.1644001603126526,0.0,True,16,10,graph_amortized_device
NVIDIA H200,float16,1,1024,1,tuned/fused_opt,2,2.092199958860874,,True,16,10,graph_amortized_device
NVIDIA H200,float16,1,1024,1,tuned/fused_warp,2,2.3757999762892723,,True,16,10,graph_amortized_device
NVIDIA H200,float16,1,1024,1,dao,2,1.7430000007152557,0.0,True,16,10,graph_amortized_device
NVIDIA H200,float16,1,1024,1,dao_plus_quant,2,3.0950000509619713,,True,16,10,graph_amortized_device
NVIDIA H200,float16,1,1024,1,tuned/baseline,3,2.1271999925374985,0.0,True,16,10,graph_amortized_device
NVIDIA H200,float16,1,1024,1,dao_plus_quant,3,3.0988000333309174,,True,16,10,graph_amortized_device
NVIDIA H200,float16,1,1024,1,dao,3,1.7454000189900398,0.0,True,16,10,graph_amortized_device
NVIDIA H200,float16,1,1024,1,tuned/fused_warp,3,2.375200018286705,,True,16,10,graph_amortized_device
NVIDIA H200,float16,1,1024,1,tuned/fused_opt,3,2.08979994058609,,True,16,10,graph_amortized_device
NVIDIA H200,float16,1,1024,1,tuned/warp,3,3.166399896144867,0.0,True,16,10,graph_amortized_device
NVIDIA H200,float16,1,1024,1,tuned/optimized,3,1.7882000654935837,0.0,True,16,10,graph_amortized_device
NVIDIA H200,float16,1,1024,1,tuned/warp,4,3.166399896144867,0.0,True,16,10,graph_amortized_device
NVIDIA H200,float16,1,1024,1,tuned/fused_opt,4,2.08940003067255,,True,16,10,graph_amortized_device
NVIDIA H200,float16,1,1024,1,tuned/fused_warp,4,2.378600090742111,,True,16,10,graph_amortized_device
NVIDIA H200,float16,1,1024,1,dao,4,1.7430000007152557,0.0,True,16,10,graph_amortized_device
NVIDIA H200,float16,1,1024,1,dao_plus_quant,4,3.0951999127864838,,True,16,10,graph_amortized_device
NVIDIA H200,float16,1,1024,1,tuned/baseline,4,2.1277999505400658,0.0,True,16,10,graph_amortized_device
NVIDIA H200,float16,1,1024,1,tuned/optimized,4,1.7883999273180962,0.0,True,16,10,graph_amortized_device
NVIDIA H200,float16,128,1024,0,dao,0,1.9541999325156212,0.0,True,16,10,graph_amortized_device
NVIDIA H200,float16,128,1024,0,dao_plus_quant,0,3.5927999764680862,,True,16,10,graph_amortized_device
NVIDIA H200,float16,128,1024,0,tuned/baseline,0,2.2770000621676445,0.0,True,16,10,graph_amortized_device
NVIDIA H200,float16,128,1024,0,tuned/optimized,0,1.9495999440550804,0.0,True,16,10,graph_amortized_device
NVIDIA H200,float16,128,1024,0,tuned/warp,0,3.7877999246120453,0.0,True,16,10,graph_amortized_device
NVIDIA H200,float16,128,1024,0,tuned/fused_opt,0,2.253199927508831,,True,16,10,graph_amortized_device
NVIDIA H200,float16,128,1024,0,tuned/fused_warp,0,2.9651999473571777,,True,16,10,graph_amortized_device
NVIDIA H200,float16,128,1024,0,dao,1,1.9533999264240265,0.0,True,16,10,graph_amortized_device
NVIDIA H200,float16,128,1024,0,tuned/fused_warp,1,2.9843999072909355,,True,16,10,graph_amortized_device
NVIDIA H200,float16,128,1024,0,tuned/fused_opt,1,2.2547999396920204,,True,16,10,graph_amortized_device
NVIDIA H200,float16,128,1024,0,tuned/warp,1,3.784399852156639,0.0,True,16,10,graph_amortized_device
NVIDIA H200,float16,128,1024,0,tuned/optimized,1,1.9489999860525131,0.0,True,16,10,graph_amortized_device
NVIDIA H200,float16,128,1024,0,tuned/baseline,1,2.2779999300837517,0.0,True,16,10,graph_amortized_device
NVIDIA H200,float16,128,1024,0,dao_plus_quant,1,3.557800129055977,,True,16,10,graph_amortized_device
NVIDIA H200,float16,128,1024,0,tuned/baseline,2,2.2933999076485634,0.0,True,16,10,graph_amortized_device
NVIDIA H200,float16,128,1024,0,tuned/optimized,2,1.95080004632473,0.0,True,16,10,graph_amortized_device
NVIDIA H200,float16,128,1024,0,tuned/warp,2,3.785400092601776,0.0,True,16,10,graph_amortized_device
NVIDIA H200,float16,128,1024,0,tuned/fused_opt,2,2.254600077867508,,True,16,10,graph_amortized_device
NVIDIA H200,float16,128,1024,0,tuned/fused_warp,2,2.965399995446205,,True,16,10,graph_amortized_device
NVIDIA H200,float16,128,1024,0,dao,2,1.954600028693676,0.0,True,16,10,graph_amortized_device
NVIDIA H200,float16,128,1024,0,dao_plus_quant,2,3.5583999007940292,,True,16,10,graph_amortized_device
NVIDIA H200,float16,128,1024,0,tuned/baseline,3,2.277600020170212,0.0,True,16,10,graph_amortized_device
NVIDIA H200,float16,128,1024,0,dao_plus_quant,3,3.5571999847888947,,True,16,10,graph_amortized_device
NVIDIA H200,float16,128,1024,0,dao,3,1.9549999386072159,0.0,True,16,10,graph_amortized_device
NVIDIA H200,float16,128,1024,0,tuned/fused_warp,3,2.988800033926964,,True,16,10,graph_amortized_device
NVIDIA H200,float16,128,1024,0,tuned/fused_opt,3,2.238200046122074,,True,16,10,graph_amortized_device
NVIDIA H200,float16,128,1024,0,tuned/warp,3,3.7904001772403717,0.0,True,16,10,graph_amortized_device
NVIDIA H200,float16,128,1024,0,tuned/optimized,3,1.9463999196887016,0.0,True,16,10,graph_amortized_device
NVIDIA H200,float16,128,1024,0,tuned/warp,4,3.786199912428856,0.0,True,16,10,graph_amortized_device
NVIDIA H200,float16,128,1024,0,tuned/fused_opt,4,2.2547999396920204,,True,16,10,graph_amortized_device
NVIDIA H200,float16,128,1024,0,tuned/fused_warp,4,2.993999980390072,,True,16,10,graph_amortized_device
NVIDIA H200,float16,128,1024,0,dao,4,1.9543999806046486,0.0,True,16,10,graph_amortized_device
NVIDIA H200,float16,128,1024,0,dao_plus_quant,4,3.593200072646141,,True,16,10,graph_amortized_device
NVIDIA H200,float16,128,1024,0,tuned/baseline,4,2.297399938106537,0.0,True,16,10,graph_amortized_device
NVIDIA H200,float16,128,1024,0,tuned/optimized,4,1.9495999440550804,0.0,True,16,10,graph_amortized_device
NVIDIA H200,float16,128,1024,1,dao,0,1.935799978673458,0.0,True,16,10,graph_amortized_device
NVIDIA H200,float16,128,1024,1,dao_plus_quant,0,3.618599846959114,,True,16,10,graph_amortized_device
NVIDIA H200,float16,128,1024,1,tuned/baseline,0,2.2835999727249146,0.0,True,16,10,graph_amortized_device
NVIDIA H200,float16,128,1024,1,tuned/optimized,0,1.9804000854492188,0.0,True,16,10,graph_amortized_device
NVIDIA H200,float16,128,1024,1,tuned/warp,0,3.585600107908249,0.0,True,16,10,graph_amortized_device
NVIDIA H200,float16,128,1024,1,tuned/fused_opt,0,2.287999913096428,,True,16,10,graph_amortized_device
NVIDIA H200,float16,128,1024,1,tuned/fused_warp,0,3.0146000906825066,,True,16,10,graph_amortized_device
NVIDIA H200,float16,128,1024,1,dao,1,1.9360000267624855,0.0,True,16,10,graph_amortized_device
NVIDIA H200,float16,128,1024,1,tuned/fused_warp,1,3.0277999117970467,,True,16,10,graph_amortized_device
NVIDIA H200,float16,128,1024,1,tuned/fused_opt,1,2.290000021457672,,True,16,10,graph_amortized_device
NVIDIA H200,float16,128,1024,1,tuned/warp,1,3.5829998552799225,0.0,True,16,10,graph_amortized_device
NVIDIA H200,float16,128,1024,1,tuned/optimized,1,1.9807999953627586,0.0,True,16,10,graph_amortized_device
NVIDIA H200,float16,128,1024,1,tuned/baseline,1,2.2840000689029694,0.0,True,16,10,graph_amortized_device
NVIDIA H200,float16,128,1024,1,dao_plus_quant,1,3.619600087404251,,True,16,10,graph_amortized_device
NVIDIA H200,float16,128,1024,1,tuned/baseline,2,2.2808000445365906,0.0,True,16,10,graph_amortized_device
NVIDIA H200,float16,128,1024,1,tuned/optimized,2,1.9788000732660294,0.0,True,16,10,graph_amortized_device
NVIDIA H200,float16,128,1024,1,tuned/warp,2,3.583800047636032,0.0,True,16,10,graph_amortized_device
NVIDIA H200,float16,128,1024,1,tuned/fused_opt,2,2.2911999374628067,,True,16,10,graph_amortized_device
NVIDIA H200,float16,128,1024,1,tuned/fused_warp,2,3.008200041949749,,True,16,10,graph_amortized_device
NVIDIA H200,float16,128,1024,1,dao,2,1.93719994276762,0.0,True,16,10,graph_amortized_device
NVIDIA H200,float16,128,1024,1,dao_plus_quant,2,3.618999943137169,,True,16,10,graph_amortized_device
NVIDIA H200,float16,128,1024,1,tuned/baseline,3,2.2817999124526978,0.0,True,16,10,graph_amortized_device
NVIDIA H200,float16,128,1024,1,dao_plus_quant,3,3.6184001713991165,,True,16,10,graph_amortized_device
NVIDIA H200,float16,128,1024,1,dao,3,1.9379999488592148,0.0,True,16,10,graph_amortized_device
NVIDIA H200,float16,128,1024,1,tuned/fused_warp,3,3.0352000147104263,,True,16,10,graph_amortized_device
NVIDIA H200,float16,128,1024,1,tuned/fused_opt,3,2.290399931371212,,True,16,10,graph_amortized_device
NVIDIA H200,float16,128,1024,1,tuned/warp,3,3.5872001200914383,0.0,True,16,10,graph_amortized_device
NVIDIA H200,float16,128,1024,1,tuned/optimized,3,1.9812000915408134,0.0,True,16,10,graph_amortized_device
NVIDIA H200,float16,128,1024,1,tuned/warp,4,3.5881999880075455,0.0,True,16,10,graph_amortized_device
NVIDIA H200,float16,128,1024,1,tuned/fused_opt,4,2.2926000878214836,,True,16,10,graph_amortized_device
NVIDIA H200,float16,128,1024,1,tuned/fused_warp,4,3.0141999945044518,,True,16,10,graph_amortized_device
NVIDIA H200,float16,128,1024,1,dao,4,1.937600038945675,0.0,True,16,10,graph_amortized_device
NVIDIA H200,float16,128,1024,1,dao_plus_quant,4,3.620399907231331,,True,16,10,graph_amortized_device
NVIDIA H200,float16,128,1024,1,tuned/baseline,4,2.281999960541725,0.0,True,16,10,graph_amortized_device
NVIDIA H200,float16,128,1024,1,tuned/optimized,4,1.9797999411821365,0.0,True,16,10,graph_amortized_device
NVIDIA H200,float16,16384,1024,0,dao,0,33.39259922504425,0.0,True,16,10,graph_amortized_device
NVIDIA H200,float16,16384,1024,0,dao_plus_quant,0,71.28980159759521,,True,16,10,graph_amortized_device
NVIDIA H200,float16,16384,1024,0,tuned/baseline,0,116.01120233535767,0.0,True,16,10,graph_amortized_device
NVIDIA H200,float16,16384,1024,0,tuned/optimized,0,47.411200404167175,0.0,True,16,10,graph_amortized_device
NVIDIA H200,float16,16384,1024,0,tuned/warp,0,26.908200979232788,0.0,True,16,10,graph_amortized_device
NVIDIA H200,float16,16384,1024,0,tuned/fused_opt,0,57.67179727554321,,True,16,10,graph_amortized_device
NVIDIA H200,float16,16384,1024,0,tuned/fused_warp,0,23.724600672721863,,True,16,10,graph_amortized_device
NVIDIA H200,float16,16384,1024,0,dao,1,33.42939913272858,0.0,True,16,10,graph_amortized_device
NVIDIA H200,float16,16384,1024,0,tuned/fused_warp,1,23.760999739170074,,True,16,10,graph_amortized_device
NVIDIA H200,float16,16384,1024,0,tuned/fused_opt,1,57.69820213317871,,True,16,10,graph_amortized_device
NVIDIA H200,float16,16384,1024,0,tuned/warp,1,26.991000771522522,0.0,True,16,10,graph_amortized_device
NVIDIA H200,float16,16384,1024,0,tuned/optimized,1,47.41879999637604,0.0,True,16,10,graph_amortized_device
NVIDIA H200,float16,16384,1024,0,tuned/baseline,1,116.24679565429688,0.0,True,16,10,graph_amortized_device
NVIDIA H200,float16,16384,1024,0,dao_plus_quant,1,71.4434027671814,,True,16,10,graph_amortized_device
NVIDIA H200,float16,16384,1024,0,tuned/baseline,2,115.93459844589233,0.0,True,16,10,graph_amortized_device
NVIDIA H200,float16,16384,1024,0,tuned/optimized,2,47.382599115371704,0.0,True,16,10,graph_amortized_device
NVIDIA H200,float16,16384,1024,0,tuned/warp,2,26.837199926376343,0.0,True,16,10,graph_amortized_device
NVIDIA H200,float16,16384,1024,0,tuned/fused_opt,2,57.580000162124634,,True,16,10,graph_amortized_device
NVIDIA H200,float16,16384,1024,0,tuned/fused_warp,2,23.6627995967865,,True,16,10,graph_amortized_device
NVIDIA H200,float16,16384,1024,0,dao,2,33.40960144996643,0.0,True,16,10,graph_amortized_device
NVIDIA H200,float16,16384,1024,0,dao_plus_quant,2,71.25239968299866,,True,16,10,graph_amortized_device
NVIDIA H200,float16,16384,1024,0,tuned/baseline,3,116.00220203399658,0.0,True,16,10,graph_amortized_device
NVIDIA H200,float16,16384,1024,0,dao_plus_quant,3,71.2719976902008,,True,16,10,graph_amortized_device
NVIDIA H200,float16,16384,1024,0,dao,3,33.39579999446869,0.0,True,16,10,graph_amortized_device
NVIDIA H200,float16,16384,1024,0,tuned/fused_warp,3,23.700599372386932,,True,16,10,graph_amortized_device
NVIDIA H200,float16,16384,1024,0,tuned/fused_opt,3,57.6259970664978,,True,16,10,graph_amortized_device
NVIDIA H200,float16,16384,1024,0,tuned/warp,3,26.849201321601868,0.0,True,16,10,graph_amortized_device
NVIDIA H200,float16,16384,1024,0,tuned/optimized,3,47.40520119667053,0.0,True,16,10,graph_amortized_device
NVIDIA H200,float16,16384,1024,0,tuned/warp,4,26.903200149536133,0.0,True,16,10,graph_amortized_device
NVIDIA H200,float16,16384,1024,0,tuned/fused_opt,4,57.627397775650024,,True,16,10,graph_amortized_device
NVIDIA H200,float16,16384,1024,0,tuned/fused_warp,4,23.691600561141968,,True,16,10,graph_amortized_device
NVIDIA H200,float16,16384,1024,0,dao,4,33.480799198150635,0.0,True,16,10,graph_amortized_device
NVIDIA H200,float16,16384,1024,0,dao_plus_quant,4,71.43779993057251,,True,16,10,graph_amortized_device
NVIDIA H200,float16,16384,1024,0,tuned/baseline,4,116.14919900894165,0.0,True,16,10,graph_amortized_device
NVIDIA H200,float16,16384,1024,0,tuned/optimized,4,47.461000084877014,0.0,True,16,10,graph_amortized_device
NVIDIA H200,float16,16384,1024,1,dao,0,33.43999981880188,0.0,True,16,10,graph_amortized_device
NVIDIA H200,float16,16384,1024,1,dao_plus_quant,0,71.48780226707458,,True,16,10,graph_amortized_device
NVIDIA H200,float16,16384,1024,1,tuned/baseline,0,116.5802001953125,0.0,True,16,10,graph_amortized_device
NVIDIA H200,float16,16384,1024,1,tuned/optimized,0,47.648799419403076,0.0,True,16,10,graph_amortized_device
NVIDIA H200,float16,16384,1024,1,tuned/warp,0,25.364801287651062,0.0,True,16,10,graph_amortized_device
NVIDIA H200,float16,16384,1024,1,tuned/fused_opt,0,58.06499719619751,,True,16,10,graph_amortized_device
NVIDIA H200,float16,16384,1024,1,tuned/fused_warp,0,24.140599370002747,,True,16,10,graph_amortized_device
NVIDIA H200,float16,16384,1024,1,dao,1,33.369800448417664,0.0,True,16,10,graph_amortized_device
NVIDIA H200,float16,16384,1024,1,tuned/fused_warp,1,24.135999381542206,,True,16,10,graph_amortized_device
NVIDIA H200,float16,16384,1024,1,tuned/fused_opt,1,58.06779861450195,,True,16,10,graph_amortized_device
NVIDIA H200,float16,16384,1024,1,tuned/warp,1,25.34799873828888,0.0,True,16,10,graph_amortized_device
NVIDIA H200,float16,16384,1024,1,tuned/optimized,1,47.58780002593994,0.0,True,16,10,graph_amortized_device
NVIDIA H200,float16,16384,1024,1,tuned/baseline,1,116.89800024032593,0.0,True,16,10,graph_amortized_device
NVIDIA H200,float16,16384,1024,1,dao_plus_quant,1,71.28599882125854,,True,16,10,graph_amortized_device
NVIDIA H200,float16,16384,1024,1,tuned/baseline,2,116.52259826660156,0.0,True,16,10,graph_amortized_device
NVIDIA H200,float16,16384,1024,1,tuned/optimized,2,47.579601407051086,0.0,True,16,10,graph_amortized_device
NVIDIA H200,float16,16384,1024,1,tuned/warp,2,25.34019947052002,0.0,True,16,10,graph_amortized_device
NVIDIA H200,float16,16384,1024,1,tuned/fused_opt,2,58.078598976135254,,True,16,10,graph_amortized_device
NVIDIA H200,float16,16384,1024,1,tuned/fused_warp,2,24.126799404621124,,True,16,10,graph_amortized_device
NVIDIA H200,float16,16384,1024,1,dao,2,33.37000012397766,0.0,True,16,10,graph_amortized_device
NVIDIA H200,float16,16384,1024,1,dao_plus_quant,2,71.32059931755066,,True,16,10,graph_amortized_device
NVIDIA H200,float16,16384,1024,1,tuned/baseline,3,116.53599739074707,0.0,True,16,10,graph_amortized_device
NVIDIA H200,float16,16384,1024,1,dao_plus_quant,3,71.4680016040802,,True,16,10,graph_amortized_device
NVIDIA H200,float16,16384,1024,1,dao,3,33.50659906864166,0.0,True,16,10,graph_amortized_device
NVIDIA H200,float16,16384,1024,1,tuned/fused_warp,3,24.235400557518005,,True,16,10,graph_amortized_device
NVIDIA H200,float16,16384,1024,1,tuned/fused_opt,3,58.25420022010803,,True,16,10,graph_amortized_device
NVIDIA H200,float16,16384,1024,1,tuned/warp,3,25.42940080165863,0.0,True,16,10,graph_amortized_device
NVIDIA H200,float16,16384,1024,1,tuned/optimized,3,47.662800550460815,0.0,True,16,10,graph_amortized_device
NVIDIA H200,float16,16384,1024,1,tuned/warp,4,25.494998693466187,0.0,True,16,10,graph_amortized_device
NVIDIA H200,float16,16384,1024,1,tuned/fused_opt,4,58.18420052528381,,True,16,10,graph_amortized_device
NVIDIA H200,float16,16384,1024,1,tuned/fused_warp,4,24.249400198459625,,True,16,10,graph_amortized_device
NVIDIA H200,float16,16384,1024,1,dao,4,33.48979949951172,0.0,True,16,10,graph_amortized_device
NVIDIA H200,float16,16384,1024,1,dao_plus_quant,4,71.47120237350464,,True,16,10,graph_amortized_device
NVIDIA H200,float16,16384,1024,1,tuned/baseline,4,116.49919748306274,0.0,True,16,10,graph_amortized_device
NVIDIA H200,float16,16384,1024,1,tuned/optimized,4,47.595998644828796,0.0,True,16,10,graph_amortized_device
NVIDIA H200,float16,131072,1024,0,dao,0,249.4891881942749,0.0,True,16,10,graph_amortized_device
NVIDIA H200,float16,131072,1024,0,dao_plus_quant,0,544.532585144043,,True,16,10,graph_amortized_device
NVIDIA H200,float16,131072,1024,0,tuned/baseline,0,909.5268249511719,0.0,True,16,10,graph_amortized_device
NVIDIA H200,float16,131072,1024,0,tuned/optimized,0,359.0748071670532,0.0,True,16,10,graph_amortized_device
NVIDIA H200,float16,131072,1024,0,tuned/warp,0,173.566997051239,0.0,True,16,10,graph_amortized_device
NVIDIA H200,float16,131072,1024,0,tuned/fused_opt,0,459.89298820495605,,True,16,10,graph_amortized_device
NVIDIA H200,float16,131072,1024,0,tuned/fused_warp,0,167.0099973678589,,True,16,10,graph_amortized_device
NVIDIA H200,float16,131072,1024,0,dao,1,249.63579177856445,0.0,True,16,10,graph_amortized_device
NVIDIA H200,float16,131072,1024,0,tuned/fused_warp,1,166.8936014175415,,True,16,10,graph_amortized_device
NVIDIA H200,float16,131072,1024,0,tuned/fused_opt,1,460.0339889526367,,True,16,10,graph_amortized_device
NVIDIA H200,float16,131072,1024,0,tuned/warp,1,173.79300594329834,0.0,True,16,10,graph_amortized_device
NVIDIA H200,float16,131072,1024,0,tuned/optimized,1,359.46640968322754,0.0,True,16,10,graph_amortized_device
NVIDIA H200,float16,131072,1024,0,tuned/baseline,1,908.5977554321289,0.0,True,16,10,graph_amortized_device
NVIDIA H200,float16,131072,1024,0,dao_plus_quant,1,544.1448211669922,,True,16,10,graph_amortized_device
NVIDIA H200,float16,131072,1024,0,tuned/baseline,2,908.6009979248047,0.0,True,16,10,graph_amortized_device
NVIDIA H200,float16,131072,1024,0,tuned/optimized,2,359.1871976852417,0.0,True,16,10,graph_amortized_device
NVIDIA H200,float16,131072,1024,0,tuned/warp,2,173.72339963912964,0.0,True,16,10,graph_amortized_device
NVIDIA H200,float16,131072,1024,0,tuned/fused_opt,2,460.1006031036377,,True,16,10,graph_amortized_device
NVIDIA H200,float16,131072,1024,0,tuned/fused_warp,2,167.0654058456421,,True,16,10,graph_amortized_device
NVIDIA H200,float16,131072,1024,0,dao,2,249.37338829040527,0.0,True,16,10,graph_amortized_device
NVIDIA H200,float16,131072,1024,0,dao_plus_quant,2,543.7833786010742,,True,16,10,graph_amortized_device
NVIDIA H200,float16,131072,1024,0,tuned/baseline,3,909.2490196228027,0.0,True,16,10,graph_amortized_device
NVIDIA H200,float16,131072,1024,0,dao_plus_quant,3,543.7074184417725,,True,16,10,graph_amortized_device
NVIDIA H200,float16,131072,1024,0,dao,3,249.43981170654297,0.0,True,16,10,graph_amortized_device
NVIDIA H200,float16,131072,1024,0,tuned/fused_warp,3,166.9558048248291,,True,16,10,graph_amortized_device
NVIDIA H200,float16,131072,1024,0,tuned/fused_opt,3,459.95001792907715,,True,16,10,graph_amortized_device
NVIDIA H200,float16,131072,1024,0,tuned/warp,3,173.54179620742798,0.0,True,16,10,graph_amortized_device
NVIDIA H200,float16,131072,1024,0,tuned/optimized,3,359.39300060272217,0.0,True,16,10,graph_amortized_device
NVIDIA H200,float16,131072,1024,0,tuned/warp,4,173.76500368118286,0.0,True,16,10,graph_amortized_device
NVIDIA H200,float16,131072,1024,0,tuned/fused_opt,4,460.1717948913574,,True,16,10,graph_amortized_device
NVIDIA H200,float16,131072,1024,0,tuned/fused_warp,4,166.9909954071045,,True,16,10,graph_amortized_device
NVIDIA H200,float16,131072,1024,0,dao,4,250.04899501800537,0.0,True,16,10,graph_amortized_device
NVIDIA H200,float16,131072,1024,0,dao_plus_quant,4,544.4953918457031,,True,16,10,graph_amortized_device
NVIDIA H200,float16,131072,1024,0,tuned/baseline,4,908.7568283081055,0.0,True,16,10,graph_amortized_device
NVIDIA H200,float16,131072,1024,0,tuned/optimized,4,359.1376066207886,0.0,True,16,10,graph_amortized_device
NVIDIA H200,float16,131072,1024,1,dao,0,249.39560890197754,0.0,True,16,10,graph_amortized_device
NVIDIA H200,float16,131072,1024,1,dao_plus_quant,0,543.8047885894775,,True,16,10,graph_amortized_device
NVIDIA H200,float16,131072,1024,1,tuned/baseline,0,914.5299911499023,0.0,True,16,10,graph_amortized_device
NVIDIA H200,float16,131072,1024,1,tuned/optimized,0,360.8527898788452,0.0,True,16,10,graph_amortized_device
NVIDIA H200,float16,131072,1024,1,tuned/warp,0,169.2613959312439,0.0,True,16,10,graph_amortized_device
NVIDIA H200,float16,131072,1024,1,tuned/fused_opt,0,461.72780990600586,,True,16,10,graph_amortized_device
NVIDIA H200,float16,131072,1024,1,tuned/fused_warp,0,169.46359872817993,,True,16,10,graph_amortized_device
NVIDIA H200,float16,131072,1024,1,dao,1,249.3377923965454,0.0,True,16,10,graph_amortized_device
NVIDIA H200,float16,131072,1024,1,tuned/fused_warp,1,169.34139728546143,,True,16,10,graph_amortized_device
NVIDIA H200,float16,131072,1024,1,tuned/fused_opt,1,461.31200790405273,,True,16,10,graph_amortized_device
NVIDIA H200,float16,131072,1024,1,tuned/warp,1,169.17959451675415,0.0,True,16,10,graph_amortized_device
NVIDIA H200,float16,131072,1024,1,tuned/optimized,1,360.9395980834961,0.0,True,16,10,graph_amortized_device
NVIDIA H200,float16,131072,1024,1,tuned/baseline,1,914.7919654846191,0.0,True,16,10,graph_amortized_device
NVIDIA H200,float16,131072,1024,1,dao_plus_quant,1,544.3657875061035,,True,16,10,graph_amortized_device
NVIDIA H200,float16,131072,1024,1,tuned/baseline,2,914.4198417663574,0.0,True,16,10,graph_amortized_device
NVIDIA H200,float16,131072,1024,1,tuned/optimized,2,360.7614040374756,0.0,True,16,10,graph_amortized_device
NVIDIA H200,float16,131072,1024,1,tuned/warp,2,169.12879943847656,0.0,True,16,10,graph_amortized_device
NVIDIA H200,float16,131072,1024,1,tuned/fused_opt,2,461.72242164611816,,True,16,10,graph_amortized_device
NVIDIA H200,float16,131072,1024,1,tuned/fused_warp,2,169.3876028060913,,True,16,10,graph_amortized_device
NVIDIA H200,float16,131072,1024,1,dao,2,249.30360317230225,0.0,True,16,10,graph_amortized_device
NVIDIA H200,float16,131072,1024,1,dao_plus_quant,2,544.404411315918,,True,16,10,graph_amortized_device
NVIDIA H200,float16,131072,1024,1,tuned/baseline,3,914.5303726196289,0.0,True,16,10,graph_amortized_device
NVIDIA H200,float16,131072,1024,1,dao_plus_quant,3,543.7657833099365,,True,16,10,graph_amortized_device
NVIDIA H200,float16,131072,1024,1,dao,3,249.67100620269775,0.0,True,16,10,graph_amortized_device
NVIDIA H200,float16,131072,1024,1,tuned/fused_warp,3,169.41499710083008,,True,16,10,graph_amortized_device
NVIDIA H200,float16,131072,1024,1,tuned/fused_opt,3,461.66038513183594,,True,16,10,graph_amortized_device
NVIDIA H200,float16,131072,1024,1,tuned/warp,3,169.21379566192627,0.0,True,16,10,graph_amortized_device
NVIDIA H200,float16,131072,1024,1,tuned/optimized,3,360.8438014984131,0.0,True,16,10,graph_amortized_device
NVIDIA H200,float16,131072,1024,1,tuned/warp,4,169.09760236740112,0.0,True,16,10,graph_amortized_device
NVIDIA H200,float16,131072,1024,1,tuned/fused_opt,4,461.29298210144043,,True,16,10,graph_amortized_device
NVIDIA H200,float16,131072,1024,1,tuned/fused_warp,4,169.35399770736694,,True,16,10,graph_amortized_device
NVIDIA H200,float16,131072,1024,1,dao,4,249.89619255065918,0.0,True,16,10,graph_amortized_device
NVIDIA H200,float16,131072,1024,1,dao_plus_quant,4,544.0355777740479,,True,16,10,graph_amortized_device
NVIDIA H200,float16,131072,1024,1,tuned/baseline,4,914.7013664245605,0.0,True,16,10,graph_amortized_device
NVIDIA H200,float16,131072,1024,1,tuned/optimized,4,360.7136011123657,0.0,True,16,10,graph_amortized_device
NVIDIA H200,bfloat16,1,64,0,dao,0,1.5440000221133232,0.0,True,16,10,graph_amortized_device
NVIDIA H200,bfloat16,1,64,0,dao_plus_quant,0,2.686999924480915,,True,16,10,graph_amortized_device
NVIDIA H200,bfloat16,1,64,0,tuned/baseline,0,1.527199987322092,0.0,True,16,10,graph_amortized_device
NVIDIA H200,bfloat16,1,64,0,tuned/optimized,0,1.4077999629080296,0.0,True,16,10,graph_amortized_device
NVIDIA H200,bfloat16,1,64,0,tuned/warp,0,1.339999958872795,0.0,True,16,10,graph_amortized_device
NVIDIA H200,bfloat16,1,64,0,tuned/fused_opt,0,1.6496000811457634,,True,16,10,graph_amortized_device
NVIDIA H200,bfloat16,1,64,0,tuned/fused_warp,0,1.6338000074028969,,True,16,10,graph_amortized_device
NVIDIA H200,bfloat16,1,64,0,dao,1,1.5433999709784985,0.0,True,16,10,graph_amortized_device
NVIDIA H200,bfloat16,1,64,0,tuned/fused_warp,1,1.6349999234080315,,True,16,10,graph_amortized_device
NVIDIA H200,bfloat16,1,64,0,tuned/fused_opt,1,1.6473999246954918,,True,16,10,graph_amortized_device
NVIDIA H200,bfloat16,1,64,0,tuned/warp,1,1.3394000008702278,0.0,True,16,10,graph_amortized_device
NVIDIA H200,bfloat16,1,64,0,tuned/optimized,1,1.4034000225365162,0.0,True,16,10,graph_amortized_device
NVIDIA H200,bfloat16,1,64,0,tuned/baseline,1,1.5259999781847,0.0,True,16,10,graph_amortized_device
NVIDIA H200,bfloat16,1,64,0,dao_plus_quant,1,2.686399966478348,,True,16,10,graph_amortized_device
NVIDIA H200,bfloat16,1,64,0,tuned/baseline,2,1.5282000415027142,0.0,True,16,10,graph_amortized_device
NVIDIA H200,bfloat16,1,64,0,tuned/optimized,2,1.4065999537706375,0.0,True,16,10,graph_amortized_device
NVIDIA H200,bfloat16,1,64,0,tuned/warp,2,1.3376000337302685,0.0,True,16,10,graph_amortized_device
NVIDIA H200,bfloat16,1,64,0,tuned/fused_opt,2,1.649400033056736,,True,16,10,graph_amortized_device
NVIDIA H200,bfloat16,1,64,0,tuned/fused_warp,2,1.6338000074028969,,True,16,10,graph_amortized_device
NVIDIA H200,bfloat16,1,64,0,dao,2,1.5238000079989433,0.0,True,16,10,graph_amortized_device
NVIDIA H200,bfloat16,1,64,0,dao_plus_quant,2,2.684600092470646,,True,16,10,graph_amortized_device
NVIDIA H200,bfloat16,1,64,0,tuned/baseline,3,1.5250000171363354,0.0,True,16,10,graph_amortized_device
NVIDIA H200,bfloat16,1,64,0,dao_plus_quant,3,2.685599960386753,,True,16,10,graph_amortized_device
NVIDIA H200,bfloat16,1,64,0,dao,3,1.540399994701147,0.0,True,16,10,graph_amortized_device
NVIDIA H200,bfloat16,1,64,0,tuned/fused_warp,3,1.6340000554919243,,True,16,10,graph_amortized_device
NVIDIA H200,bfloat16,1,64,0,tuned/fused_opt,3,1.6486000269651413,,True,16,10,graph_amortized_device
NVIDIA H200,bfloat16,1,64,0,tuned/warp,3,1.341800019145012,0.0,True,16,10,graph_amortized_device
NVIDIA H200,bfloat16,1,64,0,tuned/optimized,3,1.4035999774932861,0.0,True,16,10,graph_amortized_device
NVIDIA H200,bfloat16,1,64,0,tuned/warp,4,1.3377999886870384,0.0,True,16,10,graph_amortized_device
NVIDIA H200,bfloat16,1,64,0,tuned/fused_opt,4,1.6489999368786812,,True,16,10,graph_amortized_device
NVIDIA H200,bfloat16,1,64,0,tuned/fused_warp,4,1.6341999173164368,,True,16,10,graph_amortized_device
NVIDIA H200,bfloat16,1,64,0,dao,4,1.5412000007927418,0.0,True,16,10,graph_amortized_device
NVIDIA H200,bfloat16,1,64,0,dao_plus_quant,4,2.6861999183893204,,True,16,10,graph_amortized_device
NVIDIA H200,bfloat16,1,64,0,tuned/baseline,4,1.527199987322092,0.0,True,16,10,graph_amortized_device
NVIDIA H200,bfloat16,1,64,0,tuned/optimized,4,1.4059999957680702,0.0,True,16,10,graph_amortized_device
NVIDIA H200,bfloat16,1,64,1,dao,0,1.5395999886095524,0.0,True,16,10,graph_amortized_device
NVIDIA H200,bfloat16,1,64,1,dao_plus_quant,0,2.6655999943614006,,True,16,10,graph_amortized_device
NVIDIA H200,bfloat16,1,64,1,tuned/baseline,0,1.5213999897241592,0.0,True,16,10,graph_amortized_device
NVIDIA H200,bfloat16,1,64,1,tuned/optimized,0,1.4113999903202057,0.0,True,16,10,graph_amortized_device
NVIDIA H200,bfloat16,1,64,1,tuned/warp,0,1.3105999678373337,0.0,True,16,10,graph_amortized_device
NVIDIA H200,bfloat16,1,64,1,tuned/fused_opt,0,1.6454000025987625,,True,16,10,graph_amortized_device
NVIDIA H200,bfloat16,1,64,1,tuned/fused_warp,0,1.6063999384641647,,True,16,10,graph_amortized_device
NVIDIA H200,bfloat16,1,64,1,dao,1,1.5407999977469444,0.0,True,16,10,graph_amortized_device
NVIDIA H200,bfloat16,1,64,1,tuned/fused_warp,1,1.6068000346422195,,True,16,10,graph_amortized_device
NVIDIA H200,bfloat16,1,64,1,tuned/fused_opt,1,1.6434000805020332,,True,16,10,graph_amortized_device
NVIDIA H200,bfloat16,1,64,1,tuned/warp,1,1.3141999952495098,0.0,True,16,10,graph_amortized_device
NVIDIA H200,bfloat16,1,64,1,tuned/optimized,1,1.413199957460165,0.0,True,16,10,graph_amortized_device
NVIDIA H200,bfloat16,1,64,1,tuned/baseline,1,1.5197999775409698,0.0,True,16,10,graph_amortized_device
NVIDIA H200,bfloat16,1,64,1,dao_plus_quant,1,2.6556000113487244,,True,16,10,graph_amortized_device
NVIDIA H200,bfloat16,1,64,1,tuned/baseline,2,1.5201999805867672,0.0,True,16,10,graph_amortized_device
NVIDIA H200,bfloat16,1,64,1,tuned/optimized,2,1.39340003952384,0.0,True,16,10,graph_amortized_device
NVIDIA H200,bfloat16,1,64,1,tuned/warp,2,1.310800015926361,0.0,True,16,10,graph_amortized_device
NVIDIA H200,bfloat16,1,64,1,tuned/fused_opt,2,1.6435999423265457,,True,16,10,graph_amortized_device
NVIDIA H200,bfloat16,1,64,1,tuned/fused_warp,2,1.6076000407338142,,True,16,10,graph_amortized_device
NVIDIA H200,bfloat16,1,64,1,dao,2,1.5387999825179577,0.0,True,16,10,graph_amortized_device
NVIDIA H200,bfloat16,1,64,1,dao_plus_quant,2,2.657400071620941,,True,16,10,graph_amortized_device
NVIDIA H200,bfloat16,1,64,1,tuned/baseline,3,1.5197999775409698,0.0,True,16,10,graph_amortized_device
NVIDIA H200,bfloat16,1,64,1,dao_plus_quant,3,2.658200077712536,,True,16,10,graph_amortized_device
NVIDIA H200,bfloat16,1,64,1,dao,3,1.539000030606985,0.0,True,16,10,graph_amortized_device
NVIDIA H200,bfloat16,1,64,1,tuned/fused_warp,3,1.6057999804615974,,True,16,10,graph_amortized_device
NVIDIA H200,bfloat16,1,64,1,tuned/fused_opt,3,1.645199954509735,,True,16,10,graph_amortized_device
NVIDIA H200,bfloat16,1,64,1,tuned/warp,3,1.3144000433385372,0.0,True,16,10,graph_amortized_device
NVIDIA H200,bfloat16,1,64,1,tuned/optimized,3,1.4138000085949898,0.0,True,16,10,graph_amortized_device
NVIDIA H200,bfloat16,1,64,1,tuned/warp,4,1.3100000098347664,0.0,True,16,10,graph_amortized_device
NVIDIA H200,bfloat16,1,64,1,tuned/fused_opt,4,1.6464000567793846,,True,16,10,graph_amortized_device
NVIDIA H200,bfloat16,1,64,1,tuned/fused_warp,4,1.6079999506473541,,True,16,10,graph_amortized_device
NVIDIA H200,bfloat16,1,64,1,dao,4,1.5394000336527824,0.0,True,16,10,graph_amortized_device
NVIDIA H200,bfloat16,1,64,1,dao_plus_quant,4,2.6556000113487244,,True,16,10,graph_amortized_device
NVIDIA H200,bfloat16,1,64,1,tuned/baseline,4,1.5200000256299973,0.0,True,16,10,graph_amortized_device
NVIDIA H200,bfloat16,1,64,1,tuned/optimized,4,1.4120000414550304,0.0,True,16,10,graph_amortized_device
NVIDIA H200,bfloat16,128,64,0,dao,0,1.7068000510334969,0.0,True,16,10,graph_amortized_device
NVIDIA H200,bfloat16,128,64,0,dao_plus_quant,0,3.1925998628139496,,True,16,10,graph_amortized_device
NVIDIA H200,bfloat16,128,64,0,tuned/baseline,0,1.6885999590158463,0.0,True,16,10,graph_amortized_device
NVIDIA H200,bfloat16,128,64,0,tuned/optimized,0,1.508800033479929,0.0,True,16,10,graph_amortized_device
NVIDIA H200,bfloat16,128,64,0,tuned/warp,0,1.5274000354111195,0.0,True,16,10,graph_amortized_device
NVIDIA H200,bfloat16,128,64,0,tuned/fused_opt,0,1.881599985063076,,True,16,10,graph_amortized_device
NVIDIA H200,bfloat16,128,64,0,tuned/fused_warp,0,1.7139999195933342,,True,16,10,graph_amortized_device
NVIDIA H200,bfloat16,128,64,0,dao,1,1.7066000029444695,0.0,True,16,10,graph_amortized_device
NVIDIA H200,bfloat16,128,64,0,tuned/fused_warp,1,1.7165999859571457,,True,16,10,graph_amortized_device
NVIDIA H200,bfloat16,128,64,0,tuned/fused_opt,1,1.879199966788292,,True,16,10,graph_amortized_device
NVIDIA H200,bfloat16,128,64,0,tuned/warp,1,1.5275999903678894,0.0,True,16,10,graph_amortized_device
NVIDIA H200,bfloat16,128,64,0,tuned/optimized,1,1.5084000304341316,0.0,True,16,10,graph_amortized_device
NVIDIA H200,bfloat16,128,64,0,tuned/baseline,1,1.688000001013279,0.0,True,16,10,graph_amortized_device
NVIDIA H200,bfloat16,128,64,0,dao_plus_quant,1,3.192799910902977,,True,16,10,graph_amortized_device
NVIDIA H200,bfloat16,128,64,0,tuned/baseline,2,1.6901999711990356,0.0,True,16,10,graph_amortized_device
NVIDIA H200,bfloat16,128,64,0,tuned/optimized,2,1.4794000424444675,0.0,True,16,10,graph_amortized_device
NVIDIA H200,bfloat16,128,64,0,tuned/warp,2,1.5282000415027142,0.0,True,16,10,graph_amortized_device
NVIDIA H200,bfloat16,128,64,0,tuned/fused_opt,2,1.878800056874752,,True,16,10,graph_amortized_device
NVIDIA H200,bfloat16,128,64,0,tuned/fused_warp,2,1.714400015771389,,True,16,10,graph_amortized_device
NVIDIA H200,bfloat16,128,64,0,dao,2,1.7055999487638474,0.0,True,16,10,graph_amortized_device
NVIDIA H200,bfloat16,128,64,0,dao_plus_quant,2,3.1915999948978424,,True,16,10,graph_amortized_device
NVIDIA H200,bfloat16,128,64,0,tuned/baseline,3,1.690799929201603,0.0,True,16,10,graph_amortized_device
NVIDIA H200,bfloat16,128,64,0,dao_plus_quant,3,3.1915999948978424,,True,16,10,graph_amortized_device
NVIDIA H200,bfloat16,128,64,0,dao,3,1.70499999076128,0.0,True,16,10,graph_amortized_device
NVIDIA H200,bfloat16,128,64,0,tuned/fused_warp,3,1.7163999378681183,,True,16,10,graph_amortized_device
NVIDIA H200,bfloat16,128,64,0,tuned/fused_opt,3,1.8797999247908592,,True,16,10,graph_amortized_device
NVIDIA H200,bfloat16,128,64,0,tuned/warp,3,1.5286000445485115,0.0,True,16,10,graph_amortized_device
NVIDIA H200,bfloat16,128,64,0,tuned/optimized,3,1.511599961668253,0.0,True,16,10,graph_amortized_device
NVIDIA H200,bfloat16,128,64,0,tuned/warp,4,1.5279999934136868,0.0,True,16,10,graph_amortized_device
NVIDIA H200,bfloat16,128,64,0,tuned/fused_opt,4,1.8804000690579414,,True,16,10,graph_amortized_device
NVIDIA H200,bfloat16,128,64,0,tuned/fused_warp,4,1.7162000760436058,,True,16,10,graph_amortized_device
NVIDIA H200,bfloat16,128,64,0,dao,4,1.7060000449419022,0.0,True,16,10,graph_amortized_device
NVIDIA H200,bfloat16,128,64,0,dao_plus_quant,4,3.1922001391649246,,True,16,10,graph_amortized_device
NVIDIA H200,bfloat16,128,64,0,tuned/baseline,4,1.6888000071048737,0.0,True,16,10,graph_amortized_device
NVIDIA H200,bfloat16,128,64,0,tuned/optimized,4,1.5072000212967396,0.0,True,16,10,graph_amortized_device
NVIDIA H200,bfloat16,128,64,1,dao,0,1.7203999683260918,0.0,True,16,10,graph_amortized_device
NVIDIA H200,bfloat16,128,64,1,dao_plus_quant,0,3.2127998769283295,,True,16,10,graph_amortized_device
NVIDIA H200,bfloat16,128,64,1,tuned/baseline,0,1.6737999394536018,0.0,True,16,10,graph_amortized_device
NVIDIA H200,bfloat16,128,64,1,tuned/optimized,0,1.548799965530634,0.0,True,16,10,graph_amortized_device
NVIDIA H200,bfloat16,128,64,1,tuned/warp,0,1.5052000060677528,0.0,True,16,10,graph_amortized_device
NVIDIA H200,bfloat16,128,64,1,tuned/fused_opt,0,1.900400035083294,,True,16,10,graph_amortized_device
NVIDIA H200,bfloat16,128,64,1,tuned/fused_warp,0,1.73140000551939,,True,16,10,graph_amortized_device
NVIDIA H200,bfloat16,128,64,1,dao,1,1.719599962234497,0.0,True,16,10,graph_amortized_device
NVIDIA H200,bfloat16,128,64,1,tuned/fused_warp,1,1.7309999093413353,,True,16,10,graph_amortized_device
NVIDIA H200,bfloat16,128,64,1,tuned/fused_opt,1,1.900400035083294,,True,16,10,graph_amortized_device
NVIDIA H200,bfloat16,128,64,1,tuned/warp,1,1.5061999671161175,0.0,True,16,10,graph_amortized_device
NVIDIA H200,bfloat16,128,64,1,tuned/optimized,1,1.5495999716222286,0.0,True,16,10,graph_amortized_device
NVIDIA H200,bfloat16,128,64,1,tuned/baseline,1,1.6726000234484673,0.0,True,16,10,graph_amortized_device
NVIDIA H200,bfloat16,128,64,1,dao_plus_quant,1,3.215799853205681,,True,16,10,graph_amortized_device
NVIDIA H200,bfloat16,128,64,1,tuned/baseline,2,1.6713999211788177,0.0,True,16,10,graph_amortized_device
NVIDIA H200,bfloat16,128,64,1,tuned/optimized,2,1.549800019711256,0.0,True,16,10,graph_amortized_device
NVIDIA H200,bfloat16,128,64,1,tuned/warp,2,1.5057999640703201,0.0,True,16,10,graph_amortized_device
NVIDIA H200,bfloat16,128,64,1,tuned/fused_opt,2,1.8996000289916992,,True,16,10,graph_amortized_device
NVIDIA H200,bfloat16,128,64,1,tuned/fused_warp,2,1.73140000551939,,True,16,10,graph_amortized_device
NVIDIA H200,bfloat16,128,64,1,dao,2,1.714400015771389,0.0,True,16,10,graph_amortized_device
NVIDIA H200,bfloat16,128,64,1,dao_plus_quant,2,3.2131999731063843,,True,16,10,graph_amortized_device
NVIDIA H200,bfloat16,128,64,1,tuned/baseline,3,1.6702000051736832,0.0,True,16,10,graph_amortized_device
NVIDIA H200,bfloat16,128,64,1,dao_plus_quant,3,3.2186001539230347,,True,16,10,graph_amortized_device
NVIDIA H200,bfloat16,128,64,1,dao,3,1.7198000103235245,0.0,True,16,10,graph_amortized_device
NVIDIA H200,bfloat16,128,64,1,tuned/fused_warp,3,1.7308000475168228,,True,16,10,graph_amortized_device
NVIDIA H200,bfloat16,128,64,1,tuned/fused_opt,3,1.901799999177456,,True,16,10,graph_amortized_device
NVIDIA H200,bfloat16,128,64,1,tuned/warp,3,1.5056000091135502,0.0,True,16,10,graph_amortized_device
NVIDIA H200,bfloat16,128,64,1,tuned/optimized,3,1.5482000075280666,0.0,True,16,10,graph_amortized_device
NVIDIA H200,bfloat16,128,64,1,tuned/warp,4,1.5060000121593475,0.0,True,16,10,graph_amortized_device
NVIDIA H200,bfloat16,128,64,1,tuned/fused_opt,4,1.9026000052690506,,True,16,10,graph_amortized_device
NVIDIA H200,bfloat16,128,64,1,tuned/fused_warp,4,1.7308000475168228,,True,16,10,graph_amortized_device
NVIDIA H200,bfloat16,128,64,1,dao,4,1.7184000462293625,0.0,True,16,10,graph_amortized_device
NVIDIA H200,bfloat16,128,64,1,dao_plus_quant,4,3.2175999134778976,,True,16,10,graph_amortized_device
NVIDIA H200,bfloat16,128,64,1,tuned/baseline,4,1.6723999753594398,0.0,True,16,10,graph_amortized_device
NVIDIA H200,bfloat16,128,64,1,tuned/optimized,4,1.5491999685764313,0.0,True,16,10,graph_amortized_device
NVIDIA H200,bfloat16,16384,64,0,dao,0,11.316999793052673,0.0,True,16,10,graph_amortized_device
NVIDIA H200,bfloat16,16384,64,0,dao_plus_quant,0,22.24320024251938,,True,16,10,graph_amortized_device
NVIDIA H200,bfloat16,16384,64,0,tuned/baseline,0,11.495599895715714,0.0,True,16,10,graph_amortized_device
NVIDIA H200,bfloat16,16384,64,0,tuned/optimized,0,3.850400075316429,0.0,True,16,10,graph_amortized_device
NVIDIA H200,bfloat16,16384,64,0,tuned/warp,0,2.8060000389814377,0.0,True,16,10,graph_amortized_device
NVIDIA H200,bfloat16,16384,64,0,tuned/fused_opt,0,11.524000018835068,,True,16,10,graph_amortized_device
NVIDIA H200,bfloat16,16384,64,0,tuned/fused_warp,0,3.7592001259326935,,True,16,10,graph_amortized_device
NVIDIA H200,bfloat16,16384,64,0,dao,1,11.318600177764893,0.0,True,16,10,graph_amortized_device
NVIDIA H200,bfloat16,16384,64,0,tuned/fused_warp,1,3.7558000534772873,,True,16,10,graph_amortized_device
NVIDIA H200,bfloat16,16384,64,0,tuned/fused_opt,1,11.529400199651718,,True,16,10,graph_amortized_device
NVIDIA H200,bfloat16,16384,64,0,tuned/warp,1,2.8084000572562218,0.0,True,16,10,graph_amortized_device
NVIDIA H200,bfloat16,16384,64,0,tuned/optimized,1,3.845600038766861,0.0,True,16,10,graph_amortized_device
NVIDIA H200,bfloat16,16384,64,0,tuned/baseline,1,11.495599895715714,0.0,True,16,10,graph_amortized_device
NVIDIA H200,bfloat16,16384,64,0,dao_plus_quant,1,22.241200506687164,,True,16,10,graph_amortized_device
NVIDIA H200,bfloat16,16384,64,0,tuned/baseline,2,11.496400088071823,0.0,True,16,10,graph_amortized_device
NVIDIA H200,bfloat16,16384,64,0,tuned/optimized,2,3.8378000259399414,0.0,True,16,10,graph_amortized_device
NVIDIA H200,bfloat16,16384,64,0,tuned/warp,2,2.8039999306201935,0.0,True,16,10,graph_amortized_device
NVIDIA H200,bfloat16,16384,64,0,tuned/fused_opt,2,11.528400331735611,,True,16,10,graph_amortized_device
NVIDIA H200,bfloat16,16384,64,0,tuned/fused_warp,2,3.7585999816656113,,True,16,10,graph_amortized_device
NVIDIA H200,bfloat16,16384,64,0,dao,2,11.314799636602402,0.0,True,16,10,graph_amortized_device
NVIDIA H200,bfloat16,16384,64,0,dao_plus_quant,2,22.259800136089325,,True,16,10,graph_amortized_device
NVIDIA H200,bfloat16,16384,64,0,tuned/baseline,3,11.51299998164177,0.0,True,16,10,graph_amortized_device
NVIDIA H200,bfloat16,16384,64,0,dao_plus_quant,3,22.268399596214294,,True,16,10,graph_amortized_device
NVIDIA H200,bfloat16,16384,64,0,dao,3,11.327800154685974,0.0,True,16,10,graph_amortized_device
NVIDIA H200,bfloat16,16384,64,0,tuned/fused_warp,3,3.7578001618385315,,True,16,10,graph_amortized_device
NVIDIA H200,bfloat16,16384,64,0,tuned/fused_opt,3,11.542200297117233,,True,16,10,graph_amortized_device
NVIDIA H200,bfloat16,16384,64,0,tuned/warp,3,2.804799936711788,0.0,True,16,10,graph_amortized_device
NVIDIA H200,bfloat16,16384,64,0,tuned/optimized,3,3.8460001349449158,0.0,True,16,10,graph_amortized_device
NVIDIA H200,bfloat16,16384,64,0,tuned/warp,4,2.81360000371933,0.0,True,16,10,graph_amortized_device
NVIDIA H200,bfloat16,16384,64,0,tuned/fused_opt,4,11.544600129127502,,True,16,10,graph_amortized_device
NVIDIA H200,bfloat16,16384,64,0,tuned/fused_warp,4,3.7638001143932343,,True,16,10,graph_amortized_device
NVIDIA H200,bfloat16,16384,64,0,dao,4,11.328200250864029,0.0,True,16,10,graph_amortized_device
NVIDIA H200,bfloat16,16384,64,0,dao_plus_quant,4,22.27099984884262,,True,16,10,graph_amortized_device
NVIDIA H200,bfloat16,16384,64,0,tuned/baseline,4,11.512000113725662,0.0,True,16,10,graph_amortized_device
NVIDIA H200,bfloat16,16384,64,0,tuned/optimized,4,3.840000182390213,0.0,True,16,10,graph_amortized_device
NVIDIA H200,bfloat16,16384,64,1,dao,0,11.337199807167053,0.0,True,16,10,graph_amortized_device
NVIDIA H200,bfloat16,16384,64,1,dao_plus_quant,0,22.327199578285217,,True,16,10,graph_amortized_device
NVIDIA H200,bfloat16,16384,64,1,tuned/baseline,0,11.5167997777462,0.0,True,16,10,graph_amortized_device
NVIDIA H200,bfloat16,16384,64,1,tuned/optimized,0,3.8453999906778336,0.0,True,16,10,graph_amortized_device
NVIDIA H200,bfloat16,16384,64,1,tuned/warp,0,2.8057999908924103,0.0,True,16,10,graph_amortized_device
NVIDIA H200,bfloat16,16384,64,1,tuned/fused_opt,0,11.51840016245842,,True,16,10,graph_amortized_device
NVIDIA H200,bfloat16,16384,64,1,tuned/fused_warp,0,3.7822000682353973,,True,16,10,graph_amortized_device
NVIDIA H200,bfloat16,16384,64,1,dao,1,11.337599903345108,0.0,True,16,10,graph_amortized_device
NVIDIA H200,bfloat16,16384,64,1,tuned/fused_warp,1,3.76259982585907,,True,16,10,graph_amortized_device
NVIDIA H200,bfloat16,16384,64,1,tuned/fused_opt,1,11.51600033044815,,True,16,10,graph_amortized_device
NVIDIA H200,bfloat16,16384,64,1,tuned/warp,1,2.804799936711788,0.0,True,16,10,graph_amortized_device
NVIDIA H200,bfloat16,16384,64,1,tuned/optimized,1,3.8398001343011856,0.0,True,16,10,graph_amortized_device
NVIDIA H200,bfloat16,16384,64,1,tuned/baseline,1,11.514600366353989,0.0,True,16,10,graph_amortized_device
NVIDIA H200,bfloat16,16384,64,1,dao_plus_quant,1,22.323599457740784,,True,16,10,graph_amortized_device
NVIDIA H200,bfloat16,16384,64,1,tuned/baseline,2,11.517400294542313,0.0,True,16,10,graph_amortized_device
NVIDIA H200,bfloat16,16384,64,1,tuned/optimized,2,3.8391999900341034,0.0,True,16,10,graph_amortized_device
NVIDIA H200,bfloat16,16384,64,1,tuned/warp,2,2.7993999421596527,0.0,True,16,10,graph_amortized_device
NVIDIA H200,bfloat16,16384,64,1,tuned/fused_opt,2,11.49820014834404,,True,16,10,graph_amortized_device
NVIDIA H200,bfloat16,16384,64,1,tuned/fused_warp,2,3.778199851512909,,True,16,10,graph_amortized_device
NVIDIA H200,bfloat16,16384,64,1,dao,2,11.33740022778511,0.0,True,16,10,graph_amortized_device
NVIDIA H200,bfloat16,16384,64,1,dao_plus_quant,2,22.32919931411743,,True,16,10,graph_amortized_device
NVIDIA H200,bfloat16,16384,64,1,tuned/baseline,3,11.51600033044815,0.0,True,16,10,graph_amortized_device
NVIDIA H200,bfloat16,16384,64,1,dao_plus_quant,3,22.327400743961334,,True,16,10,graph_amortized_device
NVIDIA H200,bfloat16,16384,64,1,dao,3,11.33899986743927,0.0,True,16,10,graph_amortized_device
NVIDIA H200,bfloat16,16384,64,1,tuned/fused_warp,3,3.773599863052368,,True,16,10,graph_amortized_device
NVIDIA H200,bfloat16,16384,64,1,tuned/fused_opt,3,11.51759997010231,,True,16,10,graph_amortized_device
NVIDIA H200,bfloat16,16384,64,1,tuned/warp,3,2.804199978709221,0.0,True,16,10,graph_amortized_device
NVIDIA H200,bfloat16,16384,64,1,tuned/optimized,3,3.840800002217293,0.0,True,16,10,graph_amortized_device
NVIDIA H200,bfloat16,16384,64,1,tuned/warp,4,2.8015999123454094,0.0,True,16,10,graph_amortized_device
NVIDIA H200,bfloat16,16384,64,1,tuned/fused_opt,4,11.520799994468689,,True,16,10,graph_amortized_device
NVIDIA H200,bfloat16,16384,64,1,tuned/fused_warp,4,3.776799887418747,,True,16,10,graph_amortized_device
NVIDIA H200,bfloat16,16384,64,1,dao,4,11.337800323963165,0.0,True,16,10,graph_amortized_device
NVIDIA H200,bfloat16,16384,64,1,dao_plus_quant,4,22.326600551605225,,True,16,10,graph_amortized_device
NVIDIA H200,bfloat16,16384,64,1,tuned/baseline,4,11.513599753379822,0.0,True,16,10,graph_amortized_device
NVIDIA H200,bfloat16,16384,64,1,tuned/optimized,4,3.8405999541282654,0.0,True,16,10,graph_amortized_device
NVIDIA H200,bfloat16,131072,64,0,dao,0,80.56399822235107,0.0,True,16,10,graph_amortized_device
NVIDIA H200,bfloat16,131072,64,0,dao_plus_quant,0,160.75619459152222,,True,16,10,graph_amortized_device
NVIDIA H200,bfloat16,131072,64,0,tuned/baseline,0,80.71579933166504,0.0,True,16,10,graph_amortized_device
NVIDIA H200,bfloat16,131072,64,0,tuned/optimized,0,21.425800025463104,0.0,True,16,10,graph_amortized_device
NVIDIA H200,bfloat16,131072,64,0,tuned/warp,0,13.737599551677704,0.0,True,16,10,graph_amortized_device
NVIDIA H200,bfloat16,131072,64,0,tuned/fused_opt,0,80.74979782104492,,True,16,10,graph_amortized_device
NVIDIA H200,bfloat16,131072,64,0,tuned/fused_warp,0,18.934200704097748,,True,16,10,graph_amortized_device
NVIDIA H200,bfloat16,131072,64,0,dao,1,80.57159781455994,0.0,True,16,10,graph_amortized_device
NVIDIA H200,bfloat16,131072,64,0,tuned/fused_warp,1,18.920999765396118,,True,16,10,graph_amortized_device
NVIDIA H200,bfloat16,131072,64,0,tuned/fused_opt,1,80.65900206565857,,True,16,10,graph_amortized_device
NVIDIA H200,bfloat16,131072,64,0,tuned/warp,1,13.735200464725494,0.0,True,16,10,graph_amortized_device
NVIDIA H200,bfloat16,131072,64,0,tuned/optimized,1,21.438199281692505,0.0,True,16,10,graph_amortized_device
NVIDIA H200,bfloat16,131072,64,0,tuned/baseline,1,80.70700168609619,0.0,True,16,10,graph_amortized_device
NVIDIA H200,bfloat16,131072,64,0,dao_plus_quant,1,160.68819761276245,,True,16,10,graph_amortized_device
NVIDIA H200,bfloat16,131072,64,0,tuned/baseline,2,80.75180053710938,0.0,True,16,10,graph_amortized_device
NVIDIA H200,bfloat16,131072,64,0,tuned/optimized,2,21.415600180625916,0.0,True,16,10,graph_amortized_device
NVIDIA H200,bfloat16,131072,64,0,tuned/warp,2,13.734999299049377,0.0,True,16,10,graph_amortized_device
NVIDIA H200,bfloat16,131072,64,0,tuned/fused_opt,2,80.66380023956299,,True,16,10,graph_amortized_device
NVIDIA H200,bfloat16,131072,64,0,tuned/fused_warp,2,18.967600166797638,,True,16,10,graph_amortized_device
NVIDIA H200,bfloat16,131072,64,0,dao,2,80.5649995803833,0.0,True,16,10,graph_amortized_device
NVIDIA H200,bfloat16,131072,64,0,dao_plus_quant,2,160.7256054878235,,True,16,10,graph_amortized_device
NVIDIA H200,bfloat16,131072,64,0,tuned/baseline,3,80.71060180664062,0.0,True,16,10,graph_amortized_device
NVIDIA H200,bfloat16,131072,64,0,dao_plus_quant,3,160.71759462356567,,True,16,10,graph_amortized_device
NVIDIA H200,bfloat16,131072,64,0,dao,3,80.56079745292664,0.0,True,16,10,graph_amortized_device
NVIDIA H200,bfloat16,131072,64,0,tuned/fused_warp,3,18.927399814128876,,True,16,10,graph_amortized_device
NVIDIA H200,bfloat16,131072,64,0,tuned/fused_opt,3,80.68000078201294,,True,16,10,graph_amortized_device
NVIDIA H200,bfloat16,131072,64,0,tuned/warp,3,13.741600513458252,0.0,True,16,10,graph_amortized_device
NVIDIA H200,bfloat16,131072,64,0,tuned/optimized,3,21.430599689483643,0.0,True,16,10,graph_amortized_device
NVIDIA H200,bfloat16,131072,64,0,tuned/warp,4,13.723799586296082,0.0,True,16,10,graph_amortized_device
NVIDIA H200,bfloat16,131072,64,0,tuned/fused_opt,4,80.65080046653748,,True,16,10,graph_amortized_device
NVIDIA H200,bfloat16,131072,64,0,tuned/fused_warp,4,18.928800523281097,,True,16,10,graph_amortized_device
NVIDIA H200,bfloat16,131072,64,0,dao,4,80.55379986763,0.0,True,16,10,graph_amortized_device
NVIDIA H200,bfloat16,131072,64,0,dao_plus_quant,4,160.7166051864624,,True,16,10,graph_amortized_device
NVIDIA H200,bfloat16,131072,64,0,tuned/baseline,4,80.72019815444946,0.0,True,16,10,graph_amortized_device
NVIDIA H200,bfloat16,131072,64,0,tuned/optimized,4,21.41219973564148,0.0,True,16,10,graph_amortized_device
NVIDIA H200,bfloat16,131072,64,1,dao,0,80.54260015487671,0.0,True,16,10,graph_amortized_device
NVIDIA H200,bfloat16,131072,64,1,dao_plus_quant,0,160.738205909729,,True,16,10,graph_amortized_device
NVIDIA H200,bfloat16,131072,64,1,tuned/baseline,0,80.7640016078949,0.0,True,16,10,graph_amortized_device
NVIDIA H200,bfloat16,131072,64,1,tuned/optimized,0,21.400800347328186,0.0,True,16,10,graph_amortized_device
NVIDIA H200,bfloat16,131072,64,1,tuned/warp,0,13.81160020828247,0.0,True,16,10,graph_amortized_device
NVIDIA H200,bfloat16,131072,64,1,tuned/fused_opt,0,80.594402551651,,True,16,10,graph_amortized_device
NVIDIA H200,bfloat16,131072,64,1,tuned/fused_warp,0,19.281400740146637,,True,16,10,graph_amortized_device
NVIDIA H200,bfloat16,131072,64,1,dao,1,80.53399920463562,0.0,True,16,10,graph_amortized_device
NVIDIA H200,bfloat16,131072,64,1,tuned/fused_warp,1,19.332200288772583,,True,16,10,graph_amortized_device
NVIDIA H200,bfloat16,131072,64,1,tuned/fused_opt,1,80.53619861602783,,True,16,10,graph_amortized_device
NVIDIA H200,bfloat16,131072,64,1,tuned/warp,1,13.80620002746582,0.0,True,16,10,graph_amortized_device
NVIDIA H200,bfloat16,131072,64,1,tuned/optimized,1,21.392999589443207,0.0,True,16,10,graph_amortized_device
NVIDIA H200,bfloat16,131072,64,1,tuned/baseline,1,80.75860142707825,0.0,True,16,10,graph_amortized_device
NVIDIA H200,bfloat16,131072,64,1,dao_plus_quant,1,160.71959733963013,,True,16,10,graph_amortized_device
NVIDIA H200,bfloat16,131072,64,1,tuned/baseline,2,80.75600266456604,0.0,True,16,10,graph_amortized_device
NVIDIA H200,bfloat16,131072,64,1,tuned/optimized,2,21.38659954071045,0.0,True,16,10,graph_amortized_device
NVIDIA H200,bfloat16,131072,64,1,tuned/warp,2,13.82180005311966,0.0,True,16,10,graph_amortized_device
NVIDIA H200,bfloat16,131072,64,1,tuned/fused_opt,2,80.59840202331543,,True,16,10,graph_amortized_device
NVIDIA H200,bfloat16,131072,64,1,tuned/fused_warp,2,19.271600246429443,,True,16,10,graph_amortized_device
NVIDIA H200,bfloat16,131072,64,1,dao,2,80.52600026130676,0.0,True,16,10,graph_amortized_device
NVIDIA H200,bfloat16,131072,64,1,dao_plus_quant,2,160.73139905929565,,True,16,10,graph_amortized_device
NVIDIA H200,bfloat16,131072,64,1,tuned/baseline,3,80.7479977607727,0.0,True,16,10,graph_amortized_device
NVIDIA H200,bfloat16,131072,64,1,dao_plus_quant,3,160.71360111236572,,True,16,10,graph_amortized_device
NVIDIA H200,bfloat16,131072,64,1,dao,3,80.52420020103455,0.0,True,16,10,graph_amortized_device
NVIDIA H200,bfloat16,131072,64,1,tuned/fused_warp,3,19.32159960269928,,True,16,10,graph_amortized_device
NVIDIA H200,bfloat16,131072,64,1,tuned/fused_opt,3,80.55379986763,,True,16,10,graph_amortized_device
NVIDIA H200,bfloat16,131072,64,1,tuned/warp,3,13.853199779987335,0.0,True,16,10,graph_amortized_device
NVIDIA H200,bfloat16,131072,64,1,tuned/optimized,3,21.414199471473694,0.0,True,16,10,graph_amortized_device
NVIDIA H200,bfloat16,131072,64,1,tuned/warp,4,13.845999538898468,0.0,True,16,10,graph_amortized_device
NVIDIA H200,bfloat16,131072,64,1,tuned/fused_opt,4,80.5512011051178,,True,16,10,graph_amortized_device
NVIDIA H200,bfloat16,131072,64,1,tuned/fused_warp,4,19.26420032978058,,True,16,10,graph_amortized_device
NVIDIA H200,bfloat16,131072,64,1,dao,4,80.52120208740234,0.0,True,16,10,graph_amortized_device
NVIDIA H200,bfloat16,131072,64,1,dao_plus_quant,4,160.7591986656189,,True,16,10,graph_amortized_device
NVIDIA H200,bfloat16,131072,64,1,tuned/baseline,4,80.74700236320496,0.0,True,16,10,graph_amortized_device
NVIDIA H200,bfloat16,131072,64,1,tuned/optimized,4,21.396799385547638,0.0,True,16,10,graph_amortized_device
NVIDIA H200,bfloat16,1,128,0,dao,0,1.5666000545024872,0.0,True,16,10,graph_amortized_device
NVIDIA H200,bfloat16,1,128,0,dao_plus_quant,0,2.6278000324964523,,True,16,10,graph_amortized_device
NVIDIA H200,bfloat16,1,128,0,tuned/baseline,0,1.5634000301361084,0.0,True,16,10,graph_amortized_device
NVIDIA H200,bfloat16,1,128,0,tuned/optimized,0,1.4675999991595745,0.0,True,16,10,graph_amortized_device
NVIDIA H200,bfloat16,1,128,0,tuned/warp,0,1.3427999801933765,0.0,True,16,10,graph_amortized_device
NVIDIA H200,bfloat16,1,128,0,tuned/fused_opt,0,1.6906000673770905,,True,16,10,graph_amortized_device
NVIDIA H200,bfloat16,1,128,0,tuned/fused_warp,0,1.6815999522805214,,True,16,10,graph_amortized_device
NVIDIA H200,bfloat16,1,128,0,dao,1,1.5682000666856766,0.0,True,16,10,graph_amortized_device
NVIDIA H200,bfloat16,1,128,0,tuned/fused_warp,1,1.6836000606417656,,True,16,10,graph_amortized_device
NVIDIA H200,bfloat16,1,128,0,tuned/fused_opt,1,1.6896000131964684,,True,16,10,graph_amortized_device
NVIDIA H200,bfloat16,1,128,0,tuned/warp,1,1.3392000459134579,0.0,True,16,10,graph_amortized_device
NVIDIA H200,bfloat16,1,128,0,tuned/optimized,1,1.486200001090765,0.0,True,16,10,graph_amortized_device
NVIDIA H200,bfloat16,1,128,0,tuned/baseline,1,1.5432000160217285,0.0,True,16,10,graph_amortized_device
NVIDIA H200,bfloat16,1,128,0,dao_plus_quant,1,2.6612000539898872,,True,16,10,graph_amortized_device
NVIDIA H200,bfloat16,1,128,0,tuned/baseline,2,1.5644000843167305,0.0,True,16,10,graph_amortized_device
NVIDIA H200,bfloat16,1,128,0,tuned/optimized,2,1.4841999858617783,0.0,True,16,10,graph_amortized_device
NVIDIA H200,bfloat16,1,128,0,tuned/warp,2,1.3256000354886055,0.0,True,16,10,graph_amortized_device
NVIDIA H200,bfloat16,1,128,0,tuned/fused_opt,2,1.6899999231100082,,True,16,10,graph_amortized_device
NVIDIA H200,bfloat16,1,128,0,tuned/fused_warp,2,1.6826000064611435,,True,16,10,graph_amortized_device
NVIDIA H200,bfloat16,1,128,0,dao,2,1.5675999224185944,0.0,True,16,10,graph_amortized_device
NVIDIA H200,bfloat16,1,128,0,dao_plus_quant,2,2.6267999783158302,,True,16,10,graph_amortized_device
NVIDIA H200,bfloat16,1,128,0,tuned/baseline,3,1.5615999698638916,0.0,True,16,10,graph_amortized_device
NVIDIA H200,bfloat16,1,128,0,dao_plus_quant,3,2.666199952363968,,True,16,10,graph_amortized_device
NVIDIA H200,bfloat16,1,128,0,dao,3,1.5672000125050545,0.0,True,16,10,graph_amortized_device
NVIDIA H200,bfloat16,1,128,0,tuned/fused_warp,3,1.685200072824955,,True,16,10,graph_amortized_device
NVIDIA H200,bfloat16,1,128,0,tuned/fused_opt,3,1.6906000673770905,,True,16,10,graph_amortized_device
NVIDIA H200,bfloat16,1,128,0,tuned/warp,3,1.3422000221908092,0.0,True,16,10,graph_amortized_device
NVIDIA H200,bfloat16,1,128,0,tuned/optimized,3,1.484999991953373,0.0,True,16,10,graph_amortized_device
NVIDIA H200,bfloat16,1,128,0,tuned/warp,4,1.341800019145012,0.0,True,16,10,graph_amortized_device
NVIDIA H200,bfloat16,1,128,0,tuned/fused_opt,4,1.6896000131964684,,True,16,10,graph_amortized_device
NVIDIA H200,bfloat16,1,128,0,tuned/fused_warp,4,1.6820000484585762,,True,16,10,graph_amortized_device
NVIDIA H200,bfloat16,1,128,0,dao,4,1.5658000484108925,0.0,True,16,10,graph_amortized_device
NVIDIA H200,bfloat16,1,128,0,dao_plus_quant,4,2.630399912595749,,True,16,10,graph_amortized_device
NVIDIA H200,bfloat16,1,128,0,tuned/baseline,4,1.5636000782251358,0.0,True,16,10,graph_amortized_device
NVIDIA H200,bfloat16,1,128,0,tuned/optimized,4,1.4853999949991703,0.0,True,16,10,graph_amortized_device
NVIDIA H200,bfloat16,1,128,1,dao,0,1.5263999812304974,0.0,True,16,10,graph_amortized_device
NVIDIA H200,bfloat16,1,128,1,dao_plus_quant,0,2.6367999613285065,,True,16,10,graph_amortized_device
NVIDIA H200,bfloat16,1,128,1,tuned/baseline,0,1.5475999563932419,0.0,True,16,10,graph_amortized_device
NVIDIA H200,bfloat16,1,128,1,tuned/optimized,0,1.5049999579787254,0.0,True,16,10,graph_amortized_device
NVIDIA H200,bfloat16,1,128,1,tuned/warp,0,1.2903999537229538,0.0,True,16,10,graph_amortized_device
NVIDIA H200,bfloat16,1,128,1,tuned/fused_opt,0,1.6853999346494675,,True,16,10,graph_amortized_device
NVIDIA H200,bfloat16,1,128,1,tuned/fused_warp,0,1.6524000093340874,,True,16,10,graph_amortized_device
NVIDIA H200,bfloat16,1,128,1,dao,1,1.528399996459484,0.0,True,16,10,graph_amortized_device
NVIDIA H200,bfloat16,1,128,1,tuned/fused_warp,1,1.6550000756978989,,True,16,10,graph_amortized_device
NVIDIA H200,bfloat16,1,128,1,tuned/fused_opt,1,1.686600036919117,,True,16,10,graph_amortized_device
NVIDIA H200,bfloat16,1,128,1,tuned/warp,1,1.308200042694807,0.0,True,16,10,graph_amortized_device
NVIDIA H200,bfloat16,1,128,1,tuned/optimized,1,1.503199990838766,0.0,True,16,10,graph_amortized_device
NVIDIA H200,bfloat16,1,128,1,tuned/baseline,1,1.5441999770700932,0.0,True,16,10,graph_amortized_device
NVIDIA H200,bfloat16,1,128,1,dao_plus_quant,1,2.669000066816807,,True,16,10,graph_amortized_device
NVIDIA H200,bfloat16,1,128,1,tuned/baseline,2,1.5464000403881073,0.0,True,16,10,graph_amortized_device
NVIDIA H200,bfloat16,1,128,1,tuned/optimized,2,1.5072000212967396,0.0,True,16,10,graph_amortized_device
NVIDIA H200,bfloat16,1,128,1,tuned/warp,2,1.307199988514185,0.0,True,16,10,graph_amortized_device
NVIDIA H200,bfloat16,1,128,1,tuned/fused_opt,2,1.686600036919117,,True,16,10,graph_amortized_device
NVIDIA H200,bfloat16,1,128,1,tuned/fused_warp,2,1.653599925339222,,True,16,10,graph_amortized_device
NVIDIA H200,bfloat16,1,128,1,dao,2,1.5312000177800655,0.0,True,16,10,graph_amortized_device
NVIDIA H200,bfloat16,1,128,1,dao_plus_quant,2,2.6677999645471573,,True,16,10,graph_amortized_device
NVIDIA H200,bfloat16,1,128,1,tuned/baseline,3,1.5449999831616879,0.0,True,16,10,graph_amortized_device
NVIDIA H200,bfloat16,1,128,1,dao_plus_quant,3,2.674200013279915,,True,16,10,graph_amortized_device
NVIDIA H200,bfloat16,1,128,1,dao,3,1.532800029963255,0.0,True,16,10,graph_amortized_device
NVIDIA H200,bfloat16,1,128,1,tuned/fused_warp,3,1.6527999192476273,,True,16,10,graph_amortized_device
NVIDIA H200,bfloat16,1,128,1,tuned/fused_opt,3,1.7066000029444695,,True,16,10,graph_amortized_device
NVIDIA H200,bfloat16,1,128,1,tuned/warp,3,1.3074000366032124,0.0,True,16,10,graph_amortized_device
NVIDIA H200,bfloat16,1,128,1,tuned/optimized,3,1.5027999877929688,0.0,True,16,10,graph_amortized_device
NVIDIA H200,bfloat16,1,128,1,tuned/warp,4,1.3067999854683876,0.0,True,16,10,graph_amortized_device
NVIDIA H200,bfloat16,1,128,1,tuned/fused_opt,4,1.6871999949216843,,True,16,10,graph_amortized_device
NVIDIA H200,bfloat16,1,128,1,tuned/fused_warp,4,1.6537999734282494,,True,16,10,graph_amortized_device
NVIDIA H200,bfloat16,1,128,1,dao,4,1.532800029963255,0.0,True,16,10,graph_amortized_device
NVIDIA H200,bfloat16,1,128,1,dao_plus_quant,4,2.6712000370025635,,True,16,10,graph_amortized_device
NVIDIA H200,bfloat16,1,128,1,tuned/baseline,4,1.5441999770700932,0.0,True,16,10,graph_amortized_device
NVIDIA H200,bfloat16,1,128,1,tuned/optimized,4,1.5057999640703201,0.0,True,16,10,graph_amortized_device
NVIDIA H200,bfloat16,128,128,0,dao,0,1.6774000599980354,0.0,True,16,10,graph_amortized_device
NVIDIA H200,bfloat16,128,128,0,dao_plus_quant,0,3.1585998833179474,,True,16,10,graph_amortized_device
NVIDIA H200,bfloat16,128,128,0,tuned/baseline,0,1.707799918949604,0.0,True,16,10,graph_amortized_device
NVIDIA H200,bfloat16,128,128,0,tuned/optimized,0,1.596199907362461,0.0,True,16,10,graph_amortized_device
NVIDIA H200,bfloat16,128,128,0,tuned/warp,0,1.511599961668253,0.0,True,16,10,graph_amortized_device
NVIDIA H200,bfloat16,128,128,0,tuned/fused_opt,0,1.899999938905239,,True,16,10,graph_amortized_device
NVIDIA H200,bfloat16,128,128,0,tuned/fused_warp,0,1.7694000154733658,,True,16,10,graph_amortized_device
NVIDIA H200,bfloat16,128,128,0,dao,1,1.6791999340057373,0.0,True,16,10,graph_amortized_device
NVIDIA H200,bfloat16,128,128,0,tuned/fused_warp,1,1.768600009381771,,True,16,10,graph_amortized_device
NVIDIA H200,bfloat16,128,128,0,tuned/fused_opt,1,1.901799999177456,,True,16,10,graph_amortized_device
NVIDIA H200,bfloat16,128,128,0,tuned/warp,1,1.5119999647140503,0.0,True,16,10,graph_amortized_device
NVIDIA H200,bfloat16,128,128,0,tuned/optimized,1,1.5985999256372452,0.0,True,16,10,graph_amortized_device
NVIDIA H200,bfloat16,128,128,0,tuned/baseline,1,1.7068000510334969,0.0,True,16,10,graph_amortized_device
NVIDIA H200,bfloat16,128,128,0,dao_plus_quant,1,3.2242000102996826,,True,16,10,graph_amortized_device
NVIDIA H200,bfloat16,128,128,0,tuned/baseline,2,1.7076000571250916,0.0,True,16,10,graph_amortized_device
NVIDIA H200,bfloat16,128,128,0,tuned/optimized,2,1.612599939107895,0.0,True,16,10,graph_amortized_device
NVIDIA H200,bfloat16,128,128,0,tuned/warp,2,1.513999979943037,0.0,True,16,10,graph_amortized_device
NVIDIA H200,bfloat16,128,128,0,tuned/fused_opt,2,1.900400035083294,,True,16,10,graph_amortized_device
NVIDIA H200,bfloat16,128,128,0,tuned/fused_warp,2,1.768999919295311,,True,16,10,graph_amortized_device
NVIDIA H200,bfloat16,128,128,0,dao,2,1.6780000180006027,0.0,True,16,10,graph_amortized_device
NVIDIA H200,bfloat16,128,128,0,dao_plus_quant,2,3.1925998628139496,,True,16,10,graph_amortized_device
NVIDIA H200,bfloat16,128,128,0,tuned/baseline,3,1.7084000632166862,0.0,True,16,10,graph_amortized_device
NVIDIA H200,bfloat16,128,128,0,dao_plus_quant,3,3.192799910902977,,True,16,10,graph_amortized_device
NVIDIA H200,bfloat16,128,128,0,dao,3,1.6774000599980354,0.0,True,16,10,graph_amortized_device
NVIDIA H200,bfloat16,128,128,0,tuned/fused_warp,3,1.7696000635623932,,True,16,10,graph_amortized_device
NVIDIA H200,bfloat16,128,128,0,tuned/fused_opt,3,1.9168000668287277,,True,16,10,graph_amortized_device
NVIDIA H200,bfloat16,128,128,0,tuned/warp,3,1.513999979943037,0.0,True,16,10,graph_amortized_device
NVIDIA H200,bfloat16,128,128,0,tuned/optimized,3,1.5974000096321106,0.0,True,16,10,graph_amortized_device
NVIDIA H200,bfloat16,128,128,0,tuned/warp,4,1.5119999647140503,0.0,True,16,10,graph_amortized_device
NVIDIA H200,bfloat16,128,128,0,tuned/fused_opt,4,1.9145999103784561,,True,16,10,graph_amortized_device
NVIDIA H200,bfloat16,128,128,0,tuned/fused_warp,4,1.7697999253869057,,True,16,10,graph_amortized_device
NVIDIA H200,bfloat16,128,128,0,dao,4,1.6806000843644142,0.0,True,16,10,graph_amortized_device
NVIDIA H200,bfloat16,128,128,0,dao_plus_quant,4,3.1915999948978424,,True,16,10,graph_amortized_device
NVIDIA H200,bfloat16,128,128,0,tuned/baseline,4,1.7082000151276588,0.0,True,16,10,graph_amortized_device
NVIDIA H200,bfloat16,128,128,0,tuned/optimized,4,1.614600047469139,0.0,True,16,10,graph_amortized_device
NVIDIA H200,bfloat16,128,128,1,dao,0,1.682800054550171,0.0,True,16,10,graph_amortized_device
NVIDIA H200,bfloat16,128,128,1,dao_plus_quant,0,3.22519987821579,,True,16,10,graph_amortized_device
NVIDIA H200,bfloat16,128,128,1,tuned/baseline,0,1.6950000077486038,0.0,True,16,10,graph_amortized_device
NVIDIA H200,bfloat16,128,128,1,tuned/optimized,0,1.6450000926852226,0.0,True,16,10,graph_amortized_device
NVIDIA H200,bfloat16,128,128,1,tuned/warp,0,1.5042000450193882,0.0,True,16,10,graph_amortized_device
NVIDIA H200,bfloat16,128,128,1,tuned/fused_opt,0,1.9344000145792961,,True,16,10,graph_amortized_device
NVIDIA H200,bfloat16,128,128,1,tuned/fused_warp,0,1.8063999712467194,,True,16,10,graph_amortized_device
NVIDIA H200,bfloat16,128,128,1,dao,1,1.6807999461889267,0.0,True,16,10,graph_amortized_device
NVIDIA H200,bfloat16,128,128,1,tuned/fused_warp,1,1.805800013244152,,True,16,10,graph_amortized_device
NVIDIA H200,bfloat16,128,128,1,tuned/fused_opt,1,1.933399960398674,,True,16,10,graph_amortized_device
NVIDIA H200,bfloat16,128,128,1,tuned/warp,1,1.5034000389277935,0.0,True,16,10,graph_amortized_device
NVIDIA H200,bfloat16,128,128,1,tuned/optimized,1,1.6445999965071678,0.0,True,16,10,graph_amortized_device
NVIDIA H200,bfloat16,128,128,1,tuned/baseline,1,1.6977999359369278,0.0,True,16,10,graph_amortized_device
NVIDIA H200,bfloat16,128,128,1,dao_plus_quant,1,3.225800022482872,,True,16,10,graph_amortized_device
NVIDIA H200,bfloat16,128,128,1,tuned/baseline,2,1.6963999718427658,0.0,True,16,10,graph_amortized_device
NVIDIA H200,bfloat16,128,128,1,tuned/optimized,2,1.6440000385046005,0.0,True,16,10,graph_amortized_device
NVIDIA H200,bfloat16,128,128,1,tuned/warp,2,1.504599954932928,0.0,True,16,10,graph_amortized_device
NVIDIA H200,bfloat16,128,128,1,tuned/fused_opt,2,1.933399960398674,,True,16,10,graph_amortized_device
NVIDIA H200,bfloat16,128,128,1,tuned/fused_warp,2,1.803000085055828,,True,16,10,graph_amortized_device
NVIDIA H200,bfloat16,128,128,1,dao,2,1.6793999820947647,0.0,True,16,10,graph_amortized_device
NVIDIA H200,bfloat16,128,128,1,dao_plus_quant,2,3.22519987821579,,True,16,10,graph_amortized_device
NVIDIA H200,bfloat16,128,128,1,tuned/baseline,3,1.6966000199317932,0.0,True,16,10,graph_amortized_device
NVIDIA H200,bfloat16,128,128,1,dao_plus_quant,3,3.2249998301267624,,True,16,10,graph_amortized_device
NVIDIA H200,bfloat16,128,128,1,dao,3,1.6820000484585762,0.0,True,16,10,graph_amortized_device
NVIDIA H200,bfloat16,128,128,1,tuned/fused_warp,3,1.8053999170660973,,True,16,10,graph_amortized_device
NVIDIA H200,bfloat16,128,128,1,tuned/fused_opt,3,1.934799924492836,,True,16,10,graph_amortized_device
NVIDIA H200,bfloat16,128,128,1,tuned/warp,3,1.5003999695181847,0.0,True,16,10,graph_amortized_device
NVIDIA H200,bfloat16,128,128,1,tuned/optimized,3,1.6457999125123024,0.0,True,16,10,graph_amortized_device
NVIDIA H200,bfloat16,128,128,1,tuned/warp,4,1.5038000419735909,0.0,True,16,10,graph_amortized_device
NVIDIA H200,bfloat16,128,128,1,tuned/fused_opt,4,1.9346000626683235,,True,16,10,graph_amortized_device
NVIDIA H200,bfloat16,128,128,1,tuned/fused_warp,4,1.8050000071525574,,True,16,10,graph_amortized_device
NVIDIA H200,bfloat16,128,128,1,dao,4,1.6656000167131424,0.0,True,16,10,graph_amortized_device
NVIDIA H200,bfloat16,128,128,1,dao_plus_quant,4,3.225800022482872,,True,16,10,graph_amortized_device
NVIDIA H200,bfloat16,128,128,1,tuned/baseline,4,1.696999929845333,0.0,True,16,10,graph_amortized_device
NVIDIA H200,bfloat16,128,128,1,tuned/optimized,4,1.6467999666929245,0.0,True,16,10,graph_amortized_device
NVIDIA H200,bfloat16,16384,128,0,dao,0,11.382000148296356,0.0,True,16,10,graph_amortized_device
NVIDIA H200,bfloat16,16384,128,0,dao_plus_quant,0,22.471599280834198,,True,16,10,graph_amortized_device
NVIDIA H200,bfloat16,16384,128,0,tuned/baseline,0,13.26179951429367,0.0,True,16,10,graph_amortized_device
NVIDIA H200,bfloat16,16384,128,0,tuned/optimized,0,6.46819993853569,0.0,True,16,10,graph_amortized_device
NVIDIA H200,bfloat16,16384,128,0,tuned/warp,0,3.9579998701810837,0.0,True,16,10,graph_amortized_device
NVIDIA H200,bfloat16,16384,128,0,tuned/fused_opt,0,11.901800334453583,,True,16,10,graph_amortized_device
NVIDIA H200,bfloat16,16384,128,0,tuned/fused_warp,0,4.89640012383461,,True,16,10,graph_amortized_device
NVIDIA H200,bfloat16,16384,128,0,dao,1,11.365000158548355,0.0,True,16,10,graph_amortized_device
NVIDIA H200,bfloat16,16384,128,0,tuned/fused_warp,1,4.897399991750717,,True,16,10,graph_amortized_device
NVIDIA H200,bfloat16,16384,128,0,tuned/fused_opt,1,11.903200298547745,,True,16,10,graph_amortized_device
NVIDIA H200,bfloat16,16384,128,0,tuned/warp,1,3.9351999759674072,0.0,True,16,10,graph_amortized_device
NVIDIA H200,bfloat16,16384,128,0,tuned/optimized,1,6.468400359153748,0.0,True,16,10,graph_amortized_device
NVIDIA H200,bfloat16,16384,128,0,tuned/baseline,1,13.265800476074219,0.0,True,16,10,graph_amortized_device
NVIDIA H200,bfloat16,16384,128,0,dao_plus_quant,1,22.465400397777557,,True,16,10,graph_amortized_device
NVIDIA H200,bfloat16,16384,128,0,tuned/baseline,2,13.260999321937561,0.0,True,16,10,graph_amortized_device
NVIDIA H200,bfloat16,16384,128,0,tuned/optimized,2,6.467200070619583,0.0,True,16,10,graph_amortized_device
NVIDIA H200,bfloat16,16384,128,0,tuned/warp,2,3.953000158071518,0.0,True,16,10,graph_amortized_device
NVIDIA H200,bfloat16,16384,128,0,tuned/fused_opt,2,11.90819963812828,,True,16,10,graph_amortized_device
NVIDIA H200,bfloat16,16384,128,0,tuned/fused_warp,2,4.896799847483635,,True,16,10,graph_amortized_device
NVIDIA H200,bfloat16,16384,128,0,dao,2,11.41740009188652,0.0,True,16,10,graph_amortized_device
NVIDIA H200,bfloat16,16384,128,0,dao_plus_quant,2,22.458800673484802,,True,16,10,graph_amortized_device
NVIDIA H200,bfloat16,16384,128,0,tuned/baseline,3,13.267000019550323,0.0,True,16,10,graph_amortized_device
NVIDIA H200,bfloat16,16384,128,0,dao_plus_quant,3,22.46060073375702,,True,16,10,graph_amortized_device
NVIDIA H200,bfloat16,16384,128,0,dao,3,11.348599940538406,0.0,True,16,10,graph_amortized_device
NVIDIA H200,bfloat16,16384,128,0,tuned/fused_warp,3,4.892000183463097,,True,16,10,graph_amortized_device
NVIDIA H200,bfloat16,16384,128,0,tuned/fused_opt,3,11.91060021519661,,True,16,10,graph_amortized_device
NVIDIA H200,bfloat16,16384,128,0,tuned/warp,3,3.94739992916584,0.0,True,16,10,graph_amortized_device
NVIDIA H200,bfloat16,16384,128,0,tuned/optimized,3,6.468400359153748,0.0,True,16,10,graph_amortized_device
NVIDIA H200,bfloat16,16384,128,0,tuned/warp,4,3.9551999419927597,0.0,True,16,10,graph_amortized_device
NVIDIA H200,bfloat16,16384,128,0,tuned/fused_opt,4,11.904799938201904,,True,16,10,graph_amortized_device
NVIDIA H200,bfloat16,16384,128,0,tuned/fused_warp,4,4.911600053310394,,True,16,10,graph_amortized_device
NVIDIA H200,bfloat16,16384,128,0,dao,4,11.35059967637062,0.0,True,16,10,graph_amortized_device
NVIDIA H200,bfloat16,16384,128,0,dao_plus_quant,4,22.46119976043701,,True,16,10,graph_amortized_device
NVIDIA H200,bfloat16,16384,128,0,tuned/baseline,4,13.309399783611298,0.0,True,16,10,graph_amortized_device
NVIDIA H200,bfloat16,16384,128,0,tuned/optimized,4,6.466799974441528,0.0,True,16,10,graph_amortized_device
NVIDIA H200,bfloat16,16384,128,1,dao,0,11.432000249624252,0.0,True,16,10,graph_amortized_device
NVIDIA H200,bfloat16,16384,128,1,dao_plus_quant,0,22.40079939365387,,True,16,10,graph_amortized_device
NVIDIA H200,bfloat16,16384,128,1,tuned/baseline,0,13.297200202941895,0.0,True,16,10,graph_amortized_device
NVIDIA H200,bfloat16,16384,128,1,tuned/optimized,0,6.490799784660339,0.0,True,16,10,graph_amortized_device
NVIDIA H200,bfloat16,16384,128,1,tuned/warp,0,3.9579998701810837,0.0,True,16,10,graph_amortized_device
NVIDIA H200,bfloat16,16384,128,1,tuned/fused_opt,0,11.92220002412796,,True,16,10,graph_amortized_device
NVIDIA H200,bfloat16,16384,128,1,tuned/fused_warp,0,4.907400161027908,,True,16,10,graph_amortized_device
NVIDIA H200,bfloat16,16384,128,1,dao,1,11.421400308609009,0.0,True,16,10,graph_amortized_device
NVIDIA H200,bfloat16,16384,128,1,tuned/fused_warp,1,4.903599992394447,,True,16,10,graph_amortized_device
NVIDIA H200,bfloat16,16384,128,1,tuned/fused_opt,1,11.918599903583527,,True,16,10,graph_amortized_device
NVIDIA H200,bfloat16,16384,128,1,tuned/warp,1,3.9583999663591385,0.0,True,16,10,graph_amortized_device
NVIDIA H200,bfloat16,16384,128,1,tuned/optimized,1,6.447000056505203,0.0,True,16,10,graph_amortized_device
NVIDIA H200,bfloat16,16384,128,1,tuned/baseline,1,13.343599438667297,0.0,True,16,10,graph_amortized_device
NVIDIA H200,bfloat16,16384,128,1,dao_plus_quant,1,22.43559956550598,,True,16,10,graph_amortized_device
NVIDIA H200,bfloat16,16384,128,1,tuned/baseline,2,13.288800418376923,0.0,True,16,10,graph_amortized_device
NVIDIA H200,bfloat16,16384,128,1,tuned/optimized,2,6.446799635887146,0.0,True,16,10,graph_amortized_device
NVIDIA H200,bfloat16,16384,128,1,tuned/warp,2,3.9528001099824905,0.0,True,16,10,graph_amortized_device
NVIDIA H200,bfloat16,16384,128,1,tuned/fused_opt,2,11.919400095939636,,True,16,10,graph_amortized_device
NVIDIA H200,bfloat16,16384,128,1,tuned/fused_warp,2,4.913799837231636,,True,16,10,graph_amortized_device
NVIDIA H200,bfloat16,16384,128,1,dao,2,11.414200067520142,0.0,True,16,10,graph_amortized_device
NVIDIA H200,bfloat16,16384,128,1,dao_plus_quant,2,22.439800202846527,,True,16,10,graph_amortized_device
NVIDIA H200,bfloat16,16384,128,1,tuned/baseline,3,13.311199843883514,0.0,True,16,10,graph_amortized_device
NVIDIA H200,bfloat16,16384,128,1,dao_plus_quant,3,22.42860049009323,,True,16,10,graph_amortized_device
NVIDIA H200,bfloat16,16384,128,1,dao,3,11.373600363731384,0.0,True,16,10,graph_amortized_device
NVIDIA H200,bfloat16,16384,128,1,tuned/fused_warp,3,4.895000159740448,,True,16,10,graph_amortized_device
NVIDIA H200,bfloat16,16384,128,1,tuned/fused_opt,3,11.929800361394882,,True,16,10,graph_amortized_device
NVIDIA H200,bfloat16,16384,128,1,tuned/warp,3,3.9795998483896255,0.0,True,16,10,graph_amortized_device
NVIDIA H200,bfloat16,16384,128,1,tuned/optimized,3,6.447599828243256,0.0,True,16,10,graph_amortized_device
NVIDIA H200,bfloat16,16384,128,1,tuned/warp,4,3.9588000625371933,0.0,True,16,10,graph_amortized_device
NVIDIA H200,bfloat16,16384,128,1,tuned/fused_opt,4,11.919599771499634,,True,16,10,graph_amortized_device
NVIDIA H200,bfloat16,16384,128,1,tuned/fused_warp,4,4.896999895572662,,True,16,10,graph_amortized_device
NVIDIA H200,bfloat16,16384,128,1,dao,4,11.375600099563599,0.0,True,16,10,graph_amortized_device
NVIDIA H200,bfloat16,16384,128,1,dao_plus_quant,4,22.433799505233765,,True,16,10,graph_amortized_device
NVIDIA H200,bfloat16,16384,128,1,tuned/baseline,4,13.286800682544708,0.0,True,16,10,graph_amortized_device
NVIDIA H200,bfloat16,16384,128,1,tuned/optimized,4,6.454399973154068,0.0,True,16,10,graph_amortized_device
NVIDIA H200,bfloat16,131072,128,0,dao,0,80.71979880332947,0.0,True,16,10,graph_amortized_device
NVIDIA H200,bfloat16,131072,128,0,dao_plus_quant,0,160.9186053276062,,True,16,10,graph_amortized_device
NVIDIA H200,bfloat16,131072,128,0,tuned/baseline,0,96.94719910621643,0.0,True,16,10,graph_amortized_device
NVIDIA H200,bfloat16,131072,128,0,tuned/optimized,0,41.809600591659546,0.0,True,16,10,graph_amortized_device
NVIDIA H200,bfloat16,131072,128,0,tuned/warp,0,22.4031999707222,0.0,True,16,10,graph_amortized_device
NVIDIA H200,bfloat16,131072,128,0,tuned/fused_opt,0,81.08900189399719,,True,16,10,graph_amortized_device
NVIDIA H200,bfloat16,131072,128,0,tuned/fused_warp,0,28.213798999786377,,True,16,10,graph_amortized_device
NVIDIA H200,bfloat16,131072,128,0,dao,1,80.70020079612732,0.0,True,16,10,graph_amortized_device
NVIDIA H200,bfloat16,131072,128,0,tuned/fused_warp,1,28.188800811767578,,True,16,10,graph_amortized_device
NVIDIA H200,bfloat16,131072,128,0,tuned/fused_opt,1,81.09760284423828,,True,16,10,graph_amortized_device
NVIDIA H200,bfloat16,131072,128,0,tuned/warp,1,22.392800450325012,0.0,True,16,10,graph_amortized_device
NVIDIA H200,bfloat16,131072,128,0,tuned/optimized,1,41.80839955806732,0.0,True,16,10,graph_amortized_device
NVIDIA H200,bfloat16,131072,128,0,tuned/baseline,1,96.90819978713989,0.0,True,16,10,graph_amortized_device
NVIDIA H200,bfloat16,131072,128,0,dao_plus_quant,1,160.91840267181396,,True,16,10,graph_amortized_device
NVIDIA H200,bfloat16,131072,128,0,tuned/baseline,2,96.91299796104431,0.0,True,16,10,graph_amortized_device
NVIDIA H200,bfloat16,131072,128,0,tuned/optimized,2,41.80980026721954,0.0,True,16,10,graph_amortized_device
NVIDIA H200,bfloat16,131072,128,0,tuned/warp,2,22.363199293613434,0.0,True,16,10,graph_amortized_device
NVIDIA H200,bfloat16,131072,128,0,tuned/fused_opt,2,81.08100295066833,,True,16,10,graph_amortized_device
NVIDIA H200,bfloat16,131072,128,0,tuned/fused_warp,2,28.218001127243042,,True,16,10,graph_amortized_device
NVIDIA H200,bfloat16,131072,128,0,dao,2,80.68439960479736,0.0,True,16,10,graph_amortized_device
NVIDIA H200,bfloat16,131072,128,0,dao_plus_quant,2,160.91519594192505,,True,16,10,graph_amortized_device
NVIDIA H200,bfloat16,131072,128,0,tuned/baseline,3,97.0300018787384,0.0,True,16,10,graph_amortized_device
NVIDIA H200,bfloat16,131072,128,0,dao_plus_quant,3,160.89860200881958,,True,16,10,graph_amortized_device
NVIDIA H200,bfloat16,131072,128,0,dao,3,80.67659735679626,0.0,True,16,10,graph_amortized_device
NVIDIA H200,bfloat16,131072,128,0,tuned/fused_warp,3,28.135201334953308,,True,16,10,graph_amortized_device
NVIDIA H200,bfloat16,131072,128,0,tuned/fused_opt,3,81.08260035514832,,True,16,10,graph_amortized_device
NVIDIA H200,bfloat16,131072,128,0,tuned/warp,3,22.364400327205658,0.0,True,16,10,graph_amortized_device
NVIDIA H200,bfloat16,131072,128,0,tuned/optimized,3,41.78299903869629,0.0,True,16,10,graph_amortized_device
NVIDIA H200,bfloat16,131072,128,0,tuned/warp,4,22.370600700378418,0.0,True,16,10,graph_amortized_device
NVIDIA H200,bfloat16,131072,128,0,tuned/fused_opt,4,81.08680248260498,,True,16,10,graph_amortized_device
NVIDIA H200,bfloat16,131072,128,0,tuned/fused_warp,4,28.144600987434387,,True,16,10,graph_amortized_device
NVIDIA H200,bfloat16,131072,128,0,dao,4,80.72940111160278,0.0,True,16,10,graph_amortized_device
NVIDIA H200,bfloat16,131072,128,0,dao_plus_quant,4,160.89500188827515,,True,16,10,graph_amortized_device
NVIDIA H200,bfloat16,131072,128,0,tuned/baseline,4,97.0304012298584,0.0,True,16,10,graph_amortized_device
NVIDIA H200,bfloat16,131072,128,0,tuned/optimized,4,41.80000126361847,0.0,True,16,10,graph_amortized_device
NVIDIA H200,bfloat16,131072,128,1,dao,0,80.68060278892517,0.0,True,16,10,graph_amortized_device
NVIDIA H200,bfloat16,131072,128,1,dao_plus_quant,0,160.87700128555298,,True,16,10,graph_amortized_device
NVIDIA H200,bfloat16,131072,128,1,tuned/baseline,0,96.85440063476562,0.0,True,16,10,graph_amortized_device
NVIDIA H200,bfloat16,131072,128,1,tuned/optimized,0,41.81939959526062,0.0,True,16,10,graph_amortized_device
NVIDIA H200,bfloat16,131072,128,1,tuned/warp,0,22.456400096416473,0.0,True,16,10,graph_amortized_device
NVIDIA H200,bfloat16,131072,128,1,tuned/fused_opt,0,81.06819987297058,,True,16,10,graph_amortized_device
NVIDIA H200,bfloat16,131072,128,1,tuned/fused_warp,0,28.32140028476715,,True,16,10,graph_amortized_device
NVIDIA H200,bfloat16,131072,128,1,dao,1,80.65320253372192,0.0,True,16,10,graph_amortized_device
NVIDIA H200,bfloat16,131072,128,1,tuned/fused_warp,1,28.315401077270508,,True,16,10,graph_amortized_device
NVIDIA H200,bfloat16,131072,128,1,tuned/fused_opt,1,81.06679916381836,,True,16,10,graph_amortized_device
NVIDIA H200,bfloat16,131072,128,1,tuned/warp,1,22.505800426006317,0.0,True,16,10,graph_amortized_device
NVIDIA H200,bfloat16,131072,128,1,tuned/optimized,1,41.82420074939728,0.0,True,16,10,graph_amortized_device
NVIDIA H200,bfloat16,131072,128,1,tuned/baseline,1,96.81779742240906,0.0,True,16,10,graph_amortized_device
NVIDIA H200,bfloat16,131072,128,1,dao_plus_quant,1,160.8962059020996,,True,16,10,graph_amortized_device
NVIDIA H200,bfloat16,131072,128,1,tuned/baseline,2,96.84780240058899,0.0,True,16,10,graph_amortized_device
NVIDIA H200,bfloat16,131072,128,1,tuned/optimized,2,41.822001338005066,0.0,True,16,10,graph_amortized_device
NVIDIA H200,bfloat16,131072,128,1,tuned/warp,2,22.459200024604797,0.0,True,16,10,graph_amortized_device
NVIDIA H200,bfloat16,131072,128,1,tuned/fused_opt,2,81.07659816741943,,True,16,10,graph_amortized_device
NVIDIA H200,bfloat16,131072,128,1,tuned/fused_warp,2,28.36019992828369,,True,16,10,graph_amortized_device
NVIDIA H200,bfloat16,131072,128,1,dao,2,80.67860007286072,0.0,True,16,10,graph_amortized_device
NVIDIA H200,bfloat16,131072,128,1,dao_plus_quant,2,160.93080043792725,,True,16,10,graph_amortized_device
NVIDIA H200,bfloat16,131072,128,1,tuned/baseline,3,97.00239896774292,0.0,True,16,10,graph_amortized_device
NVIDIA H200,bfloat16,131072,128,1,dao_plus_quant,3,160.95759868621826,,True,16,10,graph_amortized_device
NVIDIA H200,bfloat16,131072,128,1,dao,3,80.65999746322632,0.0,True,16,10,graph_amortized_device
NVIDIA H200,bfloat16,131072,128,1,tuned/fused_warp,3,28.321000933647156,,True,16,10,graph_amortized_device
NVIDIA H200,bfloat16,131072,128,1,tuned/fused_opt,3,81.07839822769165,,True,16,10,graph_amortized_device
NVIDIA H200,bfloat16,131072,128,1,tuned/warp,3,22.473399341106415,0.0,True,16,10,graph_amortized_device
NVIDIA H200,bfloat16,131072,128,1,tuned/optimized,3,41.812801361083984,0.0,True,16,10,graph_amortized_device
NVIDIA H200,bfloat16,131072,128,1,tuned/warp,4,22.45520055294037,0.0,True,16,10,graph_amortized_device
NVIDIA H200,bfloat16,131072,128,1,tuned/fused_opt,4,81.0808002948761,,True,16,10,graph_amortized_device
NVIDIA H200,bfloat16,131072,128,1,tuned/fused_warp,4,28.321999311447144,,True,16,10,graph_amortized_device
NVIDIA H200,bfloat16,131072,128,1,dao,4,80.66859841346741,0.0,True,16,10,graph_amortized_device
NVIDIA H200,bfloat16,131072,128,1,dao_plus_quant,4,160.9410047531128,,True,16,10,graph_amortized_device
NVIDIA H200,bfloat16,131072,128,1,tuned/baseline,4,96.85559868812561,0.0,True,16,10,graph_amortized_device
NVIDIA H200,bfloat16,131072,128,1,tuned/optimized,4,41.82179868221283,0.0,True,16,10,graph_amortized_device
NVIDIA H200,bfloat16,1,256,0,dao,0,1.5737999230623245,0.0,True,16,10,graph_amortized_device
NVIDIA H200,bfloat16,1,256,0,dao_plus_quant,0,2.7125999331474304,,True,16,10,graph_amortized_device
NVIDIA H200,bfloat16,1,256,0,tuned/baseline,0,1.6450000926852226,0.0,True,16,10,graph_amortized_device
NVIDIA H200,bfloat16,1,256,0,tuned/optimized,0,1.5072000212967396,0.0,True,16,10,graph_amortized_device
NVIDIA H200,bfloat16,1,256,0,tuned/warp,0,1.375799998641014,0.0,True,16,10,graph_amortized_device
NVIDIA H200,bfloat16,1,256,0,tuned/fused_opt,0,1.6977999359369278,,True,16,10,graph_amortized_device
NVIDIA H200,bfloat16,1,256,0,tuned/fused_warp,0,1.7354000359773636,,True,16,10,graph_amortized_device
NVIDIA H200,bfloat16,1,256,0,dao,1,1.5718000009655952,0.0,True,16,10,graph_amortized_device
NVIDIA H200,bfloat16,1,256,0,tuned/fused_warp,1,1.737000048160553,,True,16,10,graph_amortized_device
NVIDIA H200,bfloat16,1,256,0,tuned/fused_opt,1,1.6990000382065773,,True,16,10,graph_amortized_device
NVIDIA H200,bfloat16,1,256,0,tuned/warp,1,1.3895999640226364,0.0,True,16,10,graph_amortized_device
NVIDIA H200,bfloat16,1,256,0,tuned/optimized,1,1.5068000182509422,0.0,True,16,10,graph_amortized_device
NVIDIA H200,bfloat16,1,256,0,tuned/baseline,1,1.647000014781952,0.0,True,16,10,graph_amortized_device
NVIDIA H200,bfloat16,1,256,0,dao_plus_quant,1,2.710999920964241,,True,16,10,graph_amortized_device
NVIDIA H200,bfloat16,1,256,0,tuned/baseline,2,1.6454000025987625,0.0,True,16,10,graph_amortized_device
NVIDIA H200,bfloat16,1,256,0,tuned/optimized,2,1.5065999701619148,0.0,True,16,10,graph_amortized_device
NVIDIA H200,bfloat16,1,256,0,tuned/warp,2,1.3716000132262707,0.0,True,16,10,graph_amortized_device
NVIDIA H200,bfloat16,1,256,0,tuned/fused_opt,2,1.6992000862956047,,True,16,10,graph_amortized_device
NVIDIA H200,bfloat16,1,256,0,tuned/fused_warp,2,1.739799976348877,,True,16,10,graph_amortized_device
NVIDIA H200,bfloat16,1,256,0,dao,2,1.5715999528765678,0.0,True,16,10,graph_amortized_device
NVIDIA H200,bfloat16,1,256,0,dao_plus_quant,2,2.711999975144863,,True,16,10,graph_amortized_device
NVIDIA H200,bfloat16,1,256,0,tuned/baseline,3,1.6464000567793846,0.0,True,16,10,graph_amortized_device
NVIDIA H200,bfloat16,1,256,0,dao_plus_quant,3,2.7111999690532684,,True,16,10,graph_amortized_device
NVIDIA H200,bfloat16,1,256,0,dao,3,1.5720000490546227,0.0,True,16,10,graph_amortized_device
NVIDIA H200,bfloat16,1,256,0,tuned/fused_warp,3,1.7376000061631203,,True,16,10,graph_amortized_device
NVIDIA H200,bfloat16,1,256,0,tuned/fused_opt,3,1.69879999011755,,True,16,10,graph_amortized_device
NVIDIA H200,bfloat16,1,256,0,tuned/warp,3,1.390399970114231,0.0,True,16,10,graph_amortized_device
NVIDIA H200,bfloat16,1,256,0,tuned/optimized,3,1.5053999610245228,0.0,True,16,10,graph_amortized_device
NVIDIA H200,bfloat16,1,256,0,tuned/warp,4,1.3887999579310417,0.0,True,16,10,graph_amortized_device
NVIDIA H200,bfloat16,1,256,0,tuned/fused_opt,4,1.7007999122142792,,True,16,10,graph_amortized_device
NVIDIA H200,bfloat16,1,256,0,tuned/fused_warp,4,1.7368000000715256,,True,16,10,graph_amortized_device
NVIDIA H200,bfloat16,1,256,0,dao,4,1.5709999948740005,0.0,True,16,10,graph_amortized_device
NVIDIA H200,bfloat16,1,256,0,dao_plus_quant,4,2.7101999148726463,,True,16,10,graph_amortized_device
NVIDIA H200,bfloat16,1,256,0,tuned/baseline,4,1.6448000445961952,0.0,True,16,10,graph_amortized_device
NVIDIA H200,bfloat16,1,256,0,tuned/optimized,4,1.5061999671161175,0.0,True,16,10,graph_amortized_device
NVIDIA H200,bfloat16,1,256,1,dao,0,1.5760000795125961,0.0,True,16,10,graph_amortized_device
NVIDIA H200,bfloat16,1,256,1,dao_plus_quant,0,2.7103999629616737,,True,16,10,graph_amortized_device
NVIDIA H200,bfloat16,1,256,1,tuned/baseline,0,1.6259999945759773,0.0,True,16,10,graph_amortized_device
NVIDIA H200,bfloat16,1,256,1,tuned/optimized,0,1.5312000177800655,0.0,True,16,10,graph_amortized_device
NVIDIA H200,bfloat16,1,256,1,tuned/warp,0,1.3774000108242035,0.0,True,16,10,graph_amortized_device
NVIDIA H200,bfloat16,1,256,1,tuned/fused_opt,0,1.7260000109672546,,True,16,10,graph_amortized_device
NVIDIA H200,bfloat16,1,256,1,tuned/fused_warp,0,1.746400073170662,,True,16,10,graph_amortized_device
NVIDIA H200,bfloat16,1,256,1,dao,1,1.5747999772429466,0.0,True,16,10,graph_amortized_device
NVIDIA H200,bfloat16,1,256,1,tuned/fused_warp,1,1.7456000670790672,,True,16,10,graph_amortized_device
NVIDIA H200,bfloat16,1,256,1,tuned/fused_opt,1,1.7295999452471733,,True,16,10,graph_amortized_device
NVIDIA H200,bfloat16,1,256,1,tuned/warp,1,1.3744000345468521,0.0,True,16,10,graph_amortized_device
NVIDIA H200,bfloat16,1,256,1,tuned/optimized,1,1.5282000415027142,0.0,True,16,10,graph_amortized_device
NVIDIA H200,bfloat16,1,256,1,tuned/baseline,1,1.6249999403953552,0.0,True,16,10,graph_amortized_device
NVIDIA H200,bfloat16,1,256,1,dao_plus_quant,1,2.7117999270558357,,True,16,10,graph_amortized_device
NVIDIA H200,bfloat16,1,256,1,tuned/baseline,2,1.6256000846624374,0.0,True,16,10,graph_amortized_device
NVIDIA H200,bfloat16,1,256,1,tuned/optimized,2,1.5304000116884708,0.0,True,16,10,graph_amortized_device
NVIDIA H200,bfloat16,1,256,1,tuned/warp,2,1.3763999566435814,0.0,True,16,10,graph_amortized_device
NVIDIA H200,bfloat16,1,256,1,tuned/fused_opt,2,1.7278000712394714,,True,16,10,graph_amortized_device
NVIDIA H200,bfloat16,1,256,1,tuned/fused_warp,2,1.744999922811985,,True,16,10,graph_amortized_device
NVIDIA H200,bfloat16,1,256,1,dao,2,1.5755999833345413,0.0,True,16,10,graph_amortized_device
NVIDIA H200,bfloat16,1,256,1,dao_plus_quant,2,2.7087999507784843,,True,16,10,graph_amortized_device
NVIDIA H200,bfloat16,1,256,1,tuned/baseline,3,1.624000072479248,0.0,True,16,10,graph_amortized_device
NVIDIA H200,bfloat16,1,256,1,dao_plus_quant,3,2.711400017142296,,True,16,10,graph_amortized_device
NVIDIA H200,bfloat16,1,256,1,dao,3,1.575399935245514,0.0,True,16,10,graph_amortized_device
NVIDIA H200,bfloat16,1,256,1,tuned/fused_warp,3,1.7456000670790672,,True,16,10,graph_amortized_device
NVIDIA H200,bfloat16,1,256,1,tuned/fused_opt,3,1.7281999811530113,,True,16,10,graph_amortized_device
NVIDIA H200,bfloat16,1,256,1,tuned/warp,3,1.3778000138700008,0.0,True,16,10,graph_amortized_device
NVIDIA H200,bfloat16,1,256,1,tuned/optimized,3,1.5309999696910381,0.0,True,16,10,graph_amortized_device
NVIDIA H200,bfloat16,1,256,1,tuned/warp,4,1.3794000260531902,0.0,True,16,10,graph_amortized_device
NVIDIA H200,bfloat16,1,256,1,tuned/fused_opt,4,1.7278000712394714,,True,16,10,graph_amortized_device
NVIDIA H200,bfloat16,1,256,1,tuned/fused_warp,4,1.7454000189900398,,True,16,10,graph_amortized_device
NVIDIA H200,bfloat16,1,256,1,dao,4,1.5752000734210014,0.0,True,16,10,graph_amortized_device
NVIDIA H200,bfloat16,1,256,1,dao_plus_quant,4,2.7122000232338905,,True,16,10,graph_amortized_device
NVIDIA H200,bfloat16,1,256,1,tuned/baseline,4,1.6249999403953552,0.0,True,16,10,graph_amortized_device
NVIDIA H200,bfloat16,1,256,1,tuned/optimized,4,1.5309999696910381,0.0,True,16,10,graph_amortized_device
NVIDIA H200,bfloat16,128,256,0,dao,0,1.7230000346899033,0.0,True,16,10,graph_amortized_device
NVIDIA H200,bfloat16,128,256,0,dao_plus_quant,0,3.294999897480011,,True,16,10,graph_amortized_device
NVIDIA H200,bfloat16,128,256,0,tuned/baseline,0,1.810000091791153,0.0,True,16,10,graph_amortized_device
NVIDIA H200,bfloat16,128,256,0,tuned/optimized,0,1.6853999346494675,0.0,True,16,10,graph_amortized_device
NVIDIA H200,bfloat16,128,256,0,tuned/warp,0,1.6087999567389488,0.0,True,16,10,graph_amortized_device
NVIDIA H200,bfloat16,128,256,0,tuned/fused_opt,0,1.9751999527215958,,True,16,10,graph_amortized_device
NVIDIA H200,bfloat16,128,256,0,tuned/fused_warp,0,1.8804000690579414,,True,16,10,graph_amortized_device
NVIDIA H200,bfloat16,128,256,0,dao,1,1.7241999506950378,0.0,True,16,10,graph_amortized_device
NVIDIA H200,bfloat16,128,256,0,tuned/fused_warp,1,1.864200085401535,,True,16,10,graph_amortized_device
NVIDIA H200,bfloat16,128,256,0,tuned/fused_opt,1,1.9748000428080559,,True,16,10,graph_amortized_device
NVIDIA H200,bfloat16,128,256,0,tuned/warp,1,1.5845999121665955,0.0,True,16,10,graph_amortized_device
NVIDIA H200,bfloat16,128,256,0,tuned/optimized,1,1.6839999705553055,0.0,True,16,10,graph_amortized_device
NVIDIA H200,bfloat16,128,256,0,tuned/baseline,1,1.8112000077962875,0.0,True,16,10,graph_amortized_device
NVIDIA H200,bfloat16,128,256,0,dao_plus_quant,1,3.2933998852968216,,True,16,10,graph_amortized_device
NVIDIA H200,bfloat16,128,256,0,tuned/baseline,2,1.8106000497937202,0.0,True,16,10,graph_amortized_device
NVIDIA H200,bfloat16,128,256,0,tuned/optimized,2,1.687600091099739,0.0,True,16,10,graph_amortized_device
NVIDIA H200,bfloat16,128,256,0,tuned/warp,2,1.608400046825409,0.0,True,16,10,graph_amortized_device
NVIDIA H200,bfloat16,128,256,0,tuned/fused_opt,2,1.9754000008106232,,True,16,10,graph_amortized_device
NVIDIA H200,bfloat16,128,256,0,tuned/fused_warp,2,1.878800056874752,,True,16,10,graph_amortized_device
NVIDIA H200,bfloat16,128,256,0,dao,2,1.7240000888705254,0.0,True,16,10,graph_amortized_device
NVIDIA H200,bfloat16,128,256,0,dao_plus_quant,2,3.294200077652931,,True,16,10,graph_amortized_device
NVIDIA H200,bfloat16,128,256,0,tuned/baseline,3,1.8144000321626663,0.0,True,16,10,graph_amortized_device
NVIDIA H200,bfloat16,128,256,0,dao_plus_quant,3,3.2930001616477966,,True,16,10,graph_amortized_device
NVIDIA H200,bfloat16,128,256,0,dao,3,1.7243999987840652,0.0,True,16,10,graph_amortized_device
NVIDIA H200,bfloat16,128,256,0,tuned/fused_warp,3,1.8464000895619392,,True,16,10,graph_amortized_device
NVIDIA H200,bfloat16,128,256,0,tuned/fused_opt,3,1.9745999947190285,,True,16,10,graph_amortized_device
NVIDIA H200,bfloat16,128,256,0,tuned/warp,3,1.6078000888228416,0.0,True,16,10,graph_amortized_device
NVIDIA H200,bfloat16,128,256,0,tuned/optimized,3,1.703600026667118,0.0,True,16,10,graph_amortized_device
NVIDIA H200,bfloat16,128,256,0,tuned/warp,4,1.6071999445557594,0.0,True,16,10,graph_amortized_device
NVIDIA H200,bfloat16,128,256,0,tuned/fused_opt,4,1.9764000549912453,,True,16,10,graph_amortized_device
NVIDIA H200,bfloat16,128,256,0,tuned/fused_warp,4,1.8794000148773193,,True,16,10,graph_amortized_device
NVIDIA H200,bfloat16,128,256,0,dao,4,1.7233999446034431,0.0,True,16,10,graph_amortized_device
NVIDIA H200,bfloat16,128,256,0,dao_plus_quant,4,3.2930001616477966,,True,16,10,graph_amortized_device
NVIDIA H200,bfloat16,128,256,0,tuned/baseline,4,1.8147999420762062,0.0,True,16,10,graph_amortized_device
NVIDIA H200,bfloat16,128,256,0,tuned/optimized,4,1.699800044298172,0.0,True,16,10,graph_amortized_device
NVIDIA H200,bfloat16,128,256,1,dao,0,1.7715999856591225,0.0,True,16,10,graph_amortized_device
NVIDIA H200,bfloat16,128,256,1,dao_plus_quant,0,3.303999826312065,,True,16,10,graph_amortized_device
NVIDIA H200,bfloat16,128,256,1,tuned/baseline,0,1.7990000545978546,0.0,True,16,10,graph_amortized_device
NVIDIA H200,bfloat16,128,256,1,tuned/optimized,0,1.7211999744176865,0.0,True,16,10,graph_amortized_device
NVIDIA H200,bfloat16,128,256,1,tuned/warp,0,1.5828000381588936,0.0,True,16,10,graph_amortized_device
NVIDIA H200,bfloat16,128,256,1,tuned/fused_opt,0,2.002199925482273,,True,16,10,graph_amortized_device
NVIDIA H200,bfloat16,128,256,1,tuned/fused_warp,0,1.8972000107169151,,True,16,10,graph_amortized_device
NVIDIA H200,bfloat16,128,256,1,dao,1,1.7726000398397446,0.0,True,16,10,graph_amortized_device
NVIDIA H200,bfloat16,128,256,1,tuned/fused_warp,1,1.8928000703454018,,True,16,10,graph_amortized_device
NVIDIA H200,bfloat16,128,256,1,tuned/fused_opt,1,2.0034000277519226,,True,16,10,graph_amortized_device
NVIDIA H200,bfloat16,128,256,1,tuned/warp,1,1.5838000923395157,0.0,True,16,10,graph_amortized_device
NVIDIA H200,bfloat16,128,256,1,tuned/optimized,1,1.7230000346899033,0.0,True,16,10,graph_amortized_device
NVIDIA H200,bfloat16,128,256,1,tuned/baseline,1,1.7998000606894493,0.0,True,16,10,graph_amortized_device
NVIDIA H200,bfloat16,128,256,1,dao_plus_quant,1,3.305400162935257,,True,16,10,graph_amortized_device
NVIDIA H200,bfloat16,128,256,1,tuned/baseline,2,1.7969999462366104,0.0,True,16,10,graph_amortized_device
NVIDIA H200,bfloat16,128,256,1,tuned/optimized,2,1.7217999324202538,0.0,True,16,10,graph_amortized_device
NVIDIA H200,bfloat16,128,256,1,tuned/warp,2,1.6023999080061913,0.0,True,16,10,graph_amortized_device
NVIDIA H200,bfloat16,128,256,1,tuned/fused_opt,2,2.0028000697493553,,True,16,10,graph_amortized_device
NVIDIA H200,bfloat16,128,256,1,tuned/fused_warp,2,1.8931999802589417,,True,16,10,graph_amortized_device
NVIDIA H200,bfloat16,128,256,1,dao,2,1.7734000459313393,0.0,True,16,10,graph_amortized_device
NVIDIA H200,bfloat16,128,256,1,dao_plus_quant,2,3.3052001148462296,,True,16,10,graph_amortized_device
NVIDIA H200,bfloat16,128,256,1,tuned/baseline,3,1.7976000905036926,0.0,True,16,10,graph_amortized_device
NVIDIA H200,bfloat16,128,256,1,dao_plus_quant,3,3.305000066757202,,True,16,10,graph_amortized_device
NVIDIA H200,bfloat16,128,256,1,dao,3,1.7705999314785004,0.0,True,16,10,graph_amortized_device
NVIDIA H200,bfloat16,128,256,1,tuned/fused_warp,3,1.8952000886201859,,True,16,10,graph_amortized_device
NVIDIA H200,bfloat16,128,256,1,tuned/fused_opt,3,2.0037999376654625,,True,16,10,graph_amortized_device
NVIDIA H200,bfloat16,128,256,1,tuned/warp,3,1.5664000064134598,0.0,True,16,10,graph_amortized_device
NVIDIA H200,bfloat16,128,256,1,tuned/optimized,3,1.7203999683260918,0.0,True,16,10,graph_amortized_device
NVIDIA H200,bfloat16,128,256,1,tuned/warp,4,1.5842000022530556,0.0,True,16,10,graph_amortized_device
NVIDIA H200,bfloat16,128,256,1,tuned/fused_opt,4,2.0034000277519226,,True,16,10,graph_amortized_device
NVIDIA H200,bfloat16,128,256,1,tuned/fused_warp,4,1.8958000466227531,,True,16,10,graph_amortized_device
NVIDIA H200,bfloat16,128,256,1,dao,4,1.7697999253869057,0.0,True,16,10,graph_amortized_device
NVIDIA H200,bfloat16,128,256,1,dao_plus_quant,4,3.3075999468564987,,True,16,10,graph_amortized_device
NVIDIA H200,bfloat16,128,256,1,tuned/baseline,4,1.797799952328205,0.0,True,16,10,graph_amortized_device
NVIDIA H200,bfloat16,128,256,1,tuned/optimized,4,1.7227999866008759,0.0,True,16,10,graph_amortized_device
NVIDIA H200,bfloat16,16384,256,0,dao,0,11.469600349664688,0.0,True,16,10,graph_amortized_device
NVIDIA H200,bfloat16,16384,256,0,dao_plus_quant,0,22.584199905395508,,True,16,10,graph_amortized_device
NVIDIA H200,bfloat16,16384,256,0,tuned/baseline,0,25.28499960899353,0.0,True,16,10,graph_amortized_device
NVIDIA H200,bfloat16,16384,256,0,tuned/optimized,0,11.509600281715393,0.0,True,16,10,graph_amortized_device
NVIDIA H200,bfloat16,16384,256,0,tuned/warp,0,5.026200041174889,0.0,True,16,10,graph_amortized_device
NVIDIA H200,bfloat16,16384,256,0,tuned/fused_opt,0,12.70660012960434,,True,16,10,graph_amortized_device
NVIDIA H200,bfloat16,16384,256,0,tuned/fused_warp,0,7.063599675893784,,True,16,10,graph_amortized_device
NVIDIA H200,bfloat16,16384,256,0,dao,1,11.445800215005875,0.0,True,16,10,graph_amortized_device
NVIDIA H200,bfloat16,16384,256,0,tuned/fused_warp,1,7.06460028886795,,True,16,10,graph_amortized_device
NVIDIA H200,bfloat16,16384,256,0,tuned/fused_opt,1,12.699200212955475,,True,16,10,graph_amortized_device
NVIDIA H200,bfloat16,16384,256,0,tuned/warp,1,4.992000013589859,0.0,True,16,10,graph_amortized_device
NVIDIA H200,bfloat16,16384,256,0,tuned/optimized,1,11.501800268888474,0.0,True,16,10,graph_amortized_device
NVIDIA H200,bfloat16,16384,256,0,tuned/baseline,1,25.282201170921326,0.0,True,16,10,graph_amortized_device
NVIDIA H200,bfloat16,16384,256,0,dao_plus_quant,1,22.61340022087097,,True,16,10,graph_amortized_device
NVIDIA H200,bfloat16,16384,256,0,tuned/baseline,2,25.26339888572693,0.0,True,16,10,graph_amortized_device
NVIDIA H200,bfloat16,16384,256,0,tuned/optimized,2,11.553999781608582,0.0,True,16,10,graph_amortized_device
NVIDIA H200,bfloat16,16384,256,0,tuned/warp,2,5.00820018351078,0.0,True,16,10,graph_amortized_device
NVIDIA H200,bfloat16,16384,256,0,tuned/fused_opt,2,12.70740032196045,,True,16,10,graph_amortized_device
NVIDIA H200,bfloat16,16384,256,0,tuned/fused_warp,2,7.065399736166,,True,16,10,graph_amortized_device
NVIDIA H200,bfloat16,16384,256,0,dao,2,11.45860031247139,0.0,True,16,10,graph_amortized_device
NVIDIA H200,bfloat16,16384,256,0,dao_plus_quant,2,22.586800158023834,,True,16,10,graph_amortized_device
NVIDIA H200,bfloat16,16384,256,0,tuned/baseline,3,25.275200605392456,0.0,True,16,10,graph_amortized_device
NVIDIA H200,bfloat16,16384,256,0,dao_plus_quant,3,22.56300002336502,,True,16,10,graph_amortized_device
NVIDIA H200,bfloat16,16384,256,0,dao,3,11.460399627685547,0.0,True,16,10,graph_amortized_device
NVIDIA H200,bfloat16,16384,256,0,tuned/fused_warp,3,7.061199843883514,,True,16,10,graph_amortized_device
NVIDIA H200,bfloat16,16384,256,0,tuned/fused_opt,3,12.707999348640442,,True,16,10,graph_amortized_device
NVIDIA H200,bfloat16,16384,256,0,tuned/warp,3,5.015600100159645,0.0,True,16,10,graph_amortized_device
NVIDIA H200,bfloat16,16384,256,0,tuned/optimized,3,11.524199694395065,0.0,True,16,10,graph_amortized_device
NVIDIA H200,bfloat16,16384,256,0,tuned/warp,4,4.960000142455101,0.0,True,16,10,graph_amortized_device
NVIDIA H200,bfloat16,16384,256,0,tuned/fused_opt,4,12.694400548934937,,True,16,10,graph_amortized_device
NVIDIA H200,bfloat16,16384,256,0,tuned/fused_warp,4,7.064399868249893,,True,16,10,graph_amortized_device
NVIDIA H200,bfloat16,16384,256,0,dao,4,11.483000218868256,0.0,True,16,10,graph_amortized_device
NVIDIA H200,bfloat16,16384,256,0,dao_plus_quant,4,22.562000155448914,,True,16,10,graph_amortized_device
NVIDIA H200,bfloat16,16384,256,0,tuned/baseline,4,25.30219852924347,0.0,True,16,10,graph_amortized_device
NVIDIA H200,bfloat16,16384,256,0,tuned/optimized,4,11.509200185537338,0.0,True,16,10,graph_amortized_device
NVIDIA H200,bfloat16,16384,256,1,dao,0,11.431200057268143,0.0,True,16,10,graph_amortized_device
NVIDIA H200,bfloat16,16384,256,1,dao_plus_quant,0,22.71140068769455,,True,16,10,graph_amortized_device
NVIDIA H200,bfloat16,16384,256,1,tuned/baseline,0,25.294199585914612,0.0,True,16,10,graph_amortized_device
NVIDIA H200,bfloat16,16384,256,1,tuned/optimized,0,11.526399850845337,0.0,True,16,10,graph_amortized_device
NVIDIA H200,bfloat16,16384,256,1,tuned/warp,0,5.234400182962418,0.0,True,16,10,graph_amortized_device
NVIDIA H200,bfloat16,16384,256,1,tuned/fused_opt,0,12.795600295066833,,True,16,10,graph_amortized_device
NVIDIA H200,bfloat16,16384,256,1,tuned/fused_warp,0,7.230199873447418,,True,16,10,graph_amortized_device
NVIDIA H200,bfloat16,16384,256,1,dao,1,11.445599794387817,0.0,True,16,10,graph_amortized_device
NVIDIA H200,bfloat16,16384,256,1,tuned/fused_warp,1,7.224000245332718,,True,16,10,graph_amortized_device
NVIDIA H200,bfloat16,16384,256,1,tuned/fused_opt,1,12.777000665664673,,True,16,10,graph_amortized_device
NVIDIA H200,bfloat16,16384,256,1,tuned/warp,1,5.233199894428253,0.0,True,16,10,graph_amortized_device
NVIDIA H200,bfloat16,16384,256,1,tuned/optimized,1,11.510799825191498,0.0,True,16,10,graph_amortized_device
NVIDIA H200,bfloat16,16384,256,1,tuned/baseline,1,25.284600257873535,0.0,True,16,10,graph_amortized_device
NVIDIA H200,bfloat16,16384,256,1,dao_plus_quant,1,22.653600573539734,,True,16,10,graph_amortized_device
NVIDIA H200,bfloat16,16384,256,1,tuned/baseline,2,25.280600786209106,0.0,True,16,10,graph_amortized_device
NVIDIA H200,bfloat16,16384,256,1,tuned/optimized,2,11.537600308656693,0.0,True,16,10,graph_amortized_device
NVIDIA H200,bfloat16,16384,256,1,tuned/warp,2,5.171800032258034,0.0,True,16,10,graph_amortized_device
NVIDIA H200,bfloat16,16384,256,1,tuned/fused_opt,2,12.766599655151367,,True,16,10,graph_amortized_device
NVIDIA H200,bfloat16,16384,256,1,tuned/fused_warp,2,7.229200005531311,,True,16,10,graph_amortized_device
NVIDIA H200,bfloat16,16384,256,1,dao,2,11.447399854660034,0.0,True,16,10,graph_amortized_device
NVIDIA H200,bfloat16,16384,256,1,dao_plus_quant,2,22.707599401474,,True,16,10,graph_amortized_device
NVIDIA H200,bfloat16,16384,256,1,tuned/baseline,3,25.28040111064911,0.0,True,16,10,graph_amortized_device
NVIDIA H200,bfloat16,16384,256,1,dao_plus_quant,3,22.652000188827515,,True,16,10,graph_amortized_device
NVIDIA H200,bfloat16,16384,256,1,dao,3,11.474800109863281,0.0,True,16,10,graph_amortized_device
NVIDIA H200,bfloat16,16384,256,1,tuned/fused_warp,3,7.252000272274017,,True,16,10,graph_amortized_device
NVIDIA H200,bfloat16,16384,256,1,tuned/fused_opt,3,12.77260035276413,,True,16,10,graph_amortized_device
NVIDIA H200,bfloat16,16384,256,1,tuned/warp,3,5.231200158596039,0.0,True,16,10,graph_amortized_device
NVIDIA H200,bfloat16,16384,256,1,tuned/optimized,3,11.558599770069122,0.0,True,16,10,graph_amortized_device
NVIDIA H200,bfloat16,16384,256,1,tuned/warp,4,5.166999995708466,0.0,True,16,10,graph_amortized_device
NVIDIA H200,bfloat16,16384,256,1,tuned/fused_opt,4,12.77099996805191,,True,16,10,graph_amortized_device
NVIDIA H200,bfloat16,16384,256,1,tuned/fused_warp,4,7.2304002940654755,,True,16,10,graph_amortized_device
NVIDIA H200,bfloat16,16384,256,1,dao,4,11.474999785423279,0.0,True,16,10,graph_amortized_device
NVIDIA H200,bfloat16,16384,256,1,dao_plus_quant,4,22.697000205516815,,True,16,10,graph_amortized_device
NVIDIA H200,bfloat16,16384,256,1,tuned/baseline,4,25.292998552322388,0.0,True,16,10,graph_amortized_device
NVIDIA H200,bfloat16,16384,256,1,tuned/optimized,4,11.531399935483932,0.0,True,16,10,graph_amortized_device
NVIDIA H200,bfloat16,131072,256,0,dao,0,80.7096004486084,0.0,True,16,10,graph_amortized_device
NVIDIA H200,bfloat16,131072,256,0,dao_plus_quant,0,161.70660257339478,,True,16,10,graph_amortized_device
NVIDIA H200,bfloat16,131072,256,0,tuned/baseline,0,194.41100358963013,0.0,True,16,10,graph_amortized_device
NVIDIA H200,bfloat16,131072,256,0,tuned/optimized,0,81.73620104789734,0.0,True,16,10,graph_amortized_device
NVIDIA H200,bfloat16,131072,256,0,tuned/warp,0,36.549800634384155,0.0,True,16,10,graph_amortized_device
NVIDIA H200,bfloat16,131072,256,0,tuned/fused_opt,0,95.16680240631104,,True,16,10,graph_amortized_device
NVIDIA H200,bfloat16,131072,256,0,tuned/fused_warp,0,47.68899977207184,,True,16,10,graph_amortized_device
NVIDIA H200,bfloat16,131072,256,0,dao,1,80.74939846992493,0.0,True,16,10,graph_amortized_device
NVIDIA H200,bfloat16,131072,256,0,tuned/fused_warp,1,47.4047988653183,,True,16,10,graph_amortized_device
NVIDIA H200,bfloat16,131072,256,0,tuned/fused_opt,1,95.1665997505188,,True,16,10,graph_amortized_device
NVIDIA H200,bfloat16,131072,256,0,tuned/warp,1,36.559200286865234,0.0,True,16,10,graph_amortized_device
NVIDIA H200,bfloat16,131072,256,0,tuned/optimized,1,81.85499906539917,0.0,True,16,10,graph_amortized_device
NVIDIA H200,bfloat16,131072,256,0,tuned/baseline,1,194.4301962852478,0.0,True,16,10,graph_amortized_device
NVIDIA H200,bfloat16,131072,256,0,dao_plus_quant,1,162.08399534225464,,True,16,10,graph_amortized_device
NVIDIA H200,bfloat16,131072,256,0,tuned/baseline,2,194.4357991218567,0.0,True,16,10,graph_amortized_device
NVIDIA H200,bfloat16,131072,256,0,tuned/optimized,2,81.88260197639465,0.0,True,16,10,graph_amortized_device
NVIDIA H200,bfloat16,131072,256,0,tuned/warp,2,36.54739856719971,0.0,True,16,10,graph_amortized_device
NVIDIA H200,bfloat16,131072,256,0,tuned/fused_opt,2,95.20099759101868,,True,16,10,graph_amortized_device
NVIDIA H200,bfloat16,131072,256,0,tuned/fused_warp,2,47.426798939704895,,True,16,10,graph_amortized_device
NVIDIA H200,bfloat16,131072,256,0,dao,2,80.82259893417358,0.0,True,16,10,graph_amortized_device
NVIDIA H200,bfloat16,131072,256,0,dao_plus_quant,2,161.97420358657837,,True,16,10,graph_amortized_device
NVIDIA H200,bfloat16,131072,256,0,tuned/baseline,3,194.7103977203369,0.0,True,16,10,graph_amortized_device
NVIDIA H200,bfloat16,131072,256,0,dao_plus_quant,3,162.0344042778015,,True,16,10,graph_amortized_device
NVIDIA H200,bfloat16,131072,256,0,dao,3,80.81920146942139,0.0,True,16,10,graph_amortized_device
NVIDIA H200,bfloat16,131072,256,0,tuned/fused_warp,3,47.407400608062744,,True,16,10,graph_amortized_device
NVIDIA H200,bfloat16,131072,256,0,tuned/fused_opt,3,95.24139761924744,,True,16,10,graph_amortized_device
NVIDIA H200,bfloat16,131072,256,0,tuned/warp,3,36.54940128326416,0.0,True,16,10,graph_amortized_device
NVIDIA H200,bfloat16,131072,256,0,tuned/optimized,3,81.87459707260132,0.0,True,16,10,graph_amortized_device
NVIDIA H200,bfloat16,131072,256,0,tuned/warp,4,36.544400453567505,0.0,True,16,10,graph_amortized_device
NVIDIA H200,bfloat16,131072,256,0,tuned/fused_opt,4,95.23299932479858,,True,16,10,graph_amortized_device
NVIDIA H200,bfloat16,131072,256,0,tuned/fused_warp,4,47.42940068244934,,True,16,10,graph_amortized_device
NVIDIA H200,bfloat16,131072,256,0,dao,4,81.21979832649231,0.0,True,16,10,graph_amortized_device
NVIDIA H200,bfloat16,131072,256,0,dao_plus_quant,4,162.22480535507202,,True,16,10,graph_amortized_device
NVIDIA H200,bfloat16,131072,256,0,tuned/baseline,4,194.44860219955444,0.0,True,16,10,graph_amortized_device
NVIDIA H200,bfloat16,131072,256,0,tuned/optimized,4,81.94699883460999,0.0,True,16,10,graph_amortized_device
NVIDIA H200,bfloat16,131072,256,1,dao,0,80.7237982749939,0.0,True,16,10,graph_amortized_device
NVIDIA H200,bfloat16,131072,256,1,dao_plus_quant,0,161.77599430084229,,True,16,10,graph_amortized_device
NVIDIA H200,bfloat16,131072,256,1,tuned/baseline,0,194.52060461044312,0.0,True,16,10,graph_amortized_device
NVIDIA H200,bfloat16,131072,256,1,tuned/optimized,0,81.70899748802185,0.0,True,16,10,graph_amortized_device
NVIDIA H200,bfloat16,131072,256,1,tuned/warp,0,37.79020011425018,0.0,True,16,10,graph_amortized_device
NVIDIA H200,bfloat16,131072,256,1,tuned/fused_opt,0,95.57939767837524,,True,16,10,graph_amortized_device
NVIDIA H200,bfloat16,131072,256,1,tuned/fused_warp,0,48.86020123958588,,True,16,10,graph_amortized_device
NVIDIA H200,bfloat16,131072,256,1,dao,1,80.70160150527954,0.0,True,16,10,graph_amortized_device
NVIDIA H200,bfloat16,131072,256,1,tuned/fused_warp,1,48.87680113315582,,True,16,10,graph_amortized_device
NVIDIA H200,bfloat16,131072,256,1,tuned/fused_opt,1,95.57600021362305,,True,16,10,graph_amortized_device
NVIDIA H200,bfloat16,131072,256,1,tuned/warp,1,37.81119883060455,0.0,True,16,10,graph_amortized_device
NVIDIA H200,bfloat16,131072,256,1,tuned/optimized,1,82.11100101470947,0.0,True,16,10,graph_amortized_device
NVIDIA H200,bfloat16,131072,256,1,tuned/baseline,1,194.55599784851074,0.0,True,16,10,graph_amortized_device
NVIDIA H200,bfloat16,131072,256,1,dao_plus_quant,1,162.16800212860107,,True,16,10,graph_amortized_device
NVIDIA H200,bfloat16,131072,256,1,tuned/baseline,2,194.80639696121216,0.0,True,16,10,graph_amortized_device
NVIDIA H200,bfloat16,131072,256,1,tuned/optimized,2,81.75939917564392,0.0,True,16,10,graph_amortized_device
NVIDIA H200,bfloat16,131072,256,1,tuned/warp,2,37.79020011425018,0.0,True,16,10,graph_amortized_device
NVIDIA H200,bfloat16,131072,256,1,tuned/fused_opt,2,95.63159942626953,,True,16,10,graph_amortized_device
NVIDIA H200,bfloat16,131072,256,1,tuned/fused_warp,2,48.86760115623474,,True,16,10,graph_amortized_device
NVIDIA H200,bfloat16,131072,256,1,dao,2,80.71680068969727,0.0,True,16,10,graph_amortized_device
NVIDIA H200,bfloat16,131072,256,1,dao_plus_quant,2,161.82559728622437,,True,16,10,graph_amortized_device
NVIDIA H200,bfloat16,131072,256,1,tuned/baseline,3,194.4867968559265,0.0,True,16,10,graph_amortized_device
NVIDIA H200,bfloat16,131072,256,1,dao_plus_quant,3,161.8574023246765,,True,16,10,graph_amortized_device
NVIDIA H200,bfloat16,131072,256,1,dao,3,80.71699738502502,0.0,True,16,10,graph_amortized_device
NVIDIA H200,bfloat16,131072,256,1,tuned/fused_warp,3,48.84620010852814,,True,16,10,graph_amortized_device
NVIDIA H200,bfloat16,131072,256,1,tuned/fused_opt,3,95.52239775657654,,True,16,10,graph_amortized_device
NVIDIA H200,bfloat16,131072,256,1,tuned/warp,3,37.729400396347046,0.0,True,16,10,graph_amortized_device
NVIDIA H200,bfloat16,131072,256,1,tuned/optimized,3,81.71719908714294,0.0,True,16,10,graph_amortized_device
NVIDIA H200,bfloat16,131072,256,1,tuned/warp,4,37.7700001001358,0.0,True,16,10,graph_amortized_device
NVIDIA H200,bfloat16,131072,256,1,tuned/fused_opt,4,95.57880163192749,,True,16,10,graph_amortized_device
NVIDIA H200,bfloat16,131072,256,1,tuned/fused_warp,4,48.865801095962524,,True,16,10,graph_amortized_device
NVIDIA H200,bfloat16,131072,256,1,dao,4,80.69459795951843,0.0,True,16,10,graph_amortized_device
NVIDIA H200,bfloat16,131072,256,1,dao_plus_quant,4,161.81060075759888,,True,16,10,graph_amortized_device
NVIDIA H200,bfloat16,131072,256,1,tuned/baseline,4,194.76200342178345,0.0,True,16,10,graph_amortized_device
NVIDIA H200,bfloat16,131072,256,1,tuned/optimized,4,81.7658007144928,0.0,True,16,10,graph_amortized_device
NVIDIA H200,bfloat16,1,512,0,dao,0,1.6270000487565994,0.0,True,16,10,graph_amortized_device
NVIDIA H200,bfloat16,1,512,0,dao_plus_quant,0,2.806999906897545,,True,16,10,graph_amortized_device
NVIDIA H200,bfloat16,1,512,0,tuned/baseline,0,1.7683999612927437,0.0,True,16,10,graph_amortized_device
NVIDIA H200,bfloat16,1,512,0,tuned/optimized,0,1.6046000644564629,0.0,True,16,10,graph_amortized_device
NVIDIA H200,bfloat16,1,512,0,tuned/warp,0,1.537800021469593,0.0,True,16,10,graph_amortized_device
NVIDIA H200,bfloat16,1,512,0,tuned/fused_opt,0,1.819399930536747,,True,16,10,graph_amortized_device
NVIDIA H200,bfloat16,1,512,0,tuned/fused_warp,0,1.921599917113781,,True,16,10,graph_amortized_device
NVIDIA H200,bfloat16,1,512,0,dao,1,1.6278000548481941,0.0,True,16,10,graph_amortized_device
NVIDIA H200,bfloat16,1,512,0,tuned/fused_warp,1,1.9023999571800232,,True,16,10,graph_amortized_device
NVIDIA H200,bfloat16,1,512,0,tuned/fused_opt,1,1.8195999786257744,,True,16,10,graph_amortized_device
NVIDIA H200,bfloat16,1,512,0,tuned/warp,1,1.5387999825179577,0.0,True,16,10,graph_amortized_device
NVIDIA H200,bfloat16,1,512,0,tuned/optimized,1,1.6001999378204346,0.0,True,16,10,graph_amortized_device
NVIDIA H200,bfloat16,1,512,0,tuned/baseline,1,1.7697999253869057,0.0,True,16,10,graph_amortized_device
NVIDIA H200,bfloat16,1,512,0,dao_plus_quant,1,2.8063999488949776,,True,16,10,graph_amortized_device
NVIDIA H200,bfloat16,1,512,0,tuned/baseline,2,1.767599955201149,0.0,True,16,10,graph_amortized_device
NVIDIA H200,bfloat16,1,512,0,tuned/optimized,2,1.6033999621868134,0.0,True,16,10,graph_amortized_device
NVIDIA H200,bfloat16,1,512,0,tuned/warp,2,1.5382000245153904,0.0,True,16,10,graph_amortized_device
NVIDIA H200,bfloat16,1,512,0,tuned/fused_opt,2,1.8211999908089638,,True,16,10,graph_amortized_device
NVIDIA H200,bfloat16,1,512,0,tuned/fused_warp,2,1.9223999232053757,,True,16,10,graph_amortized_device
NVIDIA H200,bfloat16,1,512,0,dao,2,1.628199964761734,0.0,True,16,10,graph_amortized_device
NVIDIA H200,bfloat16,1,512,0,dao_plus_quant,2,2.8049999848008156,,True,16,10,graph_amortized_device
NVIDIA H200,bfloat16,1,512,0,tuned/baseline,3,1.787400059401989,0.0,True,16,10,graph_amortized_device
NVIDIA H200,bfloat16,1,512,0,dao_plus_quant,3,2.806200087070465,,True,16,10,graph_amortized_device
NVIDIA H200,bfloat16,1,512,0,dao,3,1.6270000487565994,0.0,True,16,10,graph_amortized_device
NVIDIA H200,bfloat16,1,512,0,tuned/fused_warp,3,1.942400075495243,,True,16,10,graph_amortized_device
NVIDIA H200,bfloat16,1,512,0,tuned/fused_opt,3,1.8192000687122345,,True,16,10,graph_amortized_device
NVIDIA H200,bfloat16,1,512,0,tuned/warp,3,1.537800021469593,0.0,True,16,10,graph_amortized_device
NVIDIA H200,bfloat16,1,512,0,tuned/optimized,3,1.60559993237257,0.0,True,16,10,graph_amortized_device
NVIDIA H200,bfloat16,1,512,0,tuned/warp,4,1.5394000336527824,0.0,True,16,10,graph_amortized_device
NVIDIA H200,bfloat16,1,512,0,tuned/fused_opt,4,1.8195999786257744,,True,16,10,graph_amortized_device
NVIDIA H200,bfloat16,1,512,0,tuned/fused_warp,4,1.9204000011086464,,True,16,10,graph_amortized_device
NVIDIA H200,bfloat16,1,512,0,dao,4,1.6264000907540321,0.0,True,16,10,graph_amortized_device
NVIDIA H200,bfloat16,1,512,0,dao_plus_quant,4,2.8054000809788704,,True,16,10,graph_amortized_device
NVIDIA H200,bfloat16,1,512,0,tuned/baseline,4,1.768999919295311,0.0,True,16,10,graph_amortized_device
NVIDIA H200,bfloat16,1,512,0,tuned/optimized,4,1.6006000339984894,0.0,True,16,10,graph_amortized_device
NVIDIA H200,bfloat16,1,512,1,dao,0,1.6127999871969223,0.0,True,16,10,graph_amortized_device
NVIDIA H200,bfloat16,1,512,1,dao_plus_quant,0,2.8060000389814377,,True,16,10,graph_amortized_device
NVIDIA H200,bfloat16,1,512,1,tuned/baseline,0,1.7688000574707985,0.0,True,16,10,graph_amortized_device
NVIDIA H200,bfloat16,1,512,1,tuned/optimized,0,1.5925999730825424,0.0,True,16,10,graph_amortized_device
NVIDIA H200,bfloat16,1,512,1,tuned/warp,0,1.5588000416755676,0.0,True,16,10,graph_amortized_device
NVIDIA H200,bfloat16,1,512,1,tuned/fused_opt,0,1.8122000619769096,,True,16,10,graph_amortized_device
NVIDIA H200,bfloat16,1,512,1,tuned/fused_warp,0,1.946599967777729,,True,16,10,graph_amortized_device
NVIDIA H200,bfloat16,1,512,1,dao,1,1.5969999134540558,0.0,True,16,10,graph_amortized_device
NVIDIA H200,bfloat16,1,512,1,tuned/fused_warp,1,1.947999931871891,,True,16,10,graph_amortized_device
NVIDIA H200,bfloat16,1,512,1,tuned/fused_opt,1,1.8144000321626663,,True,16,10,graph_amortized_device
NVIDIA H200,bfloat16,1,512,1,tuned/warp,1,1.561999972909689,0.0,True,16,10,graph_amortized_device
NVIDIA H200,bfloat16,1,512,1,tuned/optimized,1,1.5930000692605972,0.0,True,16,10,graph_amortized_device
NVIDIA H200,bfloat16,1,512,1,tuned/baseline,1,1.767599955201149,0.0,True,16,10,graph_amortized_device
NVIDIA H200,bfloat16,1,512,1,dao_plus_quant,1,2.8057999908924103,,True,16,10,graph_amortized_device
NVIDIA H200,bfloat16,1,512,1,tuned/baseline,2,1.7704000696539879,0.0,True,16,10,graph_amortized_device
NVIDIA H200,bfloat16,1,512,1,tuned/optimized,2,1.6117999330163002,0.0,True,16,10,graph_amortized_device
NVIDIA H200,bfloat16,1,512,1,tuned/warp,2,1.5614000149071217,0.0,True,16,10,graph_amortized_device
NVIDIA H200,bfloat16,1,512,1,tuned/fused_opt,2,1.8117999657988548,,True,16,10,graph_amortized_device
NVIDIA H200,bfloat16,1,512,1,tuned/fused_warp,2,1.9489999860525131,,True,16,10,graph_amortized_device
NVIDIA H200,bfloat16,1,512,1,dao,2,1.5974000096321106,0.0,True,16,10,graph_amortized_device
NVIDIA H200,bfloat16,1,512,1,dao_plus_quant,2,2.8063999488949776,,True,16,10,graph_amortized_device
NVIDIA H200,bfloat16,1,512,1,tuned/baseline,3,1.7694000154733658,0.0,True,16,10,graph_amortized_device
NVIDIA H200,bfloat16,1,512,1,dao_plus_quant,3,2.8063999488949776,,True,16,10,graph_amortized_device
NVIDIA H200,bfloat16,1,512,1,dao,3,1.6140000894665718,0.0,True,16,10,graph_amortized_device
NVIDIA H200,bfloat16,1,512,1,tuned/fused_warp,3,1.9470000639557838,,True,16,10,graph_amortized_device
NVIDIA H200,bfloat16,1,512,1,tuned/fused_opt,3,1.8117999657988548,,True,16,10,graph_amortized_device
NVIDIA H200,bfloat16,1,512,1,tuned/warp,3,1.5622000209987164,0.0,True,16,10,graph_amortized_device
NVIDIA H200,bfloat16,1,512,1,tuned/optimized,3,1.595200039446354,0.0,True,16,10,graph_amortized_device
NVIDIA H200,bfloat16,1,512,1,tuned/warp,4,1.541799958795309,0.0,True,16,10,graph_amortized_device
NVIDIA H200,bfloat16,1,512,1,tuned/fused_opt,4,1.8115999177098274,,True,16,10,graph_amortized_device
NVIDIA H200,bfloat16,1,512,1,tuned/fused_warp,4,1.9481999799609184,,True,16,10,graph_amortized_device
NVIDIA H200,bfloat16,1,512,1,dao,4,1.597600057721138,0.0,True,16,10,graph_amortized_device
NVIDIA H200,bfloat16,1,512,1,dao_plus_quant,4,2.8057999908924103,,True,16,10,graph_amortized_device
NVIDIA H200,bfloat16,1,512,1,tuned/baseline,4,1.7696000635623932,0.0,True,16,10,graph_amortized_device
NVIDIA H200,bfloat16,1,512,1,tuned/optimized,4,1.5790000557899475,0.0,True,16,10,graph_amortized_device
NVIDIA H200,bfloat16,128,512,0,dao,0,1.7777999863028526,0.0,True,16,10,graph_amortized_device
NVIDIA H200,bfloat16,128,512,0,dao_plus_quant,0,3.3959999680519104,,True,16,10,graph_amortized_device
NVIDIA H200,bfloat16,128,512,0,tuned/baseline,0,1.9618000835180283,0.0,True,16,10,graph_amortized_device
NVIDIA H200,bfloat16,128,512,0,tuned/optimized,0,1.7799999564886093,0.0,True,16,10,graph_amortized_device
NVIDIA H200,bfloat16,128,512,0,tuned/warp,0,1.7497999593615532,0.0,True,16,10,graph_amortized_device
NVIDIA H200,bfloat16,128,512,0,tuned/fused_opt,0,2.090799994766712,,True,16,10,graph_amortized_device
NVIDIA H200,bfloat16,128,512,0,tuned/fused_warp,0,2.0565999671816826,,True,16,10,graph_amortized_device
NVIDIA H200,bfloat16,128,512,0,dao,1,1.7777999863028526,0.0,True,16,10,graph_amortized_device
NVIDIA H200,bfloat16,128,512,0,tuned/fused_warp,1,2.053399942815304,,True,16,10,graph_amortized_device
NVIDIA H200,bfloat16,128,512,0,tuned/fused_opt,1,2.0924000069499016,,True,16,10,graph_amortized_device
NVIDIA H200,bfloat16,128,512,0,tuned/warp,1,1.749200001358986,0.0,True,16,10,graph_amortized_device
NVIDIA H200,bfloat16,128,512,0,tuned/optimized,1,1.7812000587582588,0.0,True,16,10,graph_amortized_device
NVIDIA H200,bfloat16,128,512,0,tuned/baseline,1,1.9651999697089195,0.0,True,16,10,graph_amortized_device
NVIDIA H200,bfloat16,128,512,0,dao_plus_quant,1,3.3975999802351,,True,16,10,graph_amortized_device
NVIDIA H200,bfloat16,128,512,0,tuned/baseline,2,1.9592000171542168,0.0,True,16,10,graph_amortized_device
NVIDIA H200,bfloat16,128,512,0,tuned/optimized,2,1.7810000106692314,0.0,True,16,10,graph_amortized_device
NVIDIA H200,bfloat16,128,512,0,tuned/warp,2,1.7519999295473099,0.0,True,16,10,graph_amortized_device
NVIDIA H200,bfloat16,128,512,0,tuned/fused_opt,2,2.094000019133091,,True,16,10,graph_amortized_device
NVIDIA H200,bfloat16,128,512,0,tuned/fused_warp,2,2.0538000389933586,,True,16,10,graph_amortized_device
NVIDIA H200,bfloat16,128,512,0,dao,2,1.779399998486042,0.0,True,16,10,graph_amortized_device
NVIDIA H200,bfloat16,128,512,0,dao_plus_quant,2,3.3950001001358032,,True,16,10,graph_amortized_device
NVIDIA H200,bfloat16,128,512,0,tuned/baseline,3,1.9621999934315681,0.0,True,16,10,graph_amortized_device
NVIDIA H200,bfloat16,128,512,0,dao_plus_quant,3,3.398599848151207,,True,16,10,graph_amortized_device
NVIDIA H200,bfloat16,128,512,0,dao,3,1.776600070297718,0.0,True,16,10,graph_amortized_device
NVIDIA H200,bfloat16,128,512,0,tuned/fused_warp,3,2.054000087082386,,True,16,10,graph_amortized_device
NVIDIA H200,bfloat16,128,512,0,tuned/fused_opt,3,2.094399929046631,,True,16,10,graph_amortized_device
NVIDIA H200,bfloat16,128,512,0,tuned/warp,3,1.7511999234557152,0.0,True,16,10,graph_amortized_device
NVIDIA H200,bfloat16,128,512,0,tuned/optimized,3,1.780799962580204,0.0,True,16,10,graph_amortized_device
NVIDIA H200,bfloat16,128,512,0,tuned/warp,4,1.7542000859975815,0.0,True,16,10,graph_amortized_device
NVIDIA H200,bfloat16,128,512,0,tuned/fused_opt,4,2.094000019133091,,True,16,10,graph_amortized_device
NVIDIA H200,bfloat16,128,512,0,tuned/fused_warp,4,2.053399942815304,,True,16,10,graph_amortized_device
NVIDIA H200,bfloat16,128,512,0,dao,4,1.7775999382138252,0.0,True,16,10,graph_amortized_device
NVIDIA H200,bfloat16,128,512,0,dao_plus_quant,4,3.3966001123189926,,True,16,10,graph_amortized_device
NVIDIA H200,bfloat16,128,512,0,tuned/baseline,4,1.959799975156784,0.0,True,16,10,graph_amortized_device
NVIDIA H200,bfloat16,128,512,0,tuned/optimized,4,1.7785999923944473,0.0,True,16,10,graph_amortized_device
NVIDIA H200,bfloat16,128,512,1,dao,0,1.7774000763893127,0.0,True,16,10,graph_amortized_device
NVIDIA H200,bfloat16,128,512,1,dao_plus_quant,0,3.3743999898433685,,True,16,10,graph_amortized_device
NVIDIA H200,bfloat16,128,512,1,tuned/baseline,0,1.9735999405384064,0.0,True,16,10,graph_amortized_device
NVIDIA H200,bfloat16,128,512,1,tuned/optimized,0,1.7681999132037163,0.0,True,16,10,graph_amortized_device
NVIDIA H200,bfloat16,128,512,1,tuned/warp,0,1.7723999917507172,0.0,True,16,10,graph_amortized_device
NVIDIA H200,bfloat16,128,512,1,tuned/fused_opt,0,2.0757999271154404,,True,16,10,graph_amortized_device
NVIDIA H200,bfloat16,128,512,1,tuned/fused_warp,0,2.0565999671816826,,True,16,10,graph_amortized_device
NVIDIA H200,bfloat16,128,512,1,dao,1,1.7775999382138252,0.0,True,16,10,graph_amortized_device
NVIDIA H200,bfloat16,128,512,1,tuned/fused_warp,1,2.0565999671816826,,True,16,10,graph_amortized_device
NVIDIA H200,bfloat16,128,512,1,tuned/fused_opt,1,2.07700002938509,,True,16,10,graph_amortized_device
NVIDIA H200,bfloat16,128,512,1,tuned/warp,1,1.7740000039339066,0.0,True,16,10,graph_amortized_device
NVIDIA H200,bfloat16,128,512,1,tuned/optimized,1,1.766199991106987,0.0,True,16,10,graph_amortized_device
NVIDIA H200,bfloat16,128,512,1,tuned/baseline,1,1.971600018441677,0.0,True,16,10,graph_amortized_device
NVIDIA H200,bfloat16,128,512,1,dao_plus_quant,1,3.3725999295711517,,True,16,10,graph_amortized_device
NVIDIA H200,bfloat16,128,512,1,tuned/baseline,2,1.9721999764442444,0.0,True,16,10,graph_amortized_device
NVIDIA H200,bfloat16,128,512,1,tuned/optimized,2,1.768600009381771,0.0,True,16,10,graph_amortized_device
NVIDIA H200,bfloat16,128,512,1,tuned/warp,2,1.7718000337481499,0.0,True,16,10,graph_amortized_device
NVIDIA H200,bfloat16,128,512,1,tuned/fused_opt,2,2.0757999271154404,,True,16,10,graph_amortized_device
NVIDIA H200,bfloat16,128,512,1,tuned/fused_warp,2,2.056399919092655,,True,16,10,graph_amortized_device
NVIDIA H200,bfloat16,128,512,1,dao,2,1.7772000283002853,0.0,True,16,10,graph_amortized_device
NVIDIA H200,bfloat16,128,512,1,dao_plus_quant,2,3.3390000462532043,,True,16,10,graph_amortized_device
NVIDIA H200,bfloat16,128,512,1,tuned/baseline,3,1.9751999527215958,0.0,True,16,10,graph_amortized_device
NVIDIA H200,bfloat16,128,512,1,dao_plus_quant,3,3.3734001219272614,,True,16,10,graph_amortized_device
NVIDIA H200,bfloat16,128,512,1,dao,3,1.7775999382138252,0.0,True,16,10,graph_amortized_device
NVIDIA H200,bfloat16,128,512,1,tuned/fused_warp,3,2.058600075542927,,True,16,10,graph_amortized_device
NVIDIA H200,bfloat16,128,512,1,tuned/fused_opt,3,2.0759999752044678,,True,16,10,graph_amortized_device
NVIDIA H200,bfloat16,128,512,1,tuned/warp,3,1.7753999680280685,0.0,True,16,10,graph_amortized_device
NVIDIA H200,bfloat16,128,512,1,tuned/optimized,3,1.7678000032901764,0.0,True,16,10,graph_amortized_device
NVIDIA H200,bfloat16,128,512,1,tuned/warp,4,1.7723999917507172,0.0,True,16,10,graph_amortized_device
NVIDIA H200,bfloat16,128,512,1,tuned/fused_opt,4,2.075199969112873,,True,16,10,graph_amortized_device
NVIDIA H200,bfloat16,128,512,1,tuned/fused_warp,4,2.055400051176548,,True,16,10,graph_amortized_device
NVIDIA H200,bfloat16,128,512,1,dao,4,1.7774000763893127,0.0,True,16,10,graph_amortized_device
NVIDIA H200,bfloat16,128,512,1,dao_plus_quant,4,3.3381998538970947,,True,16,10,graph_amortized_device
NVIDIA H200,bfloat16,128,512,1,tuned/baseline,4,1.9711999222636223,0.0,True,16,10,graph_amortized_device
NVIDIA H200,bfloat16,128,512,1,tuned/optimized,4,1.7669999971985817,0.0,True,16,10,graph_amortized_device
NVIDIA H200,bfloat16,16384,512,0,dao,0,11.981800198554993,0.0,True,16,10,graph_amortized_device
NVIDIA H200,bfloat16,16384,512,0,dao_plus_quant,0,26.922398805618286,,True,16,10,graph_amortized_device
NVIDIA H200,bfloat16,16384,512,0,tuned/baseline,0,51.74260139465332,0.0,True,16,10,graph_amortized_device
NVIDIA H200,bfloat16,16384,512,0,tuned/optimized,0,19.754600524902344,0.0,True,16,10,graph_amortized_device
NVIDIA H200,bfloat16,16384,512,0,tuned/warp,0,10.051000118255615,0.0,True,16,10,graph_amortized_device
NVIDIA H200,bfloat16,16384,512,0,tuned/fused_opt,0,25.098800659179688,,True,16,10,graph_amortized_device
NVIDIA H200,bfloat16,16384,512,0,tuned/fused_warp,0,11.332999914884567,,True,16,10,graph_amortized_device
NVIDIA H200,bfloat16,16384,512,0,dao,1,11.964400112628937,0.0,True,16,10,graph_amortized_device
NVIDIA H200,bfloat16,16384,512,0,tuned/fused_warp,1,11.333999782800674,,True,16,10,graph_amortized_device
NVIDIA H200,bfloat16,16384,512,0,tuned/fused_opt,1,25.07840096950531,,True,16,10,graph_amortized_device
NVIDIA H200,bfloat16,16384,512,0,tuned/warp,1,10.039599984884262,0.0,True,16,10,graph_amortized_device
NVIDIA H200,bfloat16,16384,512,0,tuned/optimized,1,19.763800501823425,0.0,True,16,10,graph_amortized_device
NVIDIA H200,bfloat16,16384,512,0,tuned/baseline,1,51.73180103302002,0.0,True,16,10,graph_amortized_device
NVIDIA H200,bfloat16,16384,512,0,dao_plus_quant,1,26.886799931526184,,True,16,10,graph_amortized_device
NVIDIA H200,bfloat16,16384,512,0,tuned/baseline,2,51.71779990196228,0.0,True,16,10,graph_amortized_device
NVIDIA H200,bfloat16,16384,512,0,tuned/optimized,2,19.75560039281845,0.0,True,16,10,graph_amortized_device
NVIDIA H200,bfloat16,16384,512,0,tuned/warp,2,10.052400082349777,0.0,True,16,10,graph_amortized_device
NVIDIA H200,bfloat16,16384,512,0,tuned/fused_opt,2,25.084999203681946,,True,16,10,graph_amortized_device
NVIDIA H200,bfloat16,16384,512,0,tuned/fused_warp,2,11.33740022778511,,True,16,10,graph_amortized_device
NVIDIA H200,bfloat16,16384,512,0,dao,2,11.964000016450882,0.0,True,16,10,graph_amortized_device
NVIDIA H200,bfloat16,16384,512,0,dao_plus_quant,2,26.922601461410522,,True,16,10,graph_amortized_device
NVIDIA H200,bfloat16,16384,512,0,tuned/baseline,3,51.7907977104187,0.0,True,16,10,graph_amortized_device
NVIDIA H200,bfloat16,16384,512,0,dao_plus_quant,3,26.927199959754944,,True,16,10,graph_amortized_device
NVIDIA H200,bfloat16,16384,512,0,dao,3,11.992800235748291,0.0,True,16,10,graph_amortized_device
NVIDIA H200,bfloat16,16384,512,0,tuned/fused_warp,3,11.34980022907257,,True,16,10,graph_amortized_device
NVIDIA H200,bfloat16,16384,512,0,tuned/fused_opt,3,25.124600529670715,,True,16,10,graph_amortized_device
NVIDIA H200,bfloat16,16384,512,0,tuned/warp,3,10.05920022726059,0.0,True,16,10,graph_amortized_device
NVIDIA H200,bfloat16,16384,512,0,tuned/optimized,3,19.798800349235535,0.0,True,16,10,graph_amortized_device
NVIDIA H200,bfloat16,16384,512,0,tuned/warp,4,10.041400045156479,0.0,True,16,10,graph_amortized_device
NVIDIA H200,bfloat16,16384,512,0,tuned/fused_opt,4,25.126799941062927,,True,16,10,graph_amortized_device
NVIDIA H200,bfloat16,16384,512,0,tuned/fused_warp,4,11.336799710988998,,True,16,10,graph_amortized_device
NVIDIA H200,bfloat16,16384,512,0,dao,4,11.972799897193909,0.0,True,16,10,graph_amortized_device
NVIDIA H200,bfloat16,16384,512,0,dao_plus_quant,4,26.923200488090515,,True,16,10,graph_amortized_device
NVIDIA H200,bfloat16,16384,512,0,tuned/baseline,4,51.79160237312317,0.0,True,16,10,graph_amortized_device
NVIDIA H200,bfloat16,16384,512,0,tuned/optimized,4,19.769200682640076,0.0,True,16,10,graph_amortized_device
NVIDIA H200,bfloat16,16384,512,1,dao,0,11.95800006389618,0.0,True,16,10,graph_amortized_device
NVIDIA H200,bfloat16,16384,512,1,dao_plus_quant,0,27.00760066509247,,True,16,10,graph_amortized_device
NVIDIA H200,bfloat16,16384,512,1,tuned/baseline,0,51.885801553726196,0.0,True,16,10,graph_amortized_device
NVIDIA H200,bfloat16,16384,512,1,tuned/optimized,0,19.884200394153595,0.0,True,16,10,graph_amortized_device
NVIDIA H200,bfloat16,16384,512,1,tuned/warp,0,10.435999929904938,0.0,True,16,10,graph_amortized_device
NVIDIA H200,bfloat16,16384,512,1,tuned/fused_opt,0,25.282400846481323,,True,16,10,graph_amortized_device
NVIDIA H200,bfloat16,16384,512,1,tuned/fused_warp,0,11.622600257396698,,True,16,10,graph_amortized_device
NVIDIA H200,bfloat16,16384,512,1,dao,1,11.949200183153152,0.0,True,16,10,graph_amortized_device
NVIDIA H200,bfloat16,16384,512,1,tuned/fused_warp,1,11.620400100946426,,True,16,10,graph_amortized_device
NVIDIA H200,bfloat16,16384,512,1,tuned/fused_opt,1,25.282201170921326,,True,16,10,graph_amortized_device
NVIDIA H200,bfloat16,16384,512,1,tuned/warp,1,10.446999967098236,0.0,True,16,10,graph_amortized_device
NVIDIA H200,bfloat16,16384,512,1,tuned/optimized,1,19.87379938364029,0.0,True,16,10,graph_amortized_device
NVIDIA H200,bfloat16,16384,512,1,tuned/baseline,1,51.80180072784424,0.0,True,16,10,graph_amortized_device
NVIDIA H200,bfloat16,16384,512,1,dao_plus_quant,1,26.973798871040344,,True,16,10,graph_amortized_device
NVIDIA H200,bfloat16,16384,512,1,tuned/baseline,2,51.80220007896423,0.0,True,16,10,graph_amortized_device
NVIDIA H200,bfloat16,16384,512,1,tuned/optimized,2,19.93280053138733,0.0,True,16,10,graph_amortized_device
NVIDIA H200,bfloat16,16384,512,1,tuned/warp,2,10.444200038909912,0.0,True,16,10,graph_amortized_device
NVIDIA H200,bfloat16,16384,512,1,tuned/fused_opt,2,25.389200448989868,,True,16,10,graph_amortized_device
NVIDIA H200,bfloat16,16384,512,1,tuned/fused_warp,2,11.568400263786316,,True,16,10,graph_amortized_device
NVIDIA H200,bfloat16,16384,512,1,dao,2,11.959200352430344,0.0,True,16,10,graph_amortized_device
NVIDIA H200,bfloat16,16384,512,1,dao_plus_quant,2,26.969799399375916,,True,16,10,graph_amortized_device
NVIDIA H200,bfloat16,16384,512,1,tuned/baseline,3,51.784199476242065,0.0,True,16,10,graph_amortized_device
NVIDIA H200,bfloat16,16384,512,1,dao_plus_quant,3,26.965200901031494,,True,16,10,graph_amortized_device
NVIDIA H200,bfloat16,16384,512,1,dao,3,11.958599835634232,0.0,True,16,10,graph_amortized_device
NVIDIA H200,bfloat16,16384,512,1,tuned/fused_warp,3,11.558400094509125,,True,16,10,graph_amortized_device
NVIDIA H200,bfloat16,16384,512,1,tuned/fused_opt,3,25.223800539970398,,True,16,10,graph_amortized_device
NVIDIA H200,bfloat16,16384,512,1,tuned/warp,3,10.366799682378769,0.0,True,16,10,graph_amortized_device
NVIDIA H200,bfloat16,16384,512,1,tuned/optimized,3,19.8635995388031,0.0,True,16,10,graph_amortized_device
NVIDIA H200,bfloat16,16384,512,1,tuned/warp,4,10.391800105571747,0.0,True,16,10,graph_amortized_device
NVIDIA H200,bfloat16,16384,512,1,tuned/fused_opt,4,25.205600261688232,,True,16,10,graph_amortized_device
NVIDIA H200,bfloat16,16384,512,1,tuned/fused_warp,4,11.542999744415283,,True,16,10,graph_amortized_device
NVIDIA H200,bfloat16,16384,512,1,dao,4,11.966799944639206,0.0,True,16,10,graph_amortized_device
NVIDIA H200,bfloat16,16384,512,1,dao_plus_quant,4,26.991000771522522,,True,16,10,graph_amortized_device
NVIDIA H200,bfloat16,16384,512,1,tuned/baseline,4,51.8064022064209,0.0,True,16,10,graph_amortized_device
NVIDIA H200,bfloat16,16384,512,1,tuned/optimized,4,19.875599443912506,0.0,True,16,10,graph_amortized_device
NVIDIA H200,bfloat16,131072,512,0,dao,0,81.6245973110199,0.0,True,16,10,graph_amortized_device
NVIDIA H200,bfloat16,131072,512,0,dao_plus_quant,0,219.24679279327393,,True,16,10,graph_amortized_device
NVIDIA H200,bfloat16,131072,512,0,tuned/baseline,0,409.12580490112305,0.0,True,16,10,graph_amortized_device
NVIDIA H200,bfloat16,131072,512,0,tuned/optimized,0,158.9128017425537,0.0,True,16,10,graph_amortized_device
NVIDIA H200,bfloat16,131072,512,0,tuned/warp,0,68.40580105781555,0.0,True,16,10,graph_amortized_device
NVIDIA H200,bfloat16,131072,512,0,tuned/fused_opt,0,205.90040683746338,,True,16,10,graph_amortized_device
NVIDIA H200,bfloat16,131072,512,0,tuned/fused_warp,0,79.78579998016357,,True,16,10,graph_amortized_device
NVIDIA H200,bfloat16,131072,512,0,dao,1,81.70959949493408,0.0,True,16,10,graph_amortized_device
NVIDIA H200,bfloat16,131072,512,0,tuned/fused_warp,1,79.78479862213135,,True,16,10,graph_amortized_device
NVIDIA H200,bfloat16,131072,512,0,tuned/fused_opt,1,205.71041107177734,,True,16,10,graph_amortized_device
NVIDIA H200,bfloat16,131072,512,0,tuned/warp,1,68.37180256843567,0.0,True,16,10,graph_amortized_device
NVIDIA H200,bfloat16,131072,512,0,tuned/optimized,1,158.9076042175293,0.0,True,16,10,graph_amortized_device
NVIDIA H200,bfloat16,131072,512,0,tuned/baseline,1,409.67259407043457,0.0,True,16,10,graph_amortized_device
NVIDIA H200,bfloat16,131072,512,0,dao_plus_quant,1,219.376802444458,,True,16,10,graph_amortized_device
NVIDIA H200,bfloat16,131072,512,0,tuned/baseline,2,409.0939998626709,0.0,True,16,10,graph_amortized_device
NVIDIA H200,bfloat16,131072,512,0,tuned/optimized,2,159.0190052986145,0.0,True,16,10,graph_amortized_device
NVIDIA H200,bfloat16,131072,512,0,tuned/warp,2,68.4141993522644,0.0,True,16,10,graph_amortized_device
NVIDIA H200,bfloat16,131072,512,0,tuned/fused_opt,2,205.84239959716797,,True,16,10,graph_amortized_device
NVIDIA H200,bfloat16,131072,512,0,tuned/fused_warp,2,79.69040274620056,,True,16,10,graph_amortized_device
NVIDIA H200,bfloat16,131072,512,0,dao,2,81.6290020942688,0.0,True,16,10,graph_amortized_device
NVIDIA H200,bfloat16,131072,512,0,dao_plus_quant,2,219.29540634155273,,True,16,10,graph_amortized_device
NVIDIA H200,bfloat16,131072,512,0,tuned/baseline,3,409.5250129699707,0.0,True,16,10,graph_amortized_device
NVIDIA H200,bfloat16,131072,512,0,dao_plus_quant,3,219.31660175323486,,True,16,10,graph_amortized_device
NVIDIA H200,bfloat16,131072,512,0,dao,3,81.64200186729431,0.0,True,16,10,graph_amortized_device
NVIDIA H200,bfloat16,131072,512,0,tuned/fused_warp,3,79.69980239868164,,True,16,10,graph_amortized_device
NVIDIA H200,bfloat16,131072,512,0,tuned/fused_opt,3,205.65719604492188,,True,16,10,graph_amortized_device
NVIDIA H200,bfloat16,131072,512,0,tuned/warp,3,68.3326005935669,0.0,True,16,10,graph_amortized_device
NVIDIA H200,bfloat16,131072,512,0,tuned/optimized,3,158.9661955833435,0.0,True,16,10,graph_amortized_device
NVIDIA H200,bfloat16,131072,512,0,tuned/warp,4,68.4141993522644,0.0,True,16,10,graph_amortized_device
NVIDIA H200,bfloat16,131072,512,0,tuned/fused_opt,4,205.8135986328125,,True,16,10,graph_amortized_device
NVIDIA H200,bfloat16,131072,512,0,tuned/fused_warp,4,79.74680066108704,,True,16,10,graph_amortized_device
NVIDIA H200,bfloat16,131072,512,0,dao,4,81.63920044898987,0.0,True,16,10,graph_amortized_device
NVIDIA H200,bfloat16,131072,512,0,dao_plus_quant,4,219.32361125946045,,True,16,10,graph_amortized_device
NVIDIA H200,bfloat16,131072,512,0,tuned/baseline,4,409.21621322631836,0.0,True,16,10,graph_amortized_device
NVIDIA H200,bfloat16,131072,512,0,tuned/optimized,4,158.89840126037598,0.0,True,16,10,graph_amortized_device
NVIDIA H200,bfloat16,131072,512,1,dao,0,81.66300058364868,0.0,True,16,10,graph_amortized_device
NVIDIA H200,bfloat16,131072,512,1,dao_plus_quant,0,219.4509983062744,,True,16,10,graph_amortized_device
NVIDIA H200,bfloat16,131072,512,1,tuned/baseline,0,410.14599800109863,0.0,True,16,10,graph_amortized_device
NVIDIA H200,bfloat16,131072,512,1,tuned/optimized,0,159.84699726104736,0.0,True,16,10,graph_amortized_device
NVIDIA H200,bfloat16,131072,512,1,tuned/warp,0,70.02220153808594,0.0,True,16,10,graph_amortized_device
NVIDIA H200,bfloat16,131072,512,1,tuned/fused_opt,0,206.48999214172363,,True,16,10,graph_amortized_device
NVIDIA H200,bfloat16,131072,512,1,tuned/fused_warp,0,81.66459798812866,,True,16,10,graph_amortized_device
NVIDIA H200,bfloat16,131072,512,1,dao,1,81.632000207901,0.0,True,16,10,graph_amortized_device
NVIDIA H200,bfloat16,131072,512,1,tuned/fused_warp,1,81.69140219688416,,True,16,10,graph_amortized_device
NVIDIA H200,bfloat16,131072,512,1,tuned/fused_opt,1,206.4755916595459,,True,16,10,graph_amortized_device
NVIDIA H200,bfloat16,131072,512,1,tuned/warp,1,70.06700038909912,0.0,True,16,10,graph_amortized_device
NVIDIA H200,bfloat16,131072,512,1,tuned/optimized,1,159.88320112228394,0.0,True,16,10,graph_amortized_device
NVIDIA H200,bfloat16,131072,512,1,tuned/baseline,1,410.0481986999512,0.0,True,16,10,graph_amortized_device
NVIDIA H200,bfloat16,131072,512,1,dao_plus_quant,1,219.6321964263916,,True,16,10,graph_amortized_device
NVIDIA H200,bfloat16,131072,512,1,tuned/baseline,2,410.3898048400879,0.0,True,16,10,graph_amortized_device
NVIDIA H200,bfloat16,131072,512,1,tuned/optimized,2,159.82940196990967,0.0,True,16,10,graph_amortized_device
NVIDIA H200,bfloat16,131072,512,1,tuned/warp,2,69.91339921951294,0.0,True,16,10,graph_amortized_device
NVIDIA H200,bfloat16,131072,512,1,tuned/fused_opt,2,206.4807891845703,,True,16,10,graph_amortized_device
NVIDIA H200,bfloat16,131072,512,1,tuned/fused_warp,2,81.67700171470642,,True,16,10,graph_amortized_device
NVIDIA H200,bfloat16,131072,512,1,dao,2,81.71820044517517,0.0,True,16,10,graph_amortized_device
NVIDIA H200,bfloat16,131072,512,1,dao_plus_quant,2,219.67198848724365,,True,16,10,graph_amortized_device
NVIDIA H200,bfloat16,131072,512,1,tuned/baseline,3,410.1625919342041,0.0,True,16,10,graph_amortized_device
NVIDIA H200,bfloat16,131072,512,1,dao_plus_quant,3,219.67120170593262,,True,16,10,graph_amortized_device
NVIDIA H200,bfloat16,131072,512,1,dao,3,81.74939751625061,0.0,True,16,10,graph_amortized_device
NVIDIA H200,bfloat16,131072,512,1,tuned/fused_warp,3,81.76159858703613,,True,16,10,graph_amortized_device
NVIDIA H200,bfloat16,131072,512,1,tuned/fused_opt,3,206.5403938293457,,True,16,10,graph_amortized_device
NVIDIA H200,bfloat16,131072,512,1,tuned/warp,3,70.08659839630127,0.0,True,16,10,graph_amortized_device
NVIDIA H200,bfloat16,131072,512,1,tuned/optimized,3,159.84760522842407,0.0,True,16,10,graph_amortized_device
NVIDIA H200,bfloat16,131072,512,1,tuned/warp,4,70.07660269737244,0.0,True,16,10,graph_amortized_device
NVIDIA H200,bfloat16,131072,512,1,tuned/fused_opt,4,206.52079582214355,,True,16,10,graph_amortized_device
NVIDIA H200,bfloat16,131072,512,1,tuned/fused_warp,4,81.77279829978943,,True,16,10,graph_amortized_device
NVIDIA H200,bfloat16,131072,512,1,dao,4,81.64820075035095,0.0,True,16,10,graph_amortized_device
NVIDIA H200,bfloat16,131072,512,1,dao_plus_quant,4,219.95561122894287,,True,16,10,graph_amortized_device
NVIDIA H200,bfloat16,131072,512,1,tuned/baseline,4,410.748815536499,0.0,True,16,10,graph_amortized_device
NVIDIA H200,bfloat16,131072,512,1,tuned/optimized,4,159.756600856781,0.0,True,16,10,graph_amortized_device
NVIDIA H200,bfloat16,1,1024,0,dao,0,1.7805999144911766,0.0,True,16,10,graph_amortized_device
NVIDIA H200,bfloat16,1,1024,0,dao_plus_quant,0,3.037399984896183,,True,16,10,graph_amortized_device
NVIDIA H200,bfloat16,1,1024,0,tuned/baseline,0,2.1449999883770943,0.0,True,16,10,graph_amortized_device
NVIDIA H200,bfloat16,1,1024,0,tuned/optimized,0,1.7413999885320663,0.0,True,16,10,graph_amortized_device
NVIDIA H200,bfloat16,1,1024,0,tuned/warp,0,3.3594001084566116,0.0,True,16,10,graph_amortized_device
NVIDIA H200,bfloat16,1,1024,0,tuned/fused_opt,0,2.0834000781178474,,True,16,10,graph_amortized_device
NVIDIA H200,bfloat16,1,1024,0,tuned/fused_warp,0,2.3941999301314354,,True,16,10,graph_amortized_device
NVIDIA H200,bfloat16,1,1024,0,dao,1,1.7802000045776367,0.0,True,16,10,graph_amortized_device
NVIDIA H200,bfloat16,1,1024,0,tuned/fused_warp,1,2.394000068306923,,True,16,10,graph_amortized_device
NVIDIA H200,bfloat16,1,1024,0,tuned/fused_opt,1,2.08940003067255,,True,16,10,graph_amortized_device
NVIDIA H200,bfloat16,1,1024,0,tuned/warp,1,3.35719995200634,0.0,True,16,10,graph_amortized_device
NVIDIA H200,bfloat16,1,1024,0,tuned/optimized,1,1.7402000725269318,0.0,True,16,10,graph_amortized_device
NVIDIA H200,bfloat16,1,1024,0,tuned/baseline,1,2.1643999963998795,0.0,True,16,10,graph_amortized_device
NVIDIA H200,bfloat16,1,1024,0,dao_plus_quant,1,3.0400000512599945,,True,16,10,graph_amortized_device
NVIDIA H200,bfloat16,1,1024,0,tuned/baseline,2,2.164600044488907,0.0,True,16,10,graph_amortized_device
NVIDIA H200,bfloat16,1,1024,0,tuned/optimized,2,1.7410000786185265,0.0,True,16,10,graph_amortized_device
NVIDIA H200,bfloat16,1,1024,0,tuned/warp,2,3.3583998680114746,0.0,True,16,10,graph_amortized_device
NVIDIA H200,bfloat16,1,1024,0,tuned/fused_opt,2,2.088399976491928,,True,16,10,graph_amortized_device
NVIDIA H200,bfloat16,1,1024,0,tuned/fused_warp,2,2.393000014126301,,True,16,10,graph_amortized_device
NVIDIA H200,bfloat16,1,1024,0,dao,2,1.7815999686717987,0.0,True,16,10,graph_amortized_device
NVIDIA H200,bfloat16,1,1024,0,dao_plus_quant,2,3.0368000268936157,,True,16,10,graph_amortized_device
NVIDIA H200,bfloat16,1,1024,0,tuned/baseline,3,2.1633999422192574,0.0,True,16,10,graph_amortized_device
NVIDIA H200,bfloat16,1,1024,0,dao_plus_quant,3,3.0393999069929123,,True,16,10,graph_amortized_device
NVIDIA H200,bfloat16,1,1024,0,dao,3,1.7812000587582588,0.0,True,16,10,graph_amortized_device
NVIDIA H200,bfloat16,1,1024,0,tuned/fused_warp,3,2.3924000561237335,,True,16,10,graph_amortized_device
NVIDIA H200,bfloat16,1,1024,0,tuned/fused_opt,3,2.0872000604867935,,True,16,10,graph_amortized_device
NVIDIA H200,bfloat16,1,1024,0,tuned/warp,3,3.3569999039173126,0.0,True,16,10,graph_amortized_device
NVIDIA H200,bfloat16,1,1024,0,tuned/optimized,3,1.7424000427126884,0.0,True,16,10,graph_amortized_device
NVIDIA H200,bfloat16,1,1024,0,tuned/warp,4,3.357600048184395,0.0,True,16,10,graph_amortized_device
NVIDIA H200,bfloat16,1,1024,0,tuned/fused_opt,4,2.087800018489361,,True,16,10,graph_amortized_device
NVIDIA H200,bfloat16,1,1024,0,tuned/fused_warp,4,2.3941999301314354,,True,16,10,graph_amortized_device
NVIDIA H200,bfloat16,1,1024,0,dao,4,1.7828000709414482,0.0,True,16,10,graph_amortized_device
NVIDIA H200,bfloat16,1,1024,0,dao_plus_quant,4,3.037000074982643,,True,16,10,graph_amortized_device
NVIDIA H200,bfloat16,1,1024,0,tuned/baseline,4,2.1640000864863396,0.0,True,16,10,graph_amortized_device
NVIDIA H200,bfloat16,1,1024,0,tuned/optimized,4,1.7433999106287956,0.0,True,16,10,graph_amortized_device
NVIDIA H200,bfloat16,1,1024,1,dao,0,1.7785999923944473,0.0,True,16,10,graph_amortized_device
NVIDIA H200,bfloat16,1,1024,1,dao_plus_quant,0,3.0734000727534294,,True,16,10,graph_amortized_device
NVIDIA H200,bfloat16,1,1024,1,tuned/baseline,0,2.1554000675678253,0.0,True,16,10,graph_amortized_device
NVIDIA H200,bfloat16,1,1024,1,tuned/optimized,0,1.7785999923944473,0.0,True,16,10,graph_amortized_device
NVIDIA H200,bfloat16,1,1024,1,tuned/warp,0,3.164999932050705,0.0,True,16,10,graph_amortized_device
NVIDIA H200,bfloat16,1,1024,1,tuned/fused_opt,0,2.1042000502347946,,True,16,10,graph_amortized_device
NVIDIA H200,bfloat16,1,1024,1,tuned/fused_warp,0,2.42139995098114,,True,16,10,graph_amortized_device
NVIDIA H200,bfloat16,1,1024,1,dao,1,1.781800016760826,0.0,True,16,10,graph_amortized_device
NVIDIA H200,bfloat16,1,1024,1,tuned/fused_warp,1,2.4181999266147614,,True,16,10,graph_amortized_device
NVIDIA H200,bfloat16,1,1024,1,tuned/fused_opt,1,2.10379995405674,,True,16,10,graph_amortized_device
NVIDIA H200,bfloat16,1,1024,1,tuned/warp,1,3.167799860239029,0.0,True,16,10,graph_amortized_device
NVIDIA H200,bfloat16,1,1024,1,tuned/optimized,1,1.7796000465750694,0.0,True,16,10,graph_amortized_device
NVIDIA H200,bfloat16,1,1024,1,tuned/baseline,1,2.1568000316619873,0.0,True,16,10,graph_amortized_device
NVIDIA H200,bfloat16,1,1024,1,dao_plus_quant,1,3.077399916946888,,True,16,10,graph_amortized_device
NVIDIA H200,bfloat16,1,1024,1,tuned/baseline,2,2.1376000717282295,0.0,True,16,10,graph_amortized_device
NVIDIA H200,bfloat16,1,1024,1,tuned/optimized,2,1.780799962580204,0.0,True,16,10,graph_amortized_device
NVIDIA H200,bfloat16,1,1024,1,tuned/warp,2,3.166399896144867,0.0,True,16,10,graph_amortized_device
NVIDIA H200,bfloat16,1,1024,1,tuned/fused_opt,2,2.10379995405674,,True,16,10,graph_amortized_device
NVIDIA H200,bfloat16,1,1024,1,tuned/fused_warp,2,2.4219999089837074,,True,16,10,graph_amortized_device
NVIDIA H200,bfloat16,1,1024,1,dao,2,1.780799962580204,0.0,True,16,10,graph_amortized_device
NVIDIA H200,bfloat16,1,1024,1,dao_plus_quant,2,3.0786000192165375,,True,16,10,graph_amortized_device
NVIDIA H200,bfloat16,1,1024,1,tuned/baseline,3,2.15659998357296,0.0,True,16,10,graph_amortized_device
NVIDIA H200,bfloat16,1,1024,1,dao_plus_quant,3,3.0729999765753746,,True,16,10,graph_amortized_device
NVIDIA H200,bfloat16,1,1024,1,dao,3,1.7791999503970146,0.0,True,16,10,graph_amortized_device
NVIDIA H200,bfloat16,1,1024,1,tuned/fused_warp,3,2.419999986886978,,True,16,10,graph_amortized_device
NVIDIA H200,bfloat16,1,1024,1,tuned/fused_opt,3,2.10379995405674,,True,16,10,graph_amortized_device
NVIDIA H200,bfloat16,1,1024,1,tuned/warp,3,3.166399896144867,0.0,True,16,10,graph_amortized_device
NVIDIA H200,bfloat16,1,1024,1,tuned/optimized,3,1.7805999144911766,0.0,True,16,10,graph_amortized_device
NVIDIA H200,bfloat16,1,1024,1,tuned/warp,4,3.1651999801397324,0.0,True,16,10,graph_amortized_device
NVIDIA H200,bfloat16,1,1024,1,tuned/fused_opt,4,2.105199918150902,,True,16,10,graph_amortized_device
NVIDIA H200,bfloat16,1,1024,1,tuned/fused_warp,4,2.4210000410676003,,True,16,10,graph_amortized_device
NVIDIA H200,bfloat16,1,1024,1,dao,4,1.7810000106692314,0.0,True,16,10,graph_amortized_device
NVIDIA H200,bfloat16,1,1024,1,dao_plus_quant,4,3.0737999826669693,,True,16,10,graph_amortized_device
NVIDIA H200,bfloat16,1,1024,1,tuned/baseline,4,2.1568000316619873,0.0,True,16,10,graph_amortized_device
NVIDIA H200,bfloat16,1,1024,1,tuned/optimized,4,1.7791999503970146,0.0,True,16,10,graph_amortized_device
NVIDIA H200,bfloat16,128,1024,0,dao,0,1.9460000097751617,0.0,True,16,10,graph_amortized_device
NVIDIA H200,bfloat16,128,1024,0,dao_plus_quant,0,3.5822000354528427,,True,16,10,graph_amortized_device
NVIDIA H200,bfloat16,128,1024,0,tuned/baseline,0,2.319600060582161,0.0,True,16,10,graph_amortized_device
NVIDIA H200,bfloat16,128,1024,0,tuned/optimized,0,1.9643999636173248,0.0,True,16,10,graph_amortized_device
NVIDIA H200,bfloat16,128,1024,0,tuned/warp,0,3.739599883556366,0.0,True,16,10,graph_amortized_device
NVIDIA H200,bfloat16,128,1024,0,tuned/fused_opt,0,2.307000011205673,,True,16,10,graph_amortized_device
NVIDIA H200,bfloat16,128,1024,0,tuned/fused_warp,0,2.9834000393748283,,True,16,10,graph_amortized_device
NVIDIA H200,bfloat16,128,1024,0,dao,1,1.9470000639557838,0.0,True,16,10,graph_amortized_device
NVIDIA H200,bfloat16,128,1024,0,tuned/fused_warp,1,2.9839999973773956,,True,16,10,graph_amortized_device
NVIDIA H200,bfloat16,128,1024,0,tuned/fused_opt,1,2.3024000227451324,,True,16,10,graph_amortized_device
NVIDIA H200,bfloat16,128,1024,0,tuned/warp,1,3.7351999431848526,0.0,True,16,10,graph_amortized_device
NVIDIA H200,bfloat16,128,1024,0,tuned/optimized,1,1.9608000293374062,0.0,True,16,10,graph_amortized_device
NVIDIA H200,bfloat16,128,1024,0,tuned/baseline,1,2.3197999224066734,0.0,True,16,10,graph_amortized_device
NVIDIA H200,bfloat16,128,1024,0,dao_plus_quant,1,3.5840000957250595,,True,16,10,graph_amortized_device
NVIDIA H200,bfloat16,128,1024,0,tuned/baseline,2,2.319600060582161,0.0,True,16,10,graph_amortized_device
NVIDIA H200,bfloat16,128,1024,0,tuned/optimized,2,1.959799975156784,0.0,True,16,10,graph_amortized_device
NVIDIA H200,bfloat16,128,1024,0,tuned/warp,2,3.7365999072790146,0.0,True,16,10,graph_amortized_device
NVIDIA H200,bfloat16,128,1024,0,tuned/fused_opt,2,2.304000034928322,,True,16,10,graph_amortized_device
NVIDIA H200,bfloat16,128,1024,0,tuned/fused_warp,2,2.980799973011017,,True,16,10,graph_amortized_device
NVIDIA H200,bfloat16,128,1024,0,dao,2,1.9484000280499458,0.0,True,16,10,graph_amortized_device
NVIDIA H200,bfloat16,128,1024,0,dao_plus_quant,2,3.581399843096733,,True,16,10,graph_amortized_device
NVIDIA H200,bfloat16,128,1024,0,tuned/baseline,3,2.3194000124931335,0.0,True,16,10,graph_amortized_device
NVIDIA H200,bfloat16,128,1024,0,dao_plus_quant,3,3.579999879002571,,True,16,10,graph_amortized_device
NVIDIA H200,bfloat16,128,1024,0,dao,3,1.9468000158667564,0.0,True,16,10,graph_amortized_device
NVIDIA H200,bfloat16,128,1024,0,tuned/fused_warp,3,2.988399937748909,,True,16,10,graph_amortized_device
NVIDIA H200,bfloat16,128,1024,0,tuned/fused_opt,3,2.304000034928322,,True,16,10,graph_amortized_device
NVIDIA H200,bfloat16,128,1024,0,tuned/warp,3,3.7393998354673386,0.0,True,16,10,graph_amortized_device
NVIDIA H200,bfloat16,128,1024,0,tuned/optimized,3,1.9460000097751617,0.0,True,16,10,graph_amortized_device
NVIDIA H200,bfloat16,128,1024,0,tuned/warp,4,3.7376001477241516,0.0,True,16,10,graph_amortized_device
NVIDIA H200,bfloat16,128,1024,0,tuned/fused_opt,4,2.3065999150276184,,True,16,10,graph_amortized_device
NVIDIA H200,bfloat16,128,1024,0,tuned/fused_warp,4,2.988399937748909,,True,16,10,graph_amortized_device
NVIDIA H200,bfloat16,128,1024,0,dao,4,1.9476000219583511,0.0,True,16,10,graph_amortized_device
NVIDIA H200,bfloat16,128,1024,0,dao_plus_quant,4,3.5829998552799225,,True,16,10,graph_amortized_device
NVIDIA H200,bfloat16,128,1024,0,tuned/baseline,4,2.3207999765872955,0.0,True,16,10,graph_amortized_device
NVIDIA H200,bfloat16,128,1024,0,tuned/optimized,4,1.9608000293374062,0.0,True,16,10,graph_amortized_device
NVIDIA H200,bfloat16,128,1024,1,dao,0,1.9586000591516495,0.0,True,16,10,graph_amortized_device
NVIDIA H200,bfloat16,128,1024,1,dao_plus_quant,0,3.592599928379059,,True,16,10,graph_amortized_device
NVIDIA H200,bfloat16,128,1024,1,tuned/baseline,0,2.322999946773052,0.0,True,16,10,graph_amortized_device
NVIDIA H200,bfloat16,128,1024,1,tuned/optimized,0,1.9368000328540802,0.0,True,16,10,graph_amortized_device
NVIDIA H200,bfloat16,128,1024,1,tuned/warp,0,3.5778000950813293,0.0,True,16,10,graph_amortized_device
NVIDIA H200,bfloat16,128,1024,1,tuned/fused_opt,0,2.2870000451803207,,True,16,10,graph_amortized_device
NVIDIA H200,bfloat16,128,1024,1,tuned/fused_warp,0,3.026599995791912,,True,16,10,graph_amortized_device
NVIDIA H200,bfloat16,128,1024,1,dao,1,1.958799920976162,0.0,True,16,10,graph_amortized_device
NVIDIA H200,bfloat16,128,1024,1,tuned/fused_warp,1,3.042200021445751,,True,16,10,graph_amortized_device
NVIDIA H200,bfloat16,128,1024,1,tuned/fused_opt,1,2.2856000810861588,,True,16,10,graph_amortized_device
NVIDIA H200,bfloat16,128,1024,1,tuned/warp,1,3.5673998296260834,0.0,True,16,10,graph_amortized_device
NVIDIA H200,bfloat16,128,1024,1,tuned/optimized,1,1.9549999386072159,0.0,True,16,10,graph_amortized_device
NVIDIA H200,bfloat16,128,1024,1,tuned/baseline,1,2.3194000124931335,0.0,True,16,10,graph_amortized_device
NVIDIA H200,bfloat16,128,1024,1,dao_plus_quant,1,3.5909999161958694,,True,16,10,graph_amortized_device
NVIDIA H200,bfloat16,128,1024,1,tuned/baseline,2,2.3202000185847282,0.0,True,16,10,graph_amortized_device
NVIDIA H200,bfloat16,128,1024,1,tuned/optimized,2,1.9387999549508095,0.0,True,16,10,graph_amortized_device
NVIDIA H200,bfloat16,128,1024,1,tuned/warp,2,3.5783998668193817,0.0,True,16,10,graph_amortized_device
NVIDIA H200,bfloat16,128,1024,1,tuned/fused_opt,2,2.284800074994564,,True,16,10,graph_amortized_device
NVIDIA H200,bfloat16,128,1024,1,tuned/fused_warp,2,3.0327999964356422,,True,16,10,graph_amortized_device
NVIDIA H200,bfloat16,128,1024,1,dao,2,1.9594000652432442,0.0,True,16,10,graph_amortized_device
NVIDIA H200,bfloat16,128,1024,1,dao_plus_quant,2,3.59640009701252,,True,16,10,graph_amortized_device
NVIDIA H200,bfloat16,128,1024,1,tuned/baseline,3,2.3189999163150787,0.0,True,16,10,graph_amortized_device
NVIDIA H200,bfloat16,128,1024,1,dao_plus_quant,3,3.592599928379059,,True,16,10,graph_amortized_device
NVIDIA H200,bfloat16,128,1024,1,dao,3,1.9579999148845673,0.0,True,16,10,graph_amortized_device
NVIDIA H200,bfloat16,128,1024,1,tuned/fused_warp,3,3.03179994225502,,True,16,10,graph_amortized_device
NVIDIA H200,bfloat16,128,1024,1,tuned/fused_opt,3,2.286599949002266,,True,16,10,graph_amortized_device
NVIDIA H200,bfloat16,128,1024,1,tuned/warp,3,3.575799986720085,0.0,True,16,10,graph_amortized_device
NVIDIA H200,bfloat16,128,1024,1,tuned/optimized,3,1.9193999469280243,0.0,True,16,10,graph_amortized_device
NVIDIA H200,bfloat16,128,1024,1,tuned/warp,4,3.577199950814247,0.0,True,16,10,graph_amortized_device
NVIDIA H200,bfloat16,128,1024,1,tuned/fused_opt,4,2.284199930727482,,True,16,10,graph_amortized_device
NVIDIA H200,bfloat16,128,1024,1,tuned/fused_warp,4,3.036000020802021,,True,16,10,graph_amortized_device
NVIDIA H200,bfloat16,128,1024,1,dao,4,1.9581999629735947,0.0,True,16,10,graph_amortized_device
NVIDIA H200,bfloat16,128,1024,1,dao_plus_quant,4,3.589000180363655,,True,16,10,graph_amortized_device
NVIDIA H200,bfloat16,128,1024,1,tuned/baseline,4,2.317800000309944,0.0,True,16,10,graph_amortized_device
NVIDIA H200,bfloat16,128,1024,1,tuned/optimized,4,1.9549999386072159,0.0,True,16,10,graph_amortized_device
NVIDIA H200,bfloat16,16384,1024,0,dao,0,33.405399322509766,0.0,True,16,10,graph_amortized_device
NVIDIA H200,bfloat16,16384,1024,0,dao_plus_quant,0,71.32499814033508,,True,16,10,graph_amortized_device
NVIDIA H200,bfloat16,16384,1024,0,tuned/baseline,0,115.9324049949646,0.0,True,16,10,graph_amortized_device
NVIDIA H200,bfloat16,16384,1024,0,tuned/optimized,0,47.494399547576904,0.0,True,16,10,graph_amortized_device
NVIDIA H200,bfloat16,16384,1024,0,tuned/warp,0,26.871401071548462,0.0,True,16,10,graph_amortized_device
NVIDIA H200,bfloat16,16384,1024,0,tuned/fused_opt,0,58.024001121520996,,True,16,10,graph_amortized_device
NVIDIA H200,bfloat16,16384,1024,0,tuned/fused_warp,0,24.050399661064148,,True,16,10,graph_amortized_device
NVIDIA H200,bfloat16,16384,1024,0,dao,1,33.441999554634094,0.0,True,16,10,graph_amortized_device
NVIDIA H200,bfloat16,16384,1024,0,tuned/fused_warp,1,24.024400115013123,,True,16,10,graph_amortized_device
NVIDIA H200,bfloat16,16384,1024,0,tuned/fused_opt,1,58.34699869155884,,True,16,10,graph_amortized_device
NVIDIA H200,bfloat16,16384,1024,0,tuned/warp,1,26.953798532485962,0.0,True,16,10,graph_amortized_device
NVIDIA H200,bfloat16,16384,1024,0,tuned/optimized,1,47.49799966812134,0.0,True,16,10,graph_amortized_device
NVIDIA H200,bfloat16,16384,1024,0,tuned/baseline,1,115.95879793167114,0.0,True,16,10,graph_amortized_device
NVIDIA H200,bfloat16,16384,1024,0,dao_plus_quant,1,71.39319777488708,,True,16,10,graph_amortized_device
NVIDIA H200,bfloat16,16384,1024,0,tuned/baseline,2,115.91880321502686,0.0,True,16,10,graph_amortized_device
NVIDIA H200,bfloat16,16384,1024,0,tuned/optimized,2,47.493600845336914,0.0,True,16,10,graph_amortized_device
NVIDIA H200,bfloat16,16384,1024,0,tuned/warp,2,26.92660093307495,0.0,True,16,10,graph_amortized_device
NVIDIA H200,bfloat16,16384,1024,0,tuned/fused_opt,2,58.00139904022217,,True,16,10,graph_amortized_device
NVIDIA H200,bfloat16,16384,1024,0,tuned/fused_warp,2,23.932600021362305,,True,16,10,graph_amortized_device
NVIDIA H200,bfloat16,16384,1024,0,dao,2,33.375999331474304,0.0,True,16,10,graph_amortized_device
NVIDIA H200,bfloat16,16384,1024,0,dao_plus_quant,2,71.35080099105835,,True,16,10,graph_amortized_device
NVIDIA H200,bfloat16,16384,1024,0,tuned/baseline,3,115.96039533615112,0.0,True,16,10,graph_amortized_device
NVIDIA H200,bfloat16,16384,1024,0,dao_plus_quant,3,71.38800024986267,,True,16,10,graph_amortized_device
NVIDIA H200,bfloat16,16384,1024,0,dao,3,33.403000235557556,0.0,True,16,10,graph_amortized_device
NVIDIA H200,bfloat16,16384,1024,0,tuned/fused_warp,3,23.96160066127777,,True,16,10,graph_amortized_device
NVIDIA H200,bfloat16,16384,1024,0,tuned/fused_opt,3,58.00899863243103,,True,16,10,graph_amortized_device
NVIDIA H200,bfloat16,16384,1024,0,tuned/warp,3,26.967400312423706,0.0,True,16,10,graph_amortized_device
NVIDIA H200,bfloat16,16384,1024,0,tuned/optimized,3,47.51819968223572,0.0,True,16,10,graph_amortized_device
NVIDIA H200,bfloat16,16384,1024,0,tuned/warp,4,26.949000358581543,0.0,True,16,10,graph_amortized_device
NVIDIA H200,bfloat16,16384,1024,0,tuned/fused_opt,4,57.99400210380554,,True,16,10,graph_amortized_device
NVIDIA H200,bfloat16,16384,1024,0,tuned/fused_warp,4,23.93999993801117,,True,16,10,graph_amortized_device
NVIDIA H200,bfloat16,16384,1024,0,dao,4,33.39439928531647,0.0,True,16,10,graph_amortized_device
NVIDIA H200,bfloat16,16384,1024,0,dao_plus_quant,4,71.38640284538269,,True,16,10,graph_amortized_device
NVIDIA H200,bfloat16,16384,1024,0,tuned/baseline,4,116.0025954246521,0.0,True,16,10,graph_amortized_device
NVIDIA H200,bfloat16,16384,1024,0,tuned/optimized,4,47.53879904747009,0.0,True,16,10,graph_amortized_device
NVIDIA H200,bfloat16,16384,1024,1,dao,0,33.49359929561615,0.0,True,16,10,graph_amortized_device
NVIDIA H200,bfloat16,16384,1024,1,dao_plus_quant,0,71.41299843788147,,True,16,10,graph_amortized_device
NVIDIA H200,bfloat16,16384,1024,1,tuned/baseline,0,116.5336012840271,0.0,True,16,10,graph_amortized_device
NVIDIA H200,bfloat16,16384,1024,1,tuned/optimized,0,47.69999980926514,0.0,True,16,10,graph_amortized_device
NVIDIA H200,bfloat16,16384,1024,1,tuned/warp,0,25.05219876766205,0.0,True,16,10,graph_amortized_device
NVIDIA H200,bfloat16,16384,1024,1,tuned/fused_opt,0,58.473801612854004,,True,16,10,graph_amortized_device
NVIDIA H200,bfloat16,16384,1024,1,tuned/fused_warp,0,24.349799752235413,,True,16,10,graph_amortized_device
NVIDIA H200,bfloat16,16384,1024,1,dao,1,33.43119919300079,0.0,True,16,10,graph_amortized_device
NVIDIA H200,bfloat16,16384,1024,1,tuned/fused_warp,1,24.379999935626984,,True,16,10,graph_amortized_device
NVIDIA H200,bfloat16,16384,1024,1,tuned/fused_opt,1,58.47100019454956,,True,16,10,graph_amortized_device
NVIDIA H200,bfloat16,16384,1024,1,tuned/warp,1,25.08859932422638,0.0,True,16,10,graph_amortized_device
NVIDIA H200,bfloat16,16384,1024,1,tuned/optimized,1,47.6747989654541,0.0,True,16,10,graph_amortized_device
NVIDIA H200,bfloat16,16384,1024,1,tuned/baseline,1,116.55360460281372,0.0,True,16,10,graph_amortized_device
NVIDIA H200,bfloat16,16384,1024,1,dao_plus_quant,1,71.41799926757812,,True,16,10,graph_amortized_device
NVIDIA H200,bfloat16,16384,1024,1,tuned/baseline,2,116.5120005607605,0.0,True,16,10,graph_amortized_device
NVIDIA H200,bfloat16,16384,1024,1,tuned/optimized,2,47.68860042095184,0.0,True,16,10,graph_amortized_device
NVIDIA H200,bfloat16,16384,1024,1,tuned/warp,2,25.012999773025513,0.0,True,16,10,graph_amortized_device
NVIDIA H200,bfloat16,16384,1024,1,tuned/fused_opt,2,58.510202169418335,,True,16,10,graph_amortized_device
NVIDIA H200,bfloat16,16384,1024,1,tuned/fused_warp,2,24.4268000125885,,True,16,10,graph_amortized_device
NVIDIA H200,bfloat16,16384,1024,1,dao,2,33.46720039844513,0.0,True,16,10,graph_amortized_device
NVIDIA H200,bfloat16,16384,1024,1,dao_plus_quant,2,71.49519920349121,,True,16,10,graph_amortized_device
NVIDIA H200,bfloat16,16384,1024,1,tuned/baseline,3,116.6808009147644,0.0,True,16,10,graph_amortized_device
NVIDIA H200,bfloat16,16384,1024,1,dao_plus_quant,3,71.48900032043457,,True,16,10,graph_amortized_device
NVIDIA H200,bfloat16,16384,1024,1,dao,3,33.50459933280945,0.0,True,16,10,graph_amortized_device
NVIDIA H200,bfloat16,16384,1024,1,tuned/fused_warp,3,24.42220002412796,,True,16,10,graph_amortized_device
NVIDIA H200,bfloat16,16384,1024,1,tuned/fused_opt,3,58.573198318481445,,True,16,10,graph_amortized_device
NVIDIA H200,bfloat16,16384,1024,1,tuned/warp,3,25.046399235725403,0.0,True,16,10,graph_amortized_device
NVIDIA H200,bfloat16,16384,1024,1,tuned/optimized,3,47.69220054149628,0.0,True,16,10,graph_amortized_device
NVIDIA H200,bfloat16,16384,1024,1,tuned/warp,4,25.040799379348755,0.0,True,16,10,graph_amortized_device
NVIDIA H200,bfloat16,16384,1024,1,tuned/fused_opt,4,58.459001779556274,,True,16,10,graph_amortized_device
NVIDIA H200,bfloat16,16384,1024,1,tuned/fused_warp,4,24.376599490642548,,True,16,10,graph_amortized_device
NVIDIA H200,bfloat16,16384,1024,1,dao,4,33.47080051898956,0.0,True,16,10,graph_amortized_device
NVIDIA H200,bfloat16,16384,1024,1,dao_plus_quant,4,71.37460112571716,,True,16,10,graph_amortized_device
NVIDIA H200,bfloat16,16384,1024,1,tuned/baseline,4,116.56719446182251,0.0,True,16,10,graph_amortized_device
NVIDIA H200,bfloat16,16384,1024,1,tuned/optimized,4,47.70199954509735,0.0,True,16,10,graph_amortized_device
NVIDIA H200,bfloat16,131072,1024,0,dao,0,249.5771884918213,0.0,True,16,10,graph_amortized_device
NVIDIA H200,bfloat16,131072,1024,0,dao_plus_quant,0,544.4915771484375,,True,16,10,graph_amortized_device
NVIDIA H200,bfloat16,131072,1024,0,tuned/baseline,0,908.7067604064941,0.0,True,16,10,graph_amortized_device
NVIDIA H200,bfloat16,131072,1024,0,tuned/optimized,0,360.7517957687378,0.0,True,16,10,graph_amortized_device
NVIDIA H200,bfloat16,131072,1024,0,tuned/warp,0,173.8427996635437,0.0,True,16,10,graph_amortized_device
NVIDIA H200,bfloat16,131072,1024,0,tuned/fused_opt,0,464.04199600219727,,True,16,10,graph_amortized_device
NVIDIA H200,bfloat16,131072,1024,0,tuned/fused_warp,0,168.60699653625488,,True,16,10,graph_amortized_device
NVIDIA H200,bfloat16,131072,1024,0,dao,1,249.86300468444824,0.0,True,16,10,graph_amortized_device
NVIDIA H200,bfloat16,131072,1024,0,tuned/fused_warp,1,168.57939958572388,,True,16,10,graph_amortized_device
NVIDIA H200,bfloat16,131072,1024,0,tuned/fused_opt,1,463.9954090118408,,True,16,10,graph_amortized_device
NVIDIA H200,bfloat16,131072,1024,0,tuned/warp,1,173.7339973449707,0.0,True,16,10,graph_amortized_device
NVIDIA H200,bfloat16,131072,1024,0,tuned/optimized,1,360.5978012084961,0.0,True,16,10,graph_amortized_device
NVIDIA H200,bfloat16,131072,1024,0,tuned/baseline,1,908.8474273681641,0.0,True,16,10,graph_amortized_device
NVIDIA H200,bfloat16,131072,1024,0,dao_plus_quant,1,544.554615020752,,True,16,10,graph_amortized_device
NVIDIA H200,bfloat16,131072,1024,0,tuned/baseline,2,908.6660385131836,0.0,True,16,10,graph_amortized_device
NVIDIA H200,bfloat16,131072,1024,0,tuned/optimized,2,360.53318977355957,0.0,True,16,10,graph_amortized_device
NVIDIA H200,bfloat16,131072,1024,0,tuned/warp,2,173.80919456481934,0.0,True,16,10,graph_amortized_device
NVIDIA H200,bfloat16,131072,1024,0,tuned/fused_opt,2,464.29200172424316,,True,16,10,graph_amortized_device
NVIDIA H200,bfloat16,131072,1024,0,tuned/fused_warp,2,168.47000122070312,,True,16,10,graph_amortized_device
NVIDIA H200,bfloat16,131072,1024,0,dao,2,249.52120780944824,0.0,True,16,10,graph_amortized_device
NVIDIA H200,bfloat16,131072,1024,0,dao_plus_quant,2,544.5923805236816,,True,16,10,graph_amortized_device
NVIDIA H200,bfloat16,131072,1024,0,tuned/baseline,3,908.7984085083008,0.0,True,16,10,graph_amortized_device
NVIDIA H200,bfloat16,131072,1024,0,dao_plus_quant,3,544.530200958252,,True,16,10,graph_amortized_device
NVIDIA H200,bfloat16,131072,1024,0,dao,3,249.5690107345581,0.0,True,16,10,graph_amortized_device
NVIDIA H200,bfloat16,131072,1024,0,tuned/fused_warp,3,168.53220462799072,,True,16,10,graph_amortized_device
NVIDIA H200,bfloat16,131072,1024,0,tuned/fused_opt,3,464.4293785095215,,True,16,10,graph_amortized_device
NVIDIA H200,bfloat16,131072,1024,0,tuned/warp,3,173.67719411849976,0.0,True,16,10,graph_amortized_device
NVIDIA H200,bfloat16,131072,1024,0,tuned/optimized,3,360.52000522613525,0.0,True,16,10,graph_amortized_device
NVIDIA H200,bfloat16,131072,1024,0,tuned/warp,4,173.73260259628296,0.0,True,16,10,graph_amortized_device
NVIDIA H200,bfloat16,131072,1024,0,tuned/fused_opt,4,464.2951965332031,,True,16,10,graph_amortized_device
NVIDIA H200,bfloat16,131072,1024,0,tuned/fused_warp,4,168.63420009613037,,True,16,10,graph_amortized_device
NVIDIA H200,bfloat16,131072,1024,0,dao,4,249.51260089874268,0.0,True,16,10,graph_amortized_device
NVIDIA H200,bfloat16,131072,1024,0,dao_plus_quant,4,544.5981979370117,,True,16,10,graph_amortized_device
NVIDIA H200,bfloat16,131072,1024,0,tuned/baseline,4,908.686637878418,0.0,True,16,10,graph_amortized_device
NVIDIA H200,bfloat16,131072,1024,0,tuned/optimized,4,360.5123996734619,0.0,True,16,10,graph_amortized_device
NVIDIA H200,bfloat16,131072,1024,1,dao,0,249.497389793396,0.0,True,16,10,graph_amortized_device
NVIDIA H200,bfloat16,131072,1024,1,dao_plus_quant,0,545.0558185577393,,True,16,10,graph_amortized_device
NVIDIA H200,bfloat16,131072,1024,1,tuned/baseline,0,914.4468307495117,0.0,True,16,10,graph_amortized_device
NVIDIA H200,bfloat16,131072,1024,1,tuned/optimized,0,362.1767997741699,0.0,True,16,10,graph_amortized_device
NVIDIA H200,bfloat16,131072,1024,1,tuned/warp,0,168.3982014656067,0.0,True,16,10,graph_amortized_device
NVIDIA H200,bfloat16,131072,1024,1,tuned/fused_opt,0,465.50798416137695,,True,16,10,graph_amortized_device
NVIDIA H200,bfloat16,131072,1024,1,tuned/fused_warp,0,171.0927963256836,,True,16,10,graph_amortized_device
NVIDIA H200,bfloat16,131072,1024,1,dao,1,249.82740879058838,0.0,True,16,10,graph_amortized_device
NVIDIA H200,bfloat16,131072,1024,1,tuned/fused_warp,1,170.9723949432373,,True,16,10,graph_amortized_device
NVIDIA H200,bfloat16,131072,1024,1,tuned/fused_opt,1,465.88239669799805,,True,16,10,graph_amortized_device
NVIDIA H200,bfloat16,131072,1024,1,tuned/warp,1,168.42739582061768,0.0,True,16,10,graph_amortized_device
NVIDIA H200,bfloat16,131072,1024,1,tuned/optimized,1,362.58881092071533,0.0,True,16,10,graph_amortized_device
NVIDIA H200,bfloat16,131072,1024,1,tuned/baseline,1,914.5026206970215,0.0,True,16,10,graph_amortized_device
NVIDIA H200,bfloat16,131072,1024,1,dao_plus_quant,1,544.4901943206787,,True,16,10,graph_amortized_device
NVIDIA H200,bfloat16,131072,1024,1,tuned/baseline,2,914.5028114318848,0.0,True,16,10,graph_amortized_device
NVIDIA H200,bfloat16,131072,1024,1,tuned/optimized,2,362.2354030609131,0.0,True,16,10,graph_amortized_device
NVIDIA H200,bfloat16,131072,1024,1,tuned/warp,2,168.39200258255005,0.0,True,16,10,graph_amortized_device
NVIDIA H200,bfloat16,131072,1024,1,tuned/fused_opt,2,465.5829906463623,,True,16,10,graph_amortized_device
NVIDIA H200,bfloat16,131072,1024,1,tuned/fused_warp,2,171.08579874038696,,True,16,10,graph_amortized_device
NVIDIA H200,bfloat16,131072,1024,1,dao,2,249.61559772491455,0.0,True,16,10,graph_amortized_device
NVIDIA H200,bfloat16,131072,1024,1,dao_plus_quant,2,544.5240020751953,,True,16,10,graph_amortized_device
NVIDIA H200,bfloat16,131072,1024,1,tuned/baseline,3,914.4893646240234,0.0,True,16,10,graph_amortized_device
NVIDIA H200,bfloat16,131072,1024,1,dao_plus_quant,3,544.527006149292,,True,16,10,graph_amortized_device
NVIDIA H200,bfloat16,131072,1024,1,dao,3,249.55120086669922,0.0,True,16,10,graph_amortized_device
NVIDIA H200,bfloat16,131072,1024,1,tuned/fused_warp,3,171.07579708099365,,True,16,10,graph_amortized_device
NVIDIA H200,bfloat16,131072,1024,1,tuned/fused_opt,3,465.71640968322754,,True,16,10,graph_amortized_device
NVIDIA H200,bfloat16,131072,1024,1,tuned/warp,3,168.3717966079712,0.0,True,16,10,graph_amortized_device
NVIDIA H200,bfloat16,131072,1024,1,tuned/optimized,3,362.68858909606934,0.0,True,16,10,graph_amortized_device
NVIDIA H200,bfloat16,131072,1024,1,tuned/warp,4,168.45959424972534,0.0,True,16,10,graph_amortized_device
NVIDIA H200,bfloat16,131072,1024,1,tuned/fused_opt,4,465.9751892089844,,True,16,10,graph_amortized_device
NVIDIA H200,bfloat16,131072,1024,1,tuned/fused_warp,4,171.1534023284912,,True,16,10,graph_amortized_device
NVIDIA H200,bfloat16,131072,1024,1,dao,4,249.63419437408447,0.0,True,16,10,graph_amortized_device
NVIDIA H200,bfloat16,131072,1024,1,dao_plus_quant,4,545.3022003173828,,True,16,10,graph_amortized_device
NVIDIA H200,bfloat16,131072,1024,1,tuned/baseline,4,914.8045539855957,0.0,True,16,10,graph_amortized_device
NVIDIA H200,bfloat16,131072,1024,1,tuned/optimized,4,362.237811088562,0.0,True,16,10,graph_amortized_device
