gpu,dtype,tokens,head_dim,normalize,backend,round,us,max_abs,pass,nodes,replays,measurement
NVIDIA L40S,float16,1,64,0,dao,0,1.2513999827206135,0.0,True,16,10,graph_amortized_device
NVIDIA L40S,float16,1,64,0,dao_plus_quant,0,2.2266000509262085,,True,16,10,graph_amortized_device
NVIDIA L40S,float16,1,64,0,experiment/warp,0,1.1358000338077545,0.0,True,16,10,graph_amortized_device
NVIDIA L40S,float16,1,64,0,experiment/wmma_fast,0,1.1207999661564827,0.0,True,16,10,graph_amortized_device
NVIDIA L40S,float16,1,64,0,experiment/wmma_split,0,1.1301999911665916,0.0,True,16,10,graph_amortized_device
NVIDIA L40S,float16,1,64,0,experiment/mma_fast,0,1.12100001424551,0.0,True,16,10,graph_amortized_device
NVIDIA L40S,float16,1,64,0,experiment/mma_split,0,1.1265999637544155,0.0,True,16,10,graph_amortized_device
NVIDIA L40S,float16,1,64,0,dao,1,1.1913999915122986,0.0,True,16,10,graph_amortized_device
NVIDIA L40S,float16,1,64,0,experiment/mma_split,1,1.1264000087976456,0.0,True,16,10,graph_amortized_device
NVIDIA L40S,float16,1,64,0,experiment/mma_fast,1,1.1214000172913074,0.0,True,16,10,graph_amortized_device
NVIDIA L40S,float16,1,64,0,experiment/wmma_split,1,1.131999958306551,0.0,True,16,10,graph_amortized_device
NVIDIA L40S,float16,1,64,0,experiment/wmma_fast,1,1.1238000355660915,0.0,True,16,10,graph_amortized_device
NVIDIA L40S,float16,1,64,0,experiment/warp,1,1.1371999979019165,0.0,True,16,10,graph_amortized_device
NVIDIA L40S,float16,1,64,0,dao_plus_quant,1,2.22960002720356,,True,16,10,graph_amortized_device
NVIDIA L40S,float16,1,64,0,experiment/warp,2,1.1384000070393085,0.0,True,16,10,graph_amortized_device
NVIDIA L40S,float16,1,64,0,experiment/wmma_fast,2,1.1218000203371048,0.0,True,16,10,graph_amortized_device
NVIDIA L40S,float16,1,64,0,experiment/wmma_split,2,1.131800003349781,0.0,True,16,10,graph_amortized_device
NVIDIA L40S,float16,1,64,0,experiment/mma_fast,2,1.1194000020623207,0.0,True,16,10,graph_amortized_device
NVIDIA L40S,float16,1,64,0,experiment/mma_split,2,1.1273999698460102,0.0,True,16,10,graph_amortized_device
NVIDIA L40S,float16,1,64,0,dao,2,1.1909999884665012,0.0,True,16,10,graph_amortized_device
NVIDIA L40S,float16,1,64,0,dao_plus_quant,2,2.2283999249339104,,True,16,10,graph_amortized_device
NVIDIA L40S,float16,1,64,0,experiment/warp,3,1.1371999979019165,0.0,True,16,10,graph_amortized_device
NVIDIA L40S,float16,1,64,0,dao_plus_quant,3,2.228200063109398,,True,16,10,graph_amortized_device
NVIDIA L40S,float16,1,64,0,dao,3,1.1897999793291092,0.0,True,16,10,graph_amortized_device
NVIDIA L40S,float16,1,64,0,experiment/mma_split,3,1.1947999708354473,0.0,True,16,10,graph_amortized_device
NVIDIA L40S,float16,1,64,0,experiment/mma_fast,3,1.1222000233829021,0.0,True,16,10,graph_amortized_device
NVIDIA L40S,float16,1,64,0,experiment/wmma_split,3,1.1312000453472137,0.0,True,16,10,graph_amortized_device
NVIDIA L40S,float16,1,64,0,experiment/wmma_fast,3,1.1253999546170235,0.0,True,16,10,graph_amortized_device
NVIDIA L40S,float16,1,64,0,experiment/wmma_split,4,1.131800003349781,0.0,True,16,10,graph_amortized_device
NVIDIA L40S,float16,1,64,0,experiment/mma_fast,4,1.1222000233829021,0.0,True,16,10,graph_amortized_device
NVIDIA L40S,float16,1,64,0,experiment/mma_split,4,1.1273999698460102,0.0,True,16,10,graph_amortized_device
NVIDIA L40S,float16,1,64,0,dao,4,1.1905999854207039,0.0,True,16,10,graph_amortized_device
NVIDIA L40S,float16,1,64,0,dao_plus_quant,4,2.228800021111965,,True,16,10,graph_amortized_device
NVIDIA L40S,float16,1,64,0,experiment/warp,4,1.1358000338077545,0.0,True,16,10,graph_amortized_device
NVIDIA L40S,float16,1,64,0,experiment/wmma_fast,4,1.1218000203371048,0.0,True,16,10,graph_amortized_device
NVIDIA L40S,float16,1,64,1,dao,0,1.2372000142931938,0.0,True,16,10,graph_amortized_device
NVIDIA L40S,float16,1,64,1,dao_plus_quant,0,2.2283999249339104,,True,16,10,graph_amortized_device
NVIDIA L40S,float16,1,64,1,experiment/warp,0,1.1421999894082546,0.0,True,16,10,graph_amortized_device
NVIDIA L40S,float16,1,64,1,experiment/wmma_fast,0,1.1257999576628208,0.0,True,16,10,graph_amortized_device
NVIDIA L40S,float16,1,64,1,experiment/wmma_split,0,1.1347999796271324,0.0,True,16,10,graph_amortized_device
NVIDIA L40S,float16,1,64,1,experiment/mma_fast,0,1.1261999607086182,0.0,True,16,10,graph_amortized_device
NVIDIA L40S,float16,1,64,1,experiment/mma_split,0,1.131800003349781,0.0,True,16,10,graph_amortized_device
NVIDIA L40S,float16,1,64,1,dao,1,1.1927999556064606,0.0,True,16,10,graph_amortized_device
NVIDIA L40S,float16,1,64,1,experiment/mma_split,1,1.1335999704897404,0.0,True,16,10,graph_amortized_device
NVIDIA L40S,float16,1,64,1,experiment/mma_fast,1,1.1247999966144562,0.0,True,16,10,graph_amortized_device
NVIDIA L40S,float16,1,64,1,experiment/wmma_split,1,1.1323999613523483,0.0,True,16,10,graph_amortized_device
NVIDIA L40S,float16,1,64,1,experiment/wmma_fast,1,1.128000020980835,0.0,True,16,10,graph_amortized_device
NVIDIA L40S,float16,1,64,1,experiment/warp,1,1.142400037497282,0.0,True,16,10,graph_amortized_device
NVIDIA L40S,float16,1,64,1,dao_plus_quant,1,2.22960002720356,,True,16,10,graph_amortized_device
NVIDIA L40S,float16,1,64,1,experiment/warp,2,1.2571999803185463,0.0,True,16,10,graph_amortized_device
NVIDIA L40S,float16,1,64,1,experiment/wmma_fast,2,1.1261999607086182,0.0,True,16,10,graph_amortized_device
NVIDIA L40S,float16,1,64,1,experiment/wmma_split,2,1.1362000368535519,0.0,True,16,10,graph_amortized_device
NVIDIA L40S,float16,1,64,1,experiment/mma_fast,2,1.1253999546170235,0.0,True,16,10,graph_amortized_device
NVIDIA L40S,float16,1,64,1,experiment/mma_split,2,1.1339999735355377,0.0,True,16,10,graph_amortized_device
NVIDIA L40S,float16,1,64,1,dao,2,1.1924000456929207,0.0,True,16,10,graph_amortized_device
NVIDIA L40S,float16,1,64,1,dao_plus_quant,2,2.2293999791145325,,True,16,10,graph_amortized_device
NVIDIA L40S,float16,1,64,1,experiment/warp,3,1.143999956548214,0.0,True,16,10,graph_amortized_device
NVIDIA L40S,float16,1,64,1,dao_plus_quant,3,2.2314000874757767,,True,16,10,graph_amortized_device
NVIDIA L40S,float16,1,64,1,dao,3,1.1893999762833118,0.0,True,16,10,graph_amortized_device
NVIDIA L40S,float16,1,64,1,experiment/mma_split,3,1.1334000155329704,0.0,True,16,10,graph_amortized_device
NVIDIA L40S,float16,1,64,1,experiment/mma_fast,3,1.1260000057518482,0.0,True,16,10,graph_amortized_device
NVIDIA L40S,float16,1,64,1,experiment/wmma_split,3,1.134399976581335,0.0,True,16,10,graph_amortized_device
NVIDIA L40S,float16,1,64,1,experiment/wmma_fast,3,1.1264000087976456,0.0,True,16,10,graph_amortized_device
NVIDIA L40S,float16,1,64,1,experiment/wmma_split,4,1.1334000155329704,0.0,True,16,10,graph_amortized_device
NVIDIA L40S,float16,1,64,1,experiment/mma_fast,4,1.1256000027060509,0.0,True,16,10,graph_amortized_device
NVIDIA L40S,float16,1,64,1,experiment/mma_split,4,1.1322000063955784,0.0,True,16,10,graph_amortized_device
NVIDIA L40S,float16,1,64,1,dao,4,1.1934000067412853,0.0,True,16,10,graph_amortized_device
NVIDIA L40S,float16,1,64,1,dao_plus_quant,4,2.2314000874757767,,True,16,10,graph_amortized_device
NVIDIA L40S,float16,1,64,1,experiment/warp,4,1.1428000405430794,0.0,True,16,10,graph_amortized_device
NVIDIA L40S,float16,1,64,1,experiment/wmma_fast,4,1.1256000027060509,0.0,True,16,10,graph_amortized_device
NVIDIA L40S,float16,128,64,0,dao,0,1.475599966943264,0.0,True,16,10,graph_amortized_device
NVIDIA L40S,float16,128,64,0,dao_plus_quant,0,2.6664000004529953,,True,16,10,graph_amortized_device
NVIDIA L40S,float16,128,64,0,experiment/warp,0,1.2070000171661377,0.0,True,16,10,graph_amortized_device
NVIDIA L40S,float16,128,64,0,experiment/wmma_fast,0,1.3883999548852444,0.015625,False,16,10,graph_amortized_device
NVIDIA L40S,float16,128,64,0,experiment/wmma_split,0,1.4221999794244766,0.0,True,16,10,graph_amortized_device
NVIDIA L40S,float16,128,64,0,experiment/mma_fast,0,1.2318000197410583,0.015625,False,16,10,graph_amortized_device
NVIDIA L40S,float16,128,64,0,experiment/mma_split,0,1.2532000429928303,0.0,True,16,10,graph_amortized_device
NVIDIA L40S,float16,128,64,0,dao,1,1.4178000390529633,0.0,True,16,10,graph_amortized_device
NVIDIA L40S,float16,128,64,0,experiment/mma_split,1,1.2538000009953976,0.0,True,16,10,graph_amortized_device
NVIDIA L40S,float16,128,64,0,experiment/mma_fast,1,1.233800034970045,0.015625,False,16,10,graph_amortized_device
NVIDIA L40S,float16,128,64,0,experiment/wmma_split,1,1.4204000122845173,0.0,True,16,10,graph_amortized_device
NVIDIA L40S,float16,128,64,0,experiment/wmma_fast,1,1.3890000060200691,0.015625,False,16,10,graph_amortized_device
NVIDIA L40S,float16,128,64,0,experiment/warp,1,1.2782000005245209,0.0,True,16,10,graph_amortized_device
NVIDIA L40S,float16,128,64,0,dao_plus_quant,1,2.666199952363968,,True,16,10,graph_amortized_device
NVIDIA L40S,float16,128,64,0,experiment/warp,2,1.2032000347971916,0.0,True,16,10,graph_amortized_device
NVIDIA L40S,float16,128,64,0,experiment/wmma_fast,2,1.3898000121116638,0.015625,False,16,10,graph_amortized_device
NVIDIA L40S,float16,128,64,0,experiment/wmma_split,2,1.4209999702870846,0.0,True,16,10,graph_amortized_device
NVIDIA L40S,float16,128,64,0,experiment/mma_fast,2,1.2323999777436256,0.015625,False,16,10,graph_amortized_device
NVIDIA L40S,float16,128,64,0,experiment/mma_split,2,1.252800039947033,0.0,True,16,10,graph_amortized_device
NVIDIA L40S,float16,128,64,0,dao,2,1.4158000238239765,0.0,True,16,10,graph_amortized_device
NVIDIA L40S,float16,128,64,0,dao_plus_quant,2,2.6664000004529953,,True,16,10,graph_amortized_device
NVIDIA L40S,float16,128,64,0,experiment/warp,3,1.203799992799759,0.0,True,16,10,graph_amortized_device
NVIDIA L40S,float16,128,64,0,dao_plus_quant,3,2.6677999645471573,,True,16,10,graph_amortized_device
NVIDIA L40S,float16,128,64,0,dao,3,1.4154000207781792,0.0,True,16,10,graph_amortized_device
NVIDIA L40S,float16,128,64,0,experiment/mma_split,3,1.2543999589979649,0.0,True,16,10,graph_amortized_device
NVIDIA L40S,float16,128,64,0,experiment/mma_fast,3,1.2335999868810177,0.015625,False,16,10,graph_amortized_device
NVIDIA L40S,float16,128,64,0,experiment/wmma_split,3,1.4201999641954899,0.0,True,16,10,graph_amortized_device
NVIDIA L40S,float16,128,64,0,experiment/wmma_fast,3,1.3887999579310417,0.015625,False,16,10,graph_amortized_device
NVIDIA L40S,float16,128,64,0,experiment/wmma_split,4,1.4205999672412872,0.0,True,16,10,graph_amortized_device
NVIDIA L40S,float16,128,64,0,experiment/mma_fast,4,1.2323999777436256,0.015625,False,16,10,graph_amortized_device
NVIDIA L40S,float16,128,64,0,experiment/mma_split,4,1.2536000460386276,0.0,True,16,10,graph_amortized_device
NVIDIA L40S,float16,128,64,0,dao,4,1.417400036007166,0.0,True,16,10,graph_amortized_device
NVIDIA L40S,float16,128,64,0,dao_plus_quant,4,2.6660000905394554,,True,16,10,graph_amortized_device
NVIDIA L40S,float16,128,64,0,experiment/warp,4,1.206200011074543,0.0,True,16,10,graph_amortized_device
NVIDIA L40S,float16,128,64,0,experiment/wmma_fast,4,1.3895999640226364,0.015625,False,16,10,graph_amortized_device
NVIDIA L40S,float16,128,64,1,dao,0,1.4178000390529633,0.0,True,16,10,graph_amortized_device
NVIDIA L40S,float16,128,64,1,dao_plus_quant,0,2.6583999395370483,,True,16,10,graph_amortized_device
NVIDIA L40S,float16,128,64,1,experiment/warp,0,1.1951999738812447,0.0,True,16,10,graph_amortized_device
NVIDIA L40S,float16,128,64,1,experiment/wmma_fast,0,1.394800003618002,0.001953125,True,16,10,graph_amortized_device
NVIDIA L40S,float16,128,64,1,experiment/wmma_split,0,1.4183999970555305,0.0,True,16,10,graph_amortized_device
NVIDIA L40S,float16,128,64,1,experiment/mma_fast,0,1.2322000227868557,0.001953125,True,16,10,graph_amortized_device
NVIDIA L40S,float16,128,64,1,experiment/mma_split,0,1.2521999888122082,0.0,True,16,10,graph_amortized_device
NVIDIA L40S,float16,128,64,1,dao,1,1.409399975091219,0.0,True,16,10,graph_amortized_device
NVIDIA L40S,float16,128,64,1,experiment/mma_split,1,1.255599968135357,0.0,True,16,10,graph_amortized_device
NVIDIA L40S,float16,128,64,1,experiment/mma_fast,1,1.2343999929726124,0.001953125,True,16,10,graph_amortized_device
NVIDIA L40S,float16,128,64,1,experiment/wmma_split,1,1.4179999940097332,0.0,True,16,10,graph_amortized_device
NVIDIA L40S,float16,128,64,1,experiment/wmma_fast,1,1.3927999883890152,0.001953125,True,16,10,graph_amortized_device
NVIDIA L40S,float16,128,64,1,experiment/warp,1,1.1975999921560287,0.0,True,16,10,graph_amortized_device
NVIDIA L40S,float16,128,64,1,dao_plus_quant,1,2.658200077712536,,True,16,10,graph_amortized_device
NVIDIA L40S,float16,128,64,1,experiment/warp,2,1.2040000408887863,0.0,True,16,10,graph_amortized_device
NVIDIA L40S,float16,128,64,1,experiment/wmma_fast,2,1.3964000158011913,0.001953125,True,16,10,graph_amortized_device
NVIDIA L40S,float16,128,64,1,experiment/wmma_split,2,1.4196000061929226,0.0,True,16,10,graph_amortized_device
NVIDIA L40S,float16,128,64,1,experiment/mma_fast,2,1.233800034970045,0.001953125,True,16,10,graph_amortized_device
NVIDIA L40S,float16,128,64,1,experiment/mma_split,2,1.2538000009953976,0.0,True,16,10,graph_amortized_device
NVIDIA L40S,float16,128,64,1,dao,2,1.4088000170886517,0.0,True,16,10,graph_amortized_device
NVIDIA L40S,float16,128,64,1,dao_plus_quant,2,2.658200077712536,,True,16,10,graph_amortized_device
NVIDIA L40S,float16,128,64,1,experiment/warp,3,1.196799986064434,0.0,True,16,10,graph_amortized_device
NVIDIA L40S,float16,128,64,1,dao_plus_quant,3,2.6580000296235085,,True,16,10,graph_amortized_device
NVIDIA L40S,float16,128,64,1,dao,3,1.4072000049054623,0.0,True,16,10,graph_amortized_device
NVIDIA L40S,float16,128,64,1,experiment/mma_split,3,1.2536000460386276,0.0,True,16,10,graph_amortized_device
NVIDIA L40S,float16,128,64,1,experiment/mma_fast,3,1.2330000288784504,0.001953125,True,16,10,graph_amortized_device
NVIDIA L40S,float16,128,64,1,experiment/wmma_split,3,1.4179999940097332,0.0,True,16,10,graph_amortized_device
NVIDIA L40S,float16,128,64,1,experiment/wmma_fast,3,1.3931999914348125,0.001953125,True,16,10,graph_amortized_device
NVIDIA L40S,float16,128,64,1,experiment/wmma_split,4,1.42000000923872,0.0,True,16,10,graph_amortized_device
NVIDIA L40S,float16,128,64,1,experiment/mma_fast,4,1.2334000319242477,0.001953125,True,16,10,graph_amortized_device
NVIDIA L40S,float16,128,64,1,experiment/mma_split,4,1.2533999979496002,0.0,True,16,10,graph_amortized_device
NVIDIA L40S,float16,128,64,1,dao,4,1.409200020134449,0.0,True,16,10,graph_amortized_device
NVIDIA L40S,float16,128,64,1,dao_plus_quant,4,2.658200077712536,,True,16,10,graph_amortized_device
NVIDIA L40S,float16,128,64,1,experiment/warp,4,1.1946000158786774,0.0,True,16,10,graph_amortized_device
NVIDIA L40S,float16,128,64,1,experiment/wmma_fast,4,1.3914000242948532,0.001953125,True,16,10,graph_amortized_device
NVIDIA L40S,float16,16384,64,0,dao,0,10.14380007982254,0.0,True,16,10,graph_amortized_device
NVIDIA L40S,float16,16384,64,0,dao_plus_quant,0,20.170600712299347,,True,16,10,graph_amortized_device
NVIDIA L40S,float16,16384,64,0,experiment/warp,0,2.8855999931693077,0.0,True,16,10,graph_amortized_device
NVIDIA L40S,float16,16384,64,0,experiment/wmma_fast,0,2.738800086081028,0.03125,False,16,10,graph_amortized_device
NVIDIA L40S,float16,16384,64,0,experiment/wmma_split,0,2.9603999108076096,0.015625,False,16,10,graph_amortized_device
NVIDIA L40S,float16,16384,64,0,experiment/mma_fast,0,2.663400024175644,0.03125,False,16,10,graph_amortized_device
NVIDIA L40S,float16,16384,64,0,experiment/mma_split,0,2.586599998176098,0.015625,False,16,10,graph_amortized_device
NVIDIA L40S,float16,16384,64,0,dao,1,10.140399634838104,0.0,True,16,10,graph_amortized_device
NVIDIA L40S,float16,16384,64,0,experiment/mma_split,1,2.5908000767230988,0.015625,False,16,10,graph_amortized_device
NVIDIA L40S,float16,16384,64,0,experiment/mma_fast,1,2.6753999292850494,0.03125,False,16,10,graph_amortized_device
NVIDIA L40S,float16,16384,64,0,experiment/wmma_split,1,2.9650000855326653,0.015625,False,16,10,graph_amortized_device
NVIDIA L40S,float16,16384,64,0,experiment/wmma_fast,1,2.742600068449974,0.03125,False,16,10,graph_amortized_device
NVIDIA L40S,float16,16384,64,0,experiment/warp,1,2.884400077164173,0.0,True,16,10,graph_amortized_device
NVIDIA L40S,float16,16384,64,0,dao_plus_quant,1,20.174600183963776,,True,16,10,graph_amortized_device
NVIDIA L40S,float16,16384,64,0,experiment/warp,2,2.8869999572634697,0.0,True,16,10,graph_amortized_device
NVIDIA L40S,float16,16384,64,0,experiment/wmma_fast,2,2.7448000386357307,0.03125,False,16,10,graph_amortized_device
NVIDIA L40S,float16,16384,64,0,experiment/wmma_split,2,2.9662000015378,0.015625,False,16,10,graph_amortized_device
NVIDIA L40S,float16,16384,64,0,experiment/mma_fast,2,2.6731999590992928,0.03125,False,16,10,graph_amortized_device
NVIDIA L40S,float16,16384,64,0,experiment/mma_split,2,2.592400088906288,0.015625,False,16,10,graph_amortized_device
NVIDIA L40S,float16,16384,64,0,dao,2,10.140799731016159,0.0,True,16,10,graph_amortized_device
NVIDIA L40S,float16,16384,64,0,dao_plus_quant,2,20.176999270915985,,True,16,10,graph_amortized_device
NVIDIA L40S,float16,16384,64,0,experiment/warp,3,2.887599915266037,0.0,True,16,10,graph_amortized_device
NVIDIA L40S,float16,16384,64,0,dao_plus_quant,3,20.174799859523773,,True,16,10,graph_amortized_device
NVIDIA L40S,float16,16384,64,0,dao,3,10.140399634838104,0.0,True,16,10,graph_amortized_device
NVIDIA L40S,float16,16384,64,0,experiment/mma_split,3,2.5884000584483147,0.015625,False,16,10,graph_amortized_device
NVIDIA L40S,float16,16384,64,0,experiment/mma_fast,3,2.674799971282482,0.03125,False,16,10,graph_amortized_device
NVIDIA L40S,float16,16384,64,0,experiment/wmma_split,3,2.9589999467134476,0.015625,False,16,10,graph_amortized_device
NVIDIA L40S,float16,16384,64,0,experiment/wmma_fast,3,2.744000032544136,0.03125,False,16,10,graph_amortized_device
NVIDIA L40S,float16,16384,64,0,experiment/wmma_split,4,2.964800037443638,0.015625,False,16,10,graph_amortized_device
NVIDIA L40S,float16,16384,64,0,experiment/mma_fast,4,2.6763999834656715,0.03125,False,16,10,graph_amortized_device
NVIDIA L40S,float16,16384,64,0,experiment/mma_split,4,2.590000070631504,0.015625,False,16,10,graph_amortized_device
NVIDIA L40S,float16,16384,64,0,dao,4,10.141800343990326,0.0,True,16,10,graph_amortized_device
NVIDIA L40S,float16,16384,64,0,dao_plus_quant,4,20.174600183963776,,True,16,10,graph_amortized_device
NVIDIA L40S,float16,16384,64,0,experiment/warp,4,2.8877999633550644,0.0,True,16,10,graph_amortized_device
NVIDIA L40S,float16,16384,64,0,experiment/wmma_fast,4,2.74059996008873,0.03125,False,16,10,graph_amortized_device
NVIDIA L40S,float16,16384,64,1,dao,0,10.144200176000595,0.0,True,16,10,graph_amortized_device
NVIDIA L40S,float16,16384,64,1,dao_plus_quant,0,20.17340064048767,,True,16,10,graph_amortized_device
NVIDIA L40S,float16,16384,64,1,experiment/warp,0,2.878599986433983,0.0,True,16,10,graph_amortized_device
NVIDIA L40S,float16,16384,64,1,experiment/wmma_fast,0,2.7432000264525414,0.00390625,True,16,10,graph_amortized_device
NVIDIA L40S,float16,16384,64,1,experiment/wmma_split,0,2.9624000191688538,0.001953125,True,16,10,graph_amortized_device
NVIDIA L40S,float16,16384,64,1,experiment/mma_fast,0,2.6520000770688057,0.00390625,True,16,10,graph_amortized_device
NVIDIA L40S,float16,16384,64,1,experiment/mma_split,0,2.578200027346611,0.001953125,True,16,10,graph_amortized_device
NVIDIA L40S,float16,16384,64,1,dao,1,10.140799731016159,0.0,True,16,10,graph_amortized_device
NVIDIA L40S,float16,16384,64,1,experiment/mma_split,1,2.5849999859929085,0.001953125,True,16,10,graph_amortized_device
NVIDIA L40S,float16,16384,64,1,experiment/mma_fast,1,2.6631999760866165,0.00390625,True,16,10,graph_amortized_device
NVIDIA L40S,float16,16384,64,1,experiment/wmma_split,1,2.9632000252604485,0.001953125,True,16,10,graph_amortized_device
NVIDIA L40S,float16,16384,64,1,experiment/wmma_fast,1,2.747800014913082,0.00390625,True,16,10,graph_amortized_device
NVIDIA L40S,float16,16384,64,1,experiment/warp,1,2.8801999986171722,0.0,True,16,10,graph_amortized_device
NVIDIA L40S,float16,16384,64,1,dao_plus_quant,1,20.181800425052643,,True,16,10,graph_amortized_device
NVIDIA L40S,float16,16384,64,1,experiment/warp,2,2.8761999681591988,0.0,True,16,10,graph_amortized_device
NVIDIA L40S,float16,16384,64,1,experiment/wmma_fast,2,2.7497999370098114,0.00390625,True,16,10,graph_amortized_device
NVIDIA L40S,float16,16384,64,1,experiment/wmma_split,2,2.968600019812584,0.001953125,True,16,10,graph_amortized_device
NVIDIA L40S,float16,16384,64,1,experiment/mma_fast,2,2.662399969995022,0.00390625,True,16,10,graph_amortized_device
NVIDIA L40S,float16,16384,64,1,experiment/mma_split,2,2.588599920272827,0.001953125,True,16,10,graph_amortized_device
NVIDIA L40S,float16,16384,64,1,dao,2,10.142000019550323,0.0,True,16,10,graph_amortized_device
NVIDIA L40S,float16,16384,64,1,dao_plus_quant,2,20.181000232696533,,True,16,10,graph_amortized_device
NVIDIA L40S,float16,16384,64,1,experiment/warp,3,2.882399968802929,0.0,True,16,10,graph_amortized_device
NVIDIA L40S,float16,16384,64,1,dao_plus_quant,3,20.18039971590042,,True,16,10,graph_amortized_device
NVIDIA L40S,float16,16384,64,1,dao,3,10.140399634838104,0.0,True,16,10,graph_amortized_device
NVIDIA L40S,float16,16384,64,1,experiment/mma_split,3,2.5895999744534492,0.001953125,True,16,10,graph_amortized_device
NVIDIA L40S,float16,16384,64,1,experiment/mma_fast,3,2.6636000722646713,0.00390625,True,16,10,graph_amortized_device
NVIDIA L40S,float16,16384,64,1,experiment/wmma_split,3,2.966799959540367,0.001953125,True,16,10,graph_amortized_device
NVIDIA L40S,float16,16384,64,1,experiment/wmma_fast,3,2.7488000690937042,0.00390625,True,16,10,graph_amortized_device
NVIDIA L40S,float16,16384,64,1,experiment/wmma_split,4,2.966799959540367,0.001953125,True,16,10,graph_amortized_device
NVIDIA L40S,float16,16384,64,1,experiment/mma_fast,4,2.665399946272373,0.00390625,True,16,10,graph_amortized_device
NVIDIA L40S,float16,16384,64,1,experiment/mma_split,4,2.5933999568223953,0.001953125,True,16,10,graph_amortized_device
NVIDIA L40S,float16,16384,64,1,dao,4,10.141400247812271,0.0,True,16,10,graph_amortized_device
NVIDIA L40S,float16,16384,64,1,dao_plus_quant,4,20.17900049686432,,True,16,10,graph_amortized_device
NVIDIA L40S,float16,16384,64,1,experiment/warp,4,2.8798000887036324,0.0,True,16,10,graph_amortized_device
NVIDIA L40S,float16,16384,64,1,experiment/wmma_fast,4,2.750599943101406,0.00390625,True,16,10,graph_amortized_device
NVIDIA L40S,float16,131072,64,0,dao,0,70.8296000957489,0.0,True,16,10,graph_amortized_device
NVIDIA L40S,float16,131072,64,0,dao_plus_quant,0,141.5470004081726,,True,16,10,graph_amortized_device
NVIDIA L40S,float16,131072,64,0,experiment/warp,0,12.962399423122406,0.0,True,16,10,graph_amortized_device
NVIDIA L40S,float16,131072,64,0,experiment/wmma_fast,0,11.840800195932388,0.03125,False,16,10,graph_amortized_device
NVIDIA L40S,float16,131072,64,0,experiment/wmma_split,0,13.421200215816498,0.0078125,True,16,10,graph_amortized_device
NVIDIA L40S,float16,131072,64,0,experiment/mma_fast,0,9.140200167894363,0.03125,False,16,10,graph_amortized_device
NVIDIA L40S,float16,131072,64,0,experiment/mma_split,0,9.6220001578331,0.0078125,True,16,10,graph_amortized_device
NVIDIA L40S,float16,131072,64,0,dao,1,70.83200216293335,0.0,True,16,10,graph_amortized_device
NVIDIA L40S,float16,131072,64,0,experiment/mma_split,1,9.607599675655365,0.0078125,True,16,10,graph_amortized_device
NVIDIA L40S,float16,131072,64,0,experiment/mma_fast,1,9.131000190973282,0.03125,False,16,10,graph_amortized_device
NVIDIA L40S,float16,131072,64,0,experiment/wmma_split,1,13.407599925994873,0.0078125,True,16,10,graph_amortized_device
NVIDIA L40S,float16,131072,64,0,experiment/wmma_fast,1,11.839400231838226,0.03125,False,16,10,graph_amortized_device
NVIDIA L40S,float16,131072,64,0,experiment/warp,1,12.981000542640686,0.0,True,16,10,graph_amortized_device
NVIDIA L40S,float16,131072,64,0,dao_plus_quant,1,141.55479669570923,,True,16,10,graph_amortized_device
NVIDIA L40S,float16,131072,64,0,experiment/warp,2,12.998199462890625,0.0,True,16,10,graph_amortized_device
NVIDIA L40S,float16,131072,64,0,experiment/wmma_fast,2,11.85159981250763,0.03125,False,16,10,graph_amortized_device
NVIDIA L40S,float16,131072,64,0,experiment/wmma_split,2,13.414999842643738,0.0078125,True,16,10,graph_amortized_device
NVIDIA L40S,float16,131072,64,0,experiment/mma_fast,2,9.139200299978256,0.03125,False,16,10,graph_amortized_device
NVIDIA L40S,float16,131072,64,0,experiment/mma_split,2,9.634999930858612,0.0078125,True,16,10,graph_amortized_device
NVIDIA L40S,float16,131072,64,0,dao,2,70.83160281181335,0.0,True,16,10,graph_amortized_device
NVIDIA L40S,float16,131072,64,0,dao_plus_quant,2,141.5470004081726,,True,16,10,graph_amortized_device
NVIDIA L40S,float16,131072,64,0,experiment/warp,3,12.968200445175171,0.0,True,16,10,graph_amortized_device
NVIDIA L40S,float16,131072,64,0,dao_plus_quant,3,141.552996635437,,True,16,10,graph_amortized_device
NVIDIA L40S,float16,131072,64,0,dao,3,70.83039879798889,0.0,True,16,10,graph_amortized_device
NVIDIA L40S,float16,131072,64,0,experiment/mma_split,3,9.641599655151367,0.0078125,True,16,10,graph_amortized_device
NVIDIA L40S,float16,131072,64,0,experiment/mma_fast,3,9.146200120449066,0.03125,False,16,10,graph_amortized_device
NVIDIA L40S,float16,131072,64,0,experiment/wmma_split,3,13.796600699424744,0.0078125,True,16,10,graph_amortized_device
NVIDIA L40S,float16,131072,64,0,experiment/wmma_fast,3,11.843200027942657,0.03125,False,16,10,graph_amortized_device
NVIDIA L40S,float16,131072,64,0,experiment/wmma_split,4,13.797199726104736,0.0078125,True,16,10,graph_amortized_device
NVIDIA L40S,float16,131072,64,0,experiment/mma_fast,4,9.140399843454361,0.03125,False,16,10,graph_amortized_device
NVIDIA L40S,float16,131072,64,0,experiment/mma_split,4,9.617199748754501,0.0078125,True,16,10,graph_amortized_device
NVIDIA L40S,float16,131072,64,0,dao,4,70.83479762077332,0.0,True,16,10,graph_amortized_device
NVIDIA L40S,float16,131072,64,0,dao_plus_quant,4,141.55700206756592,,True,16,10,graph_amortized_device
NVIDIA L40S,float16,131072,64,0,experiment/warp,4,12.98999935388565,0.0,True,16,10,graph_amortized_device
NVIDIA L40S,float16,131072,64,0,experiment/wmma_fast,4,11.851000040769577,0.03125,False,16,10,graph_amortized_device
NVIDIA L40S,float16,131072,64,1,dao,0,70.82819938659668,0.0,True,16,10,graph_amortized_device
NVIDIA L40S,float16,131072,64,1,dao_plus_quant,0,141.52640104293823,,True,16,10,graph_amortized_device
NVIDIA L40S,float16,131072,64,1,experiment/warp,0,12.99079954624176,0.0,True,16,10,graph_amortized_device
NVIDIA L40S,float16,131072,64,1,experiment/wmma_fast,0,11.902999877929688,0.00390625,True,16,10,graph_amortized_device
NVIDIA L40S,float16,131072,64,1,experiment/wmma_split,0,13.618600368499756,0.0009765625,True,16,10,graph_amortized_device
NVIDIA L40S,float16,131072,64,1,experiment/mma_fast,0,9.124600142240524,0.00390625,True,16,10,graph_amortized_device
NVIDIA L40S,float16,131072,64,1,experiment/mma_split,0,9.63440015912056,0.0009765625,True,16,10,graph_amortized_device
NVIDIA L40S,float16,131072,64,1,dao,1,70.8299994468689,0.0,True,16,10,graph_amortized_device
NVIDIA L40S,float16,131072,64,1,experiment/mma_split,1,9.633400291204453,0.0009765625,True,16,10,graph_amortized_device
NVIDIA L40S,float16,131072,64,1,experiment/mma_fast,1,9.134399890899658,0.00390625,True,16,10,graph_amortized_device
NVIDIA L40S,float16,131072,64,1,experiment/wmma_split,1,13.566599786281586,0.0009765625,True,16,10,graph_amortized_device
NVIDIA L40S,float16,131072,64,1,experiment/wmma_fast,1,11.903800070285797,0.00390625,True,16,10,graph_amortized_device
NVIDIA L40S,float16,131072,64,1,experiment/warp,1,13.012999296188354,0.0,True,16,10,graph_amortized_device
NVIDIA L40S,float16,131072,64,1,dao_plus_quant,1,141.53800010681152,,True,16,10,graph_amortized_device
NVIDIA L40S,float16,131072,64,1,experiment/warp,2,12.997999787330627,0.0,True,16,10,graph_amortized_device
NVIDIA L40S,float16,131072,64,1,experiment/wmma_fast,2,11.906400322914124,0.00390625,True,16,10,graph_amortized_device
NVIDIA L40S,float16,131072,64,1,experiment/wmma_split,2,13.564200699329376,0.0009765625,True,16,10,graph_amortized_device
NVIDIA L40S,float16,131072,64,1,experiment/mma_fast,2,9.132599830627441,0.00390625,True,16,10,graph_amortized_device
NVIDIA L40S,float16,131072,64,1,experiment/mma_split,2,9.629999846220016,0.0009765625,True,16,10,graph_amortized_device
NVIDIA L40S,float16,131072,64,1,dao,2,70.83160281181335,0.0,True,16,10,graph_amortized_device
NVIDIA L40S,float16,131072,64,1,dao_plus_quant,2,141.53579473495483,,True,16,10,graph_amortized_device
NVIDIA L40S,float16,131072,64,1,experiment/warp,3,13.007000088691711,0.0,True,16,10,graph_amortized_device
NVIDIA L40S,float16,131072,64,1,dao_plus_quant,3,141.53519868850708,,True,16,10,graph_amortized_device
NVIDIA L40S,float16,131072,64,1,dao,3,70.83219885826111,0.0,True,16,10,graph_amortized_device
NVIDIA L40S,float16,131072,64,1,experiment/mma_split,3,9.643600136041641,0.0009765625,True,16,10,graph_amortized_device
NVIDIA L40S,float16,131072,64,1,experiment/mma_fast,3,9.129399806261063,0.00390625,True,16,10,graph_amortized_device
NVIDIA L40S,float16,131072,64,1,experiment/wmma_split,3,13.572600483894348,0.0009765625,True,16,10,graph_amortized_device
NVIDIA L40S,float16,131072,64,1,experiment/wmma_fast,3,11.914200335741043,0.00390625,True,16,10,graph_amortized_device
NVIDIA L40S,float16,131072,64,1,experiment/wmma_split,4,13.62919956445694,0.0009765625,True,16,10,graph_amortized_device
NVIDIA L40S,float16,131072,64,1,experiment/mma_fast,4,9.148400276899338,0.00390625,True,16,10,graph_amortized_device
NVIDIA L40S,float16,131072,64,1,experiment/mma_split,4,9.642600268125534,0.0009765625,True,16,10,graph_amortized_device
NVIDIA L40S,float16,131072,64,1,dao,4,71.56980037689209,0.0,True,16,10,graph_amortized_device
NVIDIA L40S,float16,131072,64,1,dao_plus_quant,4,142.34360456466675,,True,16,10,graph_amortized_device
NVIDIA L40S,float16,131072,64,1,experiment/warp,4,13.060399889945984,0.0,True,16,10,graph_amortized_device
NVIDIA L40S,float16,131072,64,1,experiment/wmma_fast,4,11.912000179290771,0.00390625,True,16,10,graph_amortized_device
NVIDIA L40S,float16,1,128,0,dao,0,1.2532000429928303,0.0,True,16,10,graph_amortized_device
NVIDIA L40S,float16,1,128,0,dao_plus_quant,0,2.28899996727705,,True,16,10,graph_amortized_device
NVIDIA L40S,float16,1,128,0,experiment/warp,0,1.1578000150620937,0.0,True,16,10,graph_amortized_device
NVIDIA L40S,float16,1,128,0,experiment/wmma_fast,0,1.1603999882936478,0.0,True,16,10,graph_amortized_device
NVIDIA L40S,float16,1,128,0,experiment/wmma_split,0,1.1610000394284725,0.0,True,16,10,graph_amortized_device
NVIDIA L40S,float16,1,128,0,experiment/mma_fast,0,1.1614000424742699,0.0,True,16,10,graph_amortized_device
NVIDIA L40S,float16,1,128,0,experiment/mma_split,0,1.1633999645709991,0.0,True,16,10,graph_amortized_device
NVIDIA L40S,float16,1,128,0,dao,1,1.2227999977767467,0.0,True,16,10,graph_amortized_device
NVIDIA L40S,float16,1,128,0,experiment/mma_split,1,1.1606000363826752,0.0,True,16,10,graph_amortized_device
NVIDIA L40S,float16,1,128,0,experiment/mma_fast,1,1.1606000363826752,0.0,True,16,10,graph_amortized_device
NVIDIA L40S,float16,1,128,0,experiment/wmma_split,1,1.1607999913394451,0.0,True,16,10,graph_amortized_device
NVIDIA L40S,float16,1,128,0,experiment/wmma_fast,1,1.1624000035226345,0.0,True,16,10,graph_amortized_device
NVIDIA L40S,float16,1,128,0,experiment/warp,1,1.1586000211536884,0.0,True,16,10,graph_amortized_device
NVIDIA L40S,float16,1,128,0,dao_plus_quant,1,2.289400063455105,,True,16,10,graph_amortized_device
NVIDIA L40S,float16,1,128,0,experiment/warp,2,1.157199963927269,0.0,True,16,10,graph_amortized_device
NVIDIA L40S,float16,1,128,0,experiment/wmma_fast,2,1.1606000363826752,0.0,True,16,10,graph_amortized_device
NVIDIA L40S,float16,1,128,0,experiment/wmma_split,2,1.1590000241994858,0.0,True,16,10,graph_amortized_device
NVIDIA L40S,float16,1,128,0,experiment/mma_fast,2,1.1594000272452831,0.0,True,16,10,graph_amortized_device
NVIDIA L40S,float16,1,128,0,experiment/mma_split,2,1.159599982202053,0.0,True,16,10,graph_amortized_device
NVIDIA L40S,float16,1,128,0,dao,2,1.2215999886393547,0.0,True,16,10,graph_amortized_device
NVIDIA L40S,float16,1,128,0,dao_plus_quant,2,2.290000021457672,,True,16,10,graph_amortized_device
NVIDIA L40S,float16,1,128,0,experiment/warp,3,1.159599982202053,0.0,True,16,10,graph_amortized_device
NVIDIA L40S,float16,1,128,0,dao_plus_quant,3,2.2887999191880226,,True,16,10,graph_amortized_device
NVIDIA L40S,float16,1,128,0,dao,3,1.22060002759099,0.0,True,16,10,graph_amortized_device
NVIDIA L40S,float16,1,128,0,experiment/mma_split,3,1.1602000333368778,0.0,True,16,10,graph_amortized_device
NVIDIA L40S,float16,1,128,0,experiment/mma_fast,3,1.1591999791562557,0.0,True,16,10,graph_amortized_device
NVIDIA L40S,float16,1,128,0,experiment/wmma_split,3,1.1607999913394451,0.0,True,16,10,graph_amortized_device
NVIDIA L40S,float16,1,128,0,experiment/wmma_fast,3,1.1610000394284725,0.0,True,16,10,graph_amortized_device
NVIDIA L40S,float16,1,128,0,experiment/wmma_split,4,1.1602000333368778,0.0,True,16,10,graph_amortized_device
NVIDIA L40S,float16,1,128,0,experiment/mma_fast,4,1.1594000272452831,0.0,True,16,10,graph_amortized_device
NVIDIA L40S,float16,1,128,0,experiment/mma_split,4,1.1598000302910805,0.0,True,16,10,graph_amortized_device
NVIDIA L40S,float16,1,128,0,dao,4,1.2236000038683414,0.0,True,16,10,graph_amortized_device
NVIDIA L40S,float16,1,128,0,dao_plus_quant,4,2.2878000512719154,,True,16,10,graph_amortized_device
NVIDIA L40S,float16,1,128,0,experiment/warp,4,1.1590000241994858,0.0,True,16,10,graph_amortized_device
NVIDIA L40S,float16,1,128,0,experiment/wmma_fast,4,1.1602000333368778,0.0,True,16,10,graph_amortized_device
NVIDIA L40S,float16,1,128,1,dao,0,1.2492000125348568,0.0,True,16,10,graph_amortized_device
NVIDIA L40S,float16,1,128,1,dao_plus_quant,0,2.299400046467781,,True,16,10,graph_amortized_device
NVIDIA L40S,float16,1,128,1,experiment/warp,0,1.1731999926269054,0.0,True,16,10,graph_amortized_device
NVIDIA L40S,float16,1,128,1,experiment/wmma_fast,0,1.1730000376701355,0.0,True,16,10,graph_amortized_device
NVIDIA L40S,float16,1,128,1,experiment/wmma_split,0,1.1745999567210674,0.0,True,16,10,graph_amortized_device
NVIDIA L40S,float16,1,128,1,experiment/mma_fast,0,1.1735999956727028,0.0,True,16,10,graph_amortized_device
NVIDIA L40S,float16,1,128,1,experiment/mma_split,0,1.1726000346243382,0.0,True,16,10,graph_amortized_device
NVIDIA L40S,float16,1,128,1,dao,1,1.235199999064207,0.0,True,16,10,graph_amortized_device
NVIDIA L40S,float16,1,128,1,experiment/mma_split,1,1.1718000285327435,0.0,True,16,10,graph_amortized_device
NVIDIA L40S,float16,1,128,1,experiment/mma_fast,1,1.1730000376701355,0.0,True,16,10,graph_amortized_device
NVIDIA L40S,float16,1,128,1,experiment/wmma_split,1,1.179799996316433,0.0,True,16,10,graph_amortized_device
NVIDIA L40S,float16,1,128,1,experiment/wmma_fast,1,1.1745999567210674,0.0,True,16,10,graph_amortized_device
NVIDIA L40S,float16,1,128,1,experiment/warp,1,1.1730000376701355,0.0,True,16,10,graph_amortized_device
NVIDIA L40S,float16,1,128,1,dao_plus_quant,1,2.3002000525593758,,True,16,10,graph_amortized_device
NVIDIA L40S,float16,1,128,1,experiment/warp,2,1.1731999926269054,0.0,True,16,10,graph_amortized_device
NVIDIA L40S,float16,1,128,1,experiment/wmma_fast,2,1.1730000376701355,0.0,True,16,10,graph_amortized_device
NVIDIA L40S,float16,1,128,1,experiment/wmma_split,2,1.1753999628126621,0.0,True,16,10,graph_amortized_device
NVIDIA L40S,float16,1,128,1,experiment/mma_fast,2,1.1726000346243382,0.0,True,16,10,graph_amortized_device
NVIDIA L40S,float16,1,128,1,experiment/mma_split,2,1.1723999865353107,0.0,True,16,10,graph_amortized_device
NVIDIA L40S,float16,1,128,1,dao,2,1.235199999064207,0.0,True,16,10,graph_amortized_device
NVIDIA L40S,float16,1,128,1,dao_plus_quant,2,2.2989999502897263,,True,16,10,graph_amortized_device
NVIDIA L40S,float16,1,128,1,experiment/warp,3,1.171599980443716,0.0,True,16,10,graph_amortized_device
NVIDIA L40S,float16,1,128,1,dao_plus_quant,3,2.299799956381321,,True,16,10,graph_amortized_device
NVIDIA L40S,float16,1,128,1,dao,3,1.2335999868810177,0.0,True,16,10,graph_amortized_device
NVIDIA L40S,float16,1,128,1,experiment/mma_split,3,1.1735999956727028,0.0,True,16,10,graph_amortized_device
NVIDIA L40S,float16,1,128,1,experiment/mma_fast,3,1.1722000315785408,0.0,True,16,10,graph_amortized_device
NVIDIA L40S,float16,1,128,1,experiment/wmma_split,3,1.1734000407159328,0.0,True,16,10,graph_amortized_device
NVIDIA L40S,float16,1,128,1,experiment/wmma_fast,3,1.1744000017642975,0.0,True,16,10,graph_amortized_device
NVIDIA L40S,float16,1,128,1,experiment/wmma_split,4,1.1735999956727028,0.0,True,16,10,graph_amortized_device
NVIDIA L40S,float16,1,128,1,experiment/mma_fast,4,1.171599980443716,0.0,True,16,10,graph_amortized_device
NVIDIA L40S,float16,1,128,1,experiment/mma_split,4,1.1748000048100948,0.0,True,16,10,graph_amortized_device
NVIDIA L40S,float16,1,128,1,dao,4,1.2318000197410583,0.0,True,16,10,graph_amortized_device
NVIDIA L40S,float16,1,128,1,dao_plus_quant,4,2.3000000044703484,,True,16,10,graph_amortized_device
NVIDIA L40S,float16,1,128,1,experiment/warp,4,1.1718000285327435,0.0,True,16,10,graph_amortized_device
NVIDIA L40S,float16,1,128,1,experiment/wmma_fast,4,1.1726000346243382,0.0,True,16,10,graph_amortized_device
NVIDIA L40S,float16,128,128,0,dao,0,1.411799993366003,0.0,True,16,10,graph_amortized_device
NVIDIA L40S,float16,128,128,0,dao_plus_quant,0,2.665800042450428,,True,16,10,graph_amortized_device
NVIDIA L40S,float16,128,128,0,experiment/warp,0,1.2179999612271786,0.0,True,16,10,graph_amortized_device
NVIDIA L40S,float16,128,128,0,experiment/wmma_fast,0,1.3926000334322453,0.03125,False,16,10,graph_amortized_device
NVIDIA L40S,float16,128,128,0,experiment/wmma_split,0,1.4154000207781792,0.0,True,16,10,graph_amortized_device
NVIDIA L40S,float16,128,128,0,experiment/mma_fast,0,1.233999989926815,0.03125,False,16,10,graph_amortized_device
NVIDIA L40S,float16,128,128,0,experiment/mma_split,0,1.2583999894559383,0.0,True,16,10,graph_amortized_device
NVIDIA L40S,float16,128,128,0,dao,1,1.4127999544143677,0.0,True,16,10,graph_amortized_device
NVIDIA L40S,float16,128,128,0,experiment/mma_split,1,1.259199995547533,0.0,True,16,10,graph_amortized_device
NVIDIA L40S,float16,128,128,0,experiment/mma_fast,1,1.233800034970045,0.03125,False,16,10,graph_amortized_device
NVIDIA L40S,float16,128,128,0,experiment/wmma_split,1,1.4208000153303146,0.0,True,16,10,graph_amortized_device
NVIDIA L40S,float16,128,128,0,experiment/wmma_fast,1,1.3915999792516232,0.03125,False,16,10,graph_amortized_device
NVIDIA L40S,float16,128,128,0,experiment/warp,1,1.2191999703645706,0.0,True,16,10,graph_amortized_device
NVIDIA L40S,float16,128,128,0,dao_plus_quant,1,2.665399946272373,,True,16,10,graph_amortized_device
NVIDIA L40S,float16,128,128,0,experiment/warp,2,1.252800039947033,0.0,True,16,10,graph_amortized_device
NVIDIA L40S,float16,128,128,0,experiment/wmma_fast,2,1.3911999762058258,0.03125,False,16,10,graph_amortized_device
NVIDIA L40S,float16,128,128,0,experiment/wmma_split,2,1.4196000061929226,0.0,True,16,10,graph_amortized_device
NVIDIA L40S,float16,128,128,0,experiment/mma_fast,2,1.236599963158369,0.03125,False,16,10,graph_amortized_device
NVIDIA L40S,float16,128,128,0,experiment/mma_split,2,1.2594000436365604,0.0,True,16,10,graph_amortized_device
NVIDIA L40S,float16,128,128,0,dao,2,1.4155999757349491,0.0,True,16,10,graph_amortized_device
NVIDIA L40S,float16,128,128,0,dao_plus_quant,2,2.66720000654459,,True,16,10,graph_amortized_device
NVIDIA L40S,float16,128,128,0,experiment/warp,3,1.2203999795019627,0.0,True,16,10,graph_amortized_device
NVIDIA L40S,float16,128,128,0,dao_plus_quant,3,2.666199952363968,,True,16,10,graph_amortized_device
NVIDIA L40S,float16,128,128,0,dao,3,1.414399966597557,0.0,True,16,10,graph_amortized_device
NVIDIA L40S,float16,128,128,0,experiment/mma_split,3,1.2583999894559383,0.0,True,16,10,graph_amortized_device
NVIDIA L40S,float16,128,128,0,experiment/mma_fast,3,1.2361999601125717,0.03125,False,16,10,graph_amortized_device
NVIDIA L40S,float16,128,128,0,experiment/wmma_split,3,1.4209999702870846,0.0,True,16,10,graph_amortized_device
NVIDIA L40S,float16,128,128,0,experiment/wmma_fast,3,1.3911999762058258,0.03125,False,16,10,graph_amortized_device
NVIDIA L40S,float16,128,128,0,experiment/wmma_split,4,1.4325999654829502,0.0,True,16,10,graph_amortized_device
NVIDIA L40S,float16,128,128,0,experiment/mma_fast,4,1.2356000021100044,0.03125,False,16,10,graph_amortized_device
NVIDIA L40S,float16,128,128,0,experiment/mma_split,4,1.2563999742269516,0.0,True,16,10,graph_amortized_device
NVIDIA L40S,float16,128,128,0,dao,4,1.4134000055491924,0.0,True,16,10,graph_amortized_device
NVIDIA L40S,float16,128,128,0,dao_plus_quant,4,2.6652000844478607,,True,16,10,graph_amortized_device
NVIDIA L40S,float16,128,128,0,experiment/warp,4,1.2190000154078007,0.0,True,16,10,graph_amortized_device
NVIDIA L40S,float16,128,128,0,experiment/wmma_fast,4,1.390399970114231,0.03125,False,16,10,graph_amortized_device
NVIDIA L40S,float16,128,128,1,dao,0,1.454600039869547,0.0,True,16,10,graph_amortized_device
NVIDIA L40S,float16,128,128,1,dao_plus_quant,0,2.676199935376644,,True,16,10,graph_amortized_device
NVIDIA L40S,float16,128,128,1,experiment/warp,0,1.2330000288784504,0.0,True,16,10,graph_amortized_device
NVIDIA L40S,float16,128,128,1,experiment/wmma_fast,0,1.398400031030178,0.001953125,True,16,10,graph_amortized_device
NVIDIA L40S,float16,128,128,1,experiment/wmma_split,0,1.4216000214219093,0.0,True,16,10,graph_amortized_device
NVIDIA L40S,float16,128,128,1,experiment/mma_fast,0,1.2393999844789505,0.001953125,True,16,10,graph_amortized_device
NVIDIA L40S,float16,128,128,1,experiment/mma_split,0,1.2659999541938305,0.0,True,16,10,graph_amortized_device
NVIDIA L40S,float16,128,128,1,dao,1,1.4178000390529633,0.0,True,16,10,graph_amortized_device
NVIDIA L40S,float16,128,128,1,experiment/mma_split,1,1.2670000083744526,0.0,True,16,10,graph_amortized_device
NVIDIA L40S,float16,128,128,1,experiment/mma_fast,1,1.2405999936163425,0.001953125,True,16,10,graph_amortized_device
NVIDIA L40S,float16,128,128,1,experiment/wmma_split,1,1.4205999672412872,0.0,True,16,10,graph_amortized_device
NVIDIA L40S,float16,128,128,1,experiment/wmma_fast,1,1.4001999981701374,0.001953125,True,16,10,graph_amortized_device
NVIDIA L40S,float16,128,128,1,experiment/warp,1,1.221800036728382,0.0,True,16,10,graph_amortized_device
NVIDIA L40S,float16,128,128,1,dao_plus_quant,1,2.6758000254631042,,True,16,10,graph_amortized_device
NVIDIA L40S,float16,128,128,1,experiment/warp,2,1.2128000147640705,0.0,True,16,10,graph_amortized_device
NVIDIA L40S,float16,128,128,1,experiment/wmma_fast,2,1.398400031030178,0.001953125,True,16,10,graph_amortized_device
NVIDIA L40S,float16,128,128,1,experiment/wmma_split,2,1.4228000305593014,0.0,True,16,10,graph_amortized_device
NVIDIA L40S,float16,128,128,1,experiment/mma_fast,2,1.2412000447511673,0.001953125,True,16,10,graph_amortized_device
NVIDIA L40S,float16,128,128,1,experiment/mma_split,2,1.2675999663770199,0.0,True,16,10,graph_amortized_device
NVIDIA L40S,float16,128,128,1,dao,2,1.4193999581038952,0.0,True,16,10,graph_amortized_device
NVIDIA L40S,float16,128,128,1,dao_plus_quant,2,2.6774000376462936,,True,16,10,graph_amortized_device
NVIDIA L40S,float16,128,128,1,experiment/warp,3,1.2112000025808811,0.0,True,16,10,graph_amortized_device
NVIDIA L40S,float16,128,128,1,dao_plus_quant,3,2.6758000254631042,,True,16,10,graph_amortized_device
NVIDIA L40S,float16,128,128,1,dao,3,1.4178000390529633,0.0,True,16,10,graph_amortized_device
NVIDIA L40S,float16,128,128,1,experiment/mma_split,3,1.2678000144660473,0.0,True,16,10,graph_amortized_device
NVIDIA L40S,float16,128,128,1,experiment/mma_fast,3,1.2404000386595726,0.001953125,True,16,10,graph_amortized_device
NVIDIA L40S,float16,128,128,1,experiment/wmma_split,3,1.4217999763786793,0.0,True,16,10,graph_amortized_device
NVIDIA L40S,float16,128,128,1,experiment/wmma_fast,3,1.3992000371217728,0.001953125,True,16,10,graph_amortized_device
NVIDIA L40S,float16,128,128,1,experiment/wmma_split,4,1.421399973332882,0.0,True,16,10,graph_amortized_device
NVIDIA L40S,float16,128,128,1,experiment/mma_fast,4,1.239600032567978,0.001953125,True,16,10,graph_amortized_device
NVIDIA L40S,float16,128,128,1,experiment/mma_split,4,1.2666000053286552,0.0,True,16,10,graph_amortized_device
NVIDIA L40S,float16,128,128,1,dao,4,1.418800000101328,0.0,True,16,10,graph_amortized_device
NVIDIA L40S,float16,128,128,1,dao_plus_quant,4,2.674200013279915,,True,16,10,graph_amortized_device
NVIDIA L40S,float16,128,128,1,experiment/warp,4,1.2132000178098679,0.0,True,16,10,graph_amortized_device
NVIDIA L40S,float16,128,128,1,experiment/wmma_fast,4,1.4006000012159348,0.001953125,True,16,10,graph_amortized_device
NVIDIA L40S,float16,16384,128,0,dao,0,10.164599865674973,0.0,True,16,10,graph_amortized_device
NVIDIA L40S,float16,16384,128,0,dao_plus_quant,0,20.194199681282043,,True,16,10,graph_amortized_device
NVIDIA L40S,float16,16384,128,0,experiment/warp,0,3.785799816250801,0.0,True,16,10,graph_amortized_device
NVIDIA L40S,float16,16384,128,0,experiment/wmma_fast,0,4.106400161981583,0.03125,False,16,10,graph_amortized_device
NVIDIA L40S,float16,16384,128,0,experiment/wmma_split,0,4.523999989032745,0.015625,False,16,10,graph_amortized_device
NVIDIA L40S,float16,16384,128,0,experiment/mma_fast,0,3.55600006878376,0.03125,False,16,10,graph_amortized_device
NVIDIA L40S,float16,16384,128,0,experiment/mma_split,0,3.641600161790848,0.015625,False,16,10,graph_amortized_device
NVIDIA L40S,float16,16384,128,0,dao,1,10.165800154209137,0.0,True,16,10,graph_amortized_device
NVIDIA L40S,float16,16384,128,0,experiment/mma_split,1,3.636400029063225,0.015625,False,16,10,graph_amortized_device
NVIDIA L40S,float16,16384,128,0,experiment/mma_fast,1,3.539999946951866,0.03125,False,16,10,graph_amortized_device
NVIDIA L40S,float16,16384,128,0,experiment/wmma_split,1,4.5062001794576645,0.015625,False,16,10,graph_amortized_device
NVIDIA L40S,float16,16384,128,0,experiment/wmma_fast,1,4.112400114536285,0.03125,False,16,10,graph_amortized_device
NVIDIA L40S,float16,16384,128,0,experiment/warp,1,3.788600116968155,0.0,True,16,10,graph_amortized_device
NVIDIA L40S,float16,16384,128,0,dao_plus_quant,1,20.1992005109787,,True,16,10,graph_amortized_device
NVIDIA L40S,float16,16384,128,0,experiment/warp,2,3.784799948334694,0.0,True,16,10,graph_amortized_device
NVIDIA L40S,float16,16384,128,0,experiment/wmma_fast,2,4.1016001254320145,0.03125,False,16,10,graph_amortized_device
NVIDIA L40S,float16,16384,128,0,experiment/wmma_split,2,4.5051999390125275,0.015625,False,16,10,graph_amortized_device
NVIDIA L40S,float16,16384,128,0,experiment/mma_fast,2,3.544199839234352,0.03125,False,16,10,graph_amortized_device
NVIDIA L40S,float16,16384,128,0,experiment/mma_split,2,3.657599911093712,0.015625,False,16,10,graph_amortized_device
NVIDIA L40S,float16,16384,128,0,dao,2,10.164199769496918,0.0,True,16,10,graph_amortized_device
NVIDIA L40S,float16,16384,128,0,dao_plus_quant,2,20.19979953765869,,True,16,10,graph_amortized_device
NVIDIA L40S,float16,16384,128,0,experiment/warp,3,3.7866000086069107,0.0,True,16,10,graph_amortized_device
NVIDIA L40S,float16,16384,128,0,dao_plus_quant,3,20.201200246810913,,True,16,10,graph_amortized_device
NVIDIA L40S,float16,16384,128,0,dao,3,10.16319990158081,0.0,True,16,10,graph_amortized_device
NVIDIA L40S,float16,16384,128,0,experiment/mma_split,3,3.658200055360794,0.015625,False,16,10,graph_amortized_device
NVIDIA L40S,float16,16384,128,0,experiment/mma_fast,3,3.5489998757839203,0.03125,False,16,10,graph_amortized_device
NVIDIA L40S,float16,16384,128,0,experiment/wmma_split,3,4.504600167274475,0.015625,False,16,10,graph_amortized_device
NVIDIA L40S,float16,16384,128,0,experiment/wmma_fast,3,4.1030000895261765,0.03125,False,16,10,graph_amortized_device
NVIDIA L40S,float16,16384,128,0,experiment/wmma_split,4,4.500599950551987,0.015625,False,16,10,graph_amortized_device
NVIDIA L40S,float16,16384,128,0,experiment/mma_fast,4,3.550799936056137,0.03125,False,16,10,graph_amortized_device
NVIDIA L40S,float16,16384,128,0,experiment/mma_split,4,3.646799921989441,0.015625,False,16,10,graph_amortized_device
NVIDIA L40S,float16,16384,128,0,dao,4,10.165400058031082,0.0,True,16,10,graph_amortized_device
NVIDIA L40S,float16,16384,128,0,dao_plus_quant,4,20.202000439167023,,True,16,10,graph_amortized_device
NVIDIA L40S,float16,16384,128,0,experiment/warp,4,3.7907999008893967,0.0,True,16,10,graph_amortized_device
NVIDIA L40S,float16,16384,128,0,experiment/wmma_fast,4,4.100000113248825,0.03125,False,16,10,graph_amortized_device
NVIDIA L40S,float16,16384,128,1,dao,0,10.160200297832489,0.0,True,16,10,graph_amortized_device
NVIDIA L40S,float16,16384,128,1,dao_plus_quant,0,20.17900049686432,,True,16,10,graph_amortized_device
NVIDIA L40S,float16,16384,128,1,experiment/warp,0,3.7918001413345337,0.0,True,16,10,graph_amortized_device
NVIDIA L40S,float16,16384,128,1,experiment/wmma_fast,0,4.121999815106392,0.00390625,True,16,10,graph_amortized_device
NVIDIA L40S,float16,16384,128,1,experiment/wmma_split,0,4.509999975562096,0.001953125,True,16,10,graph_amortized_device
NVIDIA L40S,float16,16384,128,1,experiment/mma_fast,0,3.530000150203705,0.00390625,True,16,10,graph_amortized_device
NVIDIA L40S,float16,16384,128,1,experiment/mma_split,0,3.653400018811226,0.001953125,True,16,10,graph_amortized_device
NVIDIA L40S,float16,16384,128,1,dao,1,10.158199816942215,0.0,True,16,10,graph_amortized_device
NVIDIA L40S,float16,16384,128,1,experiment/mma_split,1,3.6437999457120895,0.001953125,True,16,10,graph_amortized_device
NVIDIA L40S,float16,16384,128,1,experiment/mma_fast,1,3.5408001393079758,0.00390625,True,16,10,graph_amortized_device
NVIDIA L40S,float16,16384,128,1,experiment/wmma_split,1,4.517599940299988,0.001953125,True,16,10,graph_amortized_device
NVIDIA L40S,float16,16384,128,1,experiment/wmma_fast,1,4.12600003182888,0.00390625,True,16,10,graph_amortized_device
NVIDIA L40S,float16,16384,128,1,experiment/warp,1,3.802800178527832,0.0,True,16,10,graph_amortized_device
NVIDIA L40S,float16,16384,128,1,dao_plus_quant,1,20.184199512004852,,True,16,10,graph_amortized_device
NVIDIA L40S,float16,16384,128,1,experiment/warp,2,3.808800131082535,0.0,True,16,10,graph_amortized_device
NVIDIA L40S,float16,16384,128,1,experiment/wmma_fast,2,4.126200079917908,0.00390625,True,16,10,graph_amortized_device
NVIDIA L40S,float16,16384,128,1,experiment/wmma_split,2,4.523999989032745,0.001953125,True,16,10,graph_amortized_device
NVIDIA L40S,float16,16384,128,1,experiment/mma_fast,2,3.539400175213814,0.00390625,True,16,10,graph_amortized_device
NVIDIA L40S,float16,16384,128,1,experiment/mma_split,2,3.6479998379945755,0.001953125,True,16,10,graph_amortized_device
NVIDIA L40S,float16,16384,128,1,dao,2,10.158400237560272,0.0,True,16,10,graph_amortized_device
NVIDIA L40S,float16,16384,128,1,dao_plus_quant,2,20.183399319648743,,True,16,10,graph_amortized_device
NVIDIA L40S,float16,16384,128,1,experiment/warp,3,3.800399973988533,0.0,True,16,10,graph_amortized_device
NVIDIA L40S,float16,16384,128,1,dao_plus_quant,3,20.18039971590042,,True,16,10,graph_amortized_device
NVIDIA L40S,float16,16384,128,1,dao,3,10.157199949026108,0.0,True,16,10,graph_amortized_device
NVIDIA L40S,float16,16384,128,1,experiment/mma_split,3,3.6348000168800354,0.001953125,True,16,10,graph_amortized_device
NVIDIA L40S,float16,16384,128,1,experiment/mma_fast,3,3.5353999584913254,0.00390625,True,16,10,graph_amortized_device
NVIDIA L40S,float16,16384,128,1,experiment/wmma_split,3,4.518000036478043,0.001953125,True,16,10,graph_amortized_device
NVIDIA L40S,float16,16384,128,1,experiment/wmma_fast,3,4.1297998279333115,0.00390625,True,16,10,graph_amortized_device
NVIDIA L40S,float16,16384,128,1,experiment/wmma_split,4,4.513600096106529,0.001953125,True,16,10,graph_amortized_device
NVIDIA L40S,float16,16384,128,1,experiment/mma_fast,4,3.5378001630306244,0.00390625,True,16,10,graph_amortized_device
NVIDIA L40S,float16,16384,128,1,experiment/mma_split,4,3.6472000181674957,0.001953125,True,16,10,graph_amortized_device
NVIDIA L40S,float16,16384,128,1,dao,4,10.157400369644165,0.0,True,16,10,graph_amortized_device
NVIDIA L40S,float16,16384,128,1,dao_plus_quant,4,20.18440067768097,,True,16,10,graph_amortized_device
NVIDIA L40S,float16,16384,128,1,experiment/warp,4,3.804999962449074,0.0,True,16,10,graph_amortized_device
NVIDIA L40S,float16,16384,128,1,experiment/wmma_fast,4,4.118600115180016,0.00390625,True,16,10,graph_amortized_device
NVIDIA L40S,float16,131072,128,0,dao,0,70.86759805679321,0.0,True,16,10,graph_amortized_device
NVIDIA L40S,float16,131072,128,0,dao_plus_quant,0,141.56320095062256,,True,16,10,graph_amortized_device
NVIDIA L40S,float16,131072,128,0,experiment/warp,0,42.87959933280945,0.0,True,16,10,graph_amortized_device
NVIDIA L40S,float16,131072,128,0,experiment/wmma_fast,0,41.749200224876404,0.03125,False,16,10,graph_amortized_device
NVIDIA L40S,float16,131072,128,0,experiment/wmma_split,0,42.31399893760681,0.015625,False,16,10,graph_amortized_device
NVIDIA L40S,float16,131072,128,0,experiment/mma_fast,0,44.21960115432739,0.03125,False,16,10,graph_amortized_device
NVIDIA L40S,float16,131072,128,0,experiment/mma_split,0,46.00880146026611,0.015625,False,16,10,graph_amortized_device
NVIDIA L40S,float16,131072,128,0,dao,1,71.77019715309143,0.0,True,16,10,graph_amortized_device
NVIDIA L40S,float16,131072,128,0,experiment/mma_split,1,45.865198969841,0.015625,False,16,10,graph_amortized_device
NVIDIA L40S,float16,131072,128,0,experiment/mma_fast,1,45.174598693847656,0.03125,False,16,10,graph_amortized_device
NVIDIA L40S,float16,131072,128,0,experiment/wmma_split,1,42.79020130634308,0.015625,False,16,10,graph_amortized_device
NVIDIA L40S,float16,131072,128,0,experiment/wmma_fast,1,41.83819890022278,0.03125,False,16,10,graph_amortized_device
NVIDIA L40S,float16,131072,128,0,experiment/warp,1,43.122398853302,0.0,True,16,10,graph_amortized_device
NVIDIA L40S,float16,131072,128,0,dao_plus_quant,1,144.43459510803223,,True,16,10,graph_amortized_device
NVIDIA L40S,float16,131072,128,0,experiment/warp,2,43.58519911766052,0.0,True,16,10,graph_amortized_device
NVIDIA L40S,float16,131072,128,0,experiment/wmma_fast,2,42.12380051612854,0.03125,False,16,10,graph_amortized_device
NVIDIA L40S,float16,131072,128,0,experiment/wmma_split,2,42.331600189208984,0.015625,False,16,10,graph_amortized_device
NVIDIA L40S,float16,131072,128,0,experiment/mma_fast,2,43.8400000333786,0.03125,False,16,10,graph_amortized_device
NVIDIA L40S,float16,131072,128,0,experiment/mma_split,2,45.42439877986908,0.015625,False,16,10,graph_amortized_device
NVIDIA L40S,float16,131072,128,0,dao,2,71.80079817771912,0.0,True,16,10,graph_amortized_device
NVIDIA L40S,float16,131072,128,0,dao_plus_quant,2,141.5768027305603,,True,16,10,graph_amortized_device
NVIDIA L40S,float16,131072,128,0,experiment/warp,3,43.281400203704834,0.0,True,16,10,graph_amortized_device
NVIDIA L40S,float16,131072,128,0,dao_plus_quant,3,141.56240224838257,,True,16,10,graph_amortized_device
NVIDIA L40S,float16,131072,128,0,dao,3,70.86719870567322,0.0,True,16,10,graph_amortized_device
NVIDIA L40S,float16,131072,128,0,experiment/mma_split,3,45.668599009513855,0.015625,False,16,10,graph_amortized_device
NVIDIA L40S,float16,131072,128,0,experiment/mma_fast,3,44.42079961299896,0.03125,False,16,10,graph_amortized_device
NVIDIA L40S,float16,131072,128,0,experiment/wmma_split,3,42.22339987754822,0.015625,False,16,10,graph_amortized_device
NVIDIA L40S,float16,131072,128,0,experiment/wmma_fast,3,42.36299991607666,0.03125,False,16,10,graph_amortized_device
NVIDIA L40S,float16,131072,128,0,experiment/wmma_split,4,41.80079996585846,0.015625,False,16,10,graph_amortized_device
NVIDIA L40S,float16,131072,128,0,experiment/mma_fast,4,44.33220028877258,0.03125,False,16,10,graph_amortized_device
NVIDIA L40S,float16,131072,128,0,experiment/mma_split,4,45.903000235557556,0.015625,False,16,10,graph_amortized_device
NVIDIA L40S,float16,131072,128,0,dao,4,70.89020013809204,0.0,True,16,10,graph_amortized_device
NVIDIA L40S,float16,131072,128,0,dao_plus_quant,4,142.01220273971558,,True,16,10,graph_amortized_device
NVIDIA L40S,float16,131072,128,0,experiment/warp,4,41.93139970302582,0.0,True,16,10,graph_amortized_device
NVIDIA L40S,float16,131072,128,0,experiment/wmma_fast,4,41.855600476264954,0.03125,False,16,10,graph_amortized_device
NVIDIA L40S,float16,131072,128,1,dao,0,70.88260054588318,0.0,True,16,10,graph_amortized_device
NVIDIA L40S,float16,131072,128,1,dao_plus_quant,0,141.5511965751648,,True,16,10,graph_amortized_device
NVIDIA L40S,float16,131072,128,1,experiment/warp,0,40.4231995344162,0.0,True,16,10,graph_amortized_device
NVIDIA L40S,float16,131072,128,1,experiment/wmma_fast,0,41.46780073642731,0.00390625,True,16,10,graph_amortized_device
NVIDIA L40S,float16,131072,128,1,experiment/wmma_split,0,43.09079945087433,0.001953125,True,16,10,graph_amortized_device
NVIDIA L40S,float16,131072,128,1,experiment/mma_fast,0,42.41720139980316,0.00390625,True,16,10,graph_amortized_device
NVIDIA L40S,float16,131072,128,1,experiment/mma_split,0,39.26059901714325,0.001953125,True,16,10,graph_amortized_device
NVIDIA L40S,float16,131072,128,1,dao,1,72.18520045280457,0.0,True,16,10,graph_amortized_device
NVIDIA L40S,float16,131072,128,1,experiment/mma_split,1,39.473798871040344,0.001953125,True,16,10,graph_amortized_device
NVIDIA L40S,float16,131072,128,1,experiment/mma_fast,1,42.22080111503601,0.00390625,True,16,10,graph_amortized_device
NVIDIA L40S,float16,131072,128,1,experiment/wmma_split,1,43.599000573158264,0.001953125,True,16,10,graph_amortized_device
NVIDIA L40S,float16,131072,128,1,experiment/wmma_fast,1,41.3563996553421,0.00390625,True,16,10,graph_amortized_device
NVIDIA L40S,float16,131072,128,1,experiment/warp,1,40.742599964141846,0.0,True,16,10,graph_amortized_device
NVIDIA L40S,float16,131072,128,1,dao_plus_quant,1,144.678795337677,,True,16,10,graph_amortized_device
NVIDIA L40S,float16,131072,128,1,experiment/warp,2,40.42859971523285,0.0,True,16,10,graph_amortized_device
NVIDIA L40S,float16,131072,128,1,experiment/wmma_fast,2,41.544800996780396,0.00390625,True,16,10,graph_amortized_device
NVIDIA L40S,float16,131072,128,1,experiment/wmma_split,2,42.10219979286194,0.001953125,True,16,10,graph_amortized_device
NVIDIA L40S,float16,131072,128,1,experiment/mma_fast,2,43.284401297569275,0.00390625,True,16,10,graph_amortized_device
NVIDIA L40S,float16,131072,128,1,experiment/mma_split,2,39.528000354766846,0.001953125,True,16,10,graph_amortized_device
NVIDIA L40S,float16,131072,128,1,dao,2,73.05179834365845,0.0,True,16,10,graph_amortized_device
NVIDIA L40S,float16,131072,128,1,dao_plus_quant,2,143.33620071411133,,True,16,10,graph_amortized_device
NVIDIA L40S,float16,131072,128,1,experiment/warp,3,40.362200140953064,0.0,True,16,10,graph_amortized_device
NVIDIA L40S,float16,131072,128,1,dao_plus_quant,3,141.5716052055359,,True,16,10,graph_amortized_device
NVIDIA L40S,float16,131072,128,1,dao,3,70.88620066642761,0.0,True,16,10,graph_amortized_device
NVIDIA L40S,float16,131072,128,1,experiment/mma_split,3,38.419800996780396,0.001953125,True,16,10,graph_amortized_device
NVIDIA L40S,float16,131072,128,1,experiment/mma_fast,3,42.35579967498779,0.00390625,True,16,10,graph_amortized_device
NVIDIA L40S,float16,131072,128,1,experiment/wmma_split,3,43.43099892139435,0.001953125,True,16,10,graph_amortized_device
NVIDIA L40S,float16,131072,128,1,experiment/wmma_fast,3,41.45100116729736,0.00390625,True,16,10,graph_amortized_device
NVIDIA L40S,float16,131072,128,1,experiment/wmma_split,4,40.68779945373535,0.001953125,True,16,10,graph_amortized_device
NVIDIA L40S,float16,131072,128,1,experiment/mma_fast,4,42.21999943256378,0.00390625,True,16,10,graph_amortized_device
NVIDIA L40S,float16,131072,128,1,experiment/mma_split,4,38.45039904117584,0.001953125,True,16,10,graph_amortized_device
NVIDIA L40S,float16,131072,128,1,dao,4,73.82479906082153,0.0,True,16,10,graph_amortized_device
NVIDIA L40S,float16,131072,128,1,dao_plus_quant,4,143.87019872665405,,True,16,10,graph_amortized_device
NVIDIA L40S,float16,131072,128,1,experiment/warp,4,40.814998745918274,0.0,True,16,10,graph_amortized_device
NVIDIA L40S,float16,131072,128,1,experiment/wmma_fast,4,41.16640090942383,0.00390625,True,16,10,graph_amortized_device
NVIDIA L40S,float16,1,256,0,dao,0,1.2848000042140484,0.0,True,16,10,graph_amortized_device
NVIDIA L40S,float16,1,256,0,dao_plus_quant,0,2.319999970495701,,True,16,10,graph_amortized_device
NVIDIA L40S,float16,1,256,0,experiment/warp,0,1.215799991041422,0.0,True,16,10,graph_amortized_device
NVIDIA L40S,float16,1,256,0,experiment/wmma_fast,0,1.3035999611020088,0.03125,False,16,10,graph_amortized_device
NVIDIA L40S,float16,1,256,0,experiment/wmma_split,0,1.331000030040741,0.0,True,16,10,graph_amortized_device
NVIDIA L40S,float16,1,256,0,experiment/mma_fast,0,1.1768000200390816,0.03125,False,16,10,graph_amortized_device
NVIDIA L40S,float16,1,256,0,experiment/mma_split,0,1.2001999653875828,0.0,True,16,10,graph_amortized_device
NVIDIA L40S,float16,1,256,0,dao,1,1.2551999650895596,0.0,True,16,10,graph_amortized_device
NVIDIA L40S,float16,1,256,0,experiment/mma_split,1,1.2001999653875828,0.0,True,16,10,graph_amortized_device
NVIDIA L40S,float16,1,256,0,experiment/mma_fast,1,1.1769999749958515,0.03125,False,16,10,graph_amortized_device
NVIDIA L40S,float16,1,256,0,experiment/wmma_split,1,1.333799958229065,0.0,True,16,10,graph_amortized_device
NVIDIA L40S,float16,1,256,0,experiment/wmma_fast,1,1.3050000183284283,0.03125,False,16,10,graph_amortized_device
NVIDIA L40S,float16,1,256,0,experiment/warp,1,1.2164000421762466,0.0,True,16,10,graph_amortized_device
NVIDIA L40S,float16,1,256,0,dao_plus_quant,1,2.319199964404106,,True,16,10,graph_amortized_device
NVIDIA L40S,float16,1,256,0,experiment/warp,2,1.217000000178814,0.0,True,16,10,graph_amortized_device
NVIDIA L40S,float16,1,256,0,experiment/wmma_fast,2,1.3034000061452389,0.03125,False,16,10,graph_amortized_device
NVIDIA L40S,float16,1,256,0,experiment/wmma_split,2,1.333600003272295,0.0,True,16,10,graph_amortized_device
NVIDIA L40S,float16,1,256,0,experiment/mma_fast,2,1.1776000261306763,0.03125,False,16,10,graph_amortized_device
NVIDIA L40S,float16,1,256,0,experiment/mma_split,2,1.2009999714791775,0.0,True,16,10,graph_amortized_device
NVIDIA L40S,float16,1,256,0,dao,2,1.255400013178587,0.0,True,16,10,graph_amortized_device
NVIDIA L40S,float16,1,256,0,dao_plus_quant,2,2.3188000544905663,,True,16,10,graph_amortized_device
NVIDIA L40S,float16,1,256,0,experiment/warp,3,1.2152000330388546,0.0,True,16,10,graph_amortized_device
NVIDIA L40S,float16,1,256,0,dao_plus_quant,3,2.3183999583125114,,True,16,10,graph_amortized_device
NVIDIA L40S,float16,1,256,0,dao,3,1.256600022315979,0.0,True,16,10,graph_amortized_device
NVIDIA L40S,float16,1,256,0,experiment/mma_split,3,1.2009999714791775,0.0,True,16,10,graph_amortized_device
NVIDIA L40S,float16,1,256,0,experiment/mma_fast,3,1.1768000200390816,0.03125,False,16,10,graph_amortized_device
NVIDIA L40S,float16,1,256,0,experiment/wmma_split,3,1.3319999910891056,0.0,True,16,10,graph_amortized_device
NVIDIA L40S,float16,1,256,0,experiment/wmma_fast,3,1.305800024420023,0.03125,False,16,10,graph_amortized_device
NVIDIA L40S,float16,1,256,0,experiment/wmma_split,4,1.3299999758601189,0.0,True,16,10,graph_amortized_device
NVIDIA L40S,float16,1,256,0,experiment/mma_fast,4,1.1780000291764736,0.03125,False,16,10,graph_amortized_device
NVIDIA L40S,float16,1,256,0,experiment/mma_split,4,1.1988000012934208,0.0,True,16,10,graph_amortized_device
NVIDIA L40S,float16,1,256,0,dao,4,1.2559999711811543,0.0,True,16,10,graph_amortized_device
NVIDIA L40S,float16,1,256,0,dao_plus_quant,4,2.319999970495701,,True,16,10,graph_amortized_device
NVIDIA L40S,float16,1,256,0,experiment/warp,4,1.2161999940872192,0.0,True,16,10,graph_amortized_device
NVIDIA L40S,float16,1,256,0,experiment/wmma_fast,4,1.304600015282631,0.03125,False,16,10,graph_amortized_device
NVIDIA L40S,float16,1,256,1,dao,0,1.3062000274658203,0.0,True,16,10,graph_amortized_device
NVIDIA L40S,float16,1,256,1,dao_plus_quant,0,2.3174000903964043,,True,16,10,graph_amortized_device
NVIDIA L40S,float16,1,256,1,experiment/warp,0,1.217000000178814,0.0,True,16,10,graph_amortized_device
NVIDIA L40S,float16,1,256,1,experiment/wmma_fast,0,1.3078000396490097,0.001953125,True,16,10,graph_amortized_device
NVIDIA L40S,float16,1,256,1,experiment/wmma_split,0,1.3372000306844711,0.0,True,16,10,graph_amortized_device
NVIDIA L40S,float16,1,256,1,experiment/mma_fast,0,1.1764000169932842,0.001953125,True,16,10,graph_amortized_device
NVIDIA L40S,float16,1,256,1,experiment/mma_split,0,1.1983999982476234,0.0,True,16,10,graph_amortized_device
NVIDIA L40S,float16,1,256,1,dao,1,1.2563999742269516,0.0,True,16,10,graph_amortized_device
NVIDIA L40S,float16,1,256,1,experiment/mma_split,1,1.2000000104308128,0.0,True,16,10,graph_amortized_device
NVIDIA L40S,float16,1,256,1,experiment/mma_fast,1,1.1765999719500542,0.001953125,True,16,10,graph_amortized_device
NVIDIA L40S,float16,1,256,1,experiment/wmma_split,1,1.334800012409687,0.0,True,16,10,graph_amortized_device
NVIDIA L40S,float16,1,256,1,experiment/wmma_fast,1,1.3092000037431717,0.001953125,True,16,10,graph_amortized_device
NVIDIA L40S,float16,1,256,1,experiment/warp,1,1.2190000154078007,0.0,True,16,10,graph_amortized_device
NVIDIA L40S,float16,1,256,1,dao_plus_quant,1,2.3175999522209167,,True,16,10,graph_amortized_device
NVIDIA L40S,float16,1,256,1,experiment/warp,2,1.2174000032246113,0.0,True,16,10,graph_amortized_device
NVIDIA L40S,float16,1,256,1,experiment/wmma_fast,2,1.3092000037431717,0.001953125,True,16,10,graph_amortized_device
NVIDIA L40S,float16,1,256,1,experiment/wmma_split,2,1.3365999795496464,0.0,True,16,10,graph_amortized_device
NVIDIA L40S,float16,1,256,1,experiment/mma_fast,2,1.1745999567210674,0.001953125,True,16,10,graph_amortized_device
NVIDIA L40S,float16,1,256,1,experiment/mma_split,2,1.2000000104308128,0.0,True,16,10,graph_amortized_device
NVIDIA L40S,float16,1,256,1,dao,2,1.2582000344991684,0.0,True,16,10,graph_amortized_device
NVIDIA L40S,float16,1,256,1,dao_plus_quant,2,2.317800000309944,,True,16,10,graph_amortized_device
NVIDIA L40S,float16,1,256,1,experiment/warp,3,1.2174000032246113,0.0,True,16,10,graph_amortized_device
NVIDIA L40S,float16,1,256,1,dao_plus_quant,3,2.3175999522209167,,True,16,10,graph_amortized_device
NVIDIA L40S,float16,1,256,1,dao,3,1.2543999589979649,0.0,True,16,10,graph_amortized_device
NVIDIA L40S,float16,1,256,1,experiment/mma_split,3,1.2008000165224075,0.0,True,16,10,graph_amortized_device
NVIDIA L40S,float16,1,256,1,experiment/mma_fast,3,1.1756000109016895,0.001953125,True,16,10,graph_amortized_device
NVIDIA L40S,float16,1,256,1,experiment/wmma_split,3,1.3364000245928764,0.0,True,16,10,graph_amortized_device
NVIDIA L40S,float16,1,256,1,experiment/wmma_fast,3,1.3086000457406044,0.001953125,True,16,10,graph_amortized_device
NVIDIA L40S,float16,1,256,1,experiment/wmma_split,4,1.3368000276386738,0.0,True,16,10,graph_amortized_device
NVIDIA L40S,float16,1,256,1,experiment/mma_fast,4,1.1765999719500542,0.001953125,True,16,10,graph_amortized_device
NVIDIA L40S,float16,1,256,1,experiment/mma_split,4,1.1996000073850155,0.0,True,16,10,graph_amortized_device
NVIDIA L40S,float16,1,256,1,dao,4,1.2575999833643436,0.0,True,16,10,graph_amortized_device
NVIDIA L40S,float16,1,256,1,dao_plus_quant,4,2.317800000309944,,True,16,10,graph_amortized_device
NVIDIA L40S,float16,1,256,1,experiment/warp,4,1.216800045222044,0.0,True,16,10,graph_amortized_device
NVIDIA L40S,float16,1,256,1,experiment/wmma_fast,4,1.3093999586999416,0.001953125,True,16,10,graph_amortized_device
NVIDIA L40S,float16,128,256,0,dao,0,1.4437999576330185,0.0,True,16,10,graph_amortized_device
NVIDIA L40S,float16,128,256,0,dao_plus_quant,0,2.6993999257683754,,True,16,10,graph_amortized_device
NVIDIA L40S,float16,128,256,0,experiment/warp,0,1.2907999567687511,0.0,True,16,10,graph_amortized_device
NVIDIA L40S,float16,128,256,0,experiment/wmma_fast,0,1.3869999907910824,0.03125,False,16,10,graph_amortized_device
NVIDIA L40S,float16,128,256,0,experiment/wmma_split,0,1.4170000329613686,0.0078125,True,16,10,graph_amortized_device
NVIDIA L40S,float16,128,256,0,experiment/mma_fast,0,1.2350000441074371,0.03125,False,16,10,graph_amortized_device
NVIDIA L40S,float16,128,256,0,experiment/mma_split,0,1.260599959641695,0.0078125,True,16,10,graph_amortized_device
NVIDIA L40S,float16,128,256,0,dao,1,1.4448000118136406,0.0,True,16,10,graph_amortized_device
NVIDIA L40S,float16,128,256,0,experiment/mma_split,1,1.2620000168681145,0.0078125,True,16,10,graph_amortized_device
NVIDIA L40S,float16,128,256,0,experiment/mma_fast,1,1.2343999929726124,0.03125,False,16,10,graph_amortized_device
NVIDIA L40S,float16,128,256,0,experiment/wmma_split,1,1.4208000153303146,0.0078125,True,16,10,graph_amortized_device
NVIDIA L40S,float16,128,256,0,experiment/wmma_fast,1,1.3880000449717045,0.03125,False,16,10,graph_amortized_device
NVIDIA L40S,float16,128,256,0,experiment/warp,1,1.292600017040968,0.0,True,16,10,graph_amortized_device
NVIDIA L40S,float16,128,256,0,dao_plus_quant,1,2.699599973857403,,True,16,10,graph_amortized_device
NVIDIA L40S,float16,128,256,0,experiment/warp,2,1.2903999537229538,0.0,True,16,10,graph_amortized_device
NVIDIA L40S,float16,128,256,0,experiment/wmma_fast,2,1.3881999999284744,0.03125,False,16,10,graph_amortized_device
NVIDIA L40S,float16,128,256,0,experiment/wmma_split,2,1.4196000061929226,0.0078125,True,16,10,graph_amortized_device
NVIDIA L40S,float16,128,256,0,experiment/mma_fast,2,1.2376000173389912,0.03125,False,16,10,graph_amortized_device
NVIDIA L40S,float16,128,256,0,experiment/mma_split,2,1.261799968779087,0.0078125,True,16,10,graph_amortized_device
NVIDIA L40S,float16,128,256,0,dao,2,1.4433999545872211,0.0,True,16,10,graph_amortized_device
NVIDIA L40S,float16,128,256,0,dao_plus_quant,2,2.70019993185997,,True,16,10,graph_amortized_device
NVIDIA L40S,float16,128,256,0,experiment/warp,3,1.2910000048577785,0.0,True,16,10,graph_amortized_device
NVIDIA L40S,float16,128,256,0,dao_plus_quant,3,2.7008000761270523,,True,16,10,graph_amortized_device
NVIDIA L40S,float16,128,256,0,dao,3,1.4419999904930592,0.0,True,16,10,graph_amortized_device
NVIDIA L40S,float16,128,256,0,experiment/mma_split,3,1.261799968779087,0.0078125,True,16,10,graph_amortized_device
NVIDIA L40S,float16,128,256,0,experiment/mma_fast,3,1.235199999064207,0.03125,False,16,10,graph_amortized_device
NVIDIA L40S,float16,128,256,0,experiment/wmma_split,3,1.417400036007166,0.0078125,True,16,10,graph_amortized_device
NVIDIA L40S,float16,128,256,0,experiment/wmma_fast,3,1.3895999640226364,0.03125,False,16,10,graph_amortized_device
NVIDIA L40S,float16,128,256,0,experiment/wmma_split,4,1.4183999970555305,0.0078125,True,16,10,graph_amortized_device
NVIDIA L40S,float16,128,256,0,experiment/mma_fast,4,1.2380000203847885,0.03125,False,16,10,graph_amortized_device
NVIDIA L40S,float16,128,256,0,experiment/mma_split,4,1.262999977916479,0.0078125,True,16,10,graph_amortized_device
NVIDIA L40S,float16,128,256,0,dao,4,1.4444000087678432,0.0,True,16,10,graph_amortized_device
NVIDIA L40S,float16,128,256,0,dao_plus_quant,4,2.7003999799489975,,True,16,10,graph_amortized_device
NVIDIA L40S,float16,128,256,0,experiment/warp,4,1.290000043809414,0.0,True,16,10,graph_amortized_device
NVIDIA L40S,float16,128,256,0,experiment/wmma_fast,4,1.389199960976839,0.03125,False,16,10,graph_amortized_device
NVIDIA L40S,float16,128,256,1,dao,0,1.4499999582767487,0.0,True,16,10,graph_amortized_device
NVIDIA L40S,float16,128,256,1,dao_plus_quant,0,2.7063999325037003,,True,16,10,graph_amortized_device
NVIDIA L40S,float16,128,256,1,experiment/warp,0,1.298999972641468,0.0,True,16,10,graph_amortized_device
NVIDIA L40S,float16,128,256,1,experiment/wmma_fast,0,1.3926000334322453,0.001953125,True,16,10,graph_amortized_device
NVIDIA L40S,float16,128,256,1,experiment/wmma_split,0,1.4196000061929226,0.00048828125,True,16,10,graph_amortized_device
NVIDIA L40S,float16,128,256,1,experiment/mma_fast,0,1.2418000027537346,0.001953125,True,16,10,graph_amortized_device
NVIDIA L40S,float16,128,256,1,experiment/mma_split,0,1.2644000351428986,0.00048828125,True,16,10,graph_amortized_device
NVIDIA L40S,float16,128,256,1,dao,1,1.450200006365776,0.0,True,16,10,graph_amortized_device
NVIDIA L40S,float16,128,256,1,experiment/mma_split,1,1.2632000260055065,0.00048828125,True,16,10,graph_amortized_device
NVIDIA L40S,float16,128,256,1,experiment/mma_fast,1,1.2426000088453293,0.001953125,True,16,10,graph_amortized_device
NVIDIA L40S,float16,128,256,1,experiment/wmma_split,1,1.4192000031471252,0.00048828125,True,16,10,graph_amortized_device
NVIDIA L40S,float16,128,256,1,experiment/wmma_fast,1,1.396199967712164,0.001953125,True,16,10,graph_amortized_device
NVIDIA L40S,float16,128,256,1,experiment/warp,1,1.298999972641468,0.0,True,16,10,graph_amortized_device
NVIDIA L40S,float16,128,256,1,dao_plus_quant,1,2.7062000706791878,,True,16,10,graph_amortized_device
NVIDIA L40S,float16,128,256,1,experiment/warp,2,1.2993999756872654,0.0,True,16,10,graph_amortized_device
NVIDIA L40S,float16,128,256,1,experiment/wmma_fast,2,1.3944000005722046,0.001953125,True,16,10,graph_amortized_device
NVIDIA L40S,float16,128,256,1,experiment/wmma_split,2,1.418800000101328,0.00048828125,True,16,10,graph_amortized_device
NVIDIA L40S,float16,128,256,1,experiment/mma_fast,2,1.2415999546647072,0.001953125,True,16,10,graph_amortized_device
NVIDIA L40S,float16,128,256,1,experiment/mma_split,2,1.2641999870538712,0.00048828125,True,16,10,graph_amortized_device
NVIDIA L40S,float16,128,256,1,dao,2,1.448999997228384,0.0,True,16,10,graph_amortized_device
NVIDIA L40S,float16,128,256,1,dao_plus_quant,2,2.705400064587593,,True,16,10,graph_amortized_device
NVIDIA L40S,float16,128,256,1,experiment/warp,3,1.298999972641468,0.0,True,16,10,graph_amortized_device
NVIDIA L40S,float16,128,256,1,dao_plus_quant,3,2.705799974501133,,True,16,10,graph_amortized_device
NVIDIA L40S,float16,128,256,1,dao,3,1.4495999552309513,0.0,True,16,10,graph_amortized_device
NVIDIA L40S,float16,128,256,1,experiment/mma_split,3,1.2637999840080738,0.00048828125,True,16,10,graph_amortized_device
NVIDIA L40S,float16,128,256,1,experiment/mma_fast,3,1.2401999905705452,0.001953125,True,16,10,graph_amortized_device
NVIDIA L40S,float16,128,256,1,experiment/wmma_split,3,1.4197999611496925,0.00048828125,True,16,10,graph_amortized_device
NVIDIA L40S,float16,128,256,1,experiment/wmma_fast,3,1.39359999448061,0.001953125,True,16,10,graph_amortized_device
NVIDIA L40S,float16,128,256,1,experiment/wmma_split,4,1.4189999550580978,0.00048828125,True,16,10,graph_amortized_device
NVIDIA L40S,float16,128,256,1,experiment/mma_fast,4,1.2413999997079372,0.001953125,True,16,10,graph_amortized_device
NVIDIA L40S,float16,128,256,1,experiment/mma_split,4,1.2656000442802906,0.00048828125,True,16,10,graph_amortized_device
NVIDIA L40S,float16,128,256,1,dao,4,1.4499999582767487,0.0,True,16,10,graph_amortized_device
NVIDIA L40S,float16,128,256,1,dao_plus_quant,4,2.705799974501133,,True,16,10,graph_amortized_device
NVIDIA L40S,float16,128,256,1,experiment/warp,4,1.2980000115931034,0.0,True,16,10,graph_amortized_device
NVIDIA L40S,float16,128,256,1,experiment/wmma_fast,4,1.394800003618002,0.001953125,True,16,10,graph_amortized_device
NVIDIA L40S,float16,16384,256,0,dao,0,10.191400349140167,0.0,True,16,10,graph_amortized_device
NVIDIA L40S,float16,16384,256,0,dao_plus_quant,0,20.223799347877502,,True,16,10,graph_amortized_device
NVIDIA L40S,float16,16384,256,0,experiment/warp,0,5.9223998337984085,0.0,True,16,10,graph_amortized_device
NVIDIA L40S,float16,16384,256,0,experiment/wmma_fast,0,6.7528001964092255,0.0625,False,16,10,graph_amortized_device
NVIDIA L40S,float16,16384,256,0,experiment/wmma_split,0,7.442600280046463,0.03125,False,16,10,graph_amortized_device
NVIDIA L40S,float16,16384,256,0,experiment/mma_fast,0,5.451799929141998,0.0625,False,16,10,graph_amortized_device
NVIDIA L40S,float16,16384,256,0,experiment/mma_split,0,5.647600069642067,0.03125,False,16,10,graph_amortized_device
NVIDIA L40S,float16,16384,256,0,dao,1,10.19359976053238,0.0,True,16,10,graph_amortized_device
NVIDIA L40S,float16,16384,256,0,experiment/mma_split,1,5.63960000872612,0.03125,False,16,10,graph_amortized_device
NVIDIA L40S,float16,16384,256,0,experiment/mma_fast,1,5.443999916315079,0.0625,False,16,10,graph_amortized_device
NVIDIA L40S,float16,16384,256,0,experiment/wmma_split,1,7.448600232601166,0.03125,False,16,10,graph_amortized_device
NVIDIA L40S,float16,16384,256,0,experiment/wmma_fast,1,6.752000004053116,0.0625,False,16,10,graph_amortized_device
NVIDIA L40S,float16,16384,256,0,experiment/warp,1,5.968999862670898,0.0,True,16,10,graph_amortized_device
NVIDIA L40S,float16,16384,256,0,dao_plus_quant,1,20.223599672317505,,True,16,10,graph_amortized_device
NVIDIA L40S,float16,16384,256,0,experiment/warp,2,5.91140016913414,0.0,True,16,10,graph_amortized_device
NVIDIA L40S,float16,16384,256,0,experiment/wmma_fast,2,6.760799884796143,0.0625,False,16,10,graph_amortized_device
NVIDIA L40S,float16,16384,256,0,experiment/wmma_split,2,7.440999895334244,0.03125,False,16,10,graph_amortized_device
NVIDIA L40S,float16,16384,256,0,experiment/mma_fast,2,5.449200049042702,0.0625,False,16,10,graph_amortized_device
NVIDIA L40S,float16,16384,256,0,experiment/mma_split,2,5.648399889469147,0.03125,False,16,10,graph_amortized_device
NVIDIA L40S,float16,16384,256,0,dao,2,10.191400349140167,0.0,True,16,10,graph_amortized_device
NVIDIA L40S,float16,16384,256,0,dao_plus_quant,2,20.224200189113617,,True,16,10,graph_amortized_device
NVIDIA L40S,float16,16384,256,0,experiment/warp,3,6.006800010800362,0.0,True,16,10,graph_amortized_device
NVIDIA L40S,float16,16384,256,0,dao_plus_quant,3,20.222799479961395,,True,16,10,graph_amortized_device
NVIDIA L40S,float16,16384,256,0,dao,3,10.19119992852211,0.0,True,16,10,graph_amortized_device
NVIDIA L40S,float16,16384,256,0,experiment/mma_split,3,5.65360002219677,0.03125,False,16,10,graph_amortized_device
NVIDIA L40S,float16,16384,256,0,experiment/mma_fast,3,5.455400049686432,0.0625,False,16,10,graph_amortized_device
NVIDIA L40S,float16,16384,256,0,experiment/wmma_split,3,7.440599799156189,0.03125,False,16,10,graph_amortized_device
NVIDIA L40S,float16,16384,256,0,experiment/wmma_fast,3,6.745400279760361,0.0625,False,16,10,graph_amortized_device
NVIDIA L40S,float16,16384,256,0,experiment/wmma_split,4,7.452400028705597,0.03125,False,16,10,graph_amortized_device
NVIDIA L40S,float16,16384,256,0,experiment/mma_fast,4,5.4482001811265945,0.0625,False,16,10,graph_amortized_device
NVIDIA L40S,float16,16384,256,0,experiment/mma_split,4,5.6487999856472015,0.03125,False,16,10,graph_amortized_device
NVIDIA L40S,float16,16384,256,0,dao,4,10.191600024700165,0.0,True,16,10,graph_amortized_device
NVIDIA L40S,float16,16384,256,0,dao_plus_quant,4,20.22619992494583,,True,16,10,graph_amortized_device
NVIDIA L40S,float16,16384,256,0,experiment/warp,4,5.903400108218193,0.0,True,16,10,graph_amortized_device
NVIDIA L40S,float16,16384,256,0,experiment/wmma_fast,4,6.756199896335602,0.0625,False,16,10,graph_amortized_device
NVIDIA L40S,float16,16384,256,1,dao,0,10.209599882364273,0.0,True,16,10,graph_amortized_device
NVIDIA L40S,float16,16384,256,1,dao_plus_quant,0,20.2347993850708,,True,16,10,graph_amortized_device
NVIDIA L40S,float16,16384,256,1,experiment/warp,0,6.006800010800362,0.0,True,16,10,graph_amortized_device
NVIDIA L40S,float16,16384,256,1,experiment/wmma_fast,0,6.764400005340576,0.00390625,True,16,10,graph_amortized_device
NVIDIA L40S,float16,16384,256,1,experiment/wmma_split,0,7.47859999537468,0.001953125,True,16,10,graph_amortized_device
NVIDIA L40S,float16,16384,256,1,experiment/mma_fast,0,5.454999953508377,0.00390625,True,16,10,graph_amortized_device
NVIDIA L40S,float16,16384,256,1,experiment/mma_split,0,5.689600110054016,0.001953125,True,16,10,graph_amortized_device
NVIDIA L40S,float16,16384,256,1,dao,1,10.207600146532059,0.0,True,16,10,graph_amortized_device
NVIDIA L40S,float16,16384,256,1,experiment/mma_split,1,5.681199952960014,0.001953125,True,16,10,graph_amortized_device
NVIDIA L40S,float16,16384,256,1,experiment/mma_fast,1,5.471000075340271,0.00390625,True,16,10,graph_amortized_device
NVIDIA L40S,float16,16384,256,1,experiment/wmma_split,1,7.487399876117706,0.001953125,True,16,10,graph_amortized_device
NVIDIA L40S,float16,16384,256,1,experiment/wmma_fast,1,6.778600066900253,0.00390625,True,16,10,graph_amortized_device
NVIDIA L40S,float16,16384,256,1,experiment/warp,1,5.932199954986572,0.0,True,16,10,graph_amortized_device
NVIDIA L40S,float16,16384,256,1,dao_plus_quant,1,20.236599445343018,,True,16,10,graph_amortized_device
NVIDIA L40S,float16,16384,256,1,experiment/warp,2,5.91760016977787,0.0,True,16,10,graph_amortized_device
NVIDIA L40S,float16,16384,256,1,experiment/wmma_fast,2,6.77419975399971,0.00390625,True,16,10,graph_amortized_device
NVIDIA L40S,float16,16384,256,1,experiment/wmma_split,2,7.487399876117706,0.001953125,True,16,10,graph_amortized_device
NVIDIA L40S,float16,16384,256,1,experiment/mma_fast,2,5.435600131750107,0.00390625,True,16,10,graph_amortized_device
NVIDIA L40S,float16,16384,256,1,experiment/mma_split,2,5.6648001074790955,0.001953125,True,16,10,graph_amortized_device
NVIDIA L40S,float16,16384,256,1,dao,2,10.206200182437897,0.0,True,16,10,graph_amortized_device
NVIDIA L40S,float16,16384,256,1,dao_plus_quant,2,20.238399505615234,,True,16,10,graph_amortized_device
NVIDIA L40S,float16,16384,256,1,experiment/warp,3,6.058000028133392,0.0,True,16,10,graph_amortized_device
NVIDIA L40S,float16,16384,256,1,dao_plus_quant,3,20.22079974412918,,True,16,10,graph_amortized_device
NVIDIA L40S,float16,16384,256,1,dao,3,10.202399641275406,0.0,True,16,10,graph_amortized_device
NVIDIA L40S,float16,16384,256,1,experiment/mma_split,3,5.667600035667419,0.001953125,True,16,10,graph_amortized_device
NVIDIA L40S,float16,16384,256,1,experiment/mma_fast,3,5.459199845790863,0.00390625,True,16,10,graph_amortized_device
NVIDIA L40S,float16,16384,256,1,experiment/wmma_split,3,7.507400214672089,0.001953125,True,16,10,graph_amortized_device
NVIDIA L40S,float16,16384,256,1,experiment/wmma_fast,3,6.752999871969223,0.00390625,True,16,10,graph_amortized_device
NVIDIA L40S,float16,16384,256,1,experiment/wmma_split,4,7.475800067186356,0.001953125,True,16,10,graph_amortized_device
NVIDIA L40S,float16,16384,256,1,experiment/mma_fast,4,5.454200133681297,0.00390625,True,16,10,graph_amortized_device
NVIDIA L40S,float16,16384,256,1,experiment/mma_split,4,5.6529998779296875,0.001953125,True,16,10,graph_amortized_device
NVIDIA L40S,float16,16384,256,1,dao,4,10.203400254249573,0.0,True,16,10,graph_amortized_device
NVIDIA L40S,float16,16384,256,1,dao_plus_quant,4,20.222200453281403,,True,16,10,graph_amortized_device
NVIDIA L40S,float16,16384,256,1,experiment/warp,4,5.965400114655495,0.0,True,16,10,graph_amortized_device
NVIDIA L40S,float16,16384,256,1,experiment/wmma_fast,4,6.798200309276581,0.00390625,True,16,10,graph_amortized_device
NVIDIA L40S,float16,131072,256,0,dao,0,208.01599025726318,0.0,True,16,10,graph_amortized_device
NVIDIA L40S,float16,131072,256,0,dao_plus_quant,0,236.44640445709229,,True,16,10,graph_amortized_device
NVIDIA L40S,float16,131072,256,0,experiment/warp,0,204.3086051940918,0.0,True,16,10,graph_amortized_device
NVIDIA L40S,float16,131072,256,0,experiment/wmma_fast,0,204.2517900466919,0.0625,False,16,10,graph_amortized_device
NVIDIA L40S,float16,131072,256,0,experiment/wmma_split,0,203.97799015045166,0.03125,False,16,10,graph_amortized_device
NVIDIA L40S,float16,131072,256,0,experiment/mma_fast,0,204.79280948638916,0.0625,False,16,10,graph_amortized_device
NVIDIA L40S,float16,131072,256,0,experiment/mma_split,0,204.559588432312,0.03125,False,16,10,graph_amortized_device
NVIDIA L40S,float16,131072,256,0,dao,1,208.16259384155273,0.0,True,16,10,graph_amortized_device
NVIDIA L40S,float16,131072,256,0,experiment/mma_split,1,205.00218868255615,0.03125,False,16,10,graph_amortized_device
NVIDIA L40S,float16,131072,256,0,experiment/mma_fast,1,204.966402053833,0.0625,False,16,10,graph_amortized_device
NVIDIA L40S,float16,131072,256,0,experiment/wmma_split,1,204.21440601348877,0.03125,False,16,10,graph_amortized_device
NVIDIA L40S,float16,131072,256,0,experiment/wmma_fast,1,204.60739135742188,0.0625,False,16,10,graph_amortized_device
NVIDIA L40S,float16,131072,256,0,experiment/warp,1,204.4706106185913,0.0,True,16,10,graph_amortized_device
NVIDIA L40S,float16,131072,256,0,dao_plus_quant,1,236.6744041442871,,True,16,10,graph_amortized_device
NVIDIA L40S,float16,131072,256,0,experiment/warp,2,204.9072027206421,0.0,True,16,10,graph_amortized_device
NVIDIA L40S,float16,131072,256,0,experiment/wmma_fast,2,204.8640012741089,0.0625,False,16,10,graph_amortized_device
NVIDIA L40S,float16,131072,256,0,experiment/wmma_split,2,204.217791557312,0.03125,False,16,10,graph_amortized_device
NVIDIA L40S,float16,131072,256,0,experiment/mma_fast,2,204.86080646514893,0.0625,False,16,10,graph_amortized_device
NVIDIA L40S,float16,131072,256,0,experiment/mma_split,2,204.71439361572266,0.03125,False,16,10,graph_amortized_device
NVIDIA L40S,float16,131072,256,0,dao,2,207.95419216156006,0.0,True,16,10,graph_amortized_device
NVIDIA L40S,float16,131072,256,0,dao_plus_quant,2,236.40620708465576,,True,16,10,graph_amortized_device
NVIDIA L40S,float16,131072,256,0,experiment/warp,3,204.4339895248413,0.0,True,16,10,graph_amortized_device
NVIDIA L40S,float16,131072,256,0,dao_plus_quant,3,236.36879920959473,,True,16,10,graph_amortized_device
NVIDIA L40S,float16,131072,256,0,dao,3,208.19940567016602,0.0,True,16,10,graph_amortized_device
NVIDIA L40S,float16,131072,256,0,experiment/mma_split,3,204.85379695892334,0.03125,False,16,10,graph_amortized_device
NVIDIA L40S,float16,131072,256,0,experiment/mma_fast,3,204.85880374908447,0.0625,False,16,10,graph_amortized_device
NVIDIA L40S,float16,131072,256,0,experiment/wmma_split,3,204.34439182281494,0.03125,False,16,10,graph_amortized_device
NVIDIA L40S,float16,131072,256,0,experiment/wmma_fast,3,204.91600036621094,0.0625,False,16,10,graph_amortized_device
NVIDIA L40S,float16,131072,256,0,experiment/wmma_split,4,204.6717882156372,0.03125,False,16,10,graph_amortized_device
NVIDIA L40S,float16,131072,256,0,experiment/mma_fast,4,204.709792137146,0.0625,False,16,10,graph_amortized_device
NVIDIA L40S,float16,131072,256,0,experiment/mma_split,4,204.74779605865479,0.03125,False,16,10,graph_amortized_device
NVIDIA L40S,float16,131072,256,0,dao,4,208.03639888763428,0.0,True,16,10,graph_amortized_device
NVIDIA L40S,float16,131072,256,0,dao_plus_quant,4,236.50920391082764,,True,16,10,graph_amortized_device
NVIDIA L40S,float16,131072,256,0,experiment/warp,4,204.54580783843994,0.0,True,16,10,graph_amortized_device
NVIDIA L40S,float16,131072,256,0,experiment/wmma_fast,4,204.624605178833,0.0625,False,16,10,graph_amortized_device
NVIDIA L40S,float16,131072,256,1,dao,0,207.30559825897217,0.0,True,16,10,graph_amortized_device
NVIDIA L40S,float16,131072,256,1,dao_plus_quant,0,236.98499202728271,,True,16,10,graph_amortized_device
NVIDIA L40S,float16,131072,256,1,experiment/warp,0,205.24520874023438,0.0,True,16,10,graph_amortized_device
NVIDIA L40S,float16,131072,256,1,experiment/wmma_fast,0,204.1330099105835,0.00390625,True,16,10,graph_amortized_device
NVIDIA L40S,float16,131072,256,1,experiment/wmma_split,0,204.62160110473633,0.001953125,True,16,10,graph_amortized_device
NVIDIA L40S,float16,131072,256,1,experiment/mma_fast,0,204.16181087493896,0.00390625,True,16,10,graph_amortized_device
NVIDIA L40S,float16,131072,256,1,experiment/mma_split,0,204.86700534820557,0.001953125,True,16,10,graph_amortized_device
NVIDIA L40S,float16,131072,256,1,dao,1,207.31918811798096,0.0,True,16,10,graph_amortized_device
NVIDIA L40S,float16,131072,256,1,experiment/mma_split,1,204.8598051071167,0.001953125,True,16,10,graph_amortized_device
NVIDIA L40S,float16,131072,256,1,experiment/mma_fast,1,204.26819324493408,0.00390625,True,16,10,graph_amortized_device
NVIDIA L40S,float16,131072,256,1,experiment/wmma_split,1,204.72218990325928,0.001953125,True,16,10,graph_amortized_device
NVIDIA L40S,float16,131072,256,1,experiment/wmma_fast,1,204.6433925628662,0.00390625,True,16,10,graph_amortized_device
NVIDIA L40S,float16,131072,256,1,experiment/warp,1,205.1366090774536,0.0,True,16,10,graph_amortized_device
NVIDIA L40S,float16,131072,256,1,dao_plus_quant,1,237.15240955352783,,True,16,10,graph_amortized_device
NVIDIA L40S,float16,131072,256,1,experiment/warp,2,205.4934024810791,0.0,True,16,10,graph_amortized_device
NVIDIA L40S,float16,131072,256,1,experiment/wmma_fast,2,204.4424057006836,0.00390625,True,16,10,graph_amortized_device
NVIDIA L40S,float16,131072,256,1,experiment/wmma_split,2,204.8409938812256,0.001953125,True,16,10,graph_amortized_device
NVIDIA L40S,float16,131072,256,1,experiment/mma_fast,2,203.92498970031738,0.00390625,True,16,10,graph_amortized_device
NVIDIA L40S,float16,131072,256,1,experiment/mma_split,2,204.7368049621582,0.001953125,True,16,10,graph_amortized_device
NVIDIA L40S,float16,131072,256,1,dao,2,207.3889970779419,0.0,True,16,10,graph_amortized_device
NVIDIA L40S,float16,131072,256,1,dao_plus_quant,2,237.1471881866455,,True,16,10,graph_amortized_device
NVIDIA L40S,float16,131072,256,1,experiment/warp,3,205.6675910949707,0.0,True,16,10,graph_amortized_device
NVIDIA L40S,float16,131072,256,1,dao_plus_quant,3,237.1407985687256,,True,16,10,graph_amortized_device
NVIDIA L40S,float16,131072,256,1,dao,3,207.05740451812744,0.0,True,16,10,graph_amortized_device
NVIDIA L40S,float16,131072,256,1,experiment/mma_split,3,204.79300022125244,0.001953125,True,16,10,graph_amortized_device
NVIDIA L40S,float16,131072,256,1,experiment/mma_fast,3,203.94721031188965,0.00390625,True,16,10,graph_amortized_device
NVIDIA L40S,float16,131072,256,1,experiment/wmma_split,3,204.4394016265869,0.001953125,True,16,10,graph_amortized_device
NVIDIA L40S,float16,131072,256,1,experiment/wmma_fast,3,203.65378856658936,0.00390625,True,16,10,graph_amortized_device
NVIDIA L40S,float16,131072,256,1,experiment/wmma_split,4,204.994797706604,0.001953125,True,16,10,graph_amortized_device
NVIDIA L40S,float16,131072,256,1,experiment/mma_fast,4,204.28459644317627,0.00390625,True,16,10,graph_amortized_device
NVIDIA L40S,float16,131072,256,1,experiment/mma_split,4,204.75521087646484,0.001953125,True,16,10,graph_amortized_device
NVIDIA L40S,float16,131072,256,1,dao,4,207.28280544281006,0.0,True,16,10,graph_amortized_device
NVIDIA L40S,float16,131072,256,1,dao_plus_quant,4,237.01539039611816,,True,16,10,graph_amortized_device
NVIDIA L40S,float16,131072,256,1,experiment/warp,4,205.01720905303955,0.0,True,16,10,graph_amortized_device
NVIDIA L40S,float16,131072,256,1,experiment/wmma_fast,4,204.4503927230835,0.00390625,True,16,10,graph_amortized_device
NVIDIA L40S,bfloat16,1,64,0,dao,0,1.2682000175118446,0.0,True,16,10,graph_amortized_device
NVIDIA L40S,bfloat16,1,64,0,dao_plus_quant,0,2.259399928152561,,True,16,10,graph_amortized_device
NVIDIA L40S,bfloat16,1,64,0,experiment/warp,0,1.143800001591444,0.0,True,16,10,graph_amortized_device
NVIDIA L40S,bfloat16,1,64,0,experiment/wmma_fast,0,1.1420000344514847,0.0,True,16,10,graph_amortized_device
NVIDIA L40S,bfloat16,1,64,0,experiment/wmma_split,0,1.1408000253140926,0.0,True,16,10,graph_amortized_device
NVIDIA L40S,bfloat16,1,64,0,experiment/mma_fast,0,1.143999956548214,0.0,True,16,10,graph_amortized_device
NVIDIA L40S,bfloat16,1,64,0,experiment/mma_split,0,1.1459999717772007,0.0,True,16,10,graph_amortized_device
NVIDIA L40S,bfloat16,1,64,0,dao,1,1.2059999629855156,0.0,True,16,10,graph_amortized_device
NVIDIA L40S,bfloat16,1,64,0,experiment/mma_split,1,1.1610000394284725,0.0,True,16,10,graph_amortized_device
NVIDIA L40S,bfloat16,1,64,0,experiment/mma_fast,1,1.142599992454052,0.0,True,16,10,graph_amortized_device
NVIDIA L40S,bfloat16,1,64,0,experiment/wmma_split,1,1.1401999741792679,0.0,True,16,10,graph_amortized_device
NVIDIA L40S,bfloat16,1,64,0,experiment/wmma_fast,1,1.142400037497282,0.0,True,16,10,graph_amortized_device
NVIDIA L40S,bfloat16,1,64,0,experiment/warp,1,1.1442000046372414,0.0,True,16,10,graph_amortized_device
NVIDIA L40S,bfloat16,1,64,0,dao_plus_quant,1,2.259800024330616,,True,16,10,graph_amortized_device
NVIDIA L40S,bfloat16,1,64,0,experiment/warp,2,1.143800001591444,0.0,True,16,10,graph_amortized_device
NVIDIA L40S,bfloat16,1,64,0,experiment/wmma_fast,2,1.1421999894082546,0.0,True,16,10,graph_amortized_device
NVIDIA L40S,bfloat16,1,64,0,experiment/wmma_split,2,1.1408000253140926,0.0,True,16,10,graph_amortized_device
NVIDIA L40S,bfloat16,1,64,0,experiment/mma_fast,2,1.1408000253140926,0.0,True,16,10,graph_amortized_device
NVIDIA L40S,bfloat16,1,64,0,experiment/mma_split,2,1.1446000076830387,0.0,True,16,10,graph_amortized_device
NVIDIA L40S,bfloat16,1,64,0,dao,2,1.205000001937151,0.0,True,16,10,graph_amortized_device
NVIDIA L40S,bfloat16,1,64,0,dao_plus_quant,2,2.259399928152561,,True,16,10,graph_amortized_device
NVIDIA L40S,bfloat16,1,64,0,experiment/warp,3,1.1735999956727028,0.0,True,16,10,graph_amortized_device
NVIDIA L40S,bfloat16,1,64,0,dao_plus_quant,3,2.259399928152561,,True,16,10,graph_amortized_device
NVIDIA L40S,bfloat16,1,64,0,dao,3,1.2044000439345837,0.0,True,16,10,graph_amortized_device
NVIDIA L40S,bfloat16,1,64,0,experiment/mma_split,3,1.1433999985456467,0.0,True,16,10,graph_amortized_device
NVIDIA L40S,bfloat16,1,64,0,experiment/mma_fast,3,1.1432000435888767,0.0,True,16,10,graph_amortized_device
NVIDIA L40S,bfloat16,1,64,0,experiment/wmma_split,3,1.138800010085106,0.0,True,16,10,graph_amortized_device
NVIDIA L40S,bfloat16,1,64,0,experiment/wmma_fast,3,1.1409999802708626,0.0,True,16,10,graph_amortized_device
NVIDIA L40S,bfloat16,1,64,0,experiment/wmma_split,4,1.1389999650418758,0.0,True,16,10,graph_amortized_device
NVIDIA L40S,bfloat16,1,64,0,experiment/mma_fast,4,1.1433999985456467,0.0,True,16,10,graph_amortized_device
NVIDIA L40S,bfloat16,1,64,0,experiment/mma_split,4,1.143800001591444,0.0,True,16,10,graph_amortized_device
NVIDIA L40S,bfloat16,1,64,0,dao,4,1.2047999538481236,0.0,True,16,10,graph_amortized_device
NVIDIA L40S,bfloat16,1,64,0,dao_plus_quant,4,2.258799970149994,,True,16,10,graph_amortized_device
NVIDIA L40S,bfloat16,1,64,0,experiment/warp,4,1.1429999954998493,0.0,True,16,10,graph_amortized_device
NVIDIA L40S,bfloat16,1,64,0,experiment/wmma_fast,4,1.14139998331666,0.0,True,16,10,graph_amortized_device
NVIDIA L40S,bfloat16,1,64,1,dao,0,1.2524000369012356,0.0,True,16,10,graph_amortized_device
NVIDIA L40S,bfloat16,1,64,1,dao_plus_quant,0,2.2684000432491302,,True,16,10,graph_amortized_device
NVIDIA L40S,bfloat16,1,64,1,experiment/warp,0,1.1549999937415123,0.0,True,16,10,graph_amortized_device
NVIDIA L40S,bfloat16,1,64,1,experiment/wmma_fast,0,1.1575999669730663,0.0,True,16,10,graph_amortized_device
NVIDIA L40S,bfloat16,1,64,1,experiment/wmma_split,0,1.1541999876499176,0.0,True,16,10,graph_amortized_device
NVIDIA L40S,bfloat16,1,64,1,experiment/mma_fast,0,1.1541999876499176,0.0,True,16,10,graph_amortized_device
NVIDIA L40S,bfloat16,1,64,1,experiment/mma_split,0,1.1567999608814716,0.0,True,16,10,graph_amortized_device
NVIDIA L40S,bfloat16,1,64,1,dao,1,1.216800045222044,0.0,True,16,10,graph_amortized_device
NVIDIA L40S,bfloat16,1,64,1,experiment/mma_split,1,1.1579999700188637,0.0,True,16,10,graph_amortized_device
NVIDIA L40S,bfloat16,1,64,1,experiment/mma_fast,1,1.154599990695715,0.0,True,16,10,graph_amortized_device
NVIDIA L40S,bfloat16,1,64,1,experiment/wmma_split,1,1.24080004170537,0.0,True,16,10,graph_amortized_device
NVIDIA L40S,bfloat16,1,64,1,experiment/wmma_fast,1,1.157000008970499,0.0,True,16,10,graph_amortized_device
NVIDIA L40S,bfloat16,1,64,1,experiment/warp,1,1.1566000059247017,0.0,True,16,10,graph_amortized_device
NVIDIA L40S,bfloat16,1,64,1,dao_plus_quant,1,2.2698000073432922,,True,16,10,graph_amortized_device
NVIDIA L40S,bfloat16,1,64,1,experiment/warp,2,1.157000008970499,0.0,True,16,10,graph_amortized_device
NVIDIA L40S,bfloat16,1,64,1,experiment/wmma_fast,2,1.1579999700188637,0.0,True,16,10,graph_amortized_device
NVIDIA L40S,bfloat16,1,64,1,experiment/wmma_split,2,1.1566000059247017,0.0,True,16,10,graph_amortized_device
NVIDIA L40S,bfloat16,1,64,1,experiment/mma_fast,2,1.155600044876337,0.0,True,16,10,graph_amortized_device
NVIDIA L40S,bfloat16,1,64,1,experiment/mma_split,2,1.157000008970499,0.0,True,16,10,graph_amortized_device
NVIDIA L40S,bfloat16,1,64,1,dao,2,1.218399964272976,0.0,True,16,10,graph_amortized_device
NVIDIA L40S,bfloat16,1,64,1,dao_plus_quant,2,2.2690000012516975,,True,16,10,graph_amortized_device
NVIDIA L40S,bfloat16,1,64,1,experiment/warp,3,1.1586000211536884,0.0,True,16,10,graph_amortized_device
NVIDIA L40S,bfloat16,1,64,1,dao_plus_quant,3,2.2676000371575356,,True,16,10,graph_amortized_device
NVIDIA L40S,bfloat16,1,64,1,dao,3,1.2186000123620033,0.0,True,16,10,graph_amortized_device
NVIDIA L40S,bfloat16,1,64,1,experiment/mma_split,3,1.1578000150620937,0.0,True,16,10,graph_amortized_device
NVIDIA L40S,bfloat16,1,64,1,experiment/mma_fast,3,1.1552000418305397,0.0,True,16,10,graph_amortized_device
NVIDIA L40S,bfloat16,1,64,1,experiment/wmma_split,3,1.1574000120162964,0.0,True,16,10,graph_amortized_device
NVIDIA L40S,bfloat16,1,64,1,experiment/wmma_fast,3,1.1567999608814716,0.0,True,16,10,graph_amortized_device
NVIDIA L40S,bfloat16,1,64,1,experiment/wmma_split,4,1.1562000028789043,0.0,True,16,10,graph_amortized_device
NVIDIA L40S,bfloat16,1,64,1,experiment/mma_fast,4,1.1529999785125256,0.0,True,16,10,graph_amortized_device
NVIDIA L40S,bfloat16,1,64,1,experiment/mma_split,4,1.1578000150620937,0.0,True,16,10,graph_amortized_device
NVIDIA L40S,bfloat16,1,64,1,dao,4,1.2191999703645706,0.0,True,16,10,graph_amortized_device
NVIDIA L40S,bfloat16,1,64,1,dao_plus_quant,4,2.268199995160103,,True,16,10,graph_amortized_device
NVIDIA L40S,bfloat16,1,64,1,experiment/warp,4,1.1562000028789043,0.0,True,16,10,graph_amortized_device
NVIDIA L40S,bfloat16,1,64,1,experiment/wmma_fast,4,1.2029999867081642,0.0,True,16,10,graph_amortized_device
NVIDIA L40S,bfloat16,128,64,0,dao,0,1.4046000316739082,0.0,True,16,10,graph_amortized_device
NVIDIA L40S,bfloat16,128,64,0,dao_plus_quant,0,2.652199938893318,,True,16,10,graph_amortized_device
NVIDIA L40S,bfloat16,128,64,0,experiment/warp,0,1.2041999958455563,0.0,True,16,10,graph_amortized_device
NVIDIA L40S,bfloat16,128,64,0,experiment/wmma_fast,0,1.4162000268697739,0.125,False,16,10,graph_amortized_device
NVIDIA L40S,bfloat16,128,64,0,experiment/wmma_split,0,1.475400011986494,0.0009765625,True,16,10,graph_amortized_device
NVIDIA L40S,bfloat16,128,64,0,experiment/mma_fast,0,1.233800034970045,0.125,False,16,10,graph_amortized_device
NVIDIA L40S,bfloat16,128,64,0,experiment/mma_split,0,1.2504000216722488,0.0009765625,True,16,10,graph_amortized_device
NVIDIA L40S,bfloat16,128,64,0,dao,1,1.4050000347197056,0.0,True,16,10,graph_amortized_device
NVIDIA L40S,bfloat16,128,64,0,experiment/mma_split,1,1.2508000247180462,0.0009765625,True,16,10,graph_amortized_device
NVIDIA L40S,bfloat16,128,64,0,experiment/mma_fast,1,1.2331999838352203,0.125,False,16,10,graph_amortized_device
NVIDIA L40S,bfloat16,128,64,0,experiment/wmma_split,1,1.476600021123886,0.0009765625,True,16,10,graph_amortized_device
NVIDIA L40S,bfloat16,128,64,0,experiment/wmma_fast,1,1.4167999848723412,0.125,False,16,10,graph_amortized_device
NVIDIA L40S,bfloat16,128,64,0,experiment/warp,1,1.2058000080287457,0.0,True,16,10,graph_amortized_device
NVIDIA L40S,bfloat16,128,64,0,dao_plus_quant,1,2.6572000235319138,,True,16,10,graph_amortized_device
NVIDIA L40S,bfloat16,128,64,0,experiment/warp,2,1.205000001937151,0.0,True,16,10,graph_amortized_device
NVIDIA L40S,bfloat16,128,64,0,experiment/wmma_fast,2,1.4175999909639359,0.125,False,16,10,graph_amortized_device
NVIDIA L40S,bfloat16,128,64,0,experiment/wmma_split,2,1.475400011986494,0.0009765625,True,16,10,graph_amortized_device
NVIDIA L40S,bfloat16,128,64,0,experiment/mma_fast,2,1.232600025832653,0.125,False,16,10,graph_amortized_device
NVIDIA L40S,bfloat16,128,64,0,experiment/mma_split,2,1.2512000277638435,0.0009765625,True,16,10,graph_amortized_device
NVIDIA L40S,bfloat16,128,64,0,dao,2,1.4062000438570976,0.0,True,16,10,graph_amortized_device
NVIDIA L40S,bfloat16,128,64,0,dao_plus_quant,2,2.6580000296235085,,True,16,10,graph_amortized_device
NVIDIA L40S,bfloat16,128,64,0,experiment/warp,3,1.2047999538481236,0.0,True,16,10,graph_amortized_device
NVIDIA L40S,bfloat16,128,64,0,dao_plus_quant,3,2.6583999395370483,,True,16,10,graph_amortized_device
NVIDIA L40S,bfloat16,128,64,0,dao,3,1.4051999896764755,0.0,True,16,10,graph_amortized_device
NVIDIA L40S,bfloat16,128,64,0,experiment/mma_split,3,1.2505999766290188,0.0009765625,True,16,10,graph_amortized_device
NVIDIA L40S,bfloat16,128,64,0,experiment/mma_fast,3,1.2361999601125717,0.125,False,16,10,graph_amortized_device
NVIDIA L40S,bfloat16,128,64,0,experiment/wmma_split,3,1.4770000241696835,0.0009765625,True,16,10,graph_amortized_device
NVIDIA L40S,bfloat16,128,64,0,experiment/wmma_fast,3,1.418800000101328,0.125,False,16,10,graph_amortized_device
NVIDIA L40S,bfloat16,128,64,0,experiment/wmma_split,4,1.4758000150322914,0.0009765625,True,16,10,graph_amortized_device
NVIDIA L40S,bfloat16,128,64,0,experiment/mma_fast,4,1.233999989926815,0.125,False,16,10,graph_amortized_device
NVIDIA L40S,bfloat16,128,64,0,experiment/mma_split,4,1.2513999827206135,0.0009765625,True,16,10,graph_amortized_device
NVIDIA L40S,bfloat16,128,64,0,dao,4,1.4055999927222729,0.0,True,16,10,graph_amortized_device
NVIDIA L40S,bfloat16,128,64,0,dao_plus_quant,4,2.6580000296235085,,True,16,10,graph_amortized_device
NVIDIA L40S,bfloat16,128,64,0,experiment/warp,4,1.2033999897539616,0.0,True,16,10,graph_amortized_device
NVIDIA L40S,bfloat16,128,64,0,experiment/wmma_fast,4,1.4167999848723412,0.125,False,16,10,graph_amortized_device
NVIDIA L40S,bfloat16,128,64,1,dao,0,1.3977999798953533,0.0,True,16,10,graph_amortized_device
NVIDIA L40S,bfloat16,128,64,1,dao_plus_quant,0,2.6598000898957253,,True,16,10,graph_amortized_device
NVIDIA L40S,bfloat16,128,64,1,experiment/warp,0,1.206200011074543,0.0,True,16,10,graph_amortized_device
NVIDIA L40S,bfloat16,128,64,1,experiment/wmma_fast,0,1.4162000268697739,0.015625,True,16,10,graph_amortized_device
NVIDIA L40S,bfloat16,128,64,1,experiment/wmma_split,0,1.4651999808847904,0.0001220703125,True,16,10,graph_amortized_device
NVIDIA L40S,bfloat16,128,64,1,experiment/mma_fast,0,1.2295999564230442,0.015625,True,16,10,graph_amortized_device
NVIDIA L40S,bfloat16,128,64,1,experiment/mma_split,0,1.2509999796748161,0.0001220703125,True,16,10,graph_amortized_device
NVIDIA L40S,bfloat16,128,64,1,dao,1,1.398400031030178,0.0,True,16,10,graph_amortized_device
NVIDIA L40S,bfloat16,128,64,1,experiment/mma_split,1,1.2529999949038029,0.0001220703125,True,16,10,graph_amortized_device
NVIDIA L40S,bfloat16,128,64,1,experiment/mma_fast,1,1.2295999564230442,0.015625,True,16,10,graph_amortized_device
NVIDIA L40S,bfloat16,128,64,1,experiment/wmma_split,1,1.4671999961137772,0.0001220703125,True,16,10,graph_amortized_device
NVIDIA L40S,bfloat16,128,64,1,experiment/wmma_fast,1,1.4154000207781792,0.015625,True,16,10,graph_amortized_device
NVIDIA L40S,bfloat16,128,64,1,experiment/warp,1,1.205000001937151,0.0,True,16,10,graph_amortized_device
NVIDIA L40S,bfloat16,128,64,1,dao_plus_quant,1,2.662399969995022,,True,16,10,graph_amortized_device
NVIDIA L40S,bfloat16,128,64,1,experiment/warp,2,1.206399966031313,0.0,True,16,10,graph_amortized_device
NVIDIA L40S,bfloat16,128,64,1,experiment/wmma_fast,2,1.4178000390529633,0.015625,True,16,10,graph_amortized_device
NVIDIA L40S,bfloat16,128,64,1,experiment/wmma_split,2,1.4650000259280205,0.0001220703125,True,16,10,graph_amortized_device
NVIDIA L40S,bfloat16,128,64,1,experiment/mma_fast,2,1.2777999974787235,0.015625,True,16,10,graph_amortized_device
NVIDIA L40S,bfloat16,128,64,1,experiment/mma_split,2,1.2533999979496002,0.0001220703125,True,16,10,graph_amortized_device
NVIDIA L40S,bfloat16,128,64,1,dao,2,1.3969999738037586,0.0,True,16,10,graph_amortized_device
NVIDIA L40S,bfloat16,128,64,1,dao_plus_quant,2,2.6604000478982925,,True,16,10,graph_amortized_device
NVIDIA L40S,bfloat16,128,64,1,experiment/warp,3,1.2059999629855156,0.0,True,16,10,graph_amortized_device
NVIDIA L40S,bfloat16,128,64,1,dao_plus_quant,3,2.660599909722805,,True,16,10,graph_amortized_device
NVIDIA L40S,bfloat16,128,64,1,dao,3,1.3957999646663666,0.0,True,16,10,graph_amortized_device
NVIDIA L40S,bfloat16,128,64,1,experiment/mma_split,3,1.2508000247180462,0.0001220703125,True,16,10,graph_amortized_device
NVIDIA L40S,bfloat16,128,64,1,experiment/mma_fast,3,1.2311999686062336,0.015625,True,16,10,graph_amortized_device
NVIDIA L40S,bfloat16,128,64,1,experiment/wmma_split,3,1.4670000411570072,0.0001220703125,True,16,10,graph_amortized_device
NVIDIA L40S,bfloat16,128,64,1,experiment/wmma_fast,3,1.4142000116407871,0.015625,True,16,10,graph_amortized_device
NVIDIA L40S,bfloat16,128,64,1,experiment/wmma_split,4,1.4671999961137772,0.0001220703125,True,16,10,graph_amortized_device
NVIDIA L40S,bfloat16,128,64,1,experiment/mma_fast,4,1.2284000404179096,0.015625,True,16,10,graph_amortized_device
NVIDIA L40S,bfloat16,128,64,1,experiment/mma_split,4,1.2513999827206135,0.0001220703125,True,16,10,graph_amortized_device
NVIDIA L40S,bfloat16,128,64,1,dao,4,1.397399976849556,0.0,True,16,10,graph_amortized_device
NVIDIA L40S,bfloat16,128,64,1,dao_plus_quant,4,2.660599909722805,,True,16,10,graph_amortized_device
NVIDIA L40S,bfloat16,128,64,1,experiment/warp,4,1.2067999690771103,0.0,True,16,10,graph_amortized_device
NVIDIA L40S,bfloat16,128,64,1,experiment/wmma_fast,4,1.414399966597557,0.015625,True,16,10,graph_amortized_device
NVIDIA L40S,bfloat16,16384,64,0,dao,0,10.141800343990326,0.0,True,16,10,graph_amortized_device
NVIDIA L40S,bfloat16,16384,64,0,dao_plus_quant,0,20.17199993133545,,True,16,10,graph_amortized_device
NVIDIA L40S,bfloat16,16384,64,0,experiment/warp,0,2.854599989950657,0.0,True,16,10,graph_amortized_device
NVIDIA L40S,bfloat16,16384,64,0,experiment/wmma_fast,0,2.8624000027775764,0.25,False,16,10,graph_amortized_device
NVIDIA L40S,bfloat16,16384,64,0,experiment/wmma_split,0,3.1005999073386192,0.125,False,16,10,graph_amortized_device
NVIDIA L40S,bfloat16,16384,64,0,experiment/mma_fast,0,2.647799998521805,0.25,False,16,10,graph_amortized_device
NVIDIA L40S,bfloat16,16384,64,0,experiment/mma_split,0,2.69980002194643,0.125,False,16,10,graph_amortized_device
NVIDIA L40S,bfloat16,16384,64,0,dao,1,10.143999755382538,0.0,True,16,10,graph_amortized_device
NVIDIA L40S,bfloat16,16384,64,0,experiment/mma_split,1,2.707199938595295,0.125,False,16,10,graph_amortized_device
NVIDIA L40S,bfloat16,16384,64,0,experiment/mma_fast,1,2.6504000648856163,0.25,False,16,10,graph_amortized_device
NVIDIA L40S,bfloat16,16384,64,0,experiment/wmma_split,1,3.106199949979782,0.125,False,16,10,graph_amortized_device
NVIDIA L40S,bfloat16,16384,64,0,experiment/wmma_fast,1,2.857399918138981,0.25,False,16,10,graph_amortized_device
NVIDIA L40S,bfloat16,16384,64,0,experiment/warp,1,2.8591999784111977,0.0,True,16,10,graph_amortized_device
NVIDIA L40S,bfloat16,16384,64,0,dao_plus_quant,1,20.175600051879883,,True,16,10,graph_amortized_device
NVIDIA L40S,bfloat16,16384,64,0,experiment/warp,2,2.8581999242305756,0.0,True,16,10,graph_amortized_device
NVIDIA L40S,bfloat16,16384,64,0,experiment/wmma_fast,2,2.8658000752329826,0.25,False,16,10,graph_amortized_device
NVIDIA L40S,bfloat16,16384,64,0,experiment/wmma_split,2,3.108599968254566,0.125,False,16,10,graph_amortized_device
NVIDIA L40S,bfloat16,16384,64,0,experiment/mma_fast,2,2.649799920618534,0.25,False,16,10,graph_amortized_device
NVIDIA L40S,bfloat16,16384,64,0,experiment/mma_split,2,2.7178000658750534,0.125,False,16,10,graph_amortized_device
NVIDIA L40S,bfloat16,16384,64,0,dao,2,10.141599923372269,0.0,True,16,10,graph_amortized_device
NVIDIA L40S,bfloat16,16384,64,0,dao_plus_quant,2,20.175600051879883,,True,16,10,graph_amortized_device
NVIDIA L40S,bfloat16,16384,64,0,experiment/warp,3,2.8589999303221703,0.0,True,16,10,graph_amortized_device
NVIDIA L40S,bfloat16,16384,64,0,dao_plus_quant,3,20.175200700759888,,True,16,10,graph_amortized_device
NVIDIA L40S,bfloat16,16384,64,0,dao,3,10.146400332450867,0.0,True,16,10,graph_amortized_device
NVIDIA L40S,bfloat16,16384,64,0,experiment/mma_split,3,2.7103999629616737,0.125,False,16,10,graph_amortized_device
NVIDIA L40S,bfloat16,16384,64,0,experiment/mma_fast,3,2.6534000411629677,0.25,False,16,10,graph_amortized_device
NVIDIA L40S,bfloat16,16384,64,0,experiment/wmma_split,3,3.1045999377965927,0.125,False,16,10,graph_amortized_device
NVIDIA L40S,bfloat16,16384,64,0,experiment/wmma_fast,3,2.867799997329712,0.25,False,16,10,graph_amortized_device
NVIDIA L40S,bfloat16,16384,64,0,experiment/wmma_split,4,3.105599991977215,0.125,False,16,10,graph_amortized_device
NVIDIA L40S,bfloat16,16384,64,0,experiment/mma_fast,4,2.6466000825166702,0.25,False,16,10,graph_amortized_device
NVIDIA L40S,bfloat16,16384,64,0,experiment/mma_split,4,2.710000053048134,0.125,False,16,10,graph_amortized_device
NVIDIA L40S,bfloat16,16384,64,0,dao,4,10.143200308084488,0.0,True,16,10,graph_amortized_device
NVIDIA L40S,bfloat16,16384,64,0,dao_plus_quant,4,20.173999667167664,,True,16,10,graph_amortized_device
NVIDIA L40S,bfloat16,16384,64,0,experiment/warp,4,2.8596000745892525,0.0,True,16,10,graph_amortized_device
NVIDIA L40S,bfloat16,16384,64,0,experiment/wmma_fast,4,2.855600044131279,0.25,False,16,10,graph_amortized_device
NVIDIA L40S,bfloat16,16384,64,1,dao,0,10.14999970793724,0.0,True,16,10,graph_amortized_device
NVIDIA L40S,bfloat16,16384,64,1,dao_plus_quant,0,20.181800425052643,,True,16,10,graph_amortized_device
NVIDIA L40S,bfloat16,16384,64,1,experiment/warp,0,2.85279992967844,0.0,True,16,10,graph_amortized_device
NVIDIA L40S,bfloat16,16384,64,1,experiment/wmma_fast,0,2.8491999953985214,0.03125,True,16,10,graph_amortized_device
NVIDIA L40S,bfloat16,16384,64,1,experiment/wmma_split,0,3.0951999127864838,0.015625,True,16,10,graph_amortized_device
NVIDIA L40S,bfloat16,16384,64,1,experiment/mma_fast,0,2.6531999930739403,0.03125,True,16,10,graph_amortized_device
NVIDIA L40S,bfloat16,16384,64,1,experiment/mma_split,0,2.7041999623179436,0.015625,True,16,10,graph_amortized_device
NVIDIA L40S,bfloat16,16384,64,1,dao,1,10.147800296545029,0.0,True,16,10,graph_amortized_device
NVIDIA L40S,bfloat16,16384,64,1,experiment/mma_split,1,2.7022000402212143,0.015625,True,16,10,graph_amortized_device
NVIDIA L40S,bfloat16,16384,64,1,experiment/mma_fast,1,2.653999999165535,0.03125,True,16,10,graph_amortized_device
NVIDIA L40S,bfloat16,16384,64,1,experiment/wmma_split,1,3.106999956071377,0.015625,True,16,10,graph_amortized_device
NVIDIA L40S,bfloat16,16384,64,1,experiment/wmma_fast,1,2.850800007581711,0.03125,True,16,10,graph_amortized_device
NVIDIA L40S,bfloat16,16384,64,1,experiment/warp,1,2.8529999777674675,0.0,True,16,10,graph_amortized_device
NVIDIA L40S,bfloat16,16384,64,1,dao_plus_quant,1,20.183399319648743,,True,16,10,graph_amortized_device
NVIDIA L40S,bfloat16,16384,64,1,experiment/warp,2,2.855199947953224,0.0,True,16,10,graph_amortized_device
NVIDIA L40S,bfloat16,16384,64,1,experiment/wmma_fast,2,2.854200080037117,0.03125,True,16,10,graph_amortized_device
NVIDIA L40S,bfloat16,16384,64,1,experiment/wmma_split,2,3.105200082063675,0.015625,True,16,10,graph_amortized_device
NVIDIA L40S,bfloat16,16384,64,1,experiment/mma_fast,2,2.659199945628643,0.03125,True,16,10,graph_amortized_device
NVIDIA L40S,bfloat16,16384,64,1,experiment/mma_split,2,2.710000053048134,0.015625,True,16,10,graph_amortized_device
NVIDIA L40S,bfloat16,16384,64,1,dao,2,10.146000236272812,0.0,True,16,10,graph_amortized_device
NVIDIA L40S,bfloat16,16384,64,1,dao_plus_quant,2,20.181800425052643,,True,16,10,graph_amortized_device
NVIDIA L40S,bfloat16,16384,64,1,experiment/warp,3,2.855600044131279,0.0,True,16,10,graph_amortized_device
NVIDIA L40S,bfloat16,16384,64,1,dao_plus_quant,3,20.181000232696533,,True,16,10,graph_amortized_device
NVIDIA L40S,bfloat16,16384,64,1,dao,3,10.145000368356705,0.0,True,16,10,graph_amortized_device
NVIDIA L40S,bfloat16,16384,64,1,experiment/mma_split,3,2.711400017142296,0.015625,True,16,10,graph_amortized_device
NVIDIA L40S,bfloat16,16384,64,1,experiment/mma_fast,3,2.6612000539898872,0.03125,True,16,10,graph_amortized_device
NVIDIA L40S,bfloat16,16384,64,1,experiment/wmma_split,3,3.105599991977215,0.015625,True,16,10,graph_amortized_device
NVIDIA L40S,bfloat16,16384,64,1,experiment/wmma_fast,3,2.861800044775009,0.03125,True,16,10,graph_amortized_device
NVIDIA L40S,bfloat16,16384,64,1,experiment/wmma_split,4,3.1053999438881874,0.015625,True,16,10,graph_amortized_device
NVIDIA L40S,bfloat16,16384,64,1,experiment/mma_fast,4,2.6613999158143997,0.03125,True,16,10,graph_amortized_device
NVIDIA L40S,bfloat16,16384,64,1,experiment/mma_split,4,2.711400017142296,0.015625,True,16,10,graph_amortized_device
NVIDIA L40S,bfloat16,16384,64,1,dao,4,10.148199647665024,0.0,True,16,10,graph_amortized_device
NVIDIA L40S,bfloat16,16384,64,1,dao_plus_quant,4,20.18360048532486,,True,16,10,graph_amortized_device
NVIDIA L40S,bfloat16,16384,64,1,experiment/warp,4,2.8550000861287117,0.0,True,16,10,graph_amortized_device
NVIDIA L40S,bfloat16,16384,64,1,experiment/wmma_fast,4,2.8572000563144684,0.03125,True,16,10,graph_amortized_device
NVIDIA L40S,bfloat16,131072,64,0,dao,0,70.82939743995667,0.0,True,16,10,graph_amortized_device
NVIDIA L40S,bfloat16,131072,64,0,dao_plus_quant,0,141.54900312423706,,True,16,10,graph_amortized_device
NVIDIA L40S,bfloat16,131072,64,0,experiment/warp,0,12.862999737262726,0.0,True,16,10,graph_amortized_device
NVIDIA L40S,bfloat16,131072,64,0,experiment/wmma_fast,0,13.10420036315918,0.25,False,16,10,graph_amortized_device
NVIDIA L40S,bfloat16,131072,64,0,experiment/wmma_split,0,14.971199631690979,0.125,False,16,10,graph_amortized_device
NVIDIA L40S,bfloat16,131072,64,0,experiment/mma_fast,0,9.097400307655334,0.25,False,16,10,graph_amortized_device
NVIDIA L40S,bfloat16,131072,64,0,experiment/mma_split,0,9.661000221967697,0.125,False,16,10,graph_amortized_device
NVIDIA L40S,bfloat16,131072,64,0,dao,1,70.83320021629333,0.0,True,16,10,graph_amortized_device
NVIDIA L40S,bfloat16,131072,64,0,experiment/mma_split,1,9.643799811601639,0.125,False,16,10,graph_amortized_device
NVIDIA L40S,bfloat16,131072,64,0,experiment/mma_fast,1,9.112600237131119,0.25,False,16,10,graph_amortized_device
NVIDIA L40S,bfloat16,131072,64,0,experiment/wmma_split,1,14.954200387001038,0.125,False,16,10,graph_amortized_device
NVIDIA L40S,bfloat16,131072,64,0,experiment/wmma_fast,1,13.109000027179718,0.25,False,16,10,graph_amortized_device
NVIDIA L40S,bfloat16,131072,64,0,experiment/warp,1,12.875799834728241,0.0,True,16,10,graph_amortized_device
NVIDIA L40S,bfloat16,131072,64,0,dao_plus_quant,1,141.54880046844482,,True,16,10,graph_amortized_device
NVIDIA L40S,bfloat16,131072,64,0,experiment/warp,2,12.875600159168243,0.0,True,16,10,graph_amortized_device
NVIDIA L40S,bfloat16,131072,64,0,experiment/wmma_fast,2,13.10579925775528,0.25,False,16,10,graph_amortized_device
NVIDIA L40S,bfloat16,131072,64,0,experiment/wmma_split,2,14.958399534225464,0.125,False,16,10,graph_amortized_device
NVIDIA L40S,bfloat16,131072,64,0,experiment/mma_fast,2,9.1279998421669,0.25,False,16,10,graph_amortized_device
NVIDIA L40S,bfloat16,131072,64,0,experiment/mma_split,2,9.655600041151047,0.125,False,16,10,graph_amortized_device
NVIDIA L40S,bfloat16,131072,64,0,dao,2,70.82859873771667,0.0,True,16,10,graph_amortized_device
NVIDIA L40S,bfloat16,131072,64,0,dao_plus_quant,2,141.54900312423706,,True,16,10,graph_amortized_device
NVIDIA L40S,bfloat16,131072,64,0,experiment/warp,3,12.881800532341003,0.0,True,16,10,graph_amortized_device
NVIDIA L40S,bfloat16,131072,64,0,dao_plus_quant,3,141.54900312423706,,True,16,10,graph_amortized_device
NVIDIA L40S,bfloat16,131072,64,0,dao,3,70.82939743995667,0.0,True,16,10,graph_amortized_device
NVIDIA L40S,bfloat16,131072,64,0,experiment/mma_split,3,9.68180000782013,0.125,False,16,10,graph_amortized_device
NVIDIA L40S,bfloat16,131072,64,0,experiment/mma_fast,3,9.140799939632416,0.25,False,16,10,graph_amortized_device
NVIDIA L40S,bfloat16,131072,64,0,experiment/wmma_split,3,14.98280018568039,0.125,False,16,10,graph_amortized_device
NVIDIA L40S,bfloat16,131072,64,0,experiment/wmma_fast,3,13.109399378299713,0.25,False,16,10,graph_amortized_device
NVIDIA L40S,bfloat16,131072,64,0,experiment/wmma_split,4,14.98039960861206,0.125,False,16,10,graph_amortized_device
NVIDIA L40S,bfloat16,131072,64,0,experiment/mma_fast,4,9.107600152492523,0.25,False,16,10,graph_amortized_device
NVIDIA L40S,bfloat16,131072,64,0,experiment/mma_split,4,9.655000269412994,0.125,False,16,10,graph_amortized_device
NVIDIA L40S,bfloat16,131072,64,0,dao,4,70.8404004573822,0.0,True,16,10,graph_amortized_device
NVIDIA L40S,bfloat16,131072,64,0,dao_plus_quant,4,141.5563941001892,,True,16,10,graph_amortized_device
NVIDIA L40S,bfloat16,131072,64,0,experiment/warp,4,12.891200184822083,0.0,True,16,10,graph_amortized_device
NVIDIA L40S,bfloat16,131072,64,0,experiment/wmma_fast,4,13.14460039138794,0.25,False,16,10,graph_amortized_device
NVIDIA L40S,bfloat16,131072,64,1,dao,0,70.8266019821167,0.0,True,16,10,graph_amortized_device
NVIDIA L40S,bfloat16,131072,64,1,dao_plus_quant,0,141.52419567108154,,True,16,10,graph_amortized_device
NVIDIA L40S,bfloat16,131072,64,1,experiment/warp,0,12.909600138664246,0.0,True,16,10,graph_amortized_device
NVIDIA L40S,bfloat16,131072,64,1,experiment/wmma_fast,0,13.146999478340149,0.03125,True,16,10,graph_amortized_device
NVIDIA L40S,bfloat16,131072,64,1,experiment/wmma_split,0,15.01300036907196,0.015625,True,16,10,graph_amortized_device
NVIDIA L40S,bfloat16,131072,64,1,experiment/mma_fast,0,9.136000275611877,0.03125,True,16,10,graph_amortized_device
NVIDIA L40S,bfloat16,131072,64,1,experiment/mma_split,0,9.696400165557861,0.015625,True,16,10,graph_amortized_device
NVIDIA L40S,bfloat16,131072,64,1,dao,1,70.82359790802002,0.0,True,16,10,graph_amortized_device
NVIDIA L40S,bfloat16,131072,64,1,experiment/mma_split,1,9.696199744939804,0.015625,True,16,10,graph_amortized_device
NVIDIA L40S,bfloat16,131072,64,1,experiment/mma_fast,1,9.164000302553177,0.03125,True,16,10,graph_amortized_device
NVIDIA L40S,bfloat16,131072,64,1,experiment/wmma_split,1,15.022799372673035,0.015625,True,16,10,graph_amortized_device
NVIDIA L40S,bfloat16,131072,64,1,experiment/wmma_fast,1,13.161799311637878,0.03125,True,16,10,graph_amortized_device
NVIDIA L40S,bfloat16,131072,64,1,experiment/warp,1,12.920799851417542,0.0,True,16,10,graph_amortized_device
NVIDIA L40S,bfloat16,131072,64,1,dao_plus_quant,1,141.54800176620483,,True,16,10,graph_amortized_device
NVIDIA L40S,bfloat16,131072,64,1,experiment/warp,2,12.934799492359161,0.0,True,16,10,graph_amortized_device
NVIDIA L40S,bfloat16,131072,64,1,experiment/wmma_fast,2,13.213199377059937,0.03125,True,16,10,graph_amortized_device
NVIDIA L40S,bfloat16,131072,64,1,experiment/wmma_split,2,15.060199797153473,0.015625,True,16,10,graph_amortized_device
NVIDIA L40S,bfloat16,131072,64,1,experiment/mma_fast,2,9.144999831914902,0.03125,True,16,10,graph_amortized_device
NVIDIA L40S,bfloat16,131072,64,1,experiment/mma_split,2,9.709800034761429,0.015625,True,16,10,graph_amortized_device
NVIDIA L40S,bfloat16,131072,64,1,dao,2,70.8266019821167,0.0,True,16,10,graph_amortized_device
NVIDIA L40S,bfloat16,131072,64,1,dao_plus_quant,2,141.53200387954712,,True,16,10,graph_amortized_device
NVIDIA L40S,bfloat16,131072,64,1,experiment/warp,3,12.932999432086945,0.0,True,16,10,graph_amortized_device
NVIDIA L40S,bfloat16,131072,64,1,dao_plus_quant,3,141.53059720993042,,True,16,10,graph_amortized_device
NVIDIA L40S,bfloat16,131072,64,1,dao,3,70.82440257072449,0.0,True,16,10,graph_amortized_device
NVIDIA L40S,bfloat16,131072,64,1,experiment/mma_split,3,9.67859998345375,0.015625,True,16,10,graph_amortized_device
NVIDIA L40S,bfloat16,131072,64,1,experiment/mma_fast,3,9.143199771642685,0.03125,True,16,10,graph_amortized_device
NVIDIA L40S,bfloat16,131072,64,1,experiment/wmma_split,3,15.025000274181366,0.015625,True,16,10,graph_amortized_device
NVIDIA L40S,bfloat16,131072,64,1,experiment/wmma_fast,3,13.176199793815613,0.03125,True,16,10,graph_amortized_device
NVIDIA L40S,bfloat16,131072,64,1,experiment/wmma_split,4,15.02700001001358,0.015625,True,16,10,graph_amortized_device
NVIDIA L40S,bfloat16,131072,64,1,experiment/mma_fast,4,9.163600206375122,0.03125,True,16,10,graph_amortized_device
NVIDIA L40S,bfloat16,131072,64,1,experiment/mma_split,4,9.696999937295914,0.015625,True,16,10,graph_amortized_device
NVIDIA L40S,bfloat16,131072,64,1,dao,4,70.8262026309967,0.0,True,16,10,graph_amortized_device
NVIDIA L40S,bfloat16,131072,64,1,dao_plus_quant,4,141.53120517730713,,True,16,10,graph_amortized_device
NVIDIA L40S,bfloat16,131072,64,1,experiment/warp,4,12.929199635982513,0.0,True,16,10,graph_amortized_device
NVIDIA L40S,bfloat16,131072,64,1,experiment/wmma_fast,4,13.171200454235077,0.03125,True,16,10,graph_amortized_device
NVIDIA L40S,bfloat16,1,128,0,dao,0,1.268600020557642,0.0,True,16,10,graph_amortized_device
NVIDIA L40S,bfloat16,1,128,0,dao_plus_quant,0,2.29519996792078,,True,16,10,graph_amortized_device
NVIDIA L40S,bfloat16,1,128,0,experiment/warp,0,1.162199955433607,0.0,True,16,10,graph_amortized_device
NVIDIA L40S,bfloat16,1,128,0,experiment/wmma_fast,0,1.1602000333368778,0.0,True,16,10,graph_amortized_device
NVIDIA L40S,bfloat16,1,128,0,experiment/wmma_split,0,1.1590000241994858,0.0,True,16,10,graph_amortized_device
NVIDIA L40S,bfloat16,1,128,0,experiment/mma_fast,0,1.1618000455200672,0.0,True,16,10,graph_amortized_device
NVIDIA L40S,bfloat16,1,128,0,experiment/mma_split,0,1.1637999676167965,0.0,True,16,10,graph_amortized_device
NVIDIA L40S,bfloat16,1,128,0,dao,1,1.2269999831914902,0.0,True,16,10,graph_amortized_device
NVIDIA L40S,bfloat16,1,128,0,experiment/mma_split,1,1.183400023728609,0.0,True,16,10,graph_amortized_device
NVIDIA L40S,bfloat16,1,128,0,experiment/mma_fast,1,1.1624000035226345,0.0,True,16,10,graph_amortized_device
NVIDIA L40S,bfloat16,1,128,0,experiment/wmma_split,1,1.1594000272452831,0.0,True,16,10,graph_amortized_device
NVIDIA L40S,bfloat16,1,128,0,experiment/wmma_fast,1,1.1632000096142292,0.0,True,16,10,graph_amortized_device
NVIDIA L40S,bfloat16,1,128,0,experiment/warp,1,1.1610000394284725,0.0,True,16,10,graph_amortized_device
NVIDIA L40S,bfloat16,1,128,0,dao_plus_quant,1,2.2940000519156456,,True,16,10,graph_amortized_device
NVIDIA L40S,bfloat16,1,128,0,experiment/warp,2,1.162199955433607,0.0,True,16,10,graph_amortized_device
NVIDIA L40S,bfloat16,1,128,0,experiment/wmma_fast,2,1.1614000424742699,0.0,True,16,10,graph_amortized_device
NVIDIA L40S,bfloat16,1,128,0,experiment/wmma_split,2,1.1629999615252018,0.0,True,16,10,graph_amortized_device
NVIDIA L40S,bfloat16,1,128,0,experiment/mma_fast,2,1.1620000004768372,0.0,True,16,10,graph_amortized_device
NVIDIA L40S,bfloat16,1,128,0,experiment/mma_split,2,1.164000015705824,0.0,True,16,10,graph_amortized_device
NVIDIA L40S,bfloat16,1,128,0,dao,2,1.2253999710083008,0.0,True,16,10,graph_amortized_device
NVIDIA L40S,bfloat16,1,128,0,dao_plus_quant,2,2.2943999618291855,,True,16,10,graph_amortized_device
NVIDIA L40S,bfloat16,1,128,0,experiment/warp,3,1.1855999939143658,0.0,True,16,10,graph_amortized_device
NVIDIA L40S,bfloat16,1,128,0,dao_plus_quant,3,2.294199913740158,,True,16,10,graph_amortized_device
NVIDIA L40S,bfloat16,1,128,0,dao,3,1.2248000130057335,0.0,True,16,10,graph_amortized_device
NVIDIA L40S,bfloat16,1,128,0,experiment/mma_split,3,1.1628000065684319,0.0,True,16,10,graph_amortized_device
NVIDIA L40S,bfloat16,1,128,0,experiment/mma_fast,3,1.1632000096142292,0.0,True,16,10,graph_amortized_device
NVIDIA L40S,bfloat16,1,128,0,experiment/wmma_split,3,1.1607999913394451,0.0,True,16,10,graph_amortized_device
NVIDIA L40S,bfloat16,1,128,0,experiment/wmma_fast,3,1.1625999584794044,0.0,True,16,10,graph_amortized_device
NVIDIA L40S,bfloat16,1,128,0,experiment/wmma_split,4,1.1591999791562557,0.0,True,16,10,graph_amortized_device
NVIDIA L40S,bfloat16,1,128,0,experiment/mma_fast,4,1.1607999913394451,0.0,True,16,10,graph_amortized_device
NVIDIA L40S,bfloat16,1,128,0,experiment/mma_split,4,1.1637999676167965,0.0,True,16,10,graph_amortized_device
NVIDIA L40S,bfloat16,1,128,0,dao,4,1.2244000099599361,0.0,True,16,10,graph_amortized_device
NVIDIA L40S,bfloat16,1,128,0,dao_plus_quant,4,2.2957999259233475,,True,16,10,graph_amortized_device
NVIDIA L40S,bfloat16,1,128,0,experiment/warp,4,1.1614000424742699,0.0,True,16,10,graph_amortized_device
NVIDIA L40S,bfloat16,1,128,0,experiment/wmma_fast,4,1.1606000363826752,0.0,True,16,10,graph_amortized_device
NVIDIA L40S,bfloat16,1,128,1,dao,0,1.3051999732851982,0.0,True,16,10,graph_amortized_device
NVIDIA L40S,bfloat16,1,128,1,dao_plus_quant,0,2.3037999868392944,,True,16,10,graph_amortized_device
NVIDIA L40S,bfloat16,1,128,1,experiment/warp,0,1.1749999597668648,0.0,True,16,10,graph_amortized_device
NVIDIA L40S,bfloat16,1,128,1,experiment/wmma_fast,0,1.1757999658584595,0.0,True,16,10,graph_amortized_device
NVIDIA L40S,bfloat16,1,128,1,experiment/wmma_split,0,1.178400032222271,0.0,True,16,10,graph_amortized_device
NVIDIA L40S,bfloat16,1,128,1,experiment/mma_fast,0,1.1765999719500542,0.0,True,16,10,graph_amortized_device
NVIDIA L40S,bfloat16,1,128,1,experiment/mma_split,0,1.1748000048100948,0.0,True,16,10,graph_amortized_device
NVIDIA L40S,bfloat16,1,128,1,dao,1,1.2389999814331532,0.0,True,16,10,graph_amortized_device
NVIDIA L40S,bfloat16,1,128,1,experiment/mma_split,1,1.1765999719500542,0.0,True,16,10,graph_amortized_device
NVIDIA L40S,bfloat16,1,128,1,experiment/mma_fast,1,1.1744000017642975,0.0,True,16,10,graph_amortized_device
NVIDIA L40S,bfloat16,1,128,1,experiment/wmma_split,1,1.1773999780416489,0.0,True,16,10,graph_amortized_device
NVIDIA L40S,bfloat16,1,128,1,experiment/wmma_fast,1,1.1745999567210674,0.0,True,16,10,graph_amortized_device
NVIDIA L40S,bfloat16,1,128,1,experiment/warp,1,1.1734000407159328,0.0,True,16,10,graph_amortized_device
NVIDIA L40S,bfloat16,1,128,1,dao_plus_quant,1,2.3029999807476997,,True,16,10,graph_amortized_device
NVIDIA L40S,bfloat16,1,128,1,experiment/warp,2,1.1730000376701355,0.0,True,16,10,graph_amortized_device
NVIDIA L40S,bfloat16,1,128,1,experiment/wmma_fast,2,1.1761999689042568,0.0,True,16,10,graph_amortized_device
NVIDIA L40S,bfloat16,1,128,1,experiment/wmma_split,2,1.1793999932706356,0.0,True,16,10,graph_amortized_device
NVIDIA L40S,bfloat16,1,128,1,experiment/mma_fast,2,1.1752000078558922,0.0,True,16,10,graph_amortized_device
NVIDIA L40S,bfloat16,1,128,1,experiment/mma_split,2,1.1752000078558922,0.0,True,16,10,graph_amortized_device
NVIDIA L40S,bfloat16,1,128,1,dao,2,1.2385999783873558,0.0,True,16,10,graph_amortized_device
NVIDIA L40S,bfloat16,1,128,1,dao_plus_quant,2,2.3057999089360237,,True,16,10,graph_amortized_device
NVIDIA L40S,bfloat16,1,128,1,experiment/warp,3,1.1731999926269054,0.0,True,16,10,graph_amortized_device
NVIDIA L40S,bfloat16,1,128,1,dao_plus_quant,3,2.3048000410199165,,True,16,10,graph_amortized_device
NVIDIA L40S,bfloat16,1,128,1,dao,3,1.2388000264763832,0.0,True,16,10,graph_amortized_device
NVIDIA L40S,bfloat16,1,128,1,experiment/mma_split,3,1.1744000017642975,0.0,True,16,10,graph_amortized_device
NVIDIA L40S,bfloat16,1,128,1,experiment/mma_fast,3,1.1768000200390816,0.0,True,16,10,graph_amortized_device
NVIDIA L40S,bfloat16,1,128,1,experiment/wmma_split,3,1.1800000444054604,0.0,True,16,10,graph_amortized_device
NVIDIA L40S,bfloat16,1,128,1,experiment/wmma_fast,3,1.1752000078558922,0.0,True,16,10,graph_amortized_device
NVIDIA L40S,bfloat16,1,128,1,experiment/wmma_split,4,1.1764000169932842,0.0,True,16,10,graph_amortized_device
NVIDIA L40S,bfloat16,1,128,1,experiment/mma_fast,4,1.1752000078558922,0.0,True,16,10,graph_amortized_device
NVIDIA L40S,bfloat16,1,128,1,experiment/mma_split,4,1.1757999658584595,0.0,True,16,10,graph_amortized_device
NVIDIA L40S,bfloat16,1,128,1,dao,4,1.2385999783873558,0.0,True,16,10,graph_amortized_device
NVIDIA L40S,bfloat16,1,128,1,dao_plus_quant,4,2.304000034928322,,True,16,10,graph_amortized_device
NVIDIA L40S,bfloat16,1,128,1,experiment/warp,4,1.1735999956727028,0.0,True,16,10,graph_amortized_device
NVIDIA L40S,bfloat16,1,128,1,experiment/wmma_fast,4,1.1745999567210674,0.0,True,16,10,graph_amortized_device
NVIDIA L40S,bfloat16,128,128,0,dao,0,1.4365999959409237,0.0,True,16,10,graph_amortized_device
NVIDIA L40S,bfloat16,128,128,0,dao_plus_quant,0,2.67340000718832,,True,16,10,graph_amortized_device
NVIDIA L40S,bfloat16,128,128,0,experiment/warp,0,1.2223999947309494,0.0,True,16,10,graph_amortized_device
NVIDIA L40S,bfloat16,128,128,0,experiment/wmma_fast,0,1.4146000146865845,0.25,False,16,10,graph_amortized_device
NVIDIA L40S,bfloat16,128,128,0,experiment/wmma_split,0,1.4705999754369259,0.0625,False,16,10,graph_amortized_device
NVIDIA L40S,bfloat16,128,128,0,experiment/mma_fast,0,1.2613999657332897,0.25,False,16,10,graph_amortized_device
NVIDIA L40S,bfloat16,128,128,0,experiment/mma_split,0,1.2620000168681145,0.0625,False,16,10,graph_amortized_device
NVIDIA L40S,bfloat16,128,128,0,dao,1,1.4201999641954899,0.0,True,16,10,graph_amortized_device
NVIDIA L40S,bfloat16,128,128,0,experiment/mma_split,1,1.2612000107765198,0.0625,False,16,10,graph_amortized_device
NVIDIA L40S,bfloat16,128,128,0,experiment/mma_fast,1,1.235399954020977,0.25,False,16,10,graph_amortized_device
NVIDIA L40S,bfloat16,128,128,0,experiment/wmma_split,1,1.4721999876201153,0.0625,False,16,10,graph_amortized_device
NVIDIA L40S,bfloat16,128,128,0,experiment/wmma_fast,1,1.4162000268697739,0.25,False,16,10,graph_amortized_device
NVIDIA L40S,bfloat16,128,128,0,experiment/warp,1,1.2202000245451927,0.0,True,16,10,graph_amortized_device
NVIDIA L40S,bfloat16,128,128,0,dao_plus_quant,1,2.6739999651908875,,True,16,10,graph_amortized_device
NVIDIA L40S,bfloat16,128,128,0,experiment/warp,2,1.2214000336825848,0.0,True,16,10,graph_amortized_device
NVIDIA L40S,bfloat16,128,128,0,experiment/wmma_fast,2,1.4151999726891518,0.25,False,16,10,graph_amortized_device
NVIDIA L40S,bfloat16,128,128,0,experiment/wmma_split,2,1.471600029617548,0.0625,False,16,10,graph_amortized_device
NVIDIA L40S,bfloat16,128,128,0,experiment/mma_fast,2,1.233999989926815,0.25,False,16,10,graph_amortized_device
NVIDIA L40S,bfloat16,128,128,0,experiment/mma_split,2,1.2624000199139118,0.0625,False,16,10,graph_amortized_device
NVIDIA L40S,bfloat16,128,128,0,dao,2,1.4196000061929226,0.0,True,16,10,graph_amortized_device
NVIDIA L40S,bfloat16,128,128,0,dao_plus_quant,2,2.6744000613689423,,True,16,10,graph_amortized_device
NVIDIA L40S,bfloat16,128,128,0,experiment/warp,3,1.2211999855935574,0.0,True,16,10,graph_amortized_device
NVIDIA L40S,bfloat16,128,128,0,dao_plus_quant,3,2.6744000613689423,,True,16,10,graph_amortized_device
NVIDIA L40S,bfloat16,128,128,0,dao,3,1.4201999641954899,0.0,True,16,10,graph_amortized_device
NVIDIA L40S,bfloat16,128,128,0,experiment/mma_split,3,1.2597999535501003,0.0625,False,16,10,graph_amortized_device
NVIDIA L40S,bfloat16,128,128,0,experiment/mma_fast,3,1.233999989926815,0.25,False,16,10,graph_amortized_device
NVIDIA L40S,bfloat16,128,128,0,experiment/wmma_split,3,1.4709999784827232,0.0625,False,16,10,graph_amortized_device
NVIDIA L40S,bfloat16,128,128,0,experiment/wmma_fast,3,1.4159999787807465,0.25,False,16,10,graph_amortized_device
NVIDIA L40S,bfloat16,128,128,0,experiment/wmma_split,4,1.4720000326633453,0.0625,False,16,10,graph_amortized_device
NVIDIA L40S,bfloat16,128,128,0,experiment/mma_fast,4,1.2356000021100044,0.25,False,16,10,graph_amortized_device
NVIDIA L40S,bfloat16,128,128,0,experiment/mma_split,4,1.2600000016391277,0.0625,False,16,10,graph_amortized_device
NVIDIA L40S,bfloat16,128,128,0,dao,4,1.4197999611496925,0.0,True,16,10,graph_amortized_device
NVIDIA L40S,bfloat16,128,128,0,dao_plus_quant,4,2.6736000552773476,,True,16,10,graph_amortized_device
NVIDIA L40S,bfloat16,128,128,0,experiment/warp,4,1.2215999886393547,0.0,True,16,10,graph_amortized_device
NVIDIA L40S,bfloat16,128,128,0,experiment/wmma_fast,4,1.4151999726891518,0.25,False,16,10,graph_amortized_device
NVIDIA L40S,bfloat16,128,128,1,dao,0,1.4201999641954899,0.0,True,16,10,graph_amortized_device
NVIDIA L40S,bfloat16,128,128,1,dao_plus_quant,0,2.676999941468239,,True,16,10,graph_amortized_device
NVIDIA L40S,bfloat16,128,128,1,experiment/warp,0,1.2175999581813812,0.0,True,16,10,graph_amortized_device
NVIDIA L40S,bfloat16,128,128,1,experiment/wmma_fast,0,1.4291999861598015,0.015625,True,16,10,graph_amortized_device
NVIDIA L40S,bfloat16,128,128,1,experiment/wmma_split,0,1.4775999821722507,0.001953125,True,16,10,graph_amortized_device
NVIDIA L40S,bfloat16,128,128,1,experiment/mma_fast,0,1.2401999905705452,0.015625,True,16,10,graph_amortized_device
NVIDIA L40S,bfloat16,128,128,1,experiment/mma_split,0,1.271000038832426,0.001953125,True,16,10,graph_amortized_device
NVIDIA L40S,bfloat16,128,128,1,dao,1,1.4221999794244766,0.0,True,16,10,graph_amortized_device
NVIDIA L40S,bfloat16,128,128,1,experiment/mma_split,1,1.268799975514412,0.001953125,True,16,10,graph_amortized_device
NVIDIA L40S,bfloat16,128,128,1,experiment/mma_fast,1,1.2415999546647072,0.015625,True,16,10,graph_amortized_device
NVIDIA L40S,bfloat16,128,128,1,experiment/wmma_split,1,1.4787999913096428,0.001953125,True,16,10,graph_amortized_device
NVIDIA L40S,bfloat16,128,128,1,experiment/wmma_fast,1,1.4279999770224094,0.015625,True,16,10,graph_amortized_device
NVIDIA L40S,bfloat16,128,128,1,experiment/warp,1,1.215799991041422,0.0,True,16,10,graph_amortized_device
NVIDIA L40S,bfloat16,128,128,1,dao_plus_quant,1,2.6806000620126724,,True,16,10,graph_amortized_device
NVIDIA L40S,bfloat16,128,128,1,experiment/warp,2,1.216800045222044,0.0,True,16,10,graph_amortized_device
NVIDIA L40S,bfloat16,128,128,1,experiment/wmma_fast,2,1.427599973976612,0.015625,True,16,10,graph_amortized_device
NVIDIA L40S,bfloat16,128,128,1,experiment/wmma_split,2,1.4787999913096428,0.001953125,True,16,10,graph_amortized_device
NVIDIA L40S,bfloat16,128,128,1,experiment/mma_fast,2,1.2385999783873558,0.015625,True,16,10,graph_amortized_device
NVIDIA L40S,bfloat16,128,128,1,experiment/mma_split,2,1.2694000266492367,0.001953125,True,16,10,graph_amortized_device
NVIDIA L40S,bfloat16,128,128,1,dao,2,1.4217999763786793,0.0,True,16,10,graph_amortized_device
NVIDIA L40S,bfloat16,128,128,1,dao_plus_quant,2,2.6785999536514282,,True,16,10,graph_amortized_device
NVIDIA L40S,bfloat16,128,128,1,experiment/warp,3,1.2164000421762466,0.0,True,16,10,graph_amortized_device
NVIDIA L40S,bfloat16,128,128,1,dao_plus_quant,3,2.67999991774559,,True,16,10,graph_amortized_device
NVIDIA L40S,bfloat16,128,128,1,dao,3,1.4197999611496925,0.0,True,16,10,graph_amortized_device
NVIDIA L40S,bfloat16,128,128,1,experiment/mma_split,3,1.271000038832426,0.001953125,True,16,10,graph_amortized_device
NVIDIA L40S,bfloat16,128,128,1,experiment/mma_fast,3,1.239600032567978,0.015625,True,16,10,graph_amortized_device
NVIDIA L40S,bfloat16,128,128,1,experiment/wmma_split,3,1.4787999913096428,0.001953125,True,16,10,graph_amortized_device
NVIDIA L40S,bfloat16,128,128,1,experiment/wmma_fast,3,1.4254000037908554,0.015625,True,16,10,graph_amortized_device
NVIDIA L40S,bfloat16,128,128,1,experiment/wmma_split,4,1.4775999821722507,0.001953125,True,16,10,graph_amortized_device
NVIDIA L40S,bfloat16,128,128,1,experiment/mma_fast,4,1.2389999814331532,0.015625,True,16,10,graph_amortized_device
NVIDIA L40S,bfloat16,128,128,1,experiment/mma_split,4,1.269999984651804,0.001953125,True,16,10,graph_amortized_device
NVIDIA L40S,bfloat16,128,128,1,dao,4,1.4205999672412872,0.0,True,16,10,graph_amortized_device
NVIDIA L40S,bfloat16,128,128,1,dao_plus_quant,4,2.6785999536514282,,True,16,10,graph_amortized_device
NVIDIA L40S,bfloat16,128,128,1,experiment/warp,4,1.2165999971330166,0.0,True,16,10,graph_amortized_device
NVIDIA L40S,bfloat16,128,128,1,experiment/wmma_fast,4,1.4279999770224094,0.015625,True,16,10,graph_amortized_device
NVIDIA L40S,bfloat16,16384,128,0,dao,0,10.169000178575516,0.0,True,16,10,graph_amortized_device
NVIDIA L40S,bfloat16,16384,128,0,dao_plus_quant,0,20.198799669742584,,True,16,10,graph_amortized_device
NVIDIA L40S,bfloat16,16384,128,0,experiment/warp,0,3.782600164413452,0.0,True,16,10,graph_amortized_device
NVIDIA L40S,bfloat16,16384,128,0,experiment/wmma_fast,0,4.412800073623657,0.25,False,16,10,graph_amortized_device
NVIDIA L40S,bfloat16,16384,128,0,experiment/wmma_split,0,4.864799976348877,0.125,False,16,10,graph_amortized_device
NVIDIA L40S,bfloat16,16384,128,0,experiment/mma_fast,0,3.531400114297867,0.25,False,16,10,graph_amortized_device
NVIDIA L40S,bfloat16,16384,128,0,experiment/mma_split,0,3.639800101518631,0.125,False,16,10,graph_amortized_device
NVIDIA L40S,bfloat16,16384,128,0,dao,1,10.168600082397461,0.0,True,16,10,graph_amortized_device
NVIDIA L40S,bfloat16,16384,128,0,experiment/mma_split,1,3.640799969434738,0.125,False,16,10,graph_amortized_device
NVIDIA L40S,bfloat16,16384,128,0,experiment/mma_fast,1,3.5339999943971634,0.25,False,16,10,graph_amortized_device
NVIDIA L40S,bfloat16,16384,128,0,experiment/wmma_split,1,4.871600121259689,0.125,False,16,10,graph_amortized_device
NVIDIA L40S,bfloat16,16384,128,0,experiment/wmma_fast,1,4.42500002682209,0.25,False,16,10,graph_amortized_device
NVIDIA L40S,bfloat16,16384,128,0,experiment/warp,1,3.7831999361515045,0.0,True,16,10,graph_amortized_device
NVIDIA L40S,bfloat16,16384,128,0,dao_plus_quant,1,20.200200378894806,,True,16,10,graph_amortized_device
NVIDIA L40S,bfloat16,16384,128,0,experiment/warp,2,3.785400092601776,0.0,True,16,10,graph_amortized_device
NVIDIA L40S,bfloat16,16384,128,0,experiment/wmma_fast,2,4.417800158262253,0.25,False,16,10,graph_amortized_device
NVIDIA L40S,bfloat16,16384,128,0,experiment/wmma_split,2,4.865400120615959,0.125,False,16,10,graph_amortized_device
NVIDIA L40S,bfloat16,16384,128,0,experiment/mma_fast,2,3.531799837946892,0.25,False,16,10,graph_amortized_device
NVIDIA L40S,bfloat16,16384,128,0,experiment/mma_split,2,3.646000102162361,0.125,False,16,10,graph_amortized_device
NVIDIA L40S,bfloat16,16384,128,0,dao,2,10.171599686145782,0.0,True,16,10,graph_amortized_device
NVIDIA L40S,bfloat16,16384,128,0,dao_plus_quant,2,20.204800367355347,,True,16,10,graph_amortized_device
NVIDIA L40S,bfloat16,16384,128,0,experiment/warp,3,3.7719998508691788,0.0,True,16,10,graph_amortized_device
NVIDIA L40S,bfloat16,16384,128,0,dao_plus_quant,3,20.202000439167023,,True,16,10,graph_amortized_device
NVIDIA L40S,bfloat16,16384,128,0,dao,3,10.171400010585785,0.0,True,16,10,graph_amortized_device
NVIDIA L40S,bfloat16,16384,128,0,experiment/mma_split,3,3.659600019454956,0.125,False,16,10,graph_amortized_device
NVIDIA L40S,bfloat16,16384,128,0,experiment/mma_fast,3,3.5277999937534332,0.25,False,16,10,graph_amortized_device
NVIDIA L40S,bfloat16,16384,128,0,experiment/wmma_split,3,4.863199964165688,0.125,False,16,10,graph_amortized_device
NVIDIA L40S,bfloat16,16384,128,0,experiment/wmma_fast,3,4.422999918460846,0.25,False,16,10,graph_amortized_device
NVIDIA L40S,bfloat16,16384,128,0,experiment/wmma_split,4,4.859400168061256,0.125,False,16,10,graph_amortized_device
NVIDIA L40S,bfloat16,16384,128,0,experiment/mma_fast,4,3.5273998975753784,0.25,False,16,10,graph_amortized_device
NVIDIA L40S,bfloat16,16384,128,0,experiment/mma_split,4,3.64920012652874,0.125,False,16,10,graph_amortized_device
NVIDIA L40S,bfloat16,16384,128,0,dao,4,10.171599686145782,0.0,True,16,10,graph_amortized_device
NVIDIA L40S,bfloat16,16384,128,0,dao_plus_quant,4,20.201000571250916,,True,16,10,graph_amortized_device
NVIDIA L40S,bfloat16,16384,128,0,experiment/warp,4,3.785799816250801,0.0,True,16,10,graph_amortized_device
NVIDIA L40S,bfloat16,16384,128,0,experiment/wmma_fast,4,4.416999965906143,0.25,False,16,10,graph_amortized_device
NVIDIA L40S,bfloat16,16384,128,1,dao,0,10.166600346565247,0.0,True,16,10,graph_amortized_device
NVIDIA L40S,bfloat16,16384,128,1,dao_plus_quant,0,20.181800425052643,,True,16,10,graph_amortized_device
NVIDIA L40S,bfloat16,16384,128,1,experiment/warp,0,3.780199959874153,0.0,True,16,10,graph_amortized_device
NVIDIA L40S,bfloat16,16384,128,1,experiment/wmma_fast,0,4.428999871015549,0.03125,True,16,10,graph_amortized_device
NVIDIA L40S,bfloat16,16384,128,1,experiment/wmma_split,0,4.877199977636337,0.015625,True,16,10,graph_amortized_device
NVIDIA L40S,bfloat16,16384,128,1,experiment/mma_fast,0,3.5280000418424606,0.03125,True,16,10,graph_amortized_device
NVIDIA L40S,bfloat16,16384,128,1,experiment/mma_split,0,3.640199825167656,0.015625,True,16,10,graph_amortized_device
NVIDIA L40S,bfloat16,16384,128,1,dao,1,10.16400009393692,0.0,True,16,10,graph_amortized_device
NVIDIA L40S,bfloat16,16384,128,1,experiment/mma_split,1,3.6522001028060913,0.015625,True,16,10,graph_amortized_device
NVIDIA L40S,bfloat16,16384,128,1,experiment/mma_fast,1,3.5236001014709473,0.03125,True,16,10,graph_amortized_device
NVIDIA L40S,bfloat16,16384,128,1,experiment/wmma_split,1,4.882200062274933,0.015625,True,16,10,graph_amortized_device
NVIDIA L40S,bfloat16,16384,128,1,experiment/wmma_fast,1,4.433999955654144,0.03125,True,16,10,graph_amortized_device
NVIDIA L40S,bfloat16,16384,128,1,experiment/warp,1,3.7873998284339905,0.0,True,16,10,graph_amortized_device
NVIDIA L40S,bfloat16,16384,128,1,dao_plus_quant,1,20.18440067768097,,True,16,10,graph_amortized_device
NVIDIA L40S,bfloat16,16384,128,1,experiment/warp,2,3.7817999720573425,0.0,True,16,10,graph_amortized_device
NVIDIA L40S,bfloat16,16384,128,1,experiment/wmma_fast,2,4.42500002682209,0.03125,True,16,10,graph_amortized_device
NVIDIA L40S,bfloat16,16384,128,1,experiment/wmma_split,2,4.884200170636177,0.015625,True,16,10,graph_amortized_device
NVIDIA L40S,bfloat16,16384,128,1,experiment/mma_fast,2,3.5298001021146774,0.03125,True,16,10,graph_amortized_device
NVIDIA L40S,bfloat16,16384,128,1,experiment/mma_split,2,3.637799993157387,0.015625,True,16,10,graph_amortized_device
NVIDIA L40S,bfloat16,16384,128,1,dao,2,10.165400058031082,0.0,True,16,10,graph_amortized_device
NVIDIA L40S,bfloat16,16384,128,1,dao_plus_quant,2,20.184999704360962,,True,16,10,graph_amortized_device
NVIDIA L40S,bfloat16,16384,128,1,experiment/warp,3,3.785799816250801,0.0,True,16,10,graph_amortized_device
NVIDIA L40S,bfloat16,16384,128,1,dao_plus_quant,3,20.184999704360962,,True,16,10,graph_amortized_device
NVIDIA L40S,bfloat16,16384,128,1,dao,3,10.16400009393692,0.0,True,16,10,graph_amortized_device
NVIDIA L40S,bfloat16,16384,128,1,experiment/mma_split,3,3.640199825167656,0.015625,True,16,10,graph_amortized_device
NVIDIA L40S,bfloat16,16384,128,1,experiment/mma_fast,3,3.5238001495599747,0.03125,True,16,10,graph_amortized_device
NVIDIA L40S,bfloat16,16384,128,1,experiment/wmma_split,3,4.887999966740608,0.015625,True,16,10,graph_amortized_device
NVIDIA L40S,bfloat16,16384,128,1,experiment/wmma_fast,3,4.426399990916252,0.03125,True,16,10,graph_amortized_device
NVIDIA L40S,bfloat16,16384,128,1,experiment/wmma_split,4,4.872800037264824,0.015625,True,16,10,graph_amortized_device
NVIDIA L40S,bfloat16,16384,128,1,experiment/mma_fast,4,3.5211998969316483,0.03125,True,16,10,graph_amortized_device
NVIDIA L40S,bfloat16,16384,128,1,experiment/mma_split,4,3.650600090622902,0.015625,True,16,10,graph_amortized_device
NVIDIA L40S,bfloat16,16384,128,1,dao,4,10.163799673318863,0.0,True,16,10,graph_amortized_device
NVIDIA L40S,bfloat16,16384,128,1,dao_plus_quant,4,20.187200605869293,,True,16,10,graph_amortized_device
NVIDIA L40S,bfloat16,16384,128,1,experiment/warp,4,3.785400092601776,0.0,True,16,10,graph_amortized_device
NVIDIA L40S,bfloat16,16384,128,1,experiment/wmma_fast,4,4.435800015926361,0.03125,True,16,10,graph_amortized_device
NVIDIA L40S,bfloat16,131072,128,0,dao,0,70.8512008190155,0.0,True,16,10,graph_amortized_device
NVIDIA L40S,bfloat16,131072,128,0,dao_plus_quant,0,141.55579805374146,,True,16,10,graph_amortized_device
NVIDIA L40S,bfloat16,131072,128,0,experiment/warp,0,42.64959990978241,0.0,True,16,10,graph_amortized_device
NVIDIA L40S,bfloat16,131072,128,0,experiment/wmma_fast,0,42.17180013656616,0.25,False,16,10,graph_amortized_device
NVIDIA L40S,bfloat16,131072,128,0,experiment/wmma_split,0,43.0294007062912,0.25,False,16,10,graph_amortized_device
NVIDIA L40S,bfloat16,131072,128,0,experiment/mma_fast,0,44.19960081577301,0.25,False,16,10,graph_amortized_device
NVIDIA L40S,bfloat16,131072,128,0,experiment/mma_split,0,45.80959975719452,0.25,False,16,10,graph_amortized_device
NVIDIA L40S,bfloat16,131072,128,0,dao,1,72.11620211601257,0.0,True,16,10,graph_amortized_device
NVIDIA L40S,bfloat16,131072,128,0,experiment/mma_split,1,45.38600146770477,0.25,False,16,10,graph_amortized_device
NVIDIA L40S,bfloat16,131072,128,0,experiment/mma_fast,1,44.72439885139465,0.25,False,16,10,graph_amortized_device
NVIDIA L40S,bfloat16,131072,128,0,experiment/wmma_split,1,43.37500035762787,0.25,False,16,10,graph_amortized_device
NVIDIA L40S,bfloat16,131072,128,0,experiment/wmma_fast,1,42.372000217437744,0.25,False,16,10,graph_amortized_device
NVIDIA L40S,bfloat16,131072,128,0,experiment/warp,1,42.33579933643341,0.0,True,16,10,graph_amortized_device
NVIDIA L40S,bfloat16,131072,128,0,dao_plus_quant,1,145.0387954711914,,True,16,10,graph_amortized_device
NVIDIA L40S,bfloat16,131072,128,0,experiment/warp,2,43.453800678253174,0.0,True,16,10,graph_amortized_device
NVIDIA L40S,bfloat16,131072,128,0,experiment/wmma_fast,2,42.258599400520325,0.25,False,16,10,graph_amortized_device
NVIDIA L40S,bfloat16,131072,128,0,experiment/wmma_split,2,42.949000000953674,0.25,False,16,10,graph_amortized_device
NVIDIA L40S,bfloat16,131072,128,0,experiment/mma_fast,2,44.497400522232056,0.25,False,16,10,graph_amortized_device
NVIDIA L40S,bfloat16,131072,128,0,experiment/mma_split,2,45.278000831604004,0.25,False,16,10,graph_amortized_device
NVIDIA L40S,bfloat16,131072,128,0,dao,2,71.84479832649231,0.0,True,16,10,graph_amortized_device
NVIDIA L40S,bfloat16,131072,128,0,dao_plus_quant,2,141.5824055671692,,True,16,10,graph_amortized_device
NVIDIA L40S,bfloat16,131072,128,0,experiment/warp,3,42.53840148448944,0.0,True,16,10,graph_amortized_device
NVIDIA L40S,bfloat16,131072,128,0,dao_plus_quant,3,141.566002368927,,True,16,10,graph_amortized_device
NVIDIA L40S,bfloat16,131072,128,0,dao,3,70.8549976348877,0.0,True,16,10,graph_amortized_device
NVIDIA L40S,bfloat16,131072,128,0,experiment/mma_split,3,45.84319889545441,0.25,False,16,10,graph_amortized_device
NVIDIA L40S,bfloat16,131072,128,0,experiment/mma_fast,3,44.58160102367401,0.25,False,16,10,graph_amortized_device
NVIDIA L40S,bfloat16,131072,128,0,experiment/wmma_split,3,42.918598651885986,0.25,False,16,10,graph_amortized_device
NVIDIA L40S,bfloat16,131072,128,0,experiment/wmma_fast,3,42.41560101509094,0.25,False,16,10,graph_amortized_device
NVIDIA L40S,bfloat16,131072,128,0,experiment/wmma_split,4,43.06919872760773,0.25,False,16,10,graph_amortized_device
NVIDIA L40S,bfloat16,131072,128,0,experiment/mma_fast,4,44.37980055809021,0.25,False,16,10,graph_amortized_device
NVIDIA L40S,bfloat16,131072,128,0,experiment/mma_split,4,45.555999875068665,0.25,False,16,10,graph_amortized_device
NVIDIA L40S,bfloat16,131072,128,0,dao,4,73.14820289611816,0.0,True,16,10,graph_amortized_device
NVIDIA L40S,bfloat16,131072,128,0,dao_plus_quant,4,142.4407958984375,,True,16,10,graph_amortized_device
NVIDIA L40S,bfloat16,131072,128,0,experiment/warp,4,43.26300024986267,0.0,True,16,10,graph_amortized_device
NVIDIA L40S,bfloat16,131072,128,0,experiment/wmma_fast,4,42.70080029964447,0.25,False,16,10,graph_amortized_device
NVIDIA L40S,bfloat16,131072,128,1,dao,0,70.88599801063538,0.0,True,16,10,graph_amortized_device
NVIDIA L40S,bfloat16,131072,128,1,dao_plus_quant,0,141.54839515686035,,True,16,10,graph_amortized_device
NVIDIA L40S,bfloat16,131072,128,1,experiment/warp,0,40.154001116752625,0.0,True,16,10,graph_amortized_device
NVIDIA L40S,bfloat16,131072,128,1,experiment/wmma_fast,0,41.12339913845062,0.03125,True,16,10,graph_amortized_device
NVIDIA L40S,bfloat16,131072,128,1,experiment/wmma_split,0,43.97920072078705,0.015625,True,16,10,graph_amortized_device
NVIDIA L40S,bfloat16,131072,128,1,experiment/mma_fast,0,40.21579921245575,0.03125,True,16,10,graph_amortized_device
NVIDIA L40S,bfloat16,131072,128,1,experiment/mma_split,0,39.78999853134155,0.015625,True,16,10,graph_amortized_device
NVIDIA L40S,bfloat16,131072,128,1,dao,1,72.04920053482056,0.0,True,16,10,graph_amortized_device
NVIDIA L40S,bfloat16,131072,128,1,experiment/mma_split,1,39.20679986476898,0.015625,True,16,10,graph_amortized_device
NVIDIA L40S,bfloat16,131072,128,1,experiment/mma_fast,1,42.97080039978027,0.03125,True,16,10,graph_amortized_device
NVIDIA L40S,bfloat16,131072,128,1,experiment/wmma_split,1,43.96739900112152,0.015625,True,16,10,graph_amortized_device
NVIDIA L40S,bfloat16,131072,128,1,experiment/wmma_fast,1,41.52019917964935,0.03125,True,16,10,graph_amortized_device
NVIDIA L40S,bfloat16,131072,128,1,experiment/warp,1,40.114399790763855,0.0,True,16,10,graph_amortized_device
NVIDIA L40S,bfloat16,131072,128,1,dao_plus_quant,1,145.73880434036255,,True,16,10,graph_amortized_device
NVIDIA L40S,bfloat16,131072,128,1,experiment/warp,2,40.397998690605164,0.0,True,16,10,graph_amortized_device
NVIDIA L40S,bfloat16,131072,128,1,experiment/wmma_fast,2,41.627201437950134,0.03125,True,16,10,graph_amortized_device
NVIDIA L40S,bfloat16,131072,128,1,experiment/wmma_split,2,42.21140146255493,0.015625,True,16,10,graph_amortized_device
NVIDIA L40S,bfloat16,131072,128,1,experiment/mma_fast,2,42.69619882106781,0.03125,True,16,10,graph_amortized_device
NVIDIA L40S,bfloat16,131072,128,1,experiment/mma_split,2,38.73699903488159,0.015625,True,16,10,graph_amortized_device
NVIDIA L40S,bfloat16,131072,128,1,dao,2,70.90780138969421,0.0,True,16,10,graph_amortized_device
NVIDIA L40S,bfloat16,131072,128,1,dao_plus_quant,2,142.26759672164917,,True,16,10,graph_amortized_device
NVIDIA L40S,bfloat16,131072,128,1,experiment/warp,3,40.50320088863373,0.0,True,16,10,graph_amortized_device
NVIDIA L40S,bfloat16,131072,128,1,dao_plus_quant,3,141.56240224838257,,True,16,10,graph_amortized_device
NVIDIA L40S,bfloat16,131072,128,1,dao,3,70.88680267333984,0.0,True,16,10,graph_amortized_device
NVIDIA L40S,bfloat16,131072,128,1,experiment/mma_split,3,38.35679888725281,0.015625,True,16,10,graph_amortized_device
NVIDIA L40S,bfloat16,131072,128,1,experiment/mma_fast,3,42.02159941196442,0.03125,True,16,10,graph_amortized_device
NVIDIA L40S,bfloat16,131072,128,1,experiment/wmma_split,3,43.022000789642334,0.015625,True,16,10,graph_amortized_device
NVIDIA L40S,bfloat16,131072,128,1,experiment/wmma_fast,3,41.57220125198364,0.03125,True,16,10,graph_amortized_device
NVIDIA L40S,bfloat16,131072,128,1,experiment/wmma_split,4,43.23059916496277,0.015625,True,16,10,graph_amortized_device
NVIDIA L40S,bfloat16,131072,128,1,experiment/mma_fast,4,42.55779981613159,0.03125,True,16,10,graph_amortized_device
NVIDIA L40S,bfloat16,131072,128,1,experiment/mma_split,4,39.14160132408142,0.015625,True,16,10,graph_amortized_device
NVIDIA L40S,bfloat16,131072,128,1,dao,4,74.18019771575928,0.0,True,16,10,graph_amortized_device
NVIDIA L40S,bfloat16,131072,128,1,dao_plus_quant,4,144.30840015411377,,True,16,10,graph_amortized_device
NVIDIA L40S,bfloat16,131072,128,1,experiment/warp,4,40.09900093078613,0.0,True,16,10,graph_amortized_device
NVIDIA L40S,bfloat16,131072,128,1,experiment/wmma_fast,4,41.11599922180176,0.03125,True,16,10,graph_amortized_device
NVIDIA L40S,bfloat16,1,256,0,dao,0,1.260400004684925,0.0,True,16,10,graph_amortized_device
NVIDIA L40S,bfloat16,1,256,0,dao_plus_quant,0,2.318600006401539,,True,16,10,graph_amortized_device
NVIDIA L40S,bfloat16,1,256,0,experiment/warp,0,1.2070000171661377,0.0,True,16,10,graph_amortized_device
NVIDIA L40S,bfloat16,1,256,0,experiment/wmma_fast,0,1.3294000178575516,0.25,False,16,10,graph_amortized_device
NVIDIA L40S,bfloat16,1,256,0,experiment/wmma_split,0,1.368200033903122,0.0625,False,16,10,graph_amortized_device
NVIDIA L40S,bfloat16,1,256,0,experiment/mma_fast,0,1.1769999749958515,0.25,False,16,10,graph_amortized_device
NVIDIA L40S,bfloat16,1,256,0,experiment/mma_split,0,1.2513999827206135,0.0625,False,16,10,graph_amortized_device
NVIDIA L40S,bfloat16,1,256,0,dao,1,1.2574000284075737,0.0,True,16,10,graph_amortized_device
NVIDIA L40S,bfloat16,1,256,0,experiment/mma_split,1,1.2009999714791775,0.0625,False,16,10,graph_amortized_device
NVIDIA L40S,bfloat16,1,256,0,experiment/mma_fast,1,1.1769999749958515,0.25,False,16,10,graph_amortized_device
NVIDIA L40S,bfloat16,1,256,0,experiment/wmma_split,1,1.370999962091446,0.0625,False,16,10,graph_amortized_device
NVIDIA L40S,bfloat16,1,256,0,experiment/wmma_fast,1,1.3290000148117542,0.25,False,16,10,graph_amortized_device
NVIDIA L40S,bfloat16,1,256,0,experiment/warp,1,1.208600029349327,0.0,True,16,10,graph_amortized_device
NVIDIA L40S,bfloat16,1,256,0,dao_plus_quant,1,2.3215999826788902,,True,16,10,graph_amortized_device
NVIDIA L40S,bfloat16,1,256,0,experiment/warp,2,1.208600029349327,0.0,True,16,10,graph_amortized_device
NVIDIA L40S,bfloat16,1,256,0,experiment/wmma_fast,2,1.3287999667227268,0.25,False,16,10,graph_amortized_device
NVIDIA L40S,bfloat16,1,256,0,experiment/wmma_split,2,1.3712000101804733,0.0625,False,16,10,graph_amortized_device
NVIDIA L40S,bfloat16,1,256,0,experiment/mma_fast,2,1.1748000048100948,0.25,False,16,10,graph_amortized_device
NVIDIA L40S,bfloat16,1,256,0,experiment/mma_split,2,1.2009999714791775,0.0625,False,16,10,graph_amortized_device
NVIDIA L40S,bfloat16,1,256,0,dao,2,1.2601999565958977,0.0,True,16,10,graph_amortized_device
NVIDIA L40S,bfloat16,1,256,0,dao_plus_quant,2,2.319600060582161,,True,16,10,graph_amortized_device
NVIDIA L40S,bfloat16,1,256,0,experiment/warp,3,1.208600029349327,0.0,True,16,10,graph_amortized_device
NVIDIA L40S,bfloat16,1,256,0,dao_plus_quant,3,2.319600060582161,,True,16,10,graph_amortized_device
NVIDIA L40S,bfloat16,1,256,0,dao,3,1.2595999985933304,0.0,True,16,10,graph_amortized_device
NVIDIA L40S,bfloat16,1,256,0,experiment/mma_split,3,1.2021999806165695,0.0625,False,16,10,graph_amortized_device
NVIDIA L40S,bfloat16,1,256,0,experiment/mma_fast,3,1.1764000169932842,0.25,False,16,10,graph_amortized_device
NVIDIA L40S,bfloat16,1,256,0,experiment/wmma_split,3,1.372199971228838,0.0625,False,16,10,graph_amortized_device
NVIDIA L40S,bfloat16,1,256,0,experiment/wmma_fast,3,1.3286000117659569,0.25,False,16,10,graph_amortized_device
NVIDIA L40S,bfloat16,1,256,0,experiment/wmma_split,4,1.369400043040514,0.0625,False,16,10,graph_amortized_device
NVIDIA L40S,bfloat16,1,256,0,experiment/mma_fast,4,1.1761999689042568,0.25,False,16,10,graph_amortized_device
NVIDIA L40S,bfloat16,1,256,0,experiment/mma_split,4,1.2005999684333801,0.0625,False,16,10,graph_amortized_device
NVIDIA L40S,bfloat16,1,256,0,dao,4,1.2594000436365604,0.0,True,16,10,graph_amortized_device
NVIDIA L40S,bfloat16,1,256,0,dao_plus_quant,4,2.319199964404106,,True,16,10,graph_amortized_device
NVIDIA L40S,bfloat16,1,256,0,experiment/warp,4,1.2823999859392643,0.0,True,16,10,graph_amortized_device
NVIDIA L40S,bfloat16,1,256,0,experiment/wmma_fast,4,1.3286000117659569,0.25,False,16,10,graph_amortized_device
NVIDIA L40S,bfloat16,1,256,1,dao,0,1.2795999646186829,0.0,True,16,10,graph_amortized_device
NVIDIA L40S,bfloat16,1,256,1,dao_plus_quant,0,2.3183999583125114,,True,16,10,graph_amortized_device
NVIDIA L40S,bfloat16,1,256,1,experiment/warp,0,1.2214000336825848,0.0,True,16,10,graph_amortized_device
NVIDIA L40S,bfloat16,1,256,1,experiment/wmma_fast,0,1.3333999551832676,0.015625,True,16,10,graph_amortized_device
NVIDIA L40S,bfloat16,1,256,1,experiment/wmma_split,0,1.3740000315010548,0.00390625,True,16,10,graph_amortized_device
NVIDIA L40S,bfloat16,1,256,1,experiment/mma_fast,0,1.181000005453825,0.015625,True,16,10,graph_amortized_device
NVIDIA L40S,bfloat16,1,256,1,experiment/mma_split,0,1.1988000012934208,0.00390625,True,16,10,graph_amortized_device
NVIDIA L40S,bfloat16,1,256,1,dao,1,1.260599959641695,0.0,True,16,10,graph_amortized_device
NVIDIA L40S,bfloat16,1,256,1,experiment/mma_split,1,1.2001999653875828,0.00390625,True,16,10,graph_amortized_device
NVIDIA L40S,bfloat16,1,256,1,experiment/mma_fast,1,1.1780000291764736,0.015625,True,16,10,graph_amortized_device
NVIDIA L40S,bfloat16,1,256,1,experiment/wmma_split,1,1.3729999773204327,0.00390625,True,16,10,graph_amortized_device
NVIDIA L40S,bfloat16,1,256,1,experiment/wmma_fast,1,1.3306000269949436,0.015625,True,16,10,graph_amortized_device
NVIDIA L40S,bfloat16,1,256,1,experiment/warp,1,1.219400018453598,0.0,True,16,10,graph_amortized_device
NVIDIA L40S,bfloat16,1,256,1,dao_plus_quant,1,2.3189999163150787,,True,16,10,graph_amortized_device
NVIDIA L40S,bfloat16,1,256,1,experiment/warp,2,1.22060002759099,0.0,True,16,10,graph_amortized_device
NVIDIA L40S,bfloat16,1,256,1,experiment/wmma_fast,2,1.332200039178133,0.015625,True,16,10,graph_amortized_device
NVIDIA L40S,bfloat16,1,256,1,experiment/wmma_split,2,1.37339998036623,0.00390625,True,16,10,graph_amortized_device
NVIDIA L40S,bfloat16,1,256,1,experiment/mma_fast,2,1.1801999993622303,0.015625,True,16,10,graph_amortized_device
NVIDIA L40S,bfloat16,1,256,1,experiment/mma_split,2,1.1983999982476234,0.00390625,True,16,10,graph_amortized_device
NVIDIA L40S,bfloat16,1,256,1,dao,2,1.2745999731123447,0.0,True,16,10,graph_amortized_device
NVIDIA L40S,bfloat16,1,256,1,dao_plus_quant,2,2.318600006401539,,True,16,10,graph_amortized_device
NVIDIA L40S,bfloat16,1,256,1,experiment/warp,3,1.2210000306367874,0.0,True,16,10,graph_amortized_device
NVIDIA L40S,bfloat16,1,256,1,dao_plus_quant,3,2.3189999163150787,,True,16,10,graph_amortized_device
NVIDIA L40S,bfloat16,1,256,1,dao,3,1.2595999985933304,0.0,True,16,10,graph_amortized_device
NVIDIA L40S,bfloat16,1,256,1,experiment/mma_split,3,1.1997999623417854,0.00390625,True,16,10,graph_amortized_device
NVIDIA L40S,bfloat16,1,256,1,experiment/mma_fast,3,1.1792000383138657,0.015625,True,16,10,graph_amortized_device
NVIDIA L40S,bfloat16,1,256,1,experiment/wmma_split,3,1.3736000284552574,0.00390625,True,16,10,graph_amortized_device
NVIDIA L40S,bfloat16,1,256,1,experiment/wmma_fast,3,1.3319999910891056,0.015625,True,16,10,graph_amortized_device
NVIDIA L40S,bfloat16,1,256,1,experiment/wmma_split,4,1.3728000223636627,0.00390625,True,16,10,graph_amortized_device
NVIDIA L40S,bfloat16,1,256,1,experiment/mma_fast,4,1.1793999932706356,0.015625,True,16,10,graph_amortized_device
NVIDIA L40S,bfloat16,1,256,1,experiment/mma_split,4,1.2017999775707722,0.00390625,True,16,10,graph_amortized_device
NVIDIA L40S,bfloat16,1,256,1,dao,4,1.2625999748706818,0.0,True,16,10,graph_amortized_device
NVIDIA L40S,bfloat16,1,256,1,dao_plus_quant,4,2.318600006401539,,True,16,10,graph_amortized_device
NVIDIA L40S,bfloat16,1,256,1,experiment/warp,4,1.2211999855935574,0.0,True,16,10,graph_amortized_device
NVIDIA L40S,bfloat16,1,256,1,experiment/wmma_fast,4,1.3326000422239304,0.015625,True,16,10,graph_amortized_device
NVIDIA L40S,bfloat16,128,256,0,dao,0,1.4431999996304512,0.0,True,16,10,graph_amortized_device
NVIDIA L40S,bfloat16,128,256,0,dao_plus_quant,0,2.7036000043153763,,True,16,10,graph_amortized_device
NVIDIA L40S,bfloat16,128,256,0,experiment/warp,0,1.292600017040968,0.0,True,16,10,graph_amortized_device
NVIDIA L40S,bfloat16,128,256,0,experiment/wmma_fast,0,1.4146000146865845,0.25,False,16,10,graph_amortized_device
NVIDIA L40S,bfloat16,128,256,0,experiment/wmma_split,0,1.474200002849102,0.03125,True,16,10,graph_amortized_device
NVIDIA L40S,bfloat16,128,256,0,experiment/mma_fast,0,1.2357999570667744,0.25,False,16,10,graph_amortized_device
NVIDIA L40S,bfloat16,128,256,0,experiment/mma_split,0,1.2616000138223171,0.03125,True,16,10,graph_amortized_device
NVIDIA L40S,bfloat16,128,256,0,dao,1,1.4444000087678432,0.0,True,16,10,graph_amortized_device
NVIDIA L40S,bfloat16,128,256,0,experiment/mma_split,1,1.2632000260055065,0.03125,True,16,10,graph_amortized_device
NVIDIA L40S,bfloat16,128,256,0,experiment/mma_fast,1,1.2376000173389912,0.25,False,16,10,graph_amortized_device
NVIDIA L40S,bfloat16,128,256,0,experiment/wmma_split,1,1.4712000265717506,0.03125,True,16,10,graph_amortized_device
NVIDIA L40S,bfloat16,128,256,0,experiment/wmma_fast,1,1.4189999550580978,0.25,False,16,10,graph_amortized_device
NVIDIA L40S,bfloat16,128,256,0,experiment/warp,1,1.2931999750435352,0.0,True,16,10,graph_amortized_device
NVIDIA L40S,bfloat16,128,256,0,dao_plus_quant,1,2.7036000043153763,,True,16,10,graph_amortized_device
NVIDIA L40S,bfloat16,128,256,0,experiment/warp,2,1.295000035315752,0.0,True,16,10,graph_amortized_device
NVIDIA L40S,bfloat16,128,256,0,experiment/wmma_fast,2,1.417400036007166,0.25,False,16,10,graph_amortized_device
NVIDIA L40S,bfloat16,128,256,0,experiment/wmma_split,2,1.4724000357091427,0.03125,True,16,10,graph_amortized_device
NVIDIA L40S,bfloat16,128,256,0,experiment/mma_fast,2,1.2364000082015991,0.25,False,16,10,graph_amortized_device
NVIDIA L40S,bfloat16,128,256,0,experiment/mma_split,2,1.2624000199139118,0.03125,True,16,10,graph_amortized_device
NVIDIA L40S,bfloat16,128,256,0,dao,2,1.4449999667704105,0.0,True,16,10,graph_amortized_device
NVIDIA L40S,bfloat16,128,256,0,dao_plus_quant,2,2.7049999684095383,,True,16,10,graph_amortized_device
NVIDIA L40S,bfloat16,128,256,0,experiment/warp,3,1.2907999567687511,0.0,True,16,10,graph_amortized_device
NVIDIA L40S,bfloat16,128,256,0,dao_plus_quant,3,2.703000046312809,,True,16,10,graph_amortized_device
NVIDIA L40S,bfloat16,128,256,0,dao,3,1.4468000270426273,0.0,True,16,10,graph_amortized_device
NVIDIA L40S,bfloat16,128,256,0,experiment/mma_split,3,1.2633999809622765,0.03125,True,16,10,graph_amortized_device
NVIDIA L40S,bfloat16,128,256,0,experiment/mma_fast,3,1.236599963158369,0.25,False,16,10,graph_amortized_device
NVIDIA L40S,bfloat16,128,256,0,experiment/wmma_split,3,1.4750000089406967,0.03125,True,16,10,graph_amortized_device
NVIDIA L40S,bfloat16,128,256,0,experiment/wmma_fast,3,1.4170000329613686,0.25,False,16,10,graph_amortized_device
NVIDIA L40S,bfloat16,128,256,0,experiment/wmma_split,4,1.47299999371171,0.03125,True,16,10,graph_amortized_device
NVIDIA L40S,bfloat16,128,256,0,experiment/mma_fast,4,1.2376000173389912,0.25,False,16,10,graph_amortized_device
NVIDIA L40S,bfloat16,128,256,0,experiment/mma_split,4,1.2621999718248844,0.03125,True,16,10,graph_amortized_device
NVIDIA L40S,bfloat16,128,256,0,dao,4,1.4468000270426273,0.0,True,16,10,graph_amortized_device
NVIDIA L40S,bfloat16,128,256,0,dao_plus_quant,4,2.7049999684095383,,True,16,10,graph_amortized_device
NVIDIA L40S,bfloat16,128,256,0,experiment/warp,4,1.2934000231325626,0.0,True,16,10,graph_amortized_device
NVIDIA L40S,bfloat16,128,256,0,experiment/wmma_fast,4,1.4151999726891518,0.25,False,16,10,graph_amortized_device
NVIDIA L40S,bfloat16,128,256,1,dao,0,1.4613999985158443,0.0,True,16,10,graph_amortized_device
NVIDIA L40S,bfloat16,128,256,1,dao_plus_quant,0,2.7052000164985657,,True,16,10,graph_amortized_device
NVIDIA L40S,bfloat16,128,256,1,experiment/warp,0,1.2996000237762928,0.0,True,16,10,graph_amortized_device
NVIDIA L40S,bfloat16,128,256,1,experiment/wmma_fast,0,1.4175999909639359,0.015625,True,16,10,graph_amortized_device
NVIDIA L40S,bfloat16,128,256,1,experiment/wmma_split,0,1.4737999998033047,0.001953125,True,16,10,graph_amortized_device
NVIDIA L40S,bfloat16,128,256,1,experiment/mma_fast,0,1.2389999814331532,0.015625,True,16,10,graph_amortized_device
NVIDIA L40S,bfloat16,128,256,1,experiment/mma_split,0,1.2659999541938305,0.001953125,True,16,10,graph_amortized_device
NVIDIA L40S,bfloat16,128,256,1,dao,1,1.4510000124573708,0.0,True,16,10,graph_amortized_device
NVIDIA L40S,bfloat16,128,256,1,experiment/mma_split,1,1.2640000320971012,0.001953125,True,16,10,graph_amortized_device
NVIDIA L40S,bfloat16,128,256,1,experiment/mma_fast,1,1.2380000203847885,0.015625,True,16,10,graph_amortized_device
NVIDIA L40S,bfloat16,128,256,1,experiment/wmma_split,1,1.474200002849102,0.001953125,True,16,10,graph_amortized_device
NVIDIA L40S,bfloat16,128,256,1,experiment/wmma_fast,1,1.4192000031471252,0.015625,True,16,10,graph_amortized_device
NVIDIA L40S,bfloat16,128,256,1,experiment/warp,1,1.3000000268220901,0.0,True,16,10,graph_amortized_device
NVIDIA L40S,bfloat16,128,256,1,dao_plus_quant,1,2.709200046956539,,True,16,10,graph_amortized_device
NVIDIA L40S,bfloat16,128,256,1,experiment/warp,2,1.2993999756872654,0.0,True,16,10,graph_amortized_device
NVIDIA L40S,bfloat16,128,256,1,experiment/wmma_fast,2,1.4204000122845173,0.015625,True,16,10,graph_amortized_device
NVIDIA L40S,bfloat16,128,256,1,experiment/wmma_split,2,1.475400011986494,0.001953125,True,16,10,graph_amortized_device
NVIDIA L40S,bfloat16,128,256,1,experiment/mma_fast,2,1.2397999875247478,0.015625,True,16,10,graph_amortized_device
NVIDIA L40S,bfloat16,128,256,1,experiment/mma_split,2,1.2656000442802906,0.001953125,True,16,10,graph_amortized_device
NVIDIA L40S,bfloat16,128,256,1,dao,2,1.4530000276863575,0.0,True,16,10,graph_amortized_device
NVIDIA L40S,bfloat16,128,256,1,dao_plus_quant,2,2.7084000408649445,,True,16,10,graph_amortized_device
NVIDIA L40S,bfloat16,128,256,1,experiment/warp,3,1.3004000298678875,0.0,True,16,10,graph_amortized_device
NVIDIA L40S,bfloat16,128,256,1,dao_plus_quant,3,2.705400064587593,,True,16,10,graph_amortized_device
NVIDIA L40S,bfloat16,128,256,1,dao,3,1.4506000094115734,0.0,True,16,10,graph_amortized_device
NVIDIA L40S,bfloat16,128,256,1,experiment/mma_split,3,1.2632000260055065,0.001953125,True,16,10,graph_amortized_device
NVIDIA L40S,bfloat16,128,256,1,experiment/mma_fast,3,1.2405999936163425,0.015625,True,16,10,graph_amortized_device
NVIDIA L40S,bfloat16,128,256,1,experiment/wmma_split,3,1.4746000058948994,0.001953125,True,16,10,graph_amortized_device
NVIDIA L40S,bfloat16,128,256,1,experiment/wmma_fast,3,1.4182000420987606,0.015625,True,16,10,graph_amortized_device
NVIDIA L40S,bfloat16,128,256,1,experiment/wmma_split,4,1.4762000180780888,0.001953125,True,16,10,graph_amortized_device
NVIDIA L40S,bfloat16,128,256,1,experiment/mma_fast,4,1.2405999936163425,0.015625,True,16,10,graph_amortized_device
NVIDIA L40S,bfloat16,128,256,1,experiment/mma_split,4,1.266200002282858,0.001953125,True,16,10,graph_amortized_device
NVIDIA L40S,bfloat16,128,256,1,dao,4,1.4522000215947628,0.0,True,16,10,graph_amortized_device
NVIDIA L40S,bfloat16,128,256,1,dao_plus_quant,4,2.7103999629616737,,True,16,10,graph_amortized_device
NVIDIA L40S,bfloat16,128,256,1,experiment/warp,4,1.2992000207304955,0.0,True,16,10,graph_amortized_device
NVIDIA L40S,bfloat16,128,256,1,experiment/wmma_fast,4,1.4204000122845173,0.015625,True,16,10,graph_amortized_device
NVIDIA L40S,bfloat16,16384,256,0,dao,0,10.19359976053238,0.0,True,16,10,graph_amortized_device
NVIDIA L40S,bfloat16,16384,256,0,dao_plus_quant,0,20.227999985218048,,True,16,10,graph_amortized_device
NVIDIA L40S,bfloat16,16384,256,0,experiment/warp,0,5.920000001788139,0.0,True,16,10,graph_amortized_device
NVIDIA L40S,bfloat16,16384,256,0,experiment/wmma_fast,0,7.320600003004074,0.5,False,16,10,graph_amortized_device
NVIDIA L40S,bfloat16,16384,256,0,experiment/wmma_split,0,8.222000300884247,0.25,False,16,10,graph_amortized_device
NVIDIA L40S,bfloat16,16384,256,0,experiment/mma_fast,0,5.429799854755402,0.5,False,16,10,graph_amortized_device
NVIDIA L40S,bfloat16,16384,256,0,experiment/mma_split,0,5.67220002412796,0.25,False,16,10,graph_amortized_device
NVIDIA L40S,bfloat16,16384,256,0,dao,1,10.195600241422653,0.0,True,16,10,graph_amortized_device
NVIDIA L40S,bfloat16,16384,256,0,experiment/mma_split,1,5.681600049138069,0.25,False,16,10,graph_amortized_device
NVIDIA L40S,bfloat16,16384,256,0,experiment/mma_fast,1,5.431599915027618,0.5,False,16,10,graph_amortized_device
NVIDIA L40S,bfloat16,16384,256,0,experiment/wmma_split,1,8.230999857187271,0.25,False,16,10,graph_amortized_device
NVIDIA L40S,bfloat16,16384,256,0,experiment/wmma_fast,1,7.327000051736832,0.5,False,16,10,graph_amortized_device
NVIDIA L40S,bfloat16,16384,256,0,experiment/warp,1,5.964599922299385,0.0,True,16,10,graph_amortized_device
NVIDIA L40S,bfloat16,16384,256,0,dao_plus_quant,1,20.2334001660347,,True,16,10,graph_amortized_device
NVIDIA L40S,bfloat16,16384,256,0,experiment/warp,2,5.863400176167488,0.0,True,16,10,graph_amortized_device
NVIDIA L40S,bfloat16,16384,256,0,experiment/wmma_fast,2,7.327599823474884,0.5,False,16,10,graph_amortized_device
NVIDIA L40S,bfloat16,16384,256,0,experiment/wmma_split,2,8.21639969944954,0.25,False,16,10,graph_amortized_device
NVIDIA L40S,bfloat16,16384,256,0,experiment/mma_fast,2,5.450399965047836,0.5,False,16,10,graph_amortized_device
NVIDIA L40S,bfloat16,16384,256,0,experiment/mma_split,2,5.688999965786934,0.25,False,16,10,graph_amortized_device
NVIDIA L40S,bfloat16,16384,256,0,dao,2,10.19280031323433,0.0,True,16,10,graph_amortized_device
NVIDIA L40S,bfloat16,16384,256,0,dao_plus_quant,2,20.228800177574158,,True,16,10,graph_amortized_device
NVIDIA L40S,bfloat16,16384,256,0,experiment/warp,3,5.974999815225601,0.0,True,16,10,graph_amortized_device
NVIDIA L40S,bfloat16,16384,256,0,dao_plus_quant,3,20.22780030965805,,True,16,10,graph_amortized_device
NVIDIA L40S,bfloat16,16384,256,0,dao,3,10.188999772071838,0.0,True,16,10,graph_amortized_device
NVIDIA L40S,bfloat16,16384,256,0,experiment/mma_split,3,5.669999867677689,0.25,False,16,10,graph_amortized_device
NVIDIA L40S,bfloat16,16384,256,0,experiment/mma_fast,3,5.43299987912178,0.5,False,16,10,graph_amortized_device
NVIDIA L40S,bfloat16,16384,256,0,experiment/wmma_split,3,8.22480022907257,0.25,False,16,10,graph_amortized_device
NVIDIA L40S,bfloat16,16384,256,0,experiment/wmma_fast,3,7.331400364637375,0.5,False,16,10,graph_amortized_device
NVIDIA L40S,bfloat16,16384,256,0,experiment/wmma_split,4,8.22179988026619,0.25,False,16,10,graph_amortized_device
NVIDIA L40S,bfloat16,16384,256,0,experiment/mma_fast,4,5.452600121498108,0.5,False,16,10,graph_amortized_device
NVIDIA L40S,bfloat16,16384,256,0,experiment/mma_split,4,5.658800154924393,0.25,False,16,10,graph_amortized_device
NVIDIA L40S,bfloat16,16384,256,0,dao,4,10.188200324773788,0.0,True,16,10,graph_amortized_device
NVIDIA L40S,bfloat16,16384,256,0,dao_plus_quant,4,20.222599804401398,,True,16,10,graph_amortized_device
NVIDIA L40S,bfloat16,16384,256,0,experiment/warp,4,5.939000099897385,0.0,True,16,10,graph_amortized_device
NVIDIA L40S,bfloat16,16384,256,0,experiment/wmma_fast,4,7.2867996990680695,0.5,False,16,10,graph_amortized_device
NVIDIA L40S,bfloat16,16384,256,1,dao,0,10.210199654102325,0.0,True,16,10,graph_amortized_device
NVIDIA L40S,bfloat16,16384,256,1,dao_plus_quant,0,20.22619992494583,,True,16,10,graph_amortized_device
NVIDIA L40S,bfloat16,16384,256,1,experiment/warp,0,6.0203999280929565,0.0,True,16,10,graph_amortized_device
NVIDIA L40S,bfloat16,16384,256,1,experiment/wmma_fast,0,7.327199727296829,0.03125,True,16,10,graph_amortized_device
NVIDIA L40S,bfloat16,16384,256,1,experiment/wmma_split,0,8.246800303459167,0.015625,True,16,10,graph_amortized_device
NVIDIA L40S,bfloat16,16384,256,1,experiment/mma_fast,0,5.424400046467781,0.03125,True,16,10,graph_amortized_device
NVIDIA L40S,bfloat16,16384,256,1,experiment/mma_split,0,5.6807998567819595,0.015625,True,16,10,graph_amortized_device
NVIDIA L40S,bfloat16,16384,256,1,dao,1,10.20440012216568,0.0,True,16,10,graph_amortized_device
NVIDIA L40S,bfloat16,16384,256,1,experiment/mma_split,1,5.685000121593475,0.015625,True,16,10,graph_amortized_device
NVIDIA L40S,bfloat16,16384,256,1,experiment/mma_fast,1,5.415000021457672,0.03125,True,16,10,graph_amortized_device
NVIDIA L40S,bfloat16,16384,256,1,experiment/wmma_split,1,8.239799737930298,0.015625,True,16,10,graph_amortized_device
NVIDIA L40S,bfloat16,16384,256,1,experiment/wmma_fast,1,7.333599776029587,0.03125,True,16,10,graph_amortized_device
NVIDIA L40S,bfloat16,16384,256,1,experiment/warp,1,5.994199961423874,0.0,True,16,10,graph_amortized_device
NVIDIA L40S,bfloat16,16384,256,1,dao_plus_quant,1,20.22480070590973,,True,16,10,graph_amortized_device
NVIDIA L40S,bfloat16,16384,256,1,experiment/warp,2,6.023800000548363,0.0,True,16,10,graph_amortized_device
NVIDIA L40S,bfloat16,16384,256,1,experiment/wmma_fast,2,7.334800064563751,0.03125,True,16,10,graph_amortized_device
NVIDIA L40S,bfloat16,16384,256,1,experiment/wmma_split,2,8.24119970202446,0.015625,True,16,10,graph_amortized_device
NVIDIA L40S,bfloat16,16384,256,1,experiment/mma_fast,2,5.439399927854538,0.03125,True,16,10,graph_amortized_device
NVIDIA L40S,bfloat16,16384,256,1,experiment/mma_split,2,5.67919984459877,0.015625,True,16,10,graph_amortized_device
NVIDIA L40S,bfloat16,16384,256,1,dao,2,10.205399990081787,0.0,True,16,10,graph_amortized_device
NVIDIA L40S,bfloat16,16384,256,1,dao_plus_quant,2,20.225800573825836,,True,16,10,graph_amortized_device
NVIDIA L40S,bfloat16,16384,256,1,experiment/warp,3,6.044799834489822,0.0,True,16,10,graph_amortized_device
NVIDIA L40S,bfloat16,16384,256,1,dao_plus_quant,3,20.225000381469727,,True,16,10,graph_amortized_device
NVIDIA L40S,bfloat16,16384,256,1,dao,3,10.204599797725677,0.0,True,16,10,graph_amortized_device
NVIDIA L40S,bfloat16,16384,256,1,experiment/mma_split,3,5.679599940776825,0.015625,True,16,10,graph_amortized_device
NVIDIA L40S,bfloat16,16384,256,1,experiment/mma_fast,3,5.431799963116646,0.03125,True,16,10,graph_amortized_device
NVIDIA L40S,bfloat16,16384,256,1,experiment/wmma_split,3,8.248800039291382,0.015625,True,16,10,graph_amortized_device
NVIDIA L40S,bfloat16,16384,256,1,experiment/wmma_fast,3,7.328200340270996,0.03125,True,16,10,graph_amortized_device
NVIDIA L40S,bfloat16,16384,256,1,experiment/wmma_split,4,8.256399631500244,0.015625,True,16,10,graph_amortized_device
NVIDIA L40S,bfloat16,16384,256,1,experiment/mma_fast,4,5.438999831676483,0.03125,True,16,10,graph_amortized_device
NVIDIA L40S,bfloat16,16384,256,1,experiment/mma_split,4,5.693399906158447,0.015625,True,16,10,graph_amortized_device
NVIDIA L40S,bfloat16,16384,256,1,dao,4,10.206999629735947,0.0,True,16,10,graph_amortized_device
NVIDIA L40S,bfloat16,16384,256,1,dao_plus_quant,4,20.227399468421936,,True,16,10,graph_amortized_device
NVIDIA L40S,bfloat16,16384,256,1,experiment/warp,4,5.961199849843979,0.0,True,16,10,graph_amortized_device
NVIDIA L40S,bfloat16,16384,256,1,experiment/wmma_fast,4,7.389400154352188,0.03125,True,16,10,graph_amortized_device
NVIDIA L40S,bfloat16,131072,256,0,dao,0,206.67219161987305,0.0,True,16,10,graph_amortized_device
NVIDIA L40S,bfloat16,131072,256,0,dao_plus_quant,0,237.36019134521484,,True,16,10,graph_amortized_device
NVIDIA L40S,bfloat16,131072,256,0,experiment/warp,0,205.30900955200195,0.0,True,16,10,graph_amortized_device
NVIDIA L40S,bfloat16,131072,256,0,experiment/wmma_fast,0,204.6816110610962,0.5,False,16,10,graph_amortized_device
NVIDIA L40S,bfloat16,131072,256,0,experiment/wmma_split,0,204.44018840789795,0.5,False,16,10,graph_amortized_device
NVIDIA L40S,bfloat16,131072,256,0,experiment/mma_fast,0,205.0908088684082,0.5,False,16,10,graph_amortized_device
NVIDIA L40S,bfloat16,131072,256,0,experiment/mma_split,0,204.54599857330322,0.5,False,16,10,graph_amortized_device
NVIDIA L40S,bfloat16,131072,256,0,dao,1,206.50920867919922,0.0,True,16,10,graph_amortized_device
NVIDIA L40S,bfloat16,131072,256,0,experiment/mma_split,1,204.47518825531006,0.5,False,16,10,graph_amortized_device
NVIDIA L40S,bfloat16,131072,256,0,experiment/mma_fast,1,205.30738830566406,0.5,False,16,10,graph_amortized_device
NVIDIA L40S,bfloat16,131072,256,0,experiment/wmma_split,1,205.13379573822021,0.5,False,16,10,graph_amortized_device
NVIDIA L40S,bfloat16,131072,256,0,experiment/wmma_fast,1,204.51600551605225,0.5,False,16,10,graph_amortized_device
NVIDIA L40S,bfloat16,131072,256,0,experiment/warp,1,205.35199642181396,0.0,True,16,10,graph_amortized_device
NVIDIA L40S,bfloat16,131072,256,0,dao_plus_quant,1,237.34979629516602,,True,16,10,graph_amortized_device
NVIDIA L40S,bfloat16,131072,256,0,experiment/warp,2,205.33061027526855,0.0,True,16,10,graph_amortized_device
NVIDIA L40S,bfloat16,131072,256,0,experiment/wmma_fast,2,204.955792427063,0.5,False,16,10,graph_amortized_device
NVIDIA L40S,bfloat16,131072,256,0,experiment/wmma_split,2,204.77221012115479,0.5,False,16,10,graph_amortized_device
NVIDIA L40S,bfloat16,131072,256,0,experiment/mma_fast,2,204.73239421844482,0.5,False,16,10,graph_amortized_device
NVIDIA L40S,bfloat16,131072,256,0,experiment/mma_split,2,204.58500385284424,0.5,False,16,10,graph_amortized_device
NVIDIA L40S,bfloat16,131072,256,0,dao,2,206.5645933151245,0.0,True,16,10,graph_amortized_device
NVIDIA L40S,bfloat16,131072,256,0,dao_plus_quant,2,237.41960525512695,,True,16,10,graph_amortized_device
NVIDIA L40S,bfloat16,131072,256,0,experiment/warp,3,205.28221130371094,0.0,True,16,10,graph_amortized_device
NVIDIA L40S,bfloat16,131072,256,0,dao_plus_quant,3,237.32740879058838,,True,16,10,graph_amortized_device
NVIDIA L40S,bfloat16,131072,256,0,dao,3,206.76720142364502,0.0,True,16,10,graph_amortized_device
NVIDIA L40S,bfloat16,131072,256,0,experiment/mma_split,3,204.92520332336426,0.5,False,16,10,graph_amortized_device
NVIDIA L40S,bfloat16,131072,256,0,experiment/mma_fast,3,205.1206111907959,0.5,False,16,10,graph_amortized_device
NVIDIA L40S,bfloat16,131072,256,0,experiment/wmma_split,3,204.68881130218506,0.5,False,16,10,graph_amortized_device
NVIDIA L40S,bfloat16,131072,256,0,experiment/wmma_fast,3,204.5938014984131,0.5,False,16,10,graph_amortized_device
NVIDIA L40S,bfloat16,131072,256,0,experiment/wmma_split,4,204.81081008911133,0.5,False,16,10,graph_amortized_device
NVIDIA L40S,bfloat16,131072,256,0,experiment/mma_fast,4,204.81319427490234,0.5,False,16,10,graph_amortized_device
NVIDIA L40S,bfloat16,131072,256,0,experiment/mma_split,4,204.46979999542236,0.5,False,16,10,graph_amortized_device
NVIDIA L40S,bfloat16,131072,256,0,dao,4,206.74700736999512,0.0,True,16,10,graph_amortized_device
NVIDIA L40S,bfloat16,131072,256,0,dao_plus_quant,4,237.3258113861084,,True,16,10,graph_amortized_device
NVIDIA L40S,bfloat16,131072,256,0,experiment/warp,4,205.4893970489502,0.0,True,16,10,graph_amortized_device
NVIDIA L40S,bfloat16,131072,256,0,experiment/wmma_fast,4,204.65819835662842,0.5,False,16,10,graph_amortized_device
NVIDIA L40S,bfloat16,131072,256,1,dao,0,207.0728063583374,0.0,True,16,10,graph_amortized_device
NVIDIA L40S,bfloat16,131072,256,1,dao_plus_quant,0,235.7450008392334,,True,16,10,graph_amortized_device
NVIDIA L40S,bfloat16,131072,256,1,experiment/warp,0,204.6557903289795,0.0,True,16,10,graph_amortized_device
NVIDIA L40S,bfloat16,131072,256,1,experiment/wmma_fast,0,203.8301944732666,0.03125,True,16,10,graph_amortized_device
NVIDIA L40S,bfloat16,131072,256,1,experiment/wmma_split,0,204.2125940322876,0.03125,True,16,10,graph_amortized_device
NVIDIA L40S,bfloat16,131072,256,1,experiment/mma_fast,0,205.46700954437256,0.03125,True,16,10,graph_amortized_device
NVIDIA L40S,bfloat16,131072,256,1,experiment/mma_split,0,205.4948091506958,0.03125,True,16,10,graph_amortized_device
NVIDIA L40S,bfloat16,131072,256,1,dao,1,207.33959674835205,0.0,True,16,10,graph_amortized_device
NVIDIA L40S,bfloat16,131072,256,1,experiment/mma_split,1,205.70979118347168,0.03125,True,16,10,graph_amortized_device
NVIDIA L40S,bfloat16,131072,256,1,experiment/mma_fast,1,205.47080039978027,0.03125,True,16,10,graph_amortized_device
NVIDIA L40S,bfloat16,131072,256,1,experiment/wmma_split,1,204.59699630737305,0.03125,True,16,10,graph_amortized_device
NVIDIA L40S,bfloat16,131072,256,1,experiment/wmma_fast,1,204.0734052658081,0.03125,True,16,10,graph_amortized_device
NVIDIA L40S,bfloat16,131072,256,1,experiment/warp,1,204.44459915161133,0.0,True,16,10,graph_amortized_device
NVIDIA L40S,bfloat16,131072,256,1,dao_plus_quant,1,235.51740646362305,,True,16,10,graph_amortized_device
NVIDIA L40S,bfloat16,131072,256,1,experiment/warp,2,205.09839057922363,0.0,True,16,10,graph_amortized_device
NVIDIA L40S,bfloat16,131072,256,1,experiment/wmma_fast,2,204.02019023895264,0.03125,True,16,10,graph_amortized_device
NVIDIA L40S,bfloat16,131072,256,1,experiment/wmma_split,2,204.76620197296143,0.03125,True,16,10,graph_amortized_device
NVIDIA L40S,bfloat16,131072,256,1,experiment/mma_fast,2,205.36279678344727,0.03125,True,16,10,graph_amortized_device
NVIDIA L40S,bfloat16,131072,256,1,experiment/mma_split,2,205.67779541015625,0.03125,True,16,10,graph_amortized_device
NVIDIA L40S,bfloat16,131072,256,1,dao,2,207.48040676116943,0.0,True,16,10,graph_amortized_device
NVIDIA L40S,bfloat16,131072,256,1,dao_plus_quant,2,235.77139377593994,,True,16,10,graph_amortized_device
NVIDIA L40S,bfloat16,131072,256,1,experiment/warp,3,204.56180572509766,0.0,True,16,10,graph_amortized_device
NVIDIA L40S,bfloat16,131072,256,1,dao_plus_quant,3,235.67299842834473,,True,16,10,graph_amortized_device
NVIDIA L40S,bfloat16,131072,256,1,dao,3,207.2092056274414,0.0,True,16,10,graph_amortized_device
NVIDIA L40S,bfloat16,131072,256,1,experiment/mma_split,3,205.48560619354248,0.03125,True,16,10,graph_amortized_device
NVIDIA L40S,bfloat16,131072,256,1,experiment/mma_fast,3,205.46979904174805,0.03125,True,16,10,graph_amortized_device
NVIDIA L40S,bfloat16,131072,256,1,experiment/wmma_split,3,204.42259311676025,0.03125,True,16,10,graph_amortized_device
NVIDIA L40S,bfloat16,131072,256,1,experiment/wmma_fast,3,203.68459224700928,0.03125,True,16,10,graph_amortized_device
NVIDIA L40S,bfloat16,131072,256,1,experiment/wmma_split,4,204.82499599456787,0.03125,True,16,10,graph_amortized_device
NVIDIA L40S,bfloat16,131072,256,1,experiment/mma_fast,4,205.15680313110352,0.03125,True,16,10,graph_amortized_device
NVIDIA L40S,bfloat16,131072,256,1,experiment/mma_split,4,205.65121173858643,0.03125,True,16,10,graph_amortized_device
NVIDIA L40S,bfloat16,131072,256,1,dao,4,207.35619068145752,0.0,True,16,10,graph_amortized_device
NVIDIA L40S,bfloat16,131072,256,1,dao_plus_quant,4,235.7043981552124,,True,16,10,graph_amortized_device
NVIDIA L40S,bfloat16,131072,256,1,experiment/warp,4,204.49259281158447,0.0,True,16,10,graph_amortized_device
NVIDIA L40S,bfloat16,131072,256,1,experiment/wmma_fast,4,203.85940074920654,0.03125,True,16,10,graph_amortized_device
