path,bytes,sha256,kind,reason
results/ncu_retry_16975372/fused_int4.ncu-rep,579083,c39331ccf45d151188ebf3d46f09b03ce9336bc8d7f9e3441c6550d75e418e3d,file,raw binary artifact (summary retained)
results/ncu_retry_16975372/optimized.ncu-rep,574259,57df1e85fd1afa7c54854a0c17cc1fba20bea95072431826cc0368d0410f67d2,file,raw binary artifact (summary retained)
results/optimization_16970010/nsys_advanced_fp16_hd128.nsys-rep,334067,d27537c305007528b70cafb3765cf0b1aa387657f5bc6bd0ae3fb17e8a3863e7,file,raw binary artifact (summary retained)
results/optimization_16970010/nsys_advanced_fp16_hd128.sqlite,729088,5b28be8470330a16669db8a913f17b2c5aeba1f37a03d453747c88daabed0344,file,raw binary artifact (summary retained)
results/profile_16967596/nsys_fp16_hd128_tokens131072.nsys-rep,438201,0019e92b97dd577c6ddcd16726f5e71f3dab99802f90ace9b80815c3068b94db,file,raw binary artifact (summary retained)
results/profile_16967596/nsys_fp16_hd128_tokens131072.sqlite,782336,d66d3926cc86f390d01ea3fa6c3549f3e4ad704416c67fb1e099a9d95bddbb1d,file,raw binary artifact (summary retained)
scripts/__pycache__/parse_ncu.cpython-312.pyc,11952,d66fdb2b30935bfc2d734cda008ea09d7f6a34c75d169de8068e7c9e65b46eea,file,Python bytecode cache
scripts/__pycache__/plot_advanced.cpython-312.pyc,5196,08b0dc1af353f78aeb510ad55a9c2efd6fb73266c577d0dc42ef79a63ac61caf,file,Python bytecode cache
scripts/__pycache__/plot_ncu_retry.cpython-312.pyc,5286,8c12cf13cec27935bc08d15204229b6920db52204766af5ba89ae55a5824d61a,file,Python bytecode cache
scripts/__pycache__/plot_nsys.cpython-312.pyc,6727,166a938ff42245338df5bf3d0ed908e79c9cd22216cfdfdff0400661af893962,file,Python bytecode cache
scripts/__pycache__/plot_profiles.cpython-312.pyc,10085,f84a922dda9f0509b61d6e2703fc0b8bf64c12536ca8a52e25d4868ba5e215cb,file,Python bytecode cache
scripts/__pycache__/summarize_advanced.cpython-312.pyc,8507,64584da8a5f6f80ba3c33ef1580d7543f8a25ac92fd7fc464239c9b8c9304b76,file,Python bytecode cache
scripts/__pycache__/summarize_ncu_retry.cpython-312.pyc,4086,5cf2d06fe3885ad3717d4a0b91974552787bf394a2c1b252444feaad1841af7c,file,Python bytecode cache
scripts/__pycache__/summarize_nsys.cpython-312.pyc,6440,c9c6ec13c2186e08e68b450a6c999f05d01c25522750bcd60fa6e9ed9f3a29cf,file,Python bytecode cache
scripts/__pycache__/timings_to_metrics.cpython-312.pyc,4642,c08ac509bab9489ec5b2715d9fc3d8c801da7d6074305a60c966f4d02f575bb1,file,Python bytecode cache
tensor_core/results/audit_17249309/source_snapshot.tar.gz,52797,1197db80c56b7534d9113fbdbf8bd40f979e3a5c8e21ce3f3d2155133b8c6fdf,file,raw binary artifact (summary retained)
tensor_core/results/compile_17291054/bridge.log,0,e3b0c44298fc1c149afbf4c8996fb92427ae41e4649b934ca495991b7852b855,file,empty log
tensor_core/results/compile_17291054/mma.log,0,e3b0c44298fc1c149afbf4c8996fb92427ae41e4649b934ca495991b7852b855,file,empty log
tensor_core/results/compile_17291054/smoke.log,0,e3b0c44298fc1c149afbf4c8996fb92427ae41e4649b934ca495991b7852b855,file,empty log
tensor_core/results/compile_17291054/trace.log,0,e3b0c44298fc1c149afbf4c8996fb92427ae41e4649b934ca495991b7852b855,file,empty log
tensor_core/results/guard_quant_17294196/build_control.log,0,e3b0c44298fc1c149afbf4c8996fb92427ae41e4649b934ca495991b7852b855,file,empty log
tensor_core/results/guard_quant_17294196/build_guard.log,0,e3b0c44298fc1c149afbf4c8996fb92427ae41e4649b934ca495991b7852b855,file,empty log
tensor_core/results/guard_quant_17294196/build_selective.log,0,e3b0c44298fc1c149afbf4c8996fb92427ae41e4649b934ca495991b7852b855,file,empty log
tensor_core/results/guard_quant_17294196/guard_validation.log,0,e3b0c44298fc1c149afbf4c8996fb92427ae41e4649b934ca495991b7852b855,file,empty log
tensor_core/results/guard_quant_17294196/quant_validation.log,0,e3b0c44298fc1c149afbf4c8996fb92427ae41e4649b934ca495991b7852b855,file,empty log
tensor_core/results/hopper_gaps_17291971/ncu/ptx_fast_d128_all.ncu-rep,157417,3bdd1f94a01285a6d5889d51ea514a8d673fb8f9608dd9783d7b8587bcdf3ed3,file,raw binary artifact (summary retained)
tensor_core/results/hopper_gaps_17291971/ncu/ptx_fast_d128_none.ncu-rep,158581,70fa7ce9c3afc15337d3ebe3a66b7fe21baf538975de4877831c86a9522b97bf,file,raw binary artifact (summary retained)
tensor_core/results/hopper_gaps_17291971/ncu/ptx_fast_d256_all.ncu-rep,158928,dd835a182e2be17cc6e91f4e87a7dc4457e16be911593d4c9b34a715f6355c2b,file,raw binary artifact (summary retained)
tensor_core/results/hopper_gaps_17291971/ncu/ptx_fast_d256_none.ncu-rep,158838,3c6ab31871970bae889a6d5477f52392ecaccd9bf531623ea240dbbe08d77e4d,file,raw binary artifact (summary retained)
tensor_core/results/hopper_gaps_17291971/ncu/ptx_fast_d64_all.ncu-rep,157412,b006ecfbc8526d72cb5fae2641a4f105d73d1d5f811743041d92db1407a9d92c,file,raw binary artifact (summary retained)
tensor_core/results/hopper_gaps_17291971/ncu/ptx_fast_d64_none.ncu-rep,157414,5f4b8b904aeae5e39c2c11a1f98c462450916df9195a4ced8ead039b3494e2ec,file,raw binary artifact (summary retained)
tensor_core/results/hopper_gaps_17291971/ncu/ptx_split_d128_all.ncu-rep,157418,d8f0c1b07421abb179e4fbb042e0a19b5b09800f33808cb43737d92c955f2e4c,file,raw binary artifact (summary retained)
tensor_core/results/hopper_gaps_17291971/ncu/ptx_split_d128_none.ncu-rep,158582,c2bcf6bb46ef4eecfc349e8e34eb4f92c569f45a4836579a651b0df0ef256061,file,raw binary artifact (summary retained)
tensor_core/results/hopper_gaps_17291971/ncu/ptx_split_d256_all.ncu-rep,158929,dcc6f00a998908a3fa9fb76549517243ad2dc10774ae250852e1a3c4e12ae8c4,file,raw binary artifact (summary retained)
tensor_core/results/hopper_gaps_17291971/ncu/ptx_split_d256_none.ncu-rep,158839,52942310beb215ade970408fd584b40834aa94a01625da7e46744b3ec3e3c84f,file,raw binary artifact (summary retained)
tensor_core/results/hopper_gaps_17291971/ncu/ptx_split_d64_all.ncu-rep,157413,573de8a1ec3b9631d95cc17c39234f0c6857c7c701aa766826ea6ecc46d03239,file,raw binary artifact (summary retained)
tensor_core/results/hopper_gaps_17291971/ncu/ptx_split_d64_none.ncu-rep,157415,6aa1398785daed5d656e84e46235c6e6d190878cbb404b8d4cec1d8fca5ba76c,file,raw binary artifact (summary retained)
tensor_core/results/hopper_gaps_17291971/ncu/warp_d128_all.ncu-rep,526892,1358e3d1859fd43425d81ca47042265f61c3840bec2f9329ed6e5d76a4096fe0,file,raw binary artifact (summary retained)
tensor_core/results/hopper_gaps_17291971/ncu/warp_d128_none.ncu-rep,525640,ca8641b2e5afb5d6311f24f1032cb65a702b0d1768c5404ef4311efdfc374212,file,raw binary artifact (summary retained)
tensor_core/results/hopper_gaps_17291971/ncu/warp_d256_all.ncu-rep,526892,0b8fdb9eb4aadb71165d8cea708254fa388f7946e00029a3908705497c6eb63b,file,raw binary artifact (summary retained)
tensor_core/results/hopper_gaps_17291971/ncu/warp_d256_none.ncu-rep,525640,584afebb4443a6ad855acfa66c89e8a1c5825f6e8650742eb3de462b318659a2,file,raw binary artifact (summary retained)
tensor_core/results/hopper_gaps_17291971/ncu/warp_d64_all.ncu-rep,526888,90590b267ee722fb8e3ff9aab31873a1c8be28bd9ae493a8931305c11db1295d,file,raw binary artifact (summary retained)
tensor_core/results/hopper_gaps_17291971/ncu/warp_d64_none.ncu-rep,526889,77d47560f03870c5645d59c51aa1100f76120579ba1f72129bb0a6a380f9a258,file,raw binary artifact (summary retained)
tensor_core/results/hopper_gaps_17291971/ncu/wmma_fast_d128_all.ncu-rep,623759,2db9ca7e2c332b1c4fb43cb80674d9c93787c3b72aedccf0b6f8e1211e2cbed5,file,raw binary artifact (summary retained)
tensor_core/results/hopper_gaps_17291971/ncu/wmma_fast_d128_none.ncu-rep,623761,09857f174cd0d93d2b858115cd178f6d0383ad359eddd608d2caefe9cddfc2eb,file,raw binary artifact (summary retained)
tensor_core/results/hopper_gaps_17291971/ncu/wmma_fast_d256_all.ncu-rep,623988,35be0fd7ca003aea22c818d03666272f62d652e2e88809ffafa46f4fbe636703,file,raw binary artifact (summary retained)
tensor_core/results/hopper_gaps_17291971/ncu/wmma_fast_d256_none.ncu-rep,623990,40ba09317d64631801d1f8f973f266ca34a846979b02bd1755c63df63e4c1aa7,file,raw binary artifact (summary retained)
tensor_core/results/hopper_gaps_17291971/ncu/wmma_fast_d64_all.ncu-rep,622635,077fe001e30d5e43bac46128ab8c83b3096f065b4ac510da785b212cfe5849f5,file,raw binary artifact (summary retained)
tensor_core/results/hopper_gaps_17291971/ncu/wmma_fast_d64_none.ncu-rep,624016,512eedb5bf2b490c1ec3787ebb45558a535a6f1defd0f26751bbd29364d9461e,file,raw binary artifact (summary retained)
tensor_core/results/hopper_gaps_17291971/ncu/wmma_split_d128_all.ncu-rep,623988,197aa4e9f2722763e5f4e08317b8008e0b93f6b3bd107098d2a69cc012cd8f3f,file,raw binary artifact (summary retained)
tensor_core/results/hopper_gaps_17291971/ncu/wmma_split_d256_all.ncu-rep,623989,f46639091faad0d4b9686790131d3e525765235fe2f7d78dbbea73c74927df53,file,raw binary artifact (summary retained)
tensor_core/results/hopper_gaps_17291971/ncu/wmma_split_d256_none.ncu-rep,623991,070711701384dd4a8d7e98f3635ee7112cde60ba5ff51177b1ee1558ea720d69,file,raw binary artifact (summary retained)
tensor_core/results/hopper_gaps_17291971/ncu/wmma_split_d64_all.ncu-rep,622636,7e954f90211d4a0a81f364685a8713229a994e40f35533161ed05ac2464e2aaf,file,raw binary artifact (summary retained)
tensor_core/results/hopper_gaps_17291971/ncu/wmma_split_d64_none.ncu-rep,624017,7e0a2b7610fe6b4f04df311eb649bc982fc8d0d54cbb131a2d6ce4c5f24f6a56,file,raw binary artifact (summary retained)
tensor_core/results/hopper_gaps_17292654/build_f4_q0.log,0,e3b0c44298fc1c149afbf4c8996fb92427ae41e4649b934ca495991b7852b855,file,empty log
tensor_core/results/hopper_gaps_17292654/build_f4_q1.log,0,e3b0c44298fc1c149afbf4c8996fb92427ae41e4649b934ca495991b7852b855,file,empty log
tensor_core/results/hopper_gaps_17292654/build_f8_q1.log,0,e3b0c44298fc1c149afbf4c8996fb92427ae41e4649b934ca495991b7852b855,file,empty log
tensor_core/results/hopper_gaps_17292654/build_p0.log,0,e3b0c44298fc1c149afbf4c8996fb92427ae41e4649b934ca495991b7852b855,file,empty log
tensor_core/results/hopper_gaps_17292654/build_p1.log,0,e3b0c44298fc1c149afbf4c8996fb92427ae41e4649b934ca495991b7852b855,file,empty log
tensor_core/results/hopper_gaps_17292654/build_p2.log,0,e3b0c44298fc1c149afbf4c8996fb92427ae41e4649b934ca495991b7852b855,file,empty log
tensor_core/results/hopper_gaps_17292654/hopper_summary.log,0,e3b0c44298fc1c149afbf4c8996fb92427ae41e4649b934ca495991b7852b855,file,empty log
tensor_core/results/hopper_gaps_17292654/ncu/ptx_fast_d128_all.log,527,fa4ffb8600e82a3afebad5e43063e61fab70caa7750f502499d1b95e19fdbf6b,file,identical copy of hopper_gaps_17291971/ncu/ptx_fast_d128_all.log
tensor_core/results/hopper_gaps_17292654/ncu/ptx_fast_d128_all_raw.csv,35847,1bde02f5d3eeab2d56e5a8452defa92b0816f2675b3dc61bdb1f649968caa8f0,file,identical copy of hopper_gaps_17291971/ncu/ptx_fast_d128_all_raw.csv
tensor_core/results/hopper_gaps_17292654/ncu/ptx_fast_d128_none.log,623,ed80136fe1d5ac7f266b2bfe9abaa42c861354a3970663624abbe27e6ea5ac63,file,identical copy of hopper_gaps_17291971/ncu/ptx_fast_d128_none.log
tensor_core/results/hopper_gaps_17292654/ncu/ptx_fast_d128_none_raw.csv,35842,9b558b2d9f00ae2c6cb4db371f3854e7cb1a6562bbbac99ba7205c8b0e839317,file,identical copy of hopper_gaps_17291971/ncu/ptx_fast_d128_none_raw.csv
tensor_core/results/hopper_gaps_17292654/ncu/ptx_fast_d256_all.log,527,1d3fc0820492244c792d077c1cd5c88f34e2297ba0a34b244e38753ef279dab3,file,identical copy of hopper_gaps_17291971/ncu/ptx_fast_d256_all.log
tensor_core/results/hopper_gaps_17292654/ncu/ptx_fast_d256_all_raw.csv,35861,2e25f1036d399bb03509b0c7f54132f60801de3f8e59eac4755e9fbbb93b4d8a,file,identical copy of hopper_gaps_17291971/ncu/ptx_fast_d256_all_raw.csv
tensor_core/results/hopper_gaps_17292654/ncu/ptx_fast_d256_none.log,623,f6971e1101eb31b296840e20f4f49c24cc2d4539e47f495876997260ae116f68,file,identical copy of hopper_gaps_17291971/ncu/ptx_fast_d256_none.log
tensor_core/results/hopper_gaps_17292654/ncu/ptx_fast_d256_none_raw.csv,35830,8e6aa34a96f114a9d43e6c388a526f870038ffe994608022f0a58d0867f3b5a3,file,identical copy of hopper_gaps_17291971/ncu/ptx_fast_d256_none_raw.csv
tensor_core/results/hopper_gaps_17292654/ncu/ptx_fast_d64_all.log,525,b2016be4373133076e29cb08e0ee9aa95179f3dfb029c720580930fe0627a247,file,identical copy of hopper_gaps_17291971/ncu/ptx_fast_d64_all.log
tensor_core/results/hopper_gaps_17292654/ncu/ptx_fast_d64_all_raw.csv,35831,f23e36d33ca025029582433b4b4b0a382db89501519455df1e606806e9aa72a1,file,identical copy of hopper_gaps_17291971/ncu/ptx_fast_d64_all_raw.csv
tensor_core/results/hopper_gaps_17292654/ncu/ptx_fast_d64_none.log,621,3008bca6fe190e4ab11447ae15daeddbde09efa4149ff561308f7c3ca80cbace,file,identical copy of hopper_gaps_17291971/ncu/ptx_fast_d64_none.log
tensor_core/results/hopper_gaps_17292654/ncu/ptx_fast_d64_none_raw.csv,35784,dc49f3c389e01a899976962a035f0a2252f842e30bfe002432c2674d3417046a,file,identical copy of hopper_gaps_17291971/ncu/ptx_fast_d64_none_raw.csv
tensor_core/results/hopper_gaps_17292654/ncu/ptx_split_d128_all.log,528,09cfe4e9374a51d05db4138760600e62cb06dd474cb1c692494916460a7aba7a,file,identical copy of hopper_gaps_17291971/ncu/ptx_split_d128_all.log
tensor_core/results/hopper_gaps_17292654/ncu/ptx_split_d128_all_raw.csv,35853,8e4e1300aaa8614f2a67c0ad745be3b3e6b0f4004e4176282b3199cace26f2a6,file,identical copy of hopper_gaps_17291971/ncu/ptx_split_d128_all_raw.csv
tensor_core/results/hopper_gaps_17292654/ncu/ptx_split_d128_none.log,624,47edc70184a0962a5a123767a842ecff089e5b7ca611b65125500effdbb03a0c,file,identical copy of hopper_gaps_17291971/ncu/ptx_split_d128_none.log
tensor_core/results/hopper_gaps_17292654/ncu/ptx_split_d128_none_raw.csv,35825,4be4673216a755e0710476652536fc87104621f8cb09bd2cbfc700ae9d29178a,file,identical copy of hopper_gaps_17291971/ncu/ptx_split_d128_none_raw.csv
tensor_core/results/hopper_gaps_17292654/ncu/ptx_split_d256_all.log,528,9aeb427a29f74f0e186a724488158c17df7804d913f807f3267002923fa814b2,file,identical copy of hopper_gaps_17291971/ncu/ptx_split_d256_all.log
tensor_core/results/hopper_gaps_17292654/ncu/ptx_split_d256_all_raw.csv,35861,067083ee6826cf06883d7f5f923d57d529b10d552c89882f483d51958a1b5143,file,identical copy of hopper_gaps_17291971/ncu/ptx_split_d256_all_raw.csv
tensor_core/results/hopper_gaps_17292654/ncu/ptx_split_d256_none.log,624,c00f04f1f8fde83cef5ae0a4a15802787c71493aa766768d87add24ed4303b87,file,identical copy of hopper_gaps_17291971/ncu/ptx_split_d256_none.log
tensor_core/results/hopper_gaps_17292654/ncu/ptx_split_d256_none_raw.csv,35843,0c8703c1204d15b8c19411abee1568ec69b079a248d1a6cf20bf3701c2e19c1f,file,identical copy of hopper_gaps_17291971/ncu/ptx_split_d256_none_raw.csv
tensor_core/results/hopper_gaps_17292654/ncu/ptx_split_d64_all.log,526,ee9c120d8f4f66f76e16e65fc7db272364295e546ec8081f987b64b59833e594,file,identical copy of hopper_gaps_17291971/ncu/ptx_split_d64_all.log
tensor_core/results/hopper_gaps_17292654/ncu/ptx_split_d64_all_raw.csv,35833,5cc9384625519b8b96521af59b0a3770e8dcd8a4a3d1b2044f0a87f560c9b7c1,file,identical copy of hopper_gaps_17291971/ncu/ptx_split_d64_all_raw.csv
tensor_core/results/hopper_gaps_17292654/ncu/ptx_split_d64_none.log,622,f772710403028eaa2acc987188d9da9a22aaa37b4fdfd2e5bcf47e0ae9e2f7d8,file,identical copy of hopper_gaps_17291971/ncu/ptx_split_d64_none.log
tensor_core/results/hopper_gaps_17292654/ncu/ptx_split_d64_none_raw.csv,35783,a2776eb820233e321a77604e0875b32f45ad65dac6abc82dbe3c0964a7eef2e4,file,identical copy of hopper_gaps_17291971/ncu/ptx_split_d64_none_raw.csv
tensor_core/results/hopper_gaps_17292654/ncu/warp_d128_all.log,524,0b4f1081b8fd407a01d39f4760b09a2a4c7317f48609eb51455f7c1f6be90421,file,identical copy of hopper_gaps_17291971/ncu/warp_d128_all.log
tensor_core/results/hopper_gaps_17292654/ncu/warp_d128_all_raw.csv,35705,912672271174bf36fe4e15b8b48452c45ec1d3239742c5b4b2bda1bbbabd490b,file,identical copy of hopper_gaps_17291971/ncu/warp_d128_all_raw.csv
tensor_core/results/hopper_gaps_17292654/ncu/warp_d128_none.log,620,d06233fb997399cd0da8cfaf04a987309ab44d94aac2aff710299603b828a74f,file,identical copy of hopper_gaps_17291971/ncu/warp_d128_none.log
tensor_core/results/hopper_gaps_17292654/ncu/warp_d128_none_raw.csv,35678,b3ac12fa6fcd18530d53a0b8dff99306eb9f26fbd421e5cec942b4f0eaeb5d02,file,identical copy of hopper_gaps_17291971/ncu/warp_d128_none_raw.csv
tensor_core/results/hopper_gaps_17292654/ncu/warp_d256_all.log,524,78d62ae4bc452d618a8f14bb1404018433cfa9e318eb2cf841d40f56e4fc6199,file,identical copy of hopper_gaps_17291971/ncu/warp_d256_all.log
tensor_core/results/hopper_gaps_17292654/ncu/warp_d256_all_raw.csv,35719,bf77b9fef22be1c8b0c2f5ee8c8c681a47640dc2fe55ee4cb9f2f3ed57e92d06,file,identical copy of hopper_gaps_17291971/ncu/warp_d256_all_raw.csv
tensor_core/results/hopper_gaps_17292654/ncu/warp_d256_none.log,620,290ed0824d393b96d085d92d71d309a91bfdd9c54d6a4baec0d4c57249be6af2,file,identical copy of hopper_gaps_17291971/ncu/warp_d256_none.log
tensor_core/results/hopper_gaps_17292654/ncu/warp_d256_none_raw.csv,35689,dd8cf2f453d6f3771aa94f1cd786326089a4ce6aaef1de3c7b8b73448845f4d5,file,identical copy of hopper_gaps_17291971/ncu/warp_d256_none_raw.csv
tensor_core/results/hopper_gaps_17292654/ncu/warp_d64_all.log,522,73de4c77de3d427d4a70b3261334e22c3cf3d0c5cca5e559b1cd51947d789086,file,identical copy of hopper_gaps_17291971/ncu/warp_d64_all.log
tensor_core/results/hopper_gaps_17292654/ncu/warp_d64_all_raw.csv,35692,300c81135faa3c4b133d2c4cf7a1cbac4143db080064d1b7fae7923bc7754d1b,file,identical copy of hopper_gaps_17291971/ncu/warp_d64_all_raw.csv
tensor_core/results/hopper_gaps_17292654/ncu/warp_d64_none.log,618,58c330b87aad0bfe0af3ff2fe41f85ce377bbece8f97cbadcafa26d3a0f77921,file,identical copy of hopper_gaps_17291971/ncu/warp_d64_none.log
tensor_core/results/hopper_gaps_17292654/ncu/warp_d64_none_raw.csv,35657,1bbc0af2f56516ab45f11f175cd691a7628e9df12b7822a9934f4263b837dc12,file,identical copy of hopper_gaps_17291971/ncu/warp_d64_none_raw.csv
tensor_core/results/hopper_gaps_17292654/ncu/wmma_fast_d128_all.log,527,39f92b3bb352f0ebda65430361527c0e6fe3a6c50746fed62be92436f6ed9138,file,identical copy of hopper_gaps_17291971/ncu/wmma_fast_d128_all.log
tensor_core/results/hopper_gaps_17292654/ncu/wmma_fast_d128_all_raw.csv,35877,077ce63c9f79b4f5048c159906ee84f5dc456e36a68b6a7049a3c46407638448,file,identical copy of hopper_gaps_17291971/ncu/wmma_fast_d128_all_raw.csv
tensor_core/results/hopper_gaps_17292654/ncu/wmma_fast_d128_none.log,623,1755473ce30dc9117be4860812570fbd4e1c29a95ee9356d95be7753c027a475,file,identical copy of hopper_gaps_17291971/ncu/wmma_fast_d128_none.log
tensor_core/results/hopper_gaps_17292654/ncu/wmma_fast_d128_none_raw.csv,35870,43da406c6bdd9e82efa314d2a5d949964fa7d1f8b3ae115d979afb6a9758882d,file,identical copy of hopper_gaps_17291971/ncu/wmma_fast_d128_none_raw.csv
tensor_core/results/hopper_gaps_17292654/ncu/wmma_fast_d256_all.log,527,a7e5685e7cc4b469ea6541f33e00928a29d8f9cf4a09afe14d58ea06fde98404,file,identical copy of hopper_gaps_17291971/ncu/wmma_fast_d256_all.log
tensor_core/results/hopper_gaps_17292654/ncu/wmma_fast_d256_all_raw.csv,35902,cd168da3e72ef993e426a9b8fc2bae7c59996a5aa53aa9a9d9a6ac1914ae3ed9,file,identical copy of hopper_gaps_17291971/ncu/wmma_fast_d256_all_raw.csv
tensor_core/results/hopper_gaps_17292654/ncu/wmma_fast_d256_none.log,623,33813a7a02c7e2959323c46063a467df0c78031b8faa9d5efedd635324dfe292,file,identical copy of hopper_gaps_17291971/ncu/wmma_fast_d256_none.log
tensor_core/results/hopper_gaps_17292654/ncu/wmma_fast_d256_none_raw.csv,35877,686a4264f14997f73c335fc5ede3bd132a678ecf14c7f7e0868f3e03bd108c1a,file,identical copy of hopper_gaps_17291971/ncu/wmma_fast_d256_none_raw.csv
tensor_core/results/hopper_gaps_17292654/ncu/wmma_fast_d64_all.log,525,67286468b6e38f7dd0d4231e503af08b9688a4db7cd433fa789f5ade71830436,file,identical copy of hopper_gaps_17291971/ncu/wmma_fast_d64_all.log
tensor_core/results/hopper_gaps_17292654/ncu/wmma_fast_d64_all_raw.csv,35841,f39005349f64ca2d55a526582dfca1c1b561034b7304ccdda0e8ee5d38372ebc,file,identical copy of hopper_gaps_17291971/ncu/wmma_fast_d64_all_raw.csv
tensor_core/results/hopper_gaps_17292654/ncu/wmma_fast_d64_none.log,621,45b262a26dbb7c9fd6e062f8fc58502ed9f1909258ef2b345420274e745bede6,file,identical copy of hopper_gaps_17291971/ncu/wmma_fast_d64_none.log
tensor_core/results/hopper_gaps_17292654/ncu/wmma_fast_d64_none_raw.csv,35807,dc0f67befc3a64dd9f85ba17a8894ea016f10fdc5f59baa4284310d12b701881,file,identical copy of hopper_gaps_17291971/ncu/wmma_fast_d64_none_raw.csv
tensor_core/results/hopper_gaps_17292654/ncu/wmma_split_d128_all.log,528,7138739acdfe9626653bc2dc713a4a56999fc565bd41487911c056766668bf95,file,identical copy of hopper_gaps_17291971/ncu/wmma_split_d128_all.log
tensor_core/results/hopper_gaps_17292654/ncu/wmma_split_d128_all_raw.csv,35847,341175f7bdf345d9696cfa86b741998e89b7dca163bfbdba6a377d69c808c91f,file,identical copy of hopper_gaps_17291971/ncu/wmma_split_d128_all_raw.csv
tensor_core/results/hopper_gaps_17292654/ncu/wmma_split_d128_none.log,389,85b7d66763b22a3cf4851bac3ccc0760004c1a11e672bcb25d01b82dc708d77c,file,identical copy of hopper_gaps_17291971/ncu/wmma_split_d128_none.log
tensor_core/results/hopper_gaps_17292654/ncu/wmma_split_d128_none_raw.csv,35816,3eea788788e2777cefe232fad778a1dcff01eefeebfd0a661df403a9387f6a8e,file,identical copy of hopper_gaps_17291971/ncu/wmma_split_d128_none_raw.csv
tensor_core/results/hopper_gaps_17292654/ncu/wmma_split_d128_none_retry.log,713,dfd252aa00bba3be87abdbb9c1cab7f313076f4e1d5afb2405ef2218682dace7,file,identical copy of hopper_gaps_17291971/ncu/wmma_split_d128_none_retry.log
tensor_core/results/hopper_gaps_17292654/ncu/wmma_split_d256_all.log,528,ae46a3691a3f1dfe916d64a72fa8dce825cb90831c16636f973d010eb588174a,file,identical copy of hopper_gaps_17291971/ncu/wmma_split_d256_all.log
tensor_core/results/hopper_gaps_17292654/ncu/wmma_split_d256_all_raw.csv,35871,cf98a6bdfc19c77b326a07a096efbe492e4d6bac2b588f0c87f44ceb1534595e,file,identical copy of hopper_gaps_17291971/ncu/wmma_split_d256_all_raw.csv
tensor_core/results/hopper_gaps_17292654/ncu/wmma_split_d256_none.log,624,28d8e4617cce402b8ee7b8025a76bcb31200079b38e1f00888c18e13d816902a,file,identical copy of hopper_gaps_17291971/ncu/wmma_split_d256_none.log
tensor_core/results/hopper_gaps_17292654/ncu/wmma_split_d256_none_raw.csv,35851,3446f5b122195c7cc5bf7d94f20f185046daa1cdce94023593d3264be2a7a933,file,identical copy of hopper_gaps_17291971/ncu/wmma_split_d256_none_raw.csv
tensor_core/results/hopper_gaps_17292654/ncu/wmma_split_d64_all.log,526,5b51bbbba9d0f5644b1c4d47f3d7b83c4511193a722271b18d91490701631b69,file,identical copy of hopper_gaps_17291971/ncu/wmma_split_d64_all.log
tensor_core/results/hopper_gaps_17292654/ncu/wmma_split_d64_all_raw.csv,35810,6fbae507e774f78c0027f5a4d67e5a67550a7d4c953deedf34f167304b5baccf,file,identical copy of hopper_gaps_17291971/ncu/wmma_split_d64_all_raw.csv
tensor_core/results/hopper_gaps_17292654/ncu/wmma_split_d64_none.log,622,b1cdf4cb6424fa9f6a97004b522263de006bccf2b6aeb687a11be928408cb3b0,file,identical copy of hopper_gaps_17291971/ncu/wmma_split_d64_none.log
tensor_core/results/hopper_gaps_17292654/ncu/wmma_split_d64_none_raw.csv,35781,0b6b867d126fcc8cf46e554926dc8fd5629d898e8e550a1753e57d38f6767018,file,identical copy of hopper_gaps_17291971/ncu/wmma_split_d64_none_raw.csv
tensor_core/results/hopper_gaps_17292654/precision_validation.log,0,e3b0c44298fc1c149afbf4c8996fb92427ae41e4649b934ca495991b7852b855,file,empty log
tensor_core/results/libperf_17289704/build.log,0,e3b0c44298fc1c149afbf4c8996fb92427ae41e4649b934ca495991b7852b855,file,empty log
tensor_core/results/libperf_17289704/summary.log,0,e3b0c44298fc1c149afbf4c8996fb92427ae41e4649b934ca495991b7852b855,file,empty log
tensor_core/results/mma_17290837/validation.log,0,e3b0c44298fc1c149afbf4c8996fb92427ae41e4649b934ca495991b7852b855,file,empty log
tensor_core/results/ncu_17251063/source_snapshot.tar.gz,78988,cc870c389839582b064ceb53a8e7522c88cefcaaaa558474128261d0a25cab30,file,raw binary artifact (summary retained)
tensor_core/results/ncu_17251063/w0_tc4_v1/ncu/tc_fast_all.ncu-rep,636224,e6f16d03b6e435b79483dbd1a87225df759260d543b546e676f031e077f08a40,file,raw binary artifact (summary retained)
tensor_core/results/ncu_17251063/w0_tc4_v1/ncu/tc_fast_none.ncu-rep,636224,9bcf20c09e2547496846a60b9f767cf9530dec11d1c17bd859ed89942a438b3e,file,raw binary artifact (summary retained)
tensor_core/results/ncu_17251063/w0_tc4_v1/ncu/tc_split_all.ncu-rep,636850,f96bc609c78c2d395fc2fd1313915a2ab1157d4ac1e16b1b4672f2ed382fe91b,file,raw binary artifact (summary retained)
tensor_core/results/ncu_17251063/w0_tc4_v1/ncu/tc_split_none.ncu-rep,637079,b87ffeb5ba6b84467e1223a6b958d48938f28702d6488fff6bd8d5ff3f9dc39d,file,raw binary artifact (summary retained)
tensor_core/results/ncu_17251063/w0_tc4_v1/ncu/warp_all.ncu-rep,537486,acc06fa42b75d25b3c6266456c6fe44b3008d55a264ba6db3ee63767fdea6bf8,file,raw binary artifact (summary retained)
tensor_core/results/ncu_17251063/w0_tc4_v1/ncu/warp_d64_all.ncu-rep,536684,48859f167481af2427c9c3735806bfafcb69b6f69a5cbd81a9951593126f52b5,file,raw binary artifact (summary retained)
tensor_core/results/ncu_17251063/w0_tc4_v1/ncu/warp_d64_none.ncu-rep,535688,c237326020b8a621396fd1c7a8855c64eca6cbf0603eeb3b859cb051af7a2dc2,file,raw binary artifact (summary retained)
tensor_core/results/ncu_17251063/w0_tc4_v1/ncu/warp_none.ncu-rep,535244,7fb2eff31aa543f09b0d644732dc948db8e648c356f106ffbc78d15e90c50cbb,file,raw binary artifact (summary retained)
tensor_core/results/ncu_17251063/w0_tc4_v2/ncu/tc_fast_all.ncu-rep,634927,3c4905e858dcb36f97977725587212fc4f95a9dc562fd8d134a053345e465b3e,file,raw binary artifact (summary retained)
tensor_core/results/ncu_17251063/w0_tc4_v2/ncu/tc_fast_none.ncu-rep,634928,9bc46b5af428fdc6ada5c232630f24392595469501e61cabbd5da5734d7498be,file,raw binary artifact (summary retained)
tensor_core/results/ncu_17251063/w0_tc4_v2/ncu/tc_split_all.ncu-rep,635553,8d91ee8f2573a40e818195cb2d52b202cfd98b56683ee6033bc88322e9bb1fb6,file,raw binary artifact (summary retained)
tensor_core/results/ncu_17251063/w0_tc4_v2/ncu/tc_split_none.ncu-rep,635783,839c72f080c4e7c3c220eb811a5ac36b95467b4017c87507efd3004569680935,file,raw binary artifact (summary retained)
tensor_core/results/ncu_17251063/w0_tc4_v2/ncu/warp_all.ncu-rep,537486,6b5a84a37c969f085f90edc5362f55df3ac795ba7986006616bcbe63e159128e,file,raw binary artifact (summary retained)
tensor_core/results/ncu_17251063/w0_tc4_v2/ncu/warp_d64_all.ncu-rep,536684,b279542db095f4dae0e1e05e12780bf79e3fe4946d74ae9d7f03fbe2594a0552,file,raw binary artifact (summary retained)
tensor_core/results/ncu_17251063/w0_tc4_v2/ncu/warp_d64_none.ncu-rep,535688,5621326fa2a1b97a03038493c7cbb21c27ea8607862368f9f5677337302855ae,file,raw binary artifact (summary retained)
tensor_core/results/ncu_17251063/w0_tc4_v2/ncu/warp_none.ncu-rep,535244,082512e887a174916ca084d6fe0e5cf4fd6e516bc6885a82ded42181ac1209df,file,raw binary artifact (summary retained)
tensor_core/results/ncu_17251063/w4_tc4_v0/ncu/tc_fast_all.ncu-rep,679409,5077c1e75dd09156d9988648d06a58488de0b60ea1a62d143cb95ac900114dfb,file,raw binary artifact (summary retained)
tensor_core/results/ncu_17251063/w4_tc4_v0/ncu/tc_fast_none.ncu-rep,679411,c1842cf9e4836c8db984943f1620f2bdd538802365c3c188341d6668eaf0e5b0,file,raw binary artifact (summary retained)
tensor_core/results/ncu_17251063/w4_tc4_v0/ncu/tc_split_all.ncu-rep,679862,8234a12027485d416edde9cf44483e1111c7842e780c3198a6d9bbd0fa00fb55,file,raw binary artifact (summary retained)
tensor_core/results/ncu_17251063/w4_tc4_v0/ncu/tc_split_none.ncu-rep,680930,ebf7814c479e7bb9deb03125c28a0f0f446f7afb1a0479c3cb761a78b5284fde,file,raw binary artifact (summary retained)
tensor_core/results/ncu_17251063/w4_tc4_v0/ncu/warp_all.ncu-rep,537475,6793f53ef5a53c88e969c1bd1a557c3a3e55ba7a2119f9265f60d1e5e72296e1,file,raw binary artifact (summary retained)
tensor_core/results/ncu_17251063/w4_tc4_v0/ncu/warp_d64_all.ncu-rep,536672,d2126c97661edec688b7c893971978af162bab50e894babc7b81e855afa10b92,file,raw binary artifact (summary retained)
tensor_core/results/ncu_17251063/w4_tc4_v0/ncu/warp_d64_none.ncu-rep,536684,a7296a6140315a88b408c4dc103afea114c0d8642168bf42b4ba84445622fa93,file,raw binary artifact (summary retained)
tensor_core/results/ncu_17251063/w4_tc4_v0/ncu/warp_none.ncu-rep,535233,ba5ae3ee5daf1c2a099692dda86d1939864bdfcd33922c43d3c3486d1c515d7d,file,raw binary artifact (summary retained)
tensor_core/results/ncu_17251063/w4_tc4_v1/ncu/tc_fast_all.ncu-rep,636224,a1848c4f8aeff6ccf558630273b2bf90d3ea22b9151c247d61eed336237271fa,file,raw binary artifact (summary retained)
tensor_core/results/ncu_17251063/w4_tc4_v1/ncu/tc_fast_none.ncu-rep,636225,22d95c981acd2b7b988e5cdf2da5ef4e624862b23d6284aa73eaf6b7682e72d5,file,raw binary artifact (summary retained)
tensor_core/results/ncu_17251063/w4_tc4_v1/ncu/tc_split_all.ncu-rep,636850,3bbd7ed12f55f7736c7ba3e3c0fb15a43603ac1a0ae7aaac4ef5ff3681e9e29c,file,raw binary artifact (summary retained)
tensor_core/results/ncu_17251063/w4_tc4_v1/ncu/tc_split_none.ncu-rep,636851,918d5c2768e51682b8ce6992b7ae2cdb5ca39a808a17fa47ab45a84101d7995d,file,raw binary artifact (summary retained)
tensor_core/results/ncu_17251063/w4_tc4_v1/ncu/warp_all.ncu-rep,537487,80c7681e417f9b588de0701d356916c8dd2a9d569a075126f27fd2c679ade9d0,file,raw binary artifact (summary retained)
tensor_core/results/ncu_17251063/w4_tc4_v1/ncu/warp_d64_all.ncu-rep,536683,2900f3180bc7d5315466fb2711b2ac3e3eeb024f8ece220ff03842c6190cbd07,file,raw binary artifact (summary retained)
tensor_core/results/ncu_17251063/w4_tc4_v1/ncu/warp_d64_none.ncu-rep,536684,617bac5118ef16853e04ac7fc956cef638b1f3a7b68f5cfa0c60643a46cc83ae,file,raw binary artifact (summary retained)
tensor_core/results/ncu_17251063/w4_tc4_v1/ncu/warp_none.ncu-rep,535244,b3a2b755efca7df7efc2d9d1771167e4fe6d84a8cc188f4d9c5816b8bb345aa3,file,raw binary artifact (summary retained)
tensor_core/results/ncu_17251063/w8_tc8_v0/ncu/tc_fast_all.ncu-rep,679396,39aa9db2d6b49a30c27b66161e3a213423d2eb2146e2515940392691242911c9,file,raw binary artifact (summary retained)
tensor_core/results/ncu_17251063/w8_tc8_v0/ncu/tc_fast_none.ncu-rep,680204,279157a22caa6d4f67b01ea0a0355902fbe314e3f7ef3c2a19b4902ce2a9c558,file,raw binary artifact (summary retained)
tensor_core/results/ncu_17251063/w8_tc8_v0/ncu/tc_split_all.ncu-rep,679849,980c46e7750b40b29e947e76218e4ff3120521b95ab2d134d35faf07456924c2,file,raw binary artifact (summary retained)
tensor_core/results/ncu_17251063/w8_tc8_v0/ncu/tc_split_none.ncu-rep,680917,329e5d1ee12294674bfc4474de69af62c40d8db502b6c4d9a9f907fc0b0ce50c,file,raw binary artifact (summary retained)
tensor_core/results/ncu_17251063/w8_tc8_v0/ncu/warp_all.ncu-rep,537487,8980ae71caa92648246d56ba6e3b67a7a8b838c7cea02917012a78902cfc3fd6,file,raw binary artifact (summary retained)
tensor_core/results/ncu_17251063/w8_tc8_v0/ncu/warp_d64_all.ncu-rep,536684,e1f9edc74ca0d2d483b7cab8379ea13d7387a9372db39112a33684df6ab1df26,file,raw binary artifact (summary retained)
tensor_core/results/ncu_17251063/w8_tc8_v0/ncu/warp_d64_none.ncu-rep,535688,2f22399e6c330e14f6fa1a05201c4bf11dc4ebb39bbf000f97c9ecd81ccbbc1a,file,raw binary artifact (summary retained)
tensor_core/results/ncu_17251063/w8_tc8_v0/ncu/warp_none.ncu-rep,535244,80fcba07e1e70c65b47d23cb68167124c0ac3d5702e282e12b4a37189f65a511,file,raw binary artifact (summary retained)
tensor_core/results/precision_17290602/build.log,0,e3b0c44298fc1c149afbf4c8996fb92427ae41e4649b934ca495991b7852b855,file,empty log
tensor_core/results/precision_17290602/diagnosis.log,0,e3b0c44298fc1c149afbf4c8996fb92427ae41e4649b934ca495991b7852b855,file,empty log
tensor_core/results/tc_17083405/nsys_tc_fp16_hd128.nsys-rep,577027,92e18619bf78fc9158ed0774774d5d8d0cd84e64356c3d3d003aaf9c256eb839,file,raw binary artifact (summary retained)
tensor_core/results/tc_17083405/nsys_tc_fp16_hd128.sqlite,929792,6deaab80226f0a798a5216196c1f1926f5092b93f8dbe2a654a1af666b5b4763,file,raw binary artifact (summary retained)
tensor_core/results/tc_ncu_17083350/ncu/tc_fast.ncu-rep,679270,49d94e900f2394ccc2e4df3eee729155f8b540291cc65544e00320d4eaeadabb,file,raw binary artifact (summary retained)
tensor_core/results/tc_ncu_17083350/ncu/tc_split.ncu-rep,680789,738090a3f8c8ee530dce4c1af81433d2e700a8194d3b617a8e62c486cc5fba52,file,raw binary artifact (summary retained)
tensor_core/results/tc_ncu_17083350/ncu/warp.ncu-rep,537337,a1920238a21bb21b54285404cb00167a6167e35eeb9b470ac3ed771ef13be3cf,file,raw binary artifact (summary retained)
tensor_core/results/verify_17251073/final/generation.log,0,e3b0c44298fc1c149afbf4c8996fb92427ae41e4649b934ca495991b7852b855,file,empty log
tensor_core/results/verify_17251073/progress/plot_metadata.json,252,1d45ac84e71f5734cc03606ef57c21239712fd88ed3dcaa635f275a8241459bd,file,superseded intermediate summary
tensor_core/results/verify_17251073/progress/summary.md,5126,9ecbe0c5479b36b45f9a5c9154b290f2d533e96fa6bb92e90c6c8f7f93ac6a47,file,superseded intermediate summary
tensor_core/results/verify_17251073/progress/timing_summary.csv,18505,5cc5938acf84f496a51fb4b661902621d92299611938dbeac4ff2b2049181472,file,superseded intermediate summary
tensor_core/results/verify_17251073/progress/tuning.png,273294,fd08fcc97f38277a68a2bc6cf0eaf2c40ee1aaf3a3ed80f64ba547b3c4d43612,file,superseded intermediate summary
tensor_core/results/verify_17251073/source_snapshot.tar.gz,77894,80456b7b86ad88debc6e5882442d1d5ea719b29dd7622a59cde1d05e2a88c4f5,file,raw binary artifact (summary retained)
tensor_core/results/verify_17251073/summary/plot_metadata.json,344,13dc77bb04219d3b1ddc24b3b45a9c77fcb9874ca19476c3b67154942c42347d,file,superseded intermediate summary
tensor_core/results/verify_17251073/summary/summary.md,5621,c38df243c6e326a770d55c14fe5c51598950043451d8c5c6e185d80fdd0584fb,file,superseded intermediate summary
tensor_core/results/verify_17251073/summary/timing_summary.csv,23195,6df149f12c3d2de94129237789638a17ec6dda4e8268d2730b9bb46a2589eae5,file,superseded intermediate summary
tensor_core/results/verify_17251073/summary/tuning.png,239157,92939ccff53e83d505b2ea53d389b758f446d0a124a5823ba92f776084e373e1,file,superseded intermediate summary
tensor_core/results/verify_17251073/summary_generation.log,0,e3b0c44298fc1c149afbf4c8996fb92427ae41e4649b934ca495991b7852b855,file,empty log
tensor_core/results/verify_17251073/w0_tc4_v1/validation/000_fp16_d64_n1_norm1_normal.log,1730,7b2c518fdff276f19d90dbda1d970b38f44c108341d210e7ddf29af50c53efb6,file,per-case validation log (validation CSV retained)
tensor_core/results/verify_17251073/w0_tc4_v1/validation/001_fp16_d64_n5_norm1_normal.log,1731,548046b42301a5abce427e5c076a3c9f3d93e3bb9118412c5993a22edbec57d9,file,per-case validation log (validation CSV retained)
tensor_core/results/verify_17251073/w0_tc4_v1/validation/002_fp16_d64_n2048_norm1_normal.log,1740,ee5c7cc8700f985142aff96f812b3f5bd8358c8183d8cee183cd898f0bfb6514,file,per-case validation log (validation CSV retained)
tensor_core/results/verify_17251073/w0_tc4_v1/validation/003_fp16_d64_n1_norm0_normal.log,1731,cf8a7320eb4ea92a2e62840f22c6aa068f42325180392340b2edd08a7c8e05c8,file,per-case validation log (validation CSV retained)
tensor_core/results/verify_17251073/w0_tc4_v1/validation/004_fp16_d64_n5_norm0_normal.log,1732,75370fa86c016ce118c46e9b3b1d21538cca44d508314ee9d24a25b08250d1e2,file,per-case validation log (validation CSV retained)
tensor_core/results/verify_17251073/w0_tc4_v1/validation/005_fp16_d64_n2048_norm0_normal.log,1741,e3aebb29ac941f1663ce58bf0b1304530ddfad7f8c183070a31398ccb22af3e8,file,per-case validation log (validation CSV retained)
tensor_core/results/verify_17251073/w0_tc4_v1/validation/006_fp16_d128_n1_norm1_normal.log,1732,703463409581b0f987efbd24d528b07fc91f0a197bd578bd34f1b5535980a5fb,file,per-case validation log (validation CSV retained)
tensor_core/results/verify_17251073/w0_tc4_v1/validation/007_fp16_d128_n5_norm1_normal.log,1732,c90219afda0c000ea2b30bd200303e6dee3e05e1115441796d2cabb5209173d1,file,per-case validation log (validation CSV retained)
tensor_core/results/verify_17251073/w0_tc4_v1/validation/008_fp16_d128_n2048_norm1_normal.log,1741,a33928cd32682cdface86800af888e25b14412e06cb81c9aee21df0d1e19e0ba,file,per-case validation log (validation CSV retained)
tensor_core/results/verify_17251073/w0_tc4_v1/validation/009_fp16_d128_n1_norm0_normal.log,1733,c512c8d4fba067e969db8c963b32da92639a0dd66f8eb6f8e67244bb73c85a9e,file,per-case validation log (validation CSV retained)
tensor_core/results/verify_17251073/w0_tc4_v1/validation/010_fp16_d128_n5_norm0_normal.log,1733,5c47cca480008ae2d613b6897fee03809e31bb960ab0836694ba355372b1ca6c,file,per-case validation log (validation CSV retained)
tensor_core/results/verify_17251073/w0_tc4_v1/validation/011_fp16_d128_n2048_norm0_normal.log,1742,c5b081a1de2bebd42a40716bd29e65244ca927331339603f524e84658ab8725f,file,per-case validation log (validation CSV retained)
tensor_core/results/verify_17251073/w0_tc4_v1/validation/012_fp16_d256_n1_norm1_normal.log,1732,0a9278c5ddd4d177d9e9fb322d0b2ecc5d47b564b709c462ac7cbce41cf40f74,file,per-case validation log (validation CSV retained)
tensor_core/results/verify_17251073/w0_tc4_v1/validation/013_fp16_d256_n5_norm1_normal.log,1733,97299be2e072ec934270540725bce4ccb4ddd94a4e4a607e341a4d3f03df2ca5,file,per-case validation log (validation CSV retained)
tensor_core/results/verify_17251073/w0_tc4_v1/validation/014_fp16_d256_n2048_norm1_normal.log,1741,6365fb7f9aafea6a8a576bad32632bb3cad7da2f507b0c0603a8b947bbe4ff47,file,per-case validation log (validation CSV retained)
tensor_core/results/verify_17251073/w0_tc4_v1/validation/015_fp16_d256_n1_norm0_normal.log,1733,6ab5314867ff11780f00115321b2de1bb230798ca22e683eb42fab46310a168a,file,per-case validation log (validation CSV retained)
tensor_core/results/verify_17251073/w0_tc4_v1/validation/016_fp16_d256_n5_norm0_normal.log,1734,7f4c464b0086643394b1fbd9a813ae297f836a1f8a5de7133a1a31f717676b98,file,per-case validation log (validation CSV retained)
tensor_core/results/verify_17251073/w0_tc4_v1/validation/017_fp16_d256_n2048_norm0_normal.log,1742,f90b37437f3bde187661de2daa6b9170b322af772fb89fcfa642b983dd0e9774,file,per-case validation log (validation CSV retained)
tensor_core/results/verify_17251073/w0_tc4_v1/validation/018_fp16_d512_n1_norm1_normal.log,1578,8686aaac7d8ad22848e831ba2c1439e42a587a996bdb6307d55fb4d2ebafba74,file,per-case validation log (validation CSV retained)
tensor_core/results/verify_17251073/w0_tc4_v1/validation/019_fp16_d512_n5_norm1_normal.log,1579,677e92fedf688b6db85b000a9b68d5032c1cfbaa3de8a04cfdaf41ba500d17ae,file,per-case validation log (validation CSV retained)
tensor_core/results/verify_17251073/w0_tc4_v1/validation/020_fp16_d512_n2048_norm1_normal.log,1588,ca8949542a23844c1e00893db11d04bd33c41a1b0859ea42f0371451385611d8,file,per-case validation log (validation CSV retained)
tensor_core/results/verify_17251073/w0_tc4_v1/validation/021_fp16_d512_n1_norm0_normal.log,1579,81f04c3d1aae7d9d03f5d687d0164d035f25a2975120face1ecc319357c33938,file,per-case validation log (validation CSV retained)
tensor_core/results/verify_17251073/w0_tc4_v1/validation/022_fp16_d512_n5_norm0_normal.log,1580,422de7d661016eda1c4404c890d9de3abb4557ad5717fb94a6cf847614c2eaf3,file,per-case validation log (validation CSV retained)
tensor_core/results/verify_17251073/w0_tc4_v1/validation/023_fp16_d512_n2048_norm0_normal.log,1589,19d21e7f174954441f652fae5d8217b925c7aa8b2b61b42aa52647a2b0f1feb2,file,per-case validation log (validation CSV retained)
tensor_core/results/verify_17251073/w0_tc4_v1/validation/024_fp16_d1024_n1_norm1_normal.log,1580,7e676403335b778513b4fa2361995777995b2e4d4724104d246c23fb4f350926,file,per-case validation log (validation CSV retained)
tensor_core/results/verify_17251073/w0_tc4_v1/validation/025_fp16_d1024_n5_norm1_normal.log,1580,3c49da6ab967cc94f3247972aaca0e51a271af10f9e51af83531912fd21fe3a2,file,per-case validation log (validation CSV retained)
tensor_core/results/verify_17251073/w0_tc4_v1/validation/026_fp16_d1024_n2048_norm1_normal.log,1589,58c0102400d73574cbd23c63aa7718a2303c5ac39ec6e1ce51e01fc6d8cab206,file,per-case validation log (validation CSV retained)
tensor_core/results/verify_17251073/w0_tc4_v1/validation/027_fp16_d1024_n1_norm0_normal.log,1581,60996252085e2df1a5eb779c2fd7f54901575398e1a687ba3a07a982eb01dd7f,file,per-case validation log (validation CSV retained)
tensor_core/results/verify_17251073/w0_tc4_v1/validation/028_fp16_d1024_n5_norm0_normal.log,1581,80e43ef2e9113c0880cde41a33d47b10c4573512d4db8ff671dd2dfaa53d9d0e,file,per-case validation log (validation CSV retained)
tensor_core/results/verify_17251073/w0_tc4_v1/validation/029_fp16_d1024_n2048_norm0_normal.log,1590,a2e5610d3c0607ec940184b9eb394dfe3528461da93516ee83056abe5d940432,file,per-case validation log (validation CSV retained)
tensor_core/results/verify_17251073/w0_tc4_v1/validation/030_bf16_d64_n1_norm1_normal.log,1730,5ff11d324fc0c8b9088ce4a85576a076dd3d2b76d4879b8224f075d91abb5b99,file,per-case validation log (validation CSV retained)
tensor_core/results/verify_17251073/w0_tc4_v1/validation/031_bf16_d64_n5_norm1_normal.log,1731,435d7320f1cc021cd7469e268c7ac8bed1d22ebf4243a66f3a9b0d7a22b37e1c,file,per-case validation log (validation CSV retained)
tensor_core/results/verify_17251073/w0_tc4_v1/validation/032_bf16_d64_n2048_norm1_normal.log,1740,00ed5532c4a6fb905cb23e4ee505b464d47a7536464667c90a6b37be46174e96,file,per-case validation log (validation CSV retained)
tensor_core/results/verify_17251073/w0_tc4_v1/validation/033_bf16_d64_n1_norm0_normal.log,1731,8822831909c2728a623c6777ba354dbb5d207a0b2454c1d1d108366c961aa886,file,per-case validation log (validation CSV retained)
tensor_core/results/verify_17251073/w0_tc4_v1/validation/034_bf16_d64_n5_norm0_normal.log,1732,b8198932f5c290229400ebb6bbab03cf75a9ead5434822b4e6f06d0f9e962992,file,per-case validation log (validation CSV retained)
tensor_core/results/verify_17251073/w0_tc4_v1/validation/035_bf16_d64_n2048_norm0_normal.log,1741,ad603805b532ab40a5e5cb305302943cd23a557e8a2738428e91664feb6145d3,file,per-case validation log (validation CSV retained)
tensor_core/results/verify_17251073/w0_tc4_v1/validation/036_bf16_d128_n1_norm1_normal.log,1732,fe0a8a7ed3f25fe3de3d20035e7d87a3cb5b0ebd1f03b2b5ec2ab656f85bd068,file,per-case validation log (validation CSV retained)
tensor_core/results/verify_17251073/w0_tc4_v1/validation/037_bf16_d128_n5_norm1_normal.log,1732,ea8facc2fdfd9ac8e9ae379b5183ca0a90ef6dbe46e155412b05678737516c93,file,per-case validation log (validation CSV retained)
tensor_core/results/verify_17251073/w0_tc4_v1/validation/038_bf16_d128_n2048_norm1_normal.log,1741,c5f501f034af335239c72efe14a1da866187741fc9fe124b60c35d2a6bbc7031,file,per-case validation log (validation CSV retained)
tensor_core/results/verify_17251073/w0_tc4_v1/validation/039_bf16_d128_n1_norm0_normal.log,1733,77f084917ab46408481712abb20fa60122a02c2bbd5dd17d8cba3e3d02b97ed2,file,per-case validation log (validation CSV retained)
tensor_core/results/verify_17251073/w0_tc4_v1/validation/040_bf16_d128_n5_norm0_normal.log,1733,e5f534ee876d23ac1f724d02f7749250e2ac0de0ab947f35e8f22f61c68c1a9a,file,per-case validation log (validation CSV retained)
tensor_core/results/verify_17251073/w0_tc4_v1/validation/041_bf16_d128_n2048_norm0_normal.log,1742,d924813e856a490bd0a9db6e4d24c31a4525a3b87f8d33f9af09fae9fa18b4e8,file,per-case validation log (validation CSV retained)
tensor_core/results/verify_17251073/w0_tc4_v1/validation/042_bf16_d256_n1_norm1_normal.log,1732,ff72f953193d815a9b698104c48e184a45736b75e10a3bb914b5b216eb0508c6,file,per-case validation log (validation CSV retained)
tensor_core/results/verify_17251073/w0_tc4_v1/validation/043_bf16_d256_n5_norm1_normal.log,1733,d233c5f3ed46b424332ac41336400c5934ea9d6ed9fa450c1c511cb8c41745d7,file,per-case validation log (validation CSV retained)
tensor_core/results/verify_17251073/w0_tc4_v1/validation/044_bf16_d256_n2048_norm1_normal.log,1739,6cb161a08db1dc8506d985d3d62402220c46d087176479d4e7514806e8803650,file,per-case validation log (validation CSV retained)
tensor_core/results/verify_17251073/w0_tc4_v1/validation/045_bf16_d256_n1_norm0_normal.log,1733,03dd12729f574d232ef39c278585f8af149c292e48a1e17bce74fe1719204815,file,per-case validation log (validation CSV retained)
tensor_core/results/verify_17251073/w0_tc4_v1/validation/046_bf16_d256_n5_norm0_normal.log,1734,93c462df1a74c44718cdaaf1db325c46a47cf2a0e305cae337af628b369726a6,file,per-case validation log (validation CSV retained)
tensor_core/results/verify_17251073/w0_tc4_v1/validation/047_bf16_d256_n2048_norm0_normal.log,1740,b4f81dace8e47d434284aa6ccf8c5329b6d7143a35a3cbb767cad7cc27cdab68,file,per-case validation log (validation CSV retained)
tensor_core/results/verify_17251073/w0_tc4_v1/validation/048_bf16_d512_n1_norm1_normal.log,1578,51584cb649d8ae6a17845a0605a14d2e8784572d054658c49a222c7bd8722e35,file,per-case validation log (validation CSV retained)
tensor_core/results/verify_17251073/w0_tc4_v1/validation/049_bf16_d512_n5_norm1_normal.log,1579,698566516fde17a861ca12be8561be66399536e62f3accd85d76e23d212f9189,file,per-case validation log (validation CSV retained)
tensor_core/results/verify_17251073/w0_tc4_v1/validation/050_bf16_d512_n2048_norm1_normal.log,1588,fa5e6df8ae954c3d25fd911a6d330b02364e883458ae7821189f8d0119af82fa,file,per-case validation log (validation CSV retained)
tensor_core/results/verify_17251073/w0_tc4_v1/validation/051_bf16_d512_n1_norm0_normal.log,1579,e41c9bbd765aee5d80e352a97e66ed059e5fcd565374ccbedaa89c2b735f5b87,file,per-case validation log (validation CSV retained)
tensor_core/results/verify_17251073/w0_tc4_v1/validation/052_bf16_d512_n5_norm0_normal.log,1580,e3bba8990c8dacd836206e316505cabd9b6c056601eddd051d4f2db29eef86bf,file,per-case validation log (validation CSV retained)
tensor_core/results/verify_17251073/w0_tc4_v1/validation/053_bf16_d512_n2048_norm0_normal.log,1589,fd1dde1d6bd767a15ab2bdb1d9cddd3663d9f307b75fa388276f51f96fbd6115,file,per-case validation log (validation CSV retained)
tensor_core/results/verify_17251073/w0_tc4_v1/validation/054_bf16_d1024_n1_norm1_normal.log,1580,790c45d6ab1818008a687887219e0f9cfe0598b73969baa6a581166e6ae2472a,file,per-case validation log (validation CSV retained)
tensor_core/results/verify_17251073/w0_tc4_v1/validation/055_bf16_d1024_n5_norm1_normal.log,1580,8548f0cb2b1676f565d43a63bebdaf364468ac7d599d774aeb84a1cd6f82cabc,file,per-case validation log (validation CSV retained)
tensor_core/results/verify_17251073/w0_tc4_v1/validation/056_bf16_d1024_n2048_norm1_normal.log,1589,0a46db4dbeea4966ec763f17677f7d53b792402787c9041c66576066caa53902,file,per-case validation log (validation CSV retained)
tensor_core/results/verify_17251073/w0_tc4_v1/validation/057_bf16_d1024_n1_norm0_normal.log,1581,edd738ae6cd0e7eda6241602f8b45f40fbf896ded55e610e4c31a5b4608c33df,file,per-case validation log (validation CSV retained)
tensor_core/results/verify_17251073/w0_tc4_v1/validation/058_bf16_d1024_n5_norm0_normal.log,1581,a267104b1fbd6c23dc042f05020282a9626f205d38863b90e8d4c2303c61e597,file,per-case validation log (validation CSV retained)
tensor_core/results/verify_17251073/w0_tc4_v1/validation/059_bf16_d1024_n2048_norm0_normal.log,1590,f43030949839359db8ee3dc5efeca2610fb5c7149880d363371b1bb5e60b66ff,file,per-case validation log (validation CSV retained)
tensor_core/results/verify_17251073/w0_tc4_v1/validation/060_fp16_d64_n5_norm1_zeros.log,1731,cd4fdfe0e44edf9cbed8f90a1ab4806fd4c7041d2d43934da02029fa0c6c6def,file,per-case validation log (validation CSV retained)
tensor_core/results/verify_17251073/w0_tc4_v1/validation/061_fp16_d64_n5_norm1_constant.log,1731,1e15aa2cbf8a968c75646ebf5e278d1effbc0a2398bcb2326bc7cbcb8c8b64ac,file,per-case validation log (validation CSV retained)
tensor_core/results/verify_17251073/w0_tc4_v1/validation/062_fp16_d64_n5_norm1_alternating.log,1731,ef1cca0e377d21c7bbf6f4820214016b618da382c48fd5dff34e07841163dc38,file,per-case validation log (validation CSV retained)
tensor_core/results/verify_17251073/w0_tc4_v1/validation/063_fp16_d64_n5_norm1_impulse.log,1731,6af7e353ad6f6613371ca8f810e9e6e3928da35e5fc0aca87a854f1b46cd1f8c,file,per-case validation log (validation CSV retained)
tensor_core/results/verify_17251073/w0_tc4_v1/validation/064_fp16_d64_n5_norm1_uniform.log,1731,445cde51a19f8696acf2743728d4545e39d489d6ddf1d652a79970823c13d343,file,per-case validation log (validation CSV retained)
tensor_core/results/verify_17251073/w0_tc4_v1/validation/065_fp16_d64_n5_norm1_outlier.log,1731,9688a7230b59ef24a38097c4be0f5215ae2c43f438c675189d20f6fc7a5a6f15,file,per-case validation log (validation CSV retained)
tensor_core/results/verify_17251073/w0_tc4_v1/validation/066_fp16_d64_n5_norm0_zeros.log,1732,a2c8e89a264d2368eca96e9a8b9fddfd341d3384cf47dbaef6d10c3ac40f2316,file,per-case validation log (validation CSV retained)
tensor_core/results/verify_17251073/w0_tc4_v1/validation/067_fp16_d64_n5_norm0_constant.log,1732,ecda7fed63f806cd4cd7fecf328bff065f1bcb6e98eb8df52c7a13d68da1069d,file,per-case validation log (validation CSV retained)
tensor_core/results/verify_17251073/w0_tc4_v1/validation/068_fp16_d64_n5_norm0_alternating.log,1732,67b69068901ec8f6db1d790bc094e0d2127713c241a3769c00f6fed1bc1b1853,file,per-case validation log (validation CSV retained)
tensor_core/results/verify_17251073/w0_tc4_v1/validation/069_fp16_d64_n5_norm0_impulse.log,1732,5a7a3c1c09ff87c637cac99a8ed64bf0eca4eb05fae3049c0c8a0c83e010e10a,file,per-case validation log (validation CSV retained)
tensor_core/results/verify_17251073/w0_tc4_v1/validation/070_fp16_d64_n5_norm0_uniform.log,1732,2e5e4c0bf70372a83b5435fe4720be56f5a96c190b9c52b25c26cd568412b541,file,per-case validation log (validation CSV retained)
tensor_core/results/verify_17251073/w0_tc4_v1/validation/071_fp16_d64_n5_norm0_outlier.log,1732,3ccb6a27d8b2931cde7c11f582874fdea939f28f4d29083231e01347d45a9d22,file,per-case validation log (validation CSV retained)
tensor_core/results/verify_17251073/w0_tc4_v1/validation/072_fp16_d128_n5_norm1_zeros.log,1732,17a0abacbe448049bd3646724adbb11a5909ae9a29fcc7794e43f92ac8e732d5,file,per-case validation log (validation CSV retained)
tensor_core/results/verify_17251073/w0_tc4_v1/validation/073_fp16_d128_n5_norm1_constant.log,1732,6b52353cdf5c3c9d483961b23321c64d2f08088b7dce6c3d2ce6b3677d38f0d1,file,per-case validation log (validation CSV retained)
tensor_core/results/verify_17251073/w0_tc4_v1/validation/074_fp16_d128_n5_norm1_alternating.log,1732,1e06cf3dc631b32d0945f75c3612992881b969da9f80a090f6f83aa4a630b29c,file,per-case validation log (validation CSV retained)
tensor_core/results/verify_17251073/w0_tc4_v1/validation/075_fp16_d128_n5_norm1_impulse.log,1732,860da7898e856b8c353c98061d6f217e814b4b2187a4cb553d0fdc4b405f72e0,file,per-case validation log (validation CSV retained)
tensor_core/results/verify_17251073/w0_tc4_v1/validation/076_fp16_d128_n5_norm1_uniform.log,1732,23922d8f45afb8cf6c89f9110d7088d74212e6335836a4ef2ed0536825962c19,file,per-case validation log (validation CSV retained)
tensor_core/results/verify_17251073/w0_tc4_v1/validation/077_fp16_d128_n5_norm1_outlier.log,1732,46998a84b6934a0f6838a5a7223b071cd4a1ea4a5807b51d18cf185030d7703c,file,per-case validation log (validation CSV retained)
tensor_core/results/verify_17251073/w0_tc4_v1/validation/078_fp16_d128_n5_norm0_zeros.log,1733,ad1eaead28926bb6b4f39b38be976dacf1e92779d41cc91294a966e4d3e72337,file,per-case validation log (validation CSV retained)
tensor_core/results/verify_17251073/w0_tc4_v1/validation/079_fp16_d128_n5_norm0_constant.log,1733,8aa21526c2f5aee349819dd36f1c844726827d9e7fa5a6c1986d83311af9e05b,file,per-case validation log (validation CSV retained)
tensor_core/results/verify_17251073/w0_tc4_v1/validation/080_fp16_d128_n5_norm0_alternating.log,1733,38c53dc1229ebb80c1b34cdbc00c9ad8f46fc5c0518863adff06d3052047e605,file,per-case validation log (validation CSV retained)
tensor_core/results/verify_17251073/w0_tc4_v1/validation/081_fp16_d128_n5_norm0_impulse.log,1733,aaa20803135794b2ae62407813540d64ba8453883d6f666d9f28d70e19c58f0d,file,per-case validation log (validation CSV retained)
tensor_core/results/verify_17251073/w0_tc4_v1/validation/082_fp16_d128_n5_norm0_uniform.log,1733,a2666d2dc3daad71d2482198c0aeb7db126fd02d58a97c767d858b96dd8cec6c,file,per-case validation log (validation CSV retained)
tensor_core/results/verify_17251073/w0_tc4_v1/validation/083_fp16_d128_n5_norm0_outlier.log,1733,08e5a5fc4c7b0cbddd989ba1d1d001d09858d005adf51520171f1d96347a1184,file,per-case validation log (validation CSV retained)
tensor_core/results/verify_17251073/w0_tc4_v1/validation/084_fp16_d256_n5_norm1_zeros.log,1733,9b1e57e0c3679e710f814661a5287ee3d665c2689a36c2c137a810aa2d925f9f,file,per-case validation log (validation CSV retained)
tensor_core/results/verify_17251073/w0_tc4_v1/validation/085_fp16_d256_n5_norm1_constant.log,1733,716bceec3e7769c54d37fb1667a30f5d7058be2c450990a5a0a0f74f5c752624,file,per-case validation log (validation CSV retained)
tensor_core/results/verify_17251073/w0_tc4_v1/validation/086_fp16_d256_n5_norm1_alternating.log,1733,4d554616ffe940afeb2d2faf513a46de9b4da9e801b7d54b21f9e3a9787f3770,file,per-case validation log (validation CSV retained)
tensor_core/results/verify_17251073/w0_tc4_v1/validation/087_fp16_d256_n5_norm1_impulse.log,1733,490637e49360bd884b1538a464990d4221b3b463f92e85c130b131db325f537b,file,per-case validation log (validation CSV retained)
tensor_core/results/verify_17251073/w0_tc4_v1/validation/088_fp16_d256_n5_norm1_uniform.log,1733,6ab78a1f17b39dff850a9d876a85801bd9aa12c08b62a94872fa3216a317038e,file,per-case validation log (validation CSV retained)
tensor_core/results/verify_17251073/w0_tc4_v1/validation/089_fp16_d256_n5_norm1_outlier.log,1733,cf480d4eb44fed194c2662785f3e80e5dc98a2a738bea8b9657090a57b375719,file,per-case validation log (validation CSV retained)
tensor_core/results/verify_17251073/w0_tc4_v1/validation/090_fp16_d256_n5_norm0_zeros.log,1734,fc4968d8c6da7fbc48a123e7b403fbf41a075bd6c7f9e90cd36ea59c76d5bef6,file,per-case validation log (validation CSV retained)
tensor_core/results/verify_17251073/w0_tc4_v1/validation/091_fp16_d256_n5_norm0_constant.log,1734,e84cfcbe8144f821c3a7d39d9b56f0dc4df556ae1930a449e79fd44a2f7846b4,file,per-case validation log (validation CSV retained)
tensor_core/results/verify_17251073/w0_tc4_v1/validation/092_fp16_d256_n5_norm0_alternating.log,1734,0bc55abebc4e8f219314175dfb89314ec6dddd7a7e66a05d0d1782b698cef2e5,file,per-case validation log (validation CSV retained)
tensor_core/results/verify_17251073/w0_tc4_v1/validation/093_fp16_d256_n5_norm0_impulse.log,1734,e9fe861b614dcba9d118814320b142e4f7d1eedd1356703df2708297a842255b,file,per-case validation log (validation CSV retained)
tensor_core/results/verify_17251073/w0_tc4_v1/validation/094_fp16_d256_n5_norm0_uniform.log,1734,a7ebb7dbb20c710a7e13de1fcd6c9e18dc1b7e9ca689087bb6c628c8fc901704,file,per-case validation log (validation CSV retained)
tensor_core/results/verify_17251073/w0_tc4_v1/validation/095_fp16_d256_n5_norm0_outlier.log,1734,9763eba49a6acc544db8890016d11a83f1fef2ad24b626d5450c282816e72892,file,per-case validation log (validation CSV retained)
tensor_core/results/verify_17251073/w0_tc4_v1/validation/096_bf16_d64_n5_norm1_zeros.log,1731,862bbc344cd651f238714652b7869d92d87eabb76f3357db5613f3569e2bd7e9,file,per-case validation log (validation CSV retained)
tensor_core/results/verify_17251073/w0_tc4_v1/validation/097_bf16_d64_n5_norm1_constant.log,1731,53af57a6fb2d893097f924713ab8623ece8701940a6d0e0268fd7e34218cfb8d,file,per-case validation log (validation CSV retained)
tensor_core/results/verify_17251073/w0_tc4_v1/validation/098_bf16_d64_n5_norm1_alternating.log,1731,222154b1356d0605338ee11179afad46519326eb7797cbb8e884c9372f85a0a9,file,per-case validation log (validation CSV retained)
tensor_core/results/verify_17251073/w0_tc4_v1/validation/099_bf16_d64_n5_norm1_impulse.log,1731,e28930f699bc8b0d42863037c009cee7e90e7d5650d3916bfb35d3e621f0d3bb,file,per-case validation log (validation CSV retained)
tensor_core/results/verify_17251073/w0_tc4_v1/validation/100_bf16_d64_n5_norm1_uniform.log,1731,6ed6b1fedd8e18c46cff04001c4e6dda6e293f10c34d8157cdc9f2c3c8ac4b43,file,per-case validation log (validation CSV retained)
tensor_core/results/verify_17251073/w0_tc4_v1/validation/101_bf16_d64_n5_norm1_outlier.log,1731,e894e4e78e466ad4ee9dec875059e3a37d127b9b5a3cd75f99c4608335f2b0b2,file,per-case validation log (validation CSV retained)
tensor_core/results/verify_17251073/w0_tc4_v1/validation/102_bf16_d64_n5_norm0_zeros.log,1732,53724695f68267c0c83928b831fc9b02c90a0ae58a74a606b05377c065b4f41b,file,per-case validation log (validation CSV retained)
tensor_core/results/verify_17251073/w0_tc4_v1/validation/103_bf16_d64_n5_norm0_constant.log,1732,ee05df94ab11a950b535193edbae2672a8dfee0550824c3afae5b65471a15c62,file,per-case validation log (validation CSV retained)
tensor_core/results/verify_17251073/w0_tc4_v1/validation/104_bf16_d64_n5_norm0_alternating.log,1732,bc98ab11e00fae2081d5619c1f6b6d13eaf5758b200411aca944cc6b64ed8584,file,per-case validation log (validation CSV retained)
tensor_core/results/verify_17251073/w0_tc4_v1/validation/105_bf16_d64_n5_norm0_impulse.log,1732,275627140c64a89a88dcc4ae01044d42c84e125239b6d04b5f30d986b6c1d395,file,per-case validation log (validation CSV retained)
tensor_core/results/verify_17251073/w0_tc4_v1/validation/106_bf16_d64_n5_norm0_uniform.log,1732,e8ad269e0678a2acf24da49b871f5c62c26bf315d9a8d533ddc3cfa2100be3ff,file,per-case validation log (validation CSV retained)
tensor_core/results/verify_17251073/w0_tc4_v1/validation/107_bf16_d64_n5_norm0_outlier.log,1732,ceb035e76414ee01dd58cf33520e2027123c042249c469ecb620ec43b4bcf210,file,per-case validation log (validation CSV retained)
tensor_core/results/verify_17251073/w0_tc4_v1/validation/108_bf16_d128_n5_norm1_zeros.log,1732,fb88cecace44f558c54d59eb36b7c6fff8fb5d7f59377f652737abd782ebfdf9,file,per-case validation log (validation CSV retained)
tensor_core/results/verify_17251073/w0_tc4_v1/validation/109_bf16_d128_n5_norm1_constant.log,1732,928b3cb2f877780d1e38f459f8720fc05fcffc9d1edb6afe0c0b296c5c11a044,file,per-case validation log (validation CSV retained)
tensor_core/results/verify_17251073/w0_tc4_v1/validation/110_bf16_d128_n5_norm1_alternating.log,1732,5bbd5a3193e18495e19fb523d8e4684fc62f66a54ffb43434189940f8c08023a,file,per-case validation log (validation CSV retained)
tensor_core/results/verify_17251073/w0_tc4_v1/validation/111_bf16_d128_n5_norm1_impulse.log,1732,fa497f1a20ba4c27083718629472850b1da4aea3fe21db8217e381d6a1907b84,file,per-case validation log (validation CSV retained)
tensor_core/results/verify_17251073/w0_tc4_v1/validation/112_bf16_d128_n5_norm1_uniform.log,1732,5a65fe0177e7ba15fcef1ed589d7327ad7160eff53465af48342d55a1f9c8462,file,per-case validation log (validation CSV retained)
tensor_core/results/verify_17251073/w0_tc4_v1/validation/113_bf16_d128_n5_norm1_outlier.log,1732,2b4d409a3c43f2b31c5a0c051e6e305d0bfbc72b49de00efd5f90cb533a4c2e5,file,per-case validation log (validation CSV retained)
tensor_core/results/verify_17251073/w0_tc4_v1/validation/114_bf16_d128_n5_norm0_zeros.log,1733,4c1f3b50c417c82d41d4d87a013cf4118ee6a3f9e9f66f9da2dca7be3f6111ad,file,per-case validation log (validation CSV retained)
tensor_core/results/verify_17251073/w0_tc4_v1/validation/115_bf16_d128_n5_norm0_constant.log,1733,186ce228fa7522e88b7d3260af33dfda67ec9fa9bb03da666623733baf1dd48c,file,per-case validation log (validation CSV retained)
tensor_core/results/verify_17251073/w0_tc4_v1/validation/116_bf16_d128_n5_norm0_alternating.log,1733,34ef269c10076a88386f905b2162e3d4a90c468ce7aedd34c13fa3d76b939d3d,file,per-case validation log (validation CSV retained)
tensor_core/results/verify_17251073/w0_tc4_v1/validation/117_bf16_d128_n5_norm0_impulse.log,1733,b9904009490bd062c31249e627b64b68c54818806bf6da23131ebc7ec6592ad2,file,per-case validation log (validation CSV retained)
tensor_core/results/verify_17251073/w0_tc4_v1/validation/118_bf16_d128_n5_norm0_uniform.log,1733,947b10e8ade5abd05dcab2cb9f43c107f8f1dd1d46b4741a452bc7492986a98a,file,per-case validation log (validation CSV retained)
tensor_core/results/verify_17251073/w0_tc4_v1/validation/119_bf16_d128_n5_norm0_outlier.log,1733,b25876aa725f5e7c888f2e350c83e74a35bb71a1cd9d00774a5bf2d17b19c2b5,file,per-case validation log (validation CSV retained)
tensor_core/results/verify_17251073/w0_tc4_v1/validation/120_bf16_d256_n5_norm1_zeros.log,1733,e46da267a79748fac81e251eb79517abeb8e5c5fc6788172fac1e4921643e267,file,per-case validation log (validation CSV retained)
tensor_core/results/verify_17251073/w0_tc4_v1/validation/121_bf16_d256_n5_norm1_constant.log,1733,82e0a8d635b6fefb35a3f15c9d9320454433fa0bc49933ee7c2b2c708f33b894,file,per-case validation log (validation CSV retained)
tensor_core/results/verify_17251073/w0_tc4_v1/validation/122_bf16_d256_n5_norm1_alternating.log,1733,976212f06f64fe58cbe8f78e988694f9102e7ca518a5544f8f4390df3ded977c,file,per-case validation log (validation CSV retained)
tensor_core/results/verify_17251073/w0_tc4_v1/validation/123_bf16_d256_n5_norm1_impulse.log,1733,35167c23c706fd786180930447f3f30dbd845ff705afb10ae9515c810c393f96,file,per-case validation log (validation CSV retained)
tensor_core/results/verify_17251073/w0_tc4_v1/validation/124_bf16_d256_n5_norm1_uniform.log,1733,777da16d8025e42d78b6ba07026099c92fefb6b98137272f66af13be36cf1a22,file,per-case validation log (validation CSV retained)
tensor_core/results/verify_17251073/w0_tc4_v1/validation/125_bf16_d256_n5_norm1_outlier.log,1733,a914d0797c06c90ec10995ee023eb1b409e560985af75e2f40ec85b0b093f0e2,file,per-case validation log (validation CSV retained)
tensor_core/results/verify_17251073/w0_tc4_v1/validation/126_bf16_d256_n5_norm0_zeros.log,1734,5cd32d59314cf93b1fe386196930dec4f6f36e9d9b2e58f9d61857d0006ffeda,file,per-case validation log (validation CSV retained)
tensor_core/results/verify_17251073/w0_tc4_v1/validation/127_bf16_d256_n5_norm0_constant.log,1734,82d60c912a64e2ae7d94ba1ddffc5b0ae58258a2cb66aa3a3d4505eb64bf37da,file,per-case validation log (validation CSV retained)
tensor_core/results/verify_17251073/w0_tc4_v1/validation/128_bf16_d256_n5_norm0_alternating.log,1734,80336ad24b3090a1554b0f06bfd0668f2a0635e0edae42ae6c80e9be78f64c64,file,per-case validation log (validation CSV retained)
tensor_core/results/verify_17251073/w0_tc4_v1/validation/129_bf16_d256_n5_norm0_impulse.log,1734,583ea0f99ec07b57d2dd4d5899387da83e0154c0ed1c9968fa5974c4357b9c96,file,per-case validation log (validation CSV retained)
tensor_core/results/verify_17251073/w0_tc4_v1/validation/130_bf16_d256_n5_norm0_uniform.log,1734,d9c2498f7aaa55c30113187fdb01432ac59d1faead34e696c9f91eb7790bae32,file,per-case validation log (validation CSV retained)
tensor_core/results/verify_17251073/w0_tc4_v1/validation/131_bf16_d256_n5_norm0_outlier.log,1734,4da690d00006f822f898145b84ddcc93db06afa2d371059c5a4d759eb4cb33e5,file,per-case validation log (validation CSV retained)
tensor_core/results/verify_17251073/w0_tc4_v1/validation/failures/004_fp16_d64_n5_norm0_normal/input.bin,640,8efd90a8193d44f37bfb128ced13f4d4352b77a5b9036ff446ca2196797c8cf2,file,raw failure samples (validation CSV retained)
tensor_core/results/verify_17251073/w0_tc4_v1/validation/failures/004_fp16_d64_n5_norm0_normal/ref.bin,640,00563bf027ca93bf5ce082e1c3bd3c5de123b469bde609bc4d1e4ffc153e7c7a,file,raw failure samples (validation CSV retained)
tensor_core/results/verify_17251073/w0_tc4_v1/validation/failures/005_fp16_d64_n2048_norm0_normal/input.bin,262144,da7a1c67b7fe7d3334520c8d4954adce1b9a6d30abb03f4ab6803510883b3331,file,raw failure samples (validation CSV retained)
tensor_core/results/verify_17251073/w0_tc4_v1/validation/failures/005_fp16_d64_n2048_norm0_normal/ref.bin,262144,d590eaf731b67e511562746f7564dc2f0f88d02ce8683c5d452c61b2c7c69ae7,file,raw failure samples (validation CSV retained)
tensor_core/results/verify_17251073/w0_tc4_v1/validation/failures/010_fp16_d128_n5_norm0_normal/input.bin,1280,f5b35a96e6469b2fd6b1b461ca32756c0d4ecd596984948f1bc2355ee9c2324d,file,raw failure samples (validation CSV retained)
tensor_core/results/verify_17251073/w0_tc4_v1/validation/failures/010_fp16_d128_n5_norm0_normal/ref.bin,1280,22d7a99c3c82dee9fc79b36cb2629995860907cc8650d35c444b6fdbe759fd58,file,raw failure samples (validation CSV retained)
tensor_core/results/verify_17251073/w0_tc4_v1/validation/failures/011_fp16_d128_n2048_norm0_normal/input.bin,524288,dd47cb997c575034d042d8a31891b726d3aeb100883dd0c265bb15df5bad3064,file,raw failure samples (validation CSV retained)
tensor_core/results/verify_17251073/w0_tc4_v1/validation/failures/011_fp16_d128_n2048_norm0_normal/ref.bin,524288,bcd15d84b53d1eb3e4da3a22f74740c51fd03f408da87ae72c31e977f4a42753,file,raw failure samples (validation CSV retained)
tensor_core/results/verify_17251073/w0_tc4_v1/validation/failures/015_fp16_d256_n1_norm0_normal/input.bin,512,74e1b0c8f7131dc9e7d60e2e4bff6996eac0b84de50b437d92a592b5bdb357e4,file,raw failure samples (validation CSV retained)
tensor_core/results/verify_17251073/w0_tc4_v1/validation/failures/015_fp16_d256_n1_norm0_normal/ref.bin,512,34a8fe9a8b7372499c7c149f1ee09708f7e9e5170213930fa764a811c6f9aeaa,file,raw failure samples (validation CSV retained)
tensor_core/results/verify_17251073/w0_tc4_v1/validation/failures/016_fp16_d256_n5_norm0_normal/input.bin,2560,e233f41fb13113b3651de6d5f56c7f5d900f235c1e2bdf2c7d792c221606922b,file,raw failure samples (validation CSV retained)
tensor_core/results/verify_17251073/w0_tc4_v1/validation/failures/016_fp16_d256_n5_norm0_normal/ref.bin,2560,666e0eca4ab178543470305b01cb6a0e8a348af8e9d1b38ed414bfbbca46e3b3,file,raw failure samples (validation CSV retained)
tensor_core/results/verify_17251073/w0_tc4_v1/validation/failures/017_fp16_d256_n2048_norm0_normal/input.bin,1048576,70643eff19dfb18c274b29393e8faaa1ce13bb158cfb34e180c2f9ec3952a4f3,file,raw failure samples (validation CSV retained)
tensor_core/results/verify_17251073/w0_tc4_v1/validation/failures/017_fp16_d256_n2048_norm0_normal/ref.bin,1048576,e2bb9a5732404b3738e74d34cc9eddcbf626f4e1e9f31f53d06d3be529d9a41d,file,raw failure samples (validation CSV retained)
tensor_core/results/verify_17251073/w0_tc4_v1/validation/failures/021_fp16_d512_n1_norm0_normal/input.bin,1024,eb725255f28bf0d221c945346c0895613744dae565c72fed690e690878f6a7e1,file,raw failure samples (validation CSV retained)
tensor_core/results/verify_17251073/w0_tc4_v1/validation/failures/021_fp16_d512_n1_norm0_normal/ref.bin,1024,f184e823a67bdb0972cca77a95ab9df1b5cd3257906cad6c6e79b77b1cf7444c,file,raw failure samples (validation CSV retained)
tensor_core/results/verify_17251073/w0_tc4_v1/validation/failures/022_fp16_d512_n5_norm0_normal/input.bin,5120,7f995e20691ec7f36fce621d881efb8d54bb4bff32b6ea1d480a852291959225,file,raw failure samples (validation CSV retained)
tensor_core/results/verify_17251073/w0_tc4_v1/validation/failures/022_fp16_d512_n5_norm0_normal/ref.bin,5120,93bdcaea8db4b108af1685b0227043861e662bcf38c6e65a42b8cf72787fc5cc,file,raw failure samples (validation CSV retained)
tensor_core/results/verify_17251073/w0_tc4_v1/validation/failures/023_fp16_d512_n2048_norm0_normal/input.bin,2097152,31912253781e4bbeebfa711fc5a1f752cd1deeebf6f4d728ffcd38cf55393799,file,raw failure samples (validation CSV retained)
tensor_core/results/verify_17251073/w0_tc4_v1/validation/failures/023_fp16_d512_n2048_norm0_normal/ref.bin,2097152,b37ac8815047ae5f00bf209a5d8dc0047c8606bbc858f31d78c7dd1bdc141d78,file,raw failure samples (validation CSV retained)
tensor_core/results/verify_17251073/w0_tc4_v1/validation/failures/027_fp16_d1024_n1_norm0_normal/input.bin,2048,045266413b49b8c5c053b23bc15fc7f829ade0856e6ca298530ac8c9b6d0b4d6,file,raw failure samples (validation CSV retained)
tensor_core/results/verify_17251073/w0_tc4_v1/validation/failures/027_fp16_d1024_n1_norm0_normal/ref.bin,2048,8c35bc18cd9889b32b8631e8760014d025d2f0b6e65d86e788ee333a6aa31dde,file,raw failure samples (validation CSV retained)
tensor_core/results/verify_17251073/w0_tc4_v1/validation/failures/028_fp16_d1024_n5_norm0_normal/input.bin,10240,219395649bb64b764666613e2cd5c8f4ab0c74023cc513f78f7e6164d532cdd8,file,raw failure samples (validation CSV retained)
tensor_core/results/verify_17251073/w0_tc4_v1/validation/failures/028_fp16_d1024_n5_norm0_normal/ref.bin,10240,b919aba414c196d00f2c748689aab757159173d37ce967cd7f10c266a10d9bfd,file,raw failure samples (validation CSV retained)
tensor_core/results/verify_17251073/w0_tc4_v1/validation/failures/029_fp16_d1024_n2048_norm0_normal/input.bin,4194304,490435c19d6da7f3a5257856343a6fe61cb4f4fb018d2243580725d9e5dc41ef,file,raw failure samples (validation CSV retained)
tensor_core/results/verify_17251073/w0_tc4_v1/validation/failures/029_fp16_d1024_n2048_norm0_normal/ref.bin,4194304,2dddff87bc7d7389435c7249c7013ea2a06aa40a4c51eaed191ba1f014cc651f,file,raw failure samples (validation CSV retained)
tensor_core/results/verify_17251073/w0_tc4_v1/validation/failures/034_bf16_d64_n5_norm0_normal/input.bin,640,0f59cfc77058b79d8b99bf62ecc9fa7079f4e357fc3e255447f422d6463d5c54,file,raw failure samples (validation CSV retained)
tensor_core/results/verify_17251073/w0_tc4_v1/validation/failures/034_bf16_d64_n5_norm0_normal/ref.bin,640,d3278310b3b605aa15e9537fb9f115da66ec4f14d7d551274f650db401408661,file,raw failure samples (validation CSV retained)
tensor_core/results/verify_17251073/w0_tc4_v1/validation/failures/035_bf16_d64_n2048_norm0_normal/input.bin,262144,b38f5d9c1fafe8da61c62ed4090d6f954e029ead6ffb1f0a2785e6fb694257e4,file,raw failure samples (validation CSV retained)
tensor_core/results/verify_17251073/w0_tc4_v1/validation/failures/035_bf16_d64_n2048_norm0_normal/ref.bin,262144,b74c7853277e99a5311bb67101d64dfc6f89fcd14beaddbd54d4bb11cea57499,file,raw failure samples (validation CSV retained)
tensor_core/results/verify_17251073/w0_tc4_v1/validation/failures/040_bf16_d128_n5_norm0_normal/input.bin,1280,86e6343df1cd5dcb3e6c67cb445d6a8565991332dfac6a332b13c4c87db40006,file,raw failure samples (validation CSV retained)
tensor_core/results/verify_17251073/w0_tc4_v1/validation/failures/040_bf16_d128_n5_norm0_normal/ref.bin,1280,070cc009189492aa28c08c3bf8c2c3636a38f557c3046ab2e9cae0fd3a190410,file,raw failure samples (validation CSV retained)
tensor_core/results/verify_17251073/w0_tc4_v1/validation/failures/041_bf16_d128_n2048_norm0_normal/input.bin,524288,29ea405a77b8a15ea55242d5b4162c7911412ee1eddc3730caebb5b6bff1e7e5,file,raw failure samples (validation CSV retained)
tensor_core/results/verify_17251073/w0_tc4_v1/validation/failures/041_bf16_d128_n2048_norm0_normal/ref.bin,524288,ea5b00540bcc7928ee7ca97a596f53192127c5472b9ee8249b3859cda699197d,file,raw failure samples (validation CSV retained)
tensor_core/results/verify_17251073/w0_tc4_v1/validation/failures/045_bf16_d256_n1_norm0_normal/input.bin,512,5cee298d4352616100731f50a0fd018b6111f6f25fdd7da9d423928512ed1d09,file,raw failure samples (validation CSV retained)
tensor_core/results/verify_17251073/w0_tc4_v1/validation/failures/045_bf16_d256_n1_norm0_normal/ref.bin,512,543f57499d01ad613c839b9014d5b8ffa294a26bf00e3bd5624cb586ae61cd93,file,raw failure samples (validation CSV retained)
tensor_core/results/verify_17251073/w0_tc4_v1/validation/failures/046_bf16_d256_n5_norm0_normal/input.bin,2560,92672b98e47099cff965f3c0f5197d2ae61ab3cf6e890384f3f5df711518ec22,file,raw failure samples (validation CSV retained)
tensor_core/results/verify_17251073/w0_tc4_v1/validation/failures/046_bf16_d256_n5_norm0_normal/ref.bin,2560,4fd0ab3b685fa0d6eb192c90a62967511576707fcfa4807faeb34fef93ebbbc5,file,raw failure samples (validation CSV retained)
tensor_core/results/verify_17251073/w0_tc4_v1/validation/failures/047_bf16_d256_n2048_norm0_normal/input.bin,1048576,e33d4e4315340b887e559ece250108a6c648d35f6701b21ee0a8abc44316218c,file,raw failure samples (validation CSV retained)
tensor_core/results/verify_17251073/w0_tc4_v1/validation/failures/047_bf16_d256_n2048_norm0_normal/ref.bin,1048576,e1e4c728b1fe3fb12402f75785d62b206296e7d1eabf357446d0655db7e3dc90,file,raw failure samples (validation CSV retained)
tensor_core/results/verify_17251073/w0_tc4_v1/validation/failures/051_bf16_d512_n1_norm0_normal/input.bin,1024,444f9710f69e1db13e95a143b6819707250d1d7523fc427948396550d01e78af,file,raw failure samples (validation CSV retained)
tensor_core/results/verify_17251073/w0_tc4_v1/validation/failures/051_bf16_d512_n1_norm0_normal/ref.bin,1024,075a6a74694aa25d3b8244d803327e3a7647ff572e8f35054f94f2f2bf3845f1,file,raw failure samples (validation CSV retained)
tensor_core/results/verify_17251073/w0_tc4_v1/validation/failures/052_bf16_d512_n5_norm0_normal/input.bin,5120,80fd5b4d4a34c716a29787c13168e535c9d9764397d0b443f8194a31a6f31548,file,raw failure samples (validation CSV retained)
tensor_core/results/verify_17251073/w0_tc4_v1/validation/failures/052_bf16_d512_n5_norm0_normal/ref.bin,5120,68f26eca4775a5bce310e7f35cddb758f1a72a05718ce1d6be72aaf702728d66,file,raw failure samples (validation CSV retained)
tensor_core/results/verify_17251073/w0_tc4_v1/validation/failures/053_bf16_d512_n2048_norm0_normal/input.bin,2097152,07f7214f39caeea6dc6cc88a1e3b17546f78bb4cfd9aa0ed8fd63bae07f71421,file,raw failure samples (validation CSV retained)
tensor_core/results/verify_17251073/w0_tc4_v1/validation/failures/053_bf16_d512_n2048_norm0_normal/ref.bin,2097152,267af573a40b0d242ab2f0caa60ef8d8d9a7c64e365ce97dc718d079cf22816b,file,raw failure samples (validation CSV retained)
tensor_core/results/verify_17251073/w0_tc4_v1/validation/failures/057_bf16_d1024_n1_norm0_normal/input.bin,2048,7b09898df08b2d8369f5d06a1774d45d53148aeaebd82218eed5535c1e4d8e04,file,raw failure samples (validation CSV retained)
tensor_core/results/verify_17251073/w0_tc4_v1/validation/failures/057_bf16_d1024_n1_norm0_normal/ref.bin,2048,2a2683d2e14c172c49ac1fd1ab2d1cf1b40b54bbe0d1371390b5d8bcfe5642d0,file,raw failure samples (validation CSV retained)
tensor_core/results/verify_17251073/w0_tc4_v1/validation/failures/058_bf16_d1024_n5_norm0_normal/input.bin,10240,51a1088c5bac50f749176f983438d02c691c40c2c26bddcad85afe8666a8b549,file,raw failure samples (validation CSV retained)
tensor_core/results/verify_17251073/w0_tc4_v1/validation/failures/058_bf16_d1024_n5_norm0_normal/ref.bin,10240,2d134b9d8a3c5cada11a7a55e46917bf3c407a4c252279be5ee467262c360037,file,raw failure samples (validation CSV retained)
tensor_core/results/verify_17251073/w0_tc4_v1/validation/failures/059_bf16_d1024_n2048_norm0_normal/input.bin,4194304,0f272ba41649f391f1dbc659b02ea6fe6c4d42978e024c8ba6b35f558a779591,file,raw failure samples (validation CSV retained)
tensor_core/results/verify_17251073/w0_tc4_v1/validation/failures/059_bf16_d1024_n2048_norm0_normal/ref.bin,4194304,7e9d80e6771b4239ef32230d4e7a6a9990cac126b46df30d36898d55a567187e,file,raw failure samples (validation CSV retained)
tensor_core/results/verify_17251073/w0_tc4_v1/validation/failures/071_fp16_d64_n5_norm0_outlier/input.bin,640,0ef306128e3aa09e9500e01bb1949337e32d5c52248458b7db00ca5f5b1649e1,file,raw failure samples (validation CSV retained)
tensor_core/results/verify_17251073/w0_tc4_v1/validation/failures/071_fp16_d64_n5_norm0_outlier/ref.bin,640,a7d5c7bb8bf4040b7fb07d58d8334f752556abc8d58b0c1110f2b22b8b8c51a3,file,raw failure samples (validation CSV retained)
tensor_core/results/verify_17251073/w0_tc4_v1/validation/failures/083_fp16_d128_n5_norm0_outlier/input.bin,1280,18ac780e9729e820b6fa9f129554b2693961920528d9d87b08bb081843cf2ba6,file,raw failure samples (validation CSV retained)
tensor_core/results/verify_17251073/w0_tc4_v1/validation/failures/083_fp16_d128_n5_norm0_outlier/ref.bin,1280,b8012bdb04fc86521eabcc39e57b49828e7bb27b21e75a26816984a8c94847f0,file,raw failure samples (validation CSV retained)
tensor_core/results/verify_17251073/w0_tc4_v1/validation/failures/094_fp16_d256_n5_norm0_uniform/input.bin,2560,87988e634f0c2fc86d78c85aca6a2e1760dc2dd69140b2c38e6308e0eb6ab886,file,raw failure samples (validation CSV retained)
tensor_core/results/verify_17251073/w0_tc4_v1/validation/failures/094_fp16_d256_n5_norm0_uniform/ref.bin,2560,5463050fbbfb4356260b68324e350aed224b2bbaffe5d15db7f15afc4fdb5332,file,raw failure samples (validation CSV retained)
tensor_core/results/verify_17251073/w0_tc4_v1/validation/failures/095_fp16_d256_n5_norm0_outlier/input.bin,2560,80f36d4ea70290237ac140f02dcfc003c0c548c329c99f7079b3a077eed07332,file,raw failure samples (validation CSV retained)
tensor_core/results/verify_17251073/w0_tc4_v1/validation/failures/095_fp16_d256_n5_norm0_outlier/ref.bin,2560,e483e4ed59a8a0394eba6e54ddaaec93cce57d084bb0ce173d00e955404d360e,file,raw failure samples (validation CSV retained)
tensor_core/results/verify_17251073/w0_tc4_v1/validation/failures/106_bf16_d64_n5_norm0_uniform/input.bin,640,54d2b8892c55209dce2f6b18a0e475d3c5dfb10db66f475bc9881e38e12526d0,file,raw failure samples (validation CSV retained)
tensor_core/results/verify_17251073/w0_tc4_v1/validation/failures/106_bf16_d64_n5_norm0_uniform/ref.bin,640,724981c891e3013a6271aeb2acfbf3573515dfe7430c26a60547f53dd0eb8218,file,raw failure samples (validation CSV retained)
tensor_core/results/verify_17251073/w0_tc4_v1/validation/failures/107_bf16_d64_n5_norm0_outlier/input.bin,640,ffc4ee8cdc7c7d2ec41f40ca723ce4140c80ed969d574c4839368a82d29c8340,file,raw failure samples (validation CSV retained)
tensor_core/results/verify_17251073/w0_tc4_v1/validation/failures/107_bf16_d64_n5_norm0_outlier/ref.bin,640,c708ceb87e585feda4b0182dab92525d4b9b6634d423ced147dc2c2cf30e894b,file,raw failure samples (validation CSV retained)
tensor_core/results/verify_17251073/w0_tc4_v1/validation/failures/118_bf16_d128_n5_norm0_uniform/input.bin,1280,c452847f51d25e0e8fe16805e126bf9f5bb269f1ea10a78ca28d237276f39267,file,raw failure samples (validation CSV retained)
tensor_core/results/verify_17251073/w0_tc4_v1/validation/failures/118_bf16_d128_n5_norm0_uniform/ref.bin,1280,7f4da035e18ceed1e2ccb290f7e6b00fbc4ae359b673886c23563c82cafb6a85,file,raw failure samples (validation CSV retained)
tensor_core/results/verify_17251073/w0_tc4_v1/validation/failures/119_bf16_d128_n5_norm0_outlier/input.bin,1280,f678588dd84d97f02d3467bc7b3b066a801da9595694b868e5958cfcce369df6,file,raw failure samples (validation CSV retained)
tensor_core/results/verify_17251073/w0_tc4_v1/validation/failures/119_bf16_d128_n5_norm0_outlier/ref.bin,1280,7001b7085dadc936f2c3e2e7cd0793ddf3848b13e3ea386adc7862714ff9a60b,file,raw failure samples (validation CSV retained)
tensor_core/results/verify_17251073/w0_tc4_v1/validation/failures/130_bf16_d256_n5_norm0_uniform/input.bin,2560,930b7e524ad87876bd2387f29df42f04182409105833f72fac3f4278621ce6e4,file,raw failure samples (validation CSV retained)
tensor_core/results/verify_17251073/w0_tc4_v1/validation/failures/130_bf16_d256_n5_norm0_uniform/ref.bin,2560,c72f566f14a49c3d4f2eaa91b185664f6cb8e78dd83942ae8352ff5cf696a8b7,file,raw failure samples (validation CSV retained)
tensor_core/results/verify_17251073/w0_tc4_v1/validation/failures/131_bf16_d256_n5_norm0_outlier/input.bin,2560,170f494b9861a677c2b4bd9401d6ebdf20595694dca0b27c71d8a0565bbd1405,file,raw failure samples (validation CSV retained)
tensor_core/results/verify_17251073/w0_tc4_v1/validation/failures/131_bf16_d256_n5_norm0_outlier/ref.bin,2560,e3a8a335e774036022a05c8931a53e8b75e92405758ff56c07b971808f330124,file,raw failure samples (validation CSV retained)
tensor_core/results/verify_17251073/w0_tc4_v2/validation/000_fp16_d64_n1_norm1_normal.log,1730,73d16b362fcdcb8d67fd16ce75736413df87c2458d3612541ad1b2f6050139c5,file,per-case validation log (validation CSV retained)
tensor_core/results/verify_17251073/w0_tc4_v2/validation/001_fp16_d64_n5_norm1_normal.log,1731,5e60c80926bacdce58450084ecbec98b3f183ccc97772d5a507a6e54704777e3,file,per-case validation log (validation CSV retained)
tensor_core/results/verify_17251073/w0_tc4_v2/validation/002_fp16_d64_n2048_norm1_normal.log,1740,4a9343280bb09e6c19b978e363a72f1a93a870960e4563a7ff739df0aa59db7a,file,per-case validation log (validation CSV retained)
tensor_core/results/verify_17251073/w0_tc4_v2/validation/003_fp16_d64_n1_norm0_normal.log,1731,e5294b44a7b8f5019d091440b2a64e697ca77a1aeda3ab52031f28dd43cceb1e,file,per-case validation log (validation CSV retained)
tensor_core/results/verify_17251073/w0_tc4_v2/validation/004_fp16_d64_n5_norm0_normal.log,1732,84aebd7af60b4750a0f567de5297581fa9895903ded31e0d15e1b28fe0e9ca76,file,per-case validation log (validation CSV retained)
tensor_core/results/verify_17251073/w0_tc4_v2/validation/005_fp16_d64_n2048_norm0_normal.log,1741,8c3c932e3022c238e47afe28470ef972e135ac99770f78e83a837e3563422bf7,file,per-case validation log (validation CSV retained)
tensor_core/results/verify_17251073/w0_tc4_v2/validation/006_fp16_d128_n1_norm1_normal.log,1732,4a1103bf2b3590e317a7317938dd1d5fcb81e47c48155e238e6911a41ac3cb65,file,per-case validation log (validation CSV retained)
tensor_core/results/verify_17251073/w0_tc4_v2/validation/007_fp16_d128_n5_norm1_normal.log,1732,348d2cbd5e130c0de03edc8f08622cb60ec7b446a46d8b50c85459398578e933,file,per-case validation log (validation CSV retained)
tensor_core/results/verify_17251073/w0_tc4_v2/validation/008_fp16_d128_n2048_norm1_normal.log,1741,543ea305080b1c0c0c45ea82fb8e9c91baa69b716c4f57f3da8491d82919789c,file,per-case validation log (validation CSV retained)
tensor_core/results/verify_17251073/w0_tc4_v2/validation/009_fp16_d128_n1_norm0_normal.log,1733,0cec64129c758c271c3f5aab3d5be4ba537256ffc83e1d1d1a50f154f151ca51,file,per-case validation log (validation CSV retained)
tensor_core/results/verify_17251073/w0_tc4_v2/validation/010_fp16_d128_n5_norm0_normal.log,1733,b2a71aa9c511f164441b15fcfda4acdb09d98b81a30dffff286818ff8b3e9e17,file,per-case validation log (validation CSV retained)
tensor_core/results/verify_17251073/w0_tc4_v2/validation/011_fp16_d128_n2048_norm0_normal.log,1742,cdd52608ef904f45552e6d5a96579f5893684060fb38c7058813dd14de2b89a1,file,per-case validation log (validation CSV retained)
tensor_core/results/verify_17251073/w0_tc4_v2/validation/012_fp16_d256_n1_norm1_normal.log,1732,0146c06267b35d02f2d29c189dcab6b4ff1ef3dc720b190bf02510fd43ee8c6c,file,per-case validation log (validation CSV retained)
tensor_core/results/verify_17251073/w0_tc4_v2/validation/013_fp16_d256_n5_norm1_normal.log,1733,3507ea6c146c1fc764a0e38081a70a848267698a25755be7b646114cef52d45d,file,per-case validation log (validation CSV retained)
tensor_core/results/verify_17251073/w0_tc4_v2/validation/014_fp16_d256_n2048_norm1_normal.log,1741,bfcec06964d54b2ef3523e058ee171b84ba8743d46175f2271fdcc1d2789e632,file,per-case validation log (validation CSV retained)
tensor_core/results/verify_17251073/w0_tc4_v2/validation/015_fp16_d256_n1_norm0_normal.log,1733,f4669159485e5843a256625ba8098ea28d036c0e5ff988e5e24419733c014890,file,per-case validation log (validation CSV retained)
tensor_core/results/verify_17251073/w0_tc4_v2/validation/016_fp16_d256_n5_norm0_normal.log,1734,f2f6707a3db016c8a8d2cbc9e766ee1d7d53e61b513f3768c440d61ec646f4d2,file,per-case validation log (validation CSV retained)
tensor_core/results/verify_17251073/w0_tc4_v2/validation/017_fp16_d256_n2048_norm0_normal.log,1742,179306731de1a28eed052a638eb31b6620ae718d13bcbedfba2de358668f64a7,file,per-case validation log (validation CSV retained)
tensor_core/results/verify_17251073/w0_tc4_v2/validation/018_fp16_d512_n1_norm1_normal.log,1578,95fd6a6831bacbb058603d8c69e24760db7031bcc17abdfe06e206a71ebbc9ed,file,per-case validation log (validation CSV retained)
tensor_core/results/verify_17251073/w0_tc4_v2/validation/019_fp16_d512_n5_norm1_normal.log,1579,c317356fafc4772ad886e02142e8da2d1e23c45677070dc09def7102b0b6304f,file,per-case validation log (validation CSV retained)
tensor_core/results/verify_17251073/w0_tc4_v2/validation/020_fp16_d512_n2048_norm1_normal.log,1588,ab488d97e4427614fb12a74b78e41f819f3c9fad5a94ed7b77c8e2de74cea982,file,per-case validation log (validation CSV retained)
tensor_core/results/verify_17251073/w0_tc4_v2/validation/021_fp16_d512_n1_norm0_normal.log,1579,b7cf50ff927f732ff58c080264e9a9ff769861c5c335ae27fc09c6689e319f5a,file,per-case validation log (validation CSV retained)
tensor_core/results/verify_17251073/w0_tc4_v2/validation/022_fp16_d512_n5_norm0_normal.log,1580,cde19c268fbe9572574937a923f434d7ffebd597d35c200609957568665313d5,file,per-case validation log (validation CSV retained)
tensor_core/results/verify_17251073/w0_tc4_v2/validation/023_fp16_d512_n2048_norm0_normal.log,1589,695a52f96d11912de83f0034105b9139e9991f6ec4756737eb6344b1a99e5dd9,file,per-case validation log (validation CSV retained)
tensor_core/results/verify_17251073/w0_tc4_v2/validation/024_fp16_d1024_n1_norm1_normal.log,1580,3dff6f6d6bf22888913f84da7544fb6cb06817295441cc466d6ca73826c97b99,file,per-case validation log (validation CSV retained)
tensor_core/results/verify_17251073/w0_tc4_v2/validation/025_fp16_d1024_n5_norm1_normal.log,1580,0965e0a0abfe9424699d4611cea35600700c8ca917664644d404db6f0454c0c6,file,per-case validation log (validation CSV retained)
tensor_core/results/verify_17251073/w0_tc4_v2/validation/026_fp16_d1024_n2048_norm1_normal.log,1589,029c0c1d6365707db51192b8671377ddbc756d00277cbd921fd7fd5ce25c8121,file,per-case validation log (validation CSV retained)
tensor_core/results/verify_17251073/w0_tc4_v2/validation/027_fp16_d1024_n1_norm0_normal.log,1581,4f76cead77662632fd29663c3283a6d8a4c32ce8944afaeab2b4638224bf6ffc,file,per-case validation log (validation CSV retained)
tensor_core/results/verify_17251073/w0_tc4_v2/validation/028_fp16_d1024_n5_norm0_normal.log,1581,ded26a7801960e5f8ab0645437067a5ecf4b9c59a34c7efe042e5a422fc9e8ad,file,per-case validation log (validation CSV retained)
tensor_core/results/verify_17251073/w0_tc4_v2/validation/029_fp16_d1024_n2048_norm0_normal.log,1590,334ce822df6e49d70361641651bbe5997299ec8b2dc3d677b2d39befbcb218a1,file,per-case validation log (validation CSV retained)
tensor_core/results/verify_17251073/w0_tc4_v2/validation/030_bf16_d64_n1_norm1_normal.log,1730,d9b7615278c57ac29c18e96d54e605f97dabdaea5959b0bda3bf86ed1fee5960,file,per-case validation log (validation CSV retained)
tensor_core/results/verify_17251073/w0_tc4_v2/validation/031_bf16_d64_n5_norm1_normal.log,1731,bdabfa8babbd24be713ff767d1e0f358dbd4fa6f6edcb8098f837d2cd94e991a,file,per-case validation log (validation CSV retained)
tensor_core/results/verify_17251073/w0_tc4_v2/validation/032_bf16_d64_n2048_norm1_normal.log,1740,95cedb4b5f1fb96c219583a2558f30d871a963b6221d756954207f1b7c5c0064,file,per-case validation log (validation CSV retained)
tensor_core/results/verify_17251073/w0_tc4_v2/validation/033_bf16_d64_n1_norm0_normal.log,1731,15a3727e52e285b814625413beb23a46cfb58eebe14529cea5e45dbbed53e9b0,file,per-case validation log (validation CSV retained)
tensor_core/results/verify_17251073/w0_tc4_v2/validation/034_bf16_d64_n5_norm0_normal.log,1732,5fd605dfeff4e9f1dc722bd96416b49ed9b0beaa434259049acf81f0d9fcf0f8,file,per-case validation log (validation CSV retained)
tensor_core/results/verify_17251073/w0_tc4_v2/validation/035_bf16_d64_n2048_norm0_normal.log,1741,b5a335e1d570d6ed78fcb20412f50b6b015d6af9ae818ebf9f7497611342e760,file,per-case validation log (validation CSV retained)
tensor_core/results/verify_17251073/w0_tc4_v2/validation/036_bf16_d128_n1_norm1_normal.log,1732,1dab3b679e1e78128d2b041d8adbcbec61e578fa3560fe9c5ccf4283330f516f,file,per-case validation log (validation CSV retained)
tensor_core/results/verify_17251073/w0_tc4_v2/validation/037_bf16_d128_n5_norm1_normal.log,1732,547cde89a2bfb3021a6e4a821d5e3394941141fa62aeb143f7608d78ea157e3a,file,per-case validation log (validation CSV retained)
tensor_core/results/verify_17251073/w0_tc4_v2/validation/038_bf16_d128_n2048_norm1_normal.log,1741,e04f54aab55aa453c09d55b2f4334913edbcf0dec48b8697999f8ed215f713bd,file,per-case validation log (validation CSV retained)
tensor_core/results/verify_17251073/w0_tc4_v2/validation/039_bf16_d128_n1_norm0_normal.log,1733,6122d66c9aca8b729e29327382a613d7d93b43c3c22cfcf60555bc6adc02f56e,file,per-case validation log (validation CSV retained)
tensor_core/results/verify_17251073/w0_tc4_v2/validation/040_bf16_d128_n5_norm0_normal.log,1733,25a183400afd001a72e8609a887b7f16eaac17f9a0d99fdea4d08bf2ec665301,file,per-case validation log (validation CSV retained)
tensor_core/results/verify_17251073/w0_tc4_v2/validation/041_bf16_d128_n2048_norm0_normal.log,1742,883d521f2f6044b293864ad2b6927944df6e52161c9c2cf0eec06caba79b980b,file,per-case validation log (validation CSV retained)
tensor_core/results/verify_17251073/w0_tc4_v2/validation/042_bf16_d256_n1_norm1_normal.log,1732,802c39feebdc23b8989622990aa8d64adf3deec3e12ac7cdb583bad17269a6b4,file,per-case validation log (validation CSV retained)
tensor_core/results/verify_17251073/w0_tc4_v2/validation/043_bf16_d256_n5_norm1_normal.log,1733,10084c04455d899bfd63d03c9c4355626ec0ad9786783a3adcfb94eb2e225069,file,per-case validation log (validation CSV retained)
tensor_core/results/verify_17251073/w0_tc4_v2/validation/044_bf16_d256_n2048_norm1_normal.log,1739,9010859b19c0dca3b01394228728ba016150fac6677ece3ffab59a0d1d3a8662,file,per-case validation log (validation CSV retained)
tensor_core/results/verify_17251073/w0_tc4_v2/validation/045_bf16_d256_n1_norm0_normal.log,1733,6cdebfa04ff58c555acd7363d8823e0961e0db8f4004eec059044c811c32d9f8,file,per-case validation log (validation CSV retained)
tensor_core/results/verify_17251073/w0_tc4_v2/validation/046_bf16_d256_n5_norm0_normal.log,1734,6c50e41d9934f6bcc41ed49cfb5593e3ed332388b41e827c37b7f90ebb86463a,file,per-case validation log (validation CSV retained)
tensor_core/results/verify_17251073/w0_tc4_v2/validation/047_bf16_d256_n2048_norm0_normal.log,1740,cb24e6b9388c0c9ad2d921b0b5ccce248881f4eee8c395ea84974f99ad98198d,file,per-case validation log (validation CSV retained)
tensor_core/results/verify_17251073/w0_tc4_v2/validation/048_bf16_d512_n1_norm1_normal.log,1578,c57587bf019ec38bc8fda812b41935e5140cc28370ca7799596d6efb6f90f2d6,file,per-case validation log (validation CSV retained)
tensor_core/results/verify_17251073/w0_tc4_v2/validation/049_bf16_d512_n5_norm1_normal.log,1579,372e36d71364687e9ca1e593df2a3eb634a335a3aa55a9b431f040cd2aba5d47,file,per-case validation log (validation CSV retained)
tensor_core/results/verify_17251073/w0_tc4_v2/validation/050_bf16_d512_n2048_norm1_normal.log,1588,3162a521ec3f6f5d7018ff1ce9072391ec3cef1d8d83b2963003eaddd3239e1c,file,per-case validation log (validation CSV retained)
tensor_core/results/verify_17251073/w0_tc4_v2/validation/051_bf16_d512_n1_norm0_normal.log,1579,21f949ee14a20cb11b0eb5ef022a1fac3f4212de962b11d513d62ab1de1946fd,file,per-case validation log (validation CSV retained)
tensor_core/results/verify_17251073/w0_tc4_v2/validation/052_bf16_d512_n5_norm0_normal.log,1580,2d4fea718a0fe24ede0544a49309cbdf5127d541a5549e982e2781ab6d77fce5,file,per-case validation log (validation CSV retained)
tensor_core/results/verify_17251073/w0_tc4_v2/validation/053_bf16_d512_n2048_norm0_normal.log,1589,9bcf1b90379fa3640eb676d67c9664ee942842be50b8a0e3269352265a13ae0b,file,per-case validation log (validation CSV retained)
tensor_core/results/verify_17251073/w0_tc4_v2/validation/054_bf16_d1024_n1_norm1_normal.log,1580,dd003ab4625f717bd66d24f36e4bd4c60516a584276fc9d6cbde34fec5a66a46,file,per-case validation log (validation CSV retained)
tensor_core/results/verify_17251073/w0_tc4_v2/validation/055_bf16_d1024_n5_norm1_normal.log,1580,7ef1a454de5bbc601f09ec712b65c9a8d37f25e10e774b452ff6341dd0552d43,file,per-case validation log (validation CSV retained)
tensor_core/results/verify_17251073/w0_tc4_v2/validation/056_bf16_d1024_n2048_norm1_normal.log,1589,1091b2aada0a9048e075f2f32f9fe1a70459ac3226455e64a3029f607525246b,file,per-case validation log (validation CSV retained)
tensor_core/results/verify_17251073/w0_tc4_v2/validation/057_bf16_d1024_n1_norm0_normal.log,1581,448f39f2a8fd535b361224934dd2871f42ac119ee38e3f201d13d540c1126258,file,per-case validation log (validation CSV retained)
tensor_core/results/verify_17251073/w0_tc4_v2/validation/058_bf16_d1024_n5_norm0_normal.log,1581,44f1f7d675753184d015ff7e998371855b46d89c6ef3232e13e24c7244ee6116,file,per-case validation log (validation CSV retained)
tensor_core/results/verify_17251073/w0_tc4_v2/validation/059_bf16_d1024_n2048_norm0_normal.log,1590,08322a4cda4e05db6fd1f3cf979f523db612ab4f9e72cfcba0d7d32b8f4add67,file,per-case validation log (validation CSV retained)
tensor_core/results/verify_17251073/w0_tc4_v2/validation/060_fp16_d64_n5_norm1_zeros.log,1731,14c6d2e211a79c14c44f2c4ff8ab0d12cda5e72a78ad0dd8141cb99439794b1f,file,per-case validation log (validation CSV retained)
tensor_core/results/verify_17251073/w0_tc4_v2/validation/061_fp16_d64_n5_norm1_constant.log,1731,ef174b5820abdcb97fd20a974973627082ccd6d4c7da17dccf13233db7448074,file,per-case validation log (validation CSV retained)
tensor_core/results/verify_17251073/w0_tc4_v2/validation/062_fp16_d64_n5_norm1_alternating.log,1731,ad22d9c8d2bdf585781acc6b1489556f14584cf74ac272f4e4039018806197c3,file,per-case validation log (validation CSV retained)
tensor_core/results/verify_17251073/w0_tc4_v2/validation/063_fp16_d64_n5_norm1_impulse.log,1731,187eafd04bee19954354f811501e2ea883fa6b34861ae704e2d151ea59b9b1ac,file,per-case validation log (validation CSV retained)
tensor_core/results/verify_17251073/w0_tc4_v2/validation/064_fp16_d64_n5_norm1_uniform.log,1731,fa67b17fbef82ddb834a5435343c0ca32daca7e350d71de79675d501a523acd8,file,per-case validation log (validation CSV retained)
tensor_core/results/verify_17251073/w0_tc4_v2/validation/065_fp16_d64_n5_norm1_outlier.log,1731,2dbb20e6a96a6e24d476d767fd9a959c073c744df1ac392f0336ebe19163ab0a,file,per-case validation log (validation CSV retained)
tensor_core/results/verify_17251073/w0_tc4_v2/validation/066_fp16_d64_n5_norm0_zeros.log,1732,d2dd8de36c42199888e8fc13322c155187ec00b8661f7d4c2e69ee8b0b4e4538,file,per-case validation log (validation CSV retained)
tensor_core/results/verify_17251073/w0_tc4_v2/validation/067_fp16_d64_n5_norm0_constant.log,1732,d5ec26ef2c2f9471310856e68e9b6235dfd24ece18e1bc7357958093e65496ca,file,per-case validation log (validation CSV retained)
tensor_core/results/verify_17251073/w0_tc4_v2/validation/068_fp16_d64_n5_norm0_alternating.log,1732,d43dfd6f2921bbe3c761eaba7e8534fcef8d267705037ba677e8716839653d61,file,per-case validation log (validation CSV retained)
tensor_core/results/verify_17251073/w0_tc4_v2/validation/069_fp16_d64_n5_norm0_impulse.log,1732,8c62526543c695448158d87d2d0301bc3f610251847f1a6ad9da8364ed86687e,file,per-case validation log (validation CSV retained)
tensor_core/results/verify_17251073/w0_tc4_v2/validation/070_fp16_d64_n5_norm0_uniform.log,1732,94095f096d97a26d13473f5eb6231b1adac716a05f1907afcb06b187742c7696,file,per-case validation log (validation CSV retained)
tensor_core/results/verify_17251073/w0_tc4_v2/validation/071_fp16_d64_n5_norm0_outlier.log,1732,be13db6117f104ab809b38ce728051e8132904bdce93ff274faf17a261b83df2,file,per-case validation log (validation CSV retained)
tensor_core/results/verify_17251073/w0_tc4_v2/validation/072_fp16_d128_n5_norm1_zeros.log,1732,a3eff1f84299c31227437e270ccfe48b32efb7b5ece762443602e8b1792ae97d,file,per-case validation log (validation CSV retained)
tensor_core/results/verify_17251073/w0_tc4_v2/validation/073_fp16_d128_n5_norm1_constant.log,1732,220e4e0c653b4e080b61c4f481313852aade10807d87a6411649782f29738197,file,per-case validation log (validation CSV retained)
tensor_core/results/verify_17251073/w0_tc4_v2/validation/074_fp16_d128_n5_norm1_alternating.log,1732,559c145d20e15e59a7b6396210be8c6eeb4da6cc49b23a11b1220c0f5986ae12,file,per-case validation log (validation CSV retained)
tensor_core/results/verify_17251073/w0_tc4_v2/validation/075_fp16_d128_n5_norm1_impulse.log,1732,aa7944fae94944f55e58be4f061c9e08170fc02044a716fdd562f6ca531992d3,file,per-case validation log (validation CSV retained)
tensor_core/results/verify_17251073/w0_tc4_v2/validation/076_fp16_d128_n5_norm1_uniform.log,1732,3c4d18231b34899d455a5ca6eee854f37bb172bcec3a4d2d34aa728b337649c2,file,per-case validation log (validation CSV retained)
tensor_core/results/verify_17251073/w0_tc4_v2/validation/077_fp16_d128_n5_norm1_outlier.log,1732,8f76f369f89c36d580f7b0ef29ed6ff42374aa6e580e826bc6943de400ea8c5f,file,per-case validation log (validation CSV retained)
tensor_core/results/verify_17251073/w0_tc4_v2/validation/078_fp16_d128_n5_norm0_zeros.log,1733,f5ced5b3629f828fe94bcf94da435d55b33943153c868cd8d837c3190daef6a0,file,per-case validation log (validation CSV retained)
tensor_core/results/verify_17251073/w0_tc4_v2/validation/079_fp16_d128_n5_norm0_constant.log,1733,a5b939159e7b044bead7cbbb71cef8e4525c9d2589e51854f895f6a8587a2d92,file,per-case validation log (validation CSV retained)
tensor_core/results/verify_17251073/w0_tc4_v2/validation/080_fp16_d128_n5_norm0_alternating.log,1733,700bfaa006cddd61f59467a9045e330045ec2b3303092df2655f64c846ebb65c,file,per-case validation log (validation CSV retained)
tensor_core/results/verify_17251073/w0_tc4_v2/validation/081_fp16_d128_n5_norm0_impulse.log,1733,d477f0a84eb20b76e450f4fbf350d4d10c273ebdb1b88ec53a652a5afcaf44cd,file,per-case validation log (validation CSV retained)
tensor_core/results/verify_17251073/w0_tc4_v2/validation/082_fp16_d128_n5_norm0_uniform.log,1733,b0ac463a18d40fc338a5cb65e31258aaed3e7c4b7bc9d32c5e66d54801365634,file,per-case validation log (validation CSV retained)
tensor_core/results/verify_17251073/w0_tc4_v2/validation/083_fp16_d128_n5_norm0_outlier.log,1733,03214ec498feb6f5350fd9c6127384d82aa1752680e1240d031db5e86357966d,file,per-case validation log (validation CSV retained)
tensor_core/results/verify_17251073/w0_tc4_v2/validation/084_fp16_d256_n5_norm1_zeros.log,1733,12c503436d512693427a32d9b12fc5560d1c9683e3dce5bbb6576d267c49182c,file,per-case validation log (validation CSV retained)
tensor_core/results/verify_17251073/w0_tc4_v2/validation/085_fp16_d256_n5_norm1_constant.log,1733,19749bcf23e4122d93aee75ef5ddc893338b1afa83a455d754626af9b75a2e12,file,per-case validation log (validation CSV retained)
tensor_core/results/verify_17251073/w0_tc4_v2/validation/086_fp16_d256_n5_norm1_alternating.log,1733,387afedefe118ebc31d42bcce620128a7b09029ee6a81dabdf63363e532896be,file,per-case validation log (validation CSV retained)
tensor_core/results/verify_17251073/w0_tc4_v2/validation/087_fp16_d256_n5_norm1_impulse.log,1733,47527de63ddf121643d005f0a8466a47f8ad7c334d9f0744ba39f78cec76aef0,file,per-case validation log (validation CSV retained)
tensor_core/results/verify_17251073/w0_tc4_v2/validation/088_fp16_d256_n5_norm1_uniform.log,1733,951d4574ce1d3beb783156ab8adbd3b40f37bc5dca04996a63bcedbca6c4002e,file,per-case validation log (validation CSV retained)
tensor_core/results/verify_17251073/w0_tc4_v2/validation/089_fp16_d256_n5_norm1_outlier.log,1733,53cbe44330c92f3702242682a087b80a9d2db0ff4c45212096601c344883f9c0,file,per-case validation log (validation CSV retained)
tensor_core/results/verify_17251073/w0_tc4_v2/validation/090_fp16_d256_n5_norm0_zeros.log,1734,a16a0e8d08e0017e106a3b01d2b45b96e2e1736f6df08d7db89eee177547d12c,file,per-case validation log (validation CSV retained)
tensor_core/results/verify_17251073/w0_tc4_v2/validation/091_fp16_d256_n5_norm0_constant.log,1734,10feb9b6c8369337862d7951a46addeab6b682d13cde99425ce3a5ef8def5096,file,per-case validation log (validation CSV retained)
tensor_core/results/verify_17251073/w0_tc4_v2/validation/092_fp16_d256_n5_norm0_alternating.log,1734,a0aa0ac232c530ff244c63a2d3149eb1383f0e9651727adb4f4d10ab95a95f77,file,per-case validation log (validation CSV retained)
tensor_core/results/verify_17251073/w0_tc4_v2/validation/093_fp16_d256_n5_norm0_impulse.log,1734,cfd33106a741d3d6be9efd355a88b90a7f57bb81e9787bff45b7eb589df2a8ba,file,per-case validation log (validation CSV retained)
tensor_core/results/verify_17251073/w0_tc4_v2/validation/094_fp16_d256_n5_norm0_uniform.log,1734,e324cdec4fc384f734cd188402485469f9011d1034f5813b1164582e7eb84ad4,file,per-case validation log (validation CSV retained)
tensor_core/results/verify_17251073/w0_tc4_v2/validation/095_fp16_d256_n5_norm0_outlier.log,1734,627f6064005db75430842bbf21a41d11bd9f87a765ac19ecd7b09051bc7897e2,file,per-case validation log (validation CSV retained)
tensor_core/results/verify_17251073/w0_tc4_v2/validation/096_bf16_d64_n5_norm1_zeros.log,1731,dd221ea8bd8d952d9cafd51dc100423c825966267cd1883a6e0a6394471b583b,file,per-case validation log (validation CSV retained)
tensor_core/results/verify_17251073/w0_tc4_v2/validation/097_bf16_d64_n5_norm1_constant.log,1731,18d3225fc664a20509460488672fd4471753054e8e2aab9765e2510fffaf52a8,file,per-case validation log (validation CSV retained)
tensor_core/results/verify_17251073/w0_tc4_v2/validation/098_bf16_d64_n5_norm1_alternating.log,1731,a1d95020ab93066e9ab2b7865cae25b5469b2ad8f4603e07f6b5c6dd48b8ca46,file,per-case validation log (validation CSV retained)
tensor_core/results/verify_17251073/w0_tc4_v2/validation/099_bf16_d64_n5_norm1_impulse.log,1731,aa4152b4fd95b17c46a32af303de610c576da5979b63ce93755fde03a98838c2,file,per-case validation log (validation CSV retained)
tensor_core/results/verify_17251073/w0_tc4_v2/validation/100_bf16_d64_n5_norm1_uniform.log,1731,6fe6b2f6009b1ce27f0363b330a34796cf1b9a5335eca75136ee1be545322eb5,file,per-case validation log (validation CSV retained)
tensor_core/results/verify_17251073/w0_tc4_v2/validation/101_bf16_d64_n5_norm1_outlier.log,1731,194fed30c66b574bcbf65da7b15c222c6fda3df3337bc37ea30dd370a9727af6,file,per-case validation log (validation CSV retained)
tensor_core/results/verify_17251073/w0_tc4_v2/validation/102_bf16_d64_n5_norm0_zeros.log,1732,0754b55fba86c2e8aeb85d081f68b45750d51eaa124847752f0a9d0ef36d42d1,file,per-case validation log (validation CSV retained)
tensor_core/results/verify_17251073/w0_tc4_v2/validation/103_bf16_d64_n5_norm0_constant.log,1732,0be2c7287c7c7351d6fe5d47f6c04c6996aaa40ef47ac67250d5d904e1706f7d,file,per-case validation log (validation CSV retained)
tensor_core/results/verify_17251073/w0_tc4_v2/validation/104_bf16_d64_n5_norm0_alternating.log,1732,aaa34677d9006faa9703dd3fc3cfbe8256ee1ae2a1aa6fcd2dfe1c84c2d59fe7,file,per-case validation log (validation CSV retained)
tensor_core/results/verify_17251073/w0_tc4_v2/validation/105_bf16_d64_n5_norm0_impulse.log,1732,499d0ff31949a99b8724904fde7b93c5da2ca781ec64027b966310b5a0ec72dd,file,per-case validation log (validation CSV retained)
tensor_core/results/verify_17251073/w0_tc4_v2/validation/106_bf16_d64_n5_norm0_uniform.log,1732,0fe5fdbeb7bbb1b9cce2f63864603066d24e7bd30dc14ee5cbc9e83de6b2b29b,file,per-case validation log (validation CSV retained)
tensor_core/results/verify_17251073/w0_tc4_v2/validation/107_bf16_d64_n5_norm0_outlier.log,1732,87e14e09593051fac1809d7fc2062c6cef081ca0b96aa343d49af72abab5afa0,file,per-case validation log (validation CSV retained)
tensor_core/results/verify_17251073/w0_tc4_v2/validation/108_bf16_d128_n5_norm1_zeros.log,1732,64a98d9756cbd5e4b17839a4390b0d26a9b31d192cfc31360b86867bb42aa2ab,file,per-case validation log (validation CSV retained)
tensor_core/results/verify_17251073/w0_tc4_v2/validation/109_bf16_d128_n5_norm1_constant.log,1732,010ad058feb15e2a08f69481975b68c8eb81ab0e46b52d633b12a6385420ac7f,file,per-case validation log (validation CSV retained)
tensor_core/results/verify_17251073/w0_tc4_v2/validation/110_bf16_d128_n5_norm1_alternating.log,1732,1c824ac36a5559e4c6ef232c381ac85ab825fa842abb6042e2c9c71e651f23f9,file,per-case validation log (validation CSV retained)
tensor_core/results/verify_17251073/w0_tc4_v2/validation/111_bf16_d128_n5_norm1_impulse.log,1732,402c86153e986e4c0fa225a2aa196d2dce738308faf30668c55e57fcb99a9c60,file,per-case validation log (validation CSV retained)
tensor_core/results/verify_17251073/w0_tc4_v2/validation/112_bf16_d128_n5_norm1_uniform.log,1732,e5749a486d6cef9c113ac98e351ddd1f0a7f95902531a45f7d9a47789fe17b23,file,per-case validation log (validation CSV retained)
tensor_core/results/verify_17251073/w0_tc4_v2/validation/113_bf16_d128_n5_norm1_outlier.log,1732,72c86c47b6e9c7a9727494a7942830cbe4b4c64f86090d7c042f9615e0cd7fbf,file,per-case validation log (validation CSV retained)
tensor_core/results/verify_17251073/w0_tc4_v2/validation/114_bf16_d128_n5_norm0_zeros.log,1733,55b13095565a3885aa5b878cf4a698ee6e0ed4d8949064ac0385a89abadf685a,file,per-case validation log (validation CSV retained)
tensor_core/results/verify_17251073/w0_tc4_v2/validation/115_bf16_d128_n5_norm0_constant.log,1733,f7c76c88a66dc2fa90c532b4a59b216bec4bdcb478585e35295591754be69de1,file,per-case validation log (validation CSV retained)
tensor_core/results/verify_17251073/w0_tc4_v2/validation/116_bf16_d128_n5_norm0_alternating.log,1733,be47c2ac026bfce59f4b0fd040b41fc3d1b318d6a9d90c144c29b5eba8478edc,file,per-case validation log (validation CSV retained)
tensor_core/results/verify_17251073/w0_tc4_v2/validation/117_bf16_d128_n5_norm0_impulse.log,1733,d8dcc1b1e76df16f9600fb7479f0a053e341564ce1ff3f65bdea9f0a0fdf7662,file,per-case validation log (validation CSV retained)
tensor_core/results/verify_17251073/w0_tc4_v2/validation/118_bf16_d128_n5_norm0_uniform.log,1733,beb795ad3bcb57d0fa33b79b3709cb2c6557d98e81ab8fc79ffcae5deb8e64a9,file,per-case validation log (validation CSV retained)
tensor_core/results/verify_17251073/w0_tc4_v2/validation/119_bf16_d128_n5_norm0_outlier.log,1733,3501f63f856e8a9821139cca0785d97549a58d0ba72e66a12a4fc2084a7ac1c0,file,per-case validation log (validation CSV retained)
tensor_core/results/verify_17251073/w0_tc4_v2/validation/120_bf16_d256_n5_norm1_zeros.log,1733,81443f8bc92b77ecc6184b5f28d9bda9e4cbfd0fc7d1e5faca19a3cbcfb9fdd6,file,per-case validation log (validation CSV retained)
tensor_core/results/verify_17251073/w0_tc4_v2/validation/121_bf16_d256_n5_norm1_constant.log,1733,918ffbb6671553d5c2fd55758a5fb16ba6191ab8cdd924046ce3c949d89d6191,file,per-case validation log (validation CSV retained)
tensor_core/results/verify_17251073/w0_tc4_v2/validation/122_bf16_d256_n5_norm1_alternating.log,1733,55ab77bcdd7e8b006dbabf4a4be7fca2e6a613807477e9fe7c12a8c486d7a289,file,per-case validation log (validation CSV retained)
tensor_core/results/verify_17251073/w0_tc4_v2/validation/123_bf16_d256_n5_norm1_impulse.log,1733,05a1b3a82d5c21843b436676583060ff8c1738bb2a032fe850d5df233a14a29e,file,per-case validation log (validation CSV retained)
tensor_core/results/verify_17251073/w0_tc4_v2/validation/124_bf16_d256_n5_norm1_uniform.log,1733,29363fd5fc30e963462ee06d682fc233c8438e1920804ec5dbc4a0dad5153439,file,per-case validation log (validation CSV retained)
tensor_core/results/verify_17251073/w0_tc4_v2/validation/125_bf16_d256_n5_norm1_outlier.log,1733,6d4eccf075a3d77c21cf01ed7a38c6bb1c3c4e58d6e6635e251b1b87c8b642d6,file,per-case validation log (validation CSV retained)
tensor_core/results/verify_17251073/w0_tc4_v2/validation/126_bf16_d256_n5_norm0_zeros.log,1734,3ae828213d7468dbb0e4b98e1a8f3d733af9d5aacb80b50370486efcef1afa5c,file,per-case validation log (validation CSV retained)
tensor_core/results/verify_17251073/w0_tc4_v2/validation/127_bf16_d256_n5_norm0_constant.log,1734,e1951e89219ae4b055ea740239ca71934cf0889aaf4216a8c2633ce59a76790f,file,per-case validation log (validation CSV retained)
tensor_core/results/verify_17251073/w0_tc4_v2/validation/128_bf16_d256_n5_norm0_alternating.log,1734,c13cff9a4165fc5546aa0478201c1d4a9f9f2d95dacdc79b5d2d9260f79e84d5,file,per-case validation log (validation CSV retained)
tensor_core/results/verify_17251073/w0_tc4_v2/validation/129_bf16_d256_n5_norm0_impulse.log,1734,577ae7961b1dd701a8bd27701c0c4c93fafba0b02cf8aeec684357459cbbc1ba,file,per-case validation log (validation CSV retained)
tensor_core/results/verify_17251073/w0_tc4_v2/validation/130_bf16_d256_n5_norm0_uniform.log,1734,53bf588e90093d580dd487e2b8f678790b793024b5097af8c77ab0675e0b4852,file,per-case validation log (validation CSV retained)
tensor_core/results/verify_17251073/w0_tc4_v2/validation/131_bf16_d256_n5_norm0_outlier.log,1734,b68353947ed2333e411271a8a60a0e148d489433f0a2a279d10b2f3b3f3198c8,file,per-case validation log (validation CSV retained)
tensor_core/results/verify_17251073/w0_tc4_v2/validation/failures/004_fp16_d64_n5_norm0_normal/input.bin,640,8efd90a8193d44f37bfb128ced13f4d4352b77a5b9036ff446ca2196797c8cf2,file,raw failure samples (validation CSV retained)
tensor_core/results/verify_17251073/w0_tc4_v2/validation/failures/004_fp16_d64_n5_norm0_normal/ref.bin,640,00563bf027ca93bf5ce082e1c3bd3c5de123b469bde609bc4d1e4ffc153e7c7a,file,raw failure samples (validation CSV retained)
tensor_core/results/verify_17251073/w0_tc4_v2/validation/failures/005_fp16_d64_n2048_norm0_normal/input.bin,262144,da7a1c67b7fe7d3334520c8d4954adce1b9a6d30abb03f4ab6803510883b3331,file,raw failure samples (validation CSV retained)
tensor_core/results/verify_17251073/w0_tc4_v2/validation/failures/005_fp16_d64_n2048_norm0_normal/ref.bin,262144,d590eaf731b67e511562746f7564dc2f0f88d02ce8683c5d452c61b2c7c69ae7,file,raw failure samples (validation CSV retained)
tensor_core/results/verify_17251073/w0_tc4_v2/validation/failures/010_fp16_d128_n5_norm0_normal/input.bin,1280,f5b35a96e6469b2fd6b1b461ca32756c0d4ecd596984948f1bc2355ee9c2324d,file,raw failure samples (validation CSV retained)
tensor_core/results/verify_17251073/w0_tc4_v2/validation/failures/010_fp16_d128_n5_norm0_normal/ref.bin,1280,22d7a99c3c82dee9fc79b36cb2629995860907cc8650d35c444b6fdbe759fd58,file,raw failure samples (validation CSV retained)
tensor_core/results/verify_17251073/w0_tc4_v2/validation/failures/011_fp16_d128_n2048_norm0_normal/input.bin,524288,dd47cb997c575034d042d8a31891b726d3aeb100883dd0c265bb15df5bad3064,file,raw failure samples (validation CSV retained)
tensor_core/results/verify_17251073/w0_tc4_v2/validation/failures/011_fp16_d128_n2048_norm0_normal/ref.bin,524288,bcd15d84b53d1eb3e4da3a22f74740c51fd03f408da87ae72c31e977f4a42753,file,raw failure samples (validation CSV retained)
tensor_core/results/verify_17251073/w0_tc4_v2/validation/failures/015_fp16_d256_n1_norm0_normal/input.bin,512,74e1b0c8f7131dc9e7d60e2e4bff6996eac0b84de50b437d92a592b5bdb357e4,file,raw failure samples (validation CSV retained)
tensor_core/results/verify_17251073/w0_tc4_v2/validation/failures/015_fp16_d256_n1_norm0_normal/ref.bin,512,34a8fe9a8b7372499c7c149f1ee09708f7e9e5170213930fa764a811c6f9aeaa,file,raw failure samples (validation CSV retained)
tensor_core/results/verify_17251073/w0_tc4_v2/validation/failures/016_fp16_d256_n5_norm0_normal/input.bin,2560,e233f41fb13113b3651de6d5f56c7f5d900f235c1e2bdf2c7d792c221606922b,file,raw failure samples (validation CSV retained)
tensor_core/results/verify_17251073/w0_tc4_v2/validation/failures/016_fp16_d256_n5_norm0_normal/ref.bin,2560,666e0eca4ab178543470305b01cb6a0e8a348af8e9d1b38ed414bfbbca46e3b3,file,raw failure samples (validation CSV retained)
tensor_core/results/verify_17251073/w0_tc4_v2/validation/failures/017_fp16_d256_n2048_norm0_normal/input.bin,1048576,70643eff19dfb18c274b29393e8faaa1ce13bb158cfb34e180c2f9ec3952a4f3,file,raw failure samples (validation CSV retained)
tensor_core/results/verify_17251073/w0_tc4_v2/validation/failures/017_fp16_d256_n2048_norm0_normal/ref.bin,1048576,e2bb9a5732404b3738e74d34cc9eddcbf626f4e1e9f31f53d06d3be529d9a41d,file,raw failure samples (validation CSV retained)
tensor_core/results/verify_17251073/w0_tc4_v2/validation/failures/021_fp16_d512_n1_norm0_normal/input.bin,1024,eb725255f28bf0d221c945346c0895613744dae565c72fed690e690878f6a7e1,file,raw failure samples (validation CSV retained)
tensor_core/results/verify_17251073/w0_tc4_v2/validation/failures/021_fp16_d512_n1_norm0_normal/ref.bin,1024,f184e823a67bdb0972cca77a95ab9df1b5cd3257906cad6c6e79b77b1cf7444c,file,raw failure samples (validation CSV retained)
tensor_core/results/verify_17251073/w0_tc4_v2/validation/failures/022_fp16_d512_n5_norm0_normal/input.bin,5120,7f995e20691ec7f36fce621d881efb8d54bb4bff32b6ea1d480a852291959225,file,raw failure samples (validation CSV retained)
tensor_core/results/verify_17251073/w0_tc4_v2/validation/failures/022_fp16_d512_n5_norm0_normal/ref.bin,5120,93bdcaea8db4b108af1685b0227043861e662bcf38c6e65a42b8cf72787fc5cc,file,raw failure samples (validation CSV retained)
tensor_core/results/verify_17251073/w0_tc4_v2/validation/failures/023_fp16_d512_n2048_norm0_normal/input.bin,2097152,31912253781e4bbeebfa711fc5a1f752cd1deeebf6f4d728ffcd38cf55393799,file,raw failure samples (validation CSV retained)
tensor_core/results/verify_17251073/w0_tc4_v2/validation/failures/023_fp16_d512_n2048_norm0_normal/ref.bin,2097152,b37ac8815047ae5f00bf209a5d8dc0047c8606bbc858f31d78c7dd1bdc141d78,file,raw failure samples (validation CSV retained)
tensor_core/results/verify_17251073/w0_tc4_v2/validation/failures/027_fp16_d1024_n1_norm0_normal/input.bin,2048,045266413b49b8c5c053b23bc15fc7f829ade0856e6ca298530ac8c9b6d0b4d6,file,raw failure samples (validation CSV retained)
tensor_core/results/verify_17251073/w0_tc4_v2/validation/failures/027_fp16_d1024_n1_norm0_normal/ref.bin,2048,8c35bc18cd9889b32b8631e8760014d025d2f0b6e65d86e788ee333a6aa31dde,file,raw failure samples (validation CSV retained)
tensor_core/results/verify_17251073/w0_tc4_v2/validation/failures/028_fp16_d1024_n5_norm0_normal/input.bin,10240,219395649bb64b764666613e2cd5c8f4ab0c74023cc513f78f7e6164d532cdd8,file,raw failure samples (validation CSV retained)
tensor_core/results/verify_17251073/w0_tc4_v2/validation/failures/028_fp16_d1024_n5_norm0_normal/ref.bin,10240,b919aba414c196d00f2c748689aab757159173d37ce967cd7f10c266a10d9bfd,file,raw failure samples (validation CSV retained)
tensor_core/results/verify_17251073/w0_tc4_v2/validation/failures/029_fp16_d1024_n2048_norm0_normal/input.bin,4194304,490435c19d6da7f3a5257856343a6fe61cb4f4fb018d2243580725d9e5dc41ef,file,raw failure samples (validation CSV retained)
tensor_core/results/verify_17251073/w0_tc4_v2/validation/failures/029_fp16_d1024_n2048_norm0_normal/ref.bin,4194304,2dddff87bc7d7389435c7249c7013ea2a06aa40a4c51eaed191ba1f014cc651f,file,raw failure samples (validation CSV retained)
tensor_core/results/verify_17251073/w0_tc4_v2/validation/failures/034_bf16_d64_n5_norm0_normal/input.bin,640,0f59cfc77058b79d8b99bf62ecc9fa7079f4e357fc3e255447f422d6463d5c54,file,raw failure samples (validation CSV retained)
tensor_core/results/verify_17251073/w0_tc4_v2/validation/failures/034_bf16_d64_n5_norm0_normal/ref.bin,640,d3278310b3b605aa15e9537fb9f115da66ec4f14d7d551274f650db401408661,file,raw failure samples (validation CSV retained)
tensor_core/results/verify_17251073/w0_tc4_v2/validation/failures/035_bf16_d64_n2048_norm0_normal/input.bin,262144,b38f5d9c1fafe8da61c62ed4090d6f954e029ead6ffb1f0a2785e6fb694257e4,file,raw failure samples (validation CSV retained)
tensor_core/results/verify_17251073/w0_tc4_v2/validation/failures/035_bf16_d64_n2048_norm0_normal/ref.bin,262144,b74c7853277e99a5311bb67101d64dfc6f89fcd14beaddbd54d4bb11cea57499,file,raw failure samples (validation CSV retained)
tensor_core/results/verify_17251073/w0_tc4_v2/validation/failures/040_bf16_d128_n5_norm0_normal/input.bin,1280,86e6343df1cd5dcb3e6c67cb445d6a8565991332dfac6a332b13c4c87db40006,file,raw failure samples (validation CSV retained)
tensor_core/results/verify_17251073/w0_tc4_v2/validation/failures/040_bf16_d128_n5_norm0_normal/ref.bin,1280,070cc009189492aa28c08c3bf8c2c3636a38f557c3046ab2e9cae0fd3a190410,file,raw failure samples (validation CSV retained)
tensor_core/results/verify_17251073/w0_tc4_v2/validation/failures/041_bf16_d128_n2048_norm0_normal/input.bin,524288,29ea405a77b8a15ea55242d5b4162c7911412ee1eddc3730caebb5b6bff1e7e5,file,raw failure samples (validation CSV retained)
tensor_core/results/verify_17251073/w0_tc4_v2/validation/failures/041_bf16_d128_n2048_norm0_normal/ref.bin,524288,ea5b00540bcc7928ee7ca97a596f53192127c5472b9ee8249b3859cda699197d,file,raw failure samples (validation CSV retained)
tensor_core/results/verify_17251073/w0_tc4_v2/validation/failures/045_bf16_d256_n1_norm0_normal/input.bin,512,5cee298d4352616100731f50a0fd018b6111f6f25fdd7da9d423928512ed1d09,file,raw failure samples (validation CSV retained)
tensor_core/results/verify_17251073/w0_tc4_v2/validation/failures/045_bf16_d256_n1_norm0_normal/ref.bin,512,543f57499d01ad613c839b9014d5b8ffa294a26bf00e3bd5624cb586ae61cd93,file,raw failure samples (validation CSV retained)
tensor_core/results/verify_17251073/w0_tc4_v2/validation/failures/046_bf16_d256_n5_norm0_normal/input.bin,2560,92672b98e47099cff965f3c0f5197d2ae61ab3cf6e890384f3f5df711518ec22,file,raw failure samples (validation CSV retained)
tensor_core/results/verify_17251073/w0_tc4_v2/validation/failures/046_bf16_d256_n5_norm0_normal/ref.bin,2560,4fd0ab3b685fa0d6eb192c90a62967511576707fcfa4807faeb34fef93ebbbc5,file,raw failure samples (validation CSV retained)
tensor_core/results/verify_17251073/w0_tc4_v2/validation/failures/047_bf16_d256_n2048_norm0_normal/input.bin,1048576,e33d4e4315340b887e559ece250108a6c648d35f6701b21ee0a8abc44316218c,file,raw failure samples (validation CSV retained)
tensor_core/results/verify_17251073/w0_tc4_v2/validation/failures/047_bf16_d256_n2048_norm0_normal/ref.bin,1048576,e1e4c728b1fe3fb12402f75785d62b206296e7d1eabf357446d0655db7e3dc90,file,raw failure samples (validation CSV retained)
tensor_core/results/verify_17251073/w0_tc4_v2/validation/failures/051_bf16_d512_n1_norm0_normal/input.bin,1024,444f9710f69e1db13e95a143b6819707250d1d7523fc427948396550d01e78af,file,raw failure samples (validation CSV retained)
tensor_core/results/verify_17251073/w0_tc4_v2/validation/failures/051_bf16_d512_n1_norm0_normal/ref.bin,1024,075a6a74694aa25d3b8244d803327e3a7647ff572e8f35054f94f2f2bf3845f1,file,raw failure samples (validation CSV retained)
tensor_core/results/verify_17251073/w0_tc4_v2/validation/failures/052_bf16_d512_n5_norm0_normal/input.bin,5120,80fd5b4d4a34c716a29787c13168e535c9d9764397d0b443f8194a31a6f31548,file,raw failure samples (validation CSV retained)
tensor_core/results/verify_17251073/w0_tc4_v2/validation/failures/052_bf16_d512_n5_norm0_normal/ref.bin,5120,68f26eca4775a5bce310e7f35cddb758f1a72a05718ce1d6be72aaf702728d66,file,raw failure samples (validation CSV retained)
tensor_core/results/verify_17251073/w0_tc4_v2/validation/failures/053_bf16_d512_n2048_norm0_normal/input.bin,2097152,07f7214f39caeea6dc6cc88a1e3b17546f78bb4cfd9aa0ed8fd63bae07f71421,file,raw failure samples (validation CSV retained)
tensor_core/results/verify_17251073/w0_tc4_v2/validation/failures/053_bf16_d512_n2048_norm0_normal/ref.bin,2097152,267af573a40b0d242ab2f0caa60ef8d8d9a7c64e365ce97dc718d079cf22816b,file,raw failure samples (validation CSV retained)
tensor_core/results/verify_17251073/w0_tc4_v2/validation/failures/057_bf16_d1024_n1_norm0_normal/input.bin,2048,7b09898df08b2d8369f5d06a1774d45d53148aeaebd82218eed5535c1e4d8e04,file,raw failure samples (validation CSV retained)
tensor_core/results/verify_17251073/w0_tc4_v2/validation/failures/057_bf16_d1024_n1_norm0_normal/ref.bin,2048,2a2683d2e14c172c49ac1fd1ab2d1cf1b40b54bbe0d1371390b5d8bcfe5642d0,file,raw failure samples (validation CSV retained)
tensor_core/results/verify_17251073/w0_tc4_v2/validation/failures/058_bf16_d1024_n5_norm0_normal/input.bin,10240,51a1088c5bac50f749176f983438d02c691c40c2c26bddcad85afe8666a8b549,file,raw failure samples (validation CSV retained)
tensor_core/results/verify_17251073/w0_tc4_v2/validation/failures/058_bf16_d1024_n5_norm0_normal/ref.bin,10240,2d134b9d8a3c5cada11a7a55e46917bf3c407a4c252279be5ee467262c360037,file,raw failure samples (validation CSV retained)
tensor_core/results/verify_17251073/w0_tc4_v2/validation/failures/059_bf16_d1024_n2048_norm0_normal/input.bin,4194304,0f272ba41649f391f1dbc659b02ea6fe6c4d42978e024c8ba6b35f558a779591,file,raw failure samples (validation CSV retained)
tensor_core/results/verify_17251073/w0_tc4_v2/validation/failures/059_bf16_d1024_n2048_norm0_normal/ref.bin,4194304,7e9d80e6771b4239ef32230d4e7a6a9990cac126b46df30d36898d55a567187e,file,raw failure samples (validation CSV retained)
tensor_core/results/verify_17251073/w0_tc4_v2/validation/failures/071_fp16_d64_n5_norm0_outlier/input.bin,640,0ef306128e3aa09e9500e01bb1949337e32d5c52248458b7db00ca5f5b1649e1,file,raw failure samples (validation CSV retained)
tensor_core/results/verify_17251073/w0_tc4_v2/validation/failures/071_fp16_d64_n5_norm0_outlier/ref.bin,640,a7d5c7bb8bf4040b7fb07d58d8334f752556abc8d58b0c1110f2b22b8b8c51a3,file,raw failure samples (validation CSV retained)
tensor_core/results/verify_17251073/w0_tc4_v2/validation/failures/083_fp16_d128_n5_norm0_outlier/input.bin,1280,18ac780e9729e820b6fa9f129554b2693961920528d9d87b08bb081843cf2ba6,file,raw failure samples (validation CSV retained)
tensor_core/results/verify_17251073/w0_tc4_v2/validation/failures/083_fp16_d128_n5_norm0_outlier/ref.bin,1280,b8012bdb04fc86521eabcc39e57b49828e7bb27b21e75a26816984a8c94847f0,file,raw failure samples (validation CSV retained)
tensor_core/results/verify_17251073/w0_tc4_v2/validation/failures/094_fp16_d256_n5_norm0_uniform/input.bin,2560,87988e634f0c2fc86d78c85aca6a2e1760dc2dd69140b2c38e6308e0eb6ab886,file,raw failure samples (validation CSV retained)
tensor_core/results/verify_17251073/w0_tc4_v2/validation/failures/094_fp16_d256_n5_norm0_uniform/ref.bin,2560,5463050fbbfb4356260b68324e350aed224b2bbaffe5d15db7f15afc4fdb5332,file,raw failure samples (validation CSV retained)
tensor_core/results/verify_17251073/w0_tc4_v2/validation/failures/095_fp16_d256_n5_norm0_outlier/input.bin,2560,80f36d4ea70290237ac140f02dcfc003c0c548c329c99f7079b3a077eed07332,file,raw failure samples (validation CSV retained)
tensor_core/results/verify_17251073/w0_tc4_v2/validation/failures/095_fp16_d256_n5_norm0_outlier/ref.bin,2560,e483e4ed59a8a0394eba6e54ddaaec93cce57d084bb0ce173d00e955404d360e,file,raw failure samples (validation CSV retained)
tensor_core/results/verify_17251073/w0_tc4_v2/validation/failures/106_bf16_d64_n5_norm0_uniform/input.bin,640,54d2b8892c55209dce2f6b18a0e475d3c5dfb10db66f475bc9881e38e12526d0,file,raw failure samples (validation CSV retained)
tensor_core/results/verify_17251073/w0_tc4_v2/validation/failures/106_bf16_d64_n5_norm0_uniform/ref.bin,640,724981c891e3013a6271aeb2acfbf3573515dfe7430c26a60547f53dd0eb8218,file,raw failure samples (validation CSV retained)
tensor_core/results/verify_17251073/w0_tc4_v2/validation/failures/107_bf16_d64_n5_norm0_outlier/input.bin,640,ffc4ee8cdc7c7d2ec41f40ca723ce4140c80ed969d574c4839368a82d29c8340,file,raw failure samples (validation CSV retained)
tensor_core/results/verify_17251073/w0_tc4_v2/validation/failures/107_bf16_d64_n5_norm0_outlier/ref.bin,640,c708ceb87e585feda4b0182dab92525d4b9b6634d423ced147dc2c2cf30e894b,file,raw failure samples (validation CSV retained)
tensor_core/results/verify_17251073/w0_tc4_v2/validation/failures/118_bf16_d128_n5_norm0_uniform/input.bin,1280,c452847f51d25e0e8fe16805e126bf9f5bb269f1ea10a78ca28d237276f39267,file,raw failure samples (validation CSV retained)
tensor_core/results/verify_17251073/w0_tc4_v2/validation/failures/118_bf16_d128_n5_norm0_uniform/ref.bin,1280,7f4da035e18ceed1e2ccb290f7e6b00fbc4ae359b673886c23563c82cafb6a85,file,raw failure samples (validation CSV retained)
tensor_core/results/verify_17251073/w0_tc4_v2/validation/failures/119_bf16_d128_n5_norm0_outlier/input.bin,1280,f678588dd84d97f02d3467bc7b3b066a801da9595694b868e5958cfcce369df6,file,raw failure samples (validation CSV retained)
tensor_core/results/verify_17251073/w0_tc4_v2/validation/failures/119_bf16_d128_n5_norm0_outlier/ref.bin,1280,7001b7085dadc936f2c3e2e7cd0793ddf3848b13e3ea386adc7862714ff9a60b,file,raw failure samples (validation CSV retained)
tensor_core/results/verify_17251073/w0_tc4_v2/validation/failures/130_bf16_d256_n5_norm0_uniform/input.bin,2560,930b7e524ad87876bd2387f29df42f04182409105833f72fac3f4278621ce6e4,file,raw failure samples (validation CSV retained)
tensor_core/results/verify_17251073/w0_tc4_v2/validation/failures/130_bf16_d256_n5_norm0_uniform/ref.bin,2560,c72f566f14a49c3d4f2eaa91b185664f6cb8e78dd83942ae8352ff5cf696a8b7,file,raw failure samples (validation CSV retained)
tensor_core/results/verify_17251073/w0_tc4_v2/validation/failures/131_bf16_d256_n5_norm0_outlier/input.bin,2560,170f494b9861a677c2b4bd9401d6ebdf20595694dca0b27c71d8a0565bbd1405,file,raw failure samples (validation CSV retained)
tensor_core/results/verify_17251073/w0_tc4_v2/validation/failures/131_bf16_d256_n5_norm0_outlier/ref.bin,2560,e3a8a335e774036022a05c8931a53e8b75e92405758ff56c07b971808f330124,file,raw failure samples (validation CSV retained)
tensor_core/results/verify_17251073/w4_tc4_v0/validation/000_fp16_d64_n1_norm1_normal.log,1730,90650147fb5580f5910087836f2826ad87a04bc3b24a5b22a87bcaca1364e032,file,per-case validation log (validation CSV retained)
tensor_core/results/verify_17251073/w4_tc4_v0/validation/001_fp16_d64_n5_norm1_normal.log,1731,ad72d7bc53f083b30acf4dd909993bfc2efc4d2f45a236711e3cbd7177ddc716,file,per-case validation log (validation CSV retained)
tensor_core/results/verify_17251073/w4_tc4_v0/validation/002_fp16_d64_n2048_norm1_normal.log,1740,874f378f38f8ba5d15ef3ee45389a3e93acfeebb26a1d605bde15de2cf9c71b2,file,per-case validation log (validation CSV retained)
tensor_core/results/verify_17251073/w4_tc4_v0/validation/003_fp16_d64_n1_norm0_normal.log,1731,0158132087d3a616d7c5cf105a63596976ed5535db8f5e3e6d8d24795aa6a35b,file,per-case validation log (validation CSV retained)
tensor_core/results/verify_17251073/w4_tc4_v0/validation/004_fp16_d64_n5_norm0_normal.log,1732,b64934c4004f8fa5b7bf4bacb89112d3cdd75770a450eebeb4113320b0d65a98,file,per-case validation log (validation CSV retained)
tensor_core/results/verify_17251073/w4_tc4_v0/validation/005_fp16_d64_n2048_norm0_normal.log,1741,657bb32ed6a45a666fcd5d4f18a1d1e0cd6a5e71271288cc78a50179a50f9ace,file,per-case validation log (validation CSV retained)
tensor_core/results/verify_17251073/w4_tc4_v0/validation/006_fp16_d128_n1_norm1_normal.log,1732,de7fc288f94275419e75bd3620602ad035074b8f7252a0f8cb3e711433f00d8b,file,per-case validation log (validation CSV retained)
tensor_core/results/verify_17251073/w4_tc4_v0/validation/007_fp16_d128_n5_norm1_normal.log,1732,76d23a535468a305ba18123db705f7d128f0c9bdc64f4bad5000790813f71502,file,per-case validation log (validation CSV retained)
tensor_core/results/verify_17251073/w4_tc4_v0/validation/008_fp16_d128_n2048_norm1_normal.log,1741,12de6e55c014582fdf16f9e9b34df80c994a858dd77f474764e4481e6aac8fdc,file,per-case validation log (validation CSV retained)
tensor_core/results/verify_17251073/w4_tc4_v0/validation/009_fp16_d128_n1_norm0_normal.log,1733,c43ecf45eaf7445e95248723957bf7b9549342d8669600ce371e70d8a08105c0,file,per-case validation log (validation CSV retained)
tensor_core/results/verify_17251073/w4_tc4_v0/validation/010_fp16_d128_n5_norm0_normal.log,1733,8767b157018bcebe9b238e6af7775a7a20476f69270a6053f7df8c9b669789c1,file,per-case validation log (validation CSV retained)
tensor_core/results/verify_17251073/w4_tc4_v0/validation/011_fp16_d128_n2048_norm0_normal.log,1742,6e7679171eb8947d727b043004c9863a41fd848954d3b85fdbd0f1c080682340,file,per-case validation log (validation CSV retained)
tensor_core/results/verify_17251073/w4_tc4_v0/validation/012_fp16_d256_n1_norm1_normal.log,1732,c8f1911719953ff9c6f0a214a0d73c71a77dab7d51e3675f66d6b2affbebae17,file,per-case validation log (validation CSV retained)
tensor_core/results/verify_17251073/w4_tc4_v0/validation/013_fp16_d256_n5_norm1_normal.log,1733,d14781875c1e9f9d412e006c6e770d306dbb624d972d9163cc9cd2c423483903,file,per-case validation log (validation CSV retained)
tensor_core/results/verify_17251073/w4_tc4_v0/validation/014_fp16_d256_n2048_norm1_normal.log,1741,9e5e86688f465fa6b4e1d7401c5862e90df425cd458fcb99a0d8f414df2801cf,file,per-case validation log (validation CSV retained)
tensor_core/results/verify_17251073/w4_tc4_v0/validation/015_fp16_d256_n1_norm0_normal.log,1733,4ae5c7403ca08de0df4f5d1bca30e2a557d077a7750bfa7141593110f030fa89,file,per-case validation log (validation CSV retained)
tensor_core/results/verify_17251073/w4_tc4_v0/validation/016_fp16_d256_n5_norm0_normal.log,1734,8cd40b2a0a4136141f69dd028e94112a8c85a5a5c8506a3565c9fb58ec171849,file,per-case validation log (validation CSV retained)
tensor_core/results/verify_17251073/w4_tc4_v0/validation/017_fp16_d256_n2048_norm0_normal.log,1742,d29717abf43f4aee56af622deea5ddf4a0bc36b46bab5a5352d50edfae9665e3,file,per-case validation log (validation CSV retained)
tensor_core/results/verify_17251073/w4_tc4_v0/validation/018_fp16_d512_n1_norm1_normal.log,1578,4c539c0e71ee00eb4a815f63ea914e71572e77c7f2d75c694f6e7c9929d00f45,file,per-case validation log (validation CSV retained)
tensor_core/results/verify_17251073/w4_tc4_v0/validation/019_fp16_d512_n5_norm1_normal.log,1579,6e8b6c5776e04d74346bcdb6bb8f71ade0a59a7dbdece5a5c426caac783cda4a,file,per-case validation log (validation CSV retained)
tensor_core/results/verify_17251073/w4_tc4_v0/validation/020_fp16_d512_n2048_norm1_normal.log,1588,0fe43d98d6ab4f249ededfe94721e0296b596cbe767fa4201aecb151038b1b84,file,per-case validation log (validation CSV retained)
tensor_core/results/verify_17251073/w4_tc4_v0/validation/021_fp16_d512_n1_norm0_normal.log,1579,af52c23489045a3ae60a7fce096f33a3137e9580683a5d9e5905b7044545b5ff,file,per-case validation log (validation CSV retained)
tensor_core/results/verify_17251073/w4_tc4_v0/validation/022_fp16_d512_n5_norm0_normal.log,1580,f458d2307fcb600ba31cefaaf586361cae03e6ea21c296e26ecc913947615cbe,file,per-case validation log (validation CSV retained)
tensor_core/results/verify_17251073/w4_tc4_v0/validation/023_fp16_d512_n2048_norm0_normal.log,1589,b69753e204a35b323974c978fd99d41c563f1ce8cb96967b31745e4017f425e1,file,per-case validation log (validation CSV retained)
tensor_core/results/verify_17251073/w4_tc4_v0/validation/024_fp16_d1024_n1_norm1_normal.log,1580,b146417a48ea0a2b5d1c4e8ca8f2e82310b3faad7323613abd0f16f051ac5d39,file,per-case validation log (validation CSV retained)
tensor_core/results/verify_17251073/w4_tc4_v0/validation/025_fp16_d1024_n5_norm1_normal.log,1580,b71b8b304b718bc76cf6906fc877d29047fcc2824297330065f30d97031eec53,file,per-case validation log (validation CSV retained)
tensor_core/results/verify_17251073/w4_tc4_v0/validation/026_fp16_d1024_n2048_norm1_normal.log,1589,b222d6a3b91936d3588db197aee86375c3090da8b6bc137031acf0de4c7ee2e9,file,per-case validation log (validation CSV retained)
tensor_core/results/verify_17251073/w4_tc4_v0/validation/027_fp16_d1024_n1_norm0_normal.log,1581,764611c0d39517a7e35d0517f0936af6ad7b328d0abd657c789f1e7c64e74187,file,per-case validation log (validation CSV retained)
tensor_core/results/verify_17251073/w4_tc4_v0/validation/028_fp16_d1024_n5_norm0_normal.log,1581,7ee20283f3c00a589a3c7eb1ab1c205dabec814fbf0fabbcb9be5a2f80a012e6,file,per-case validation log (validation CSV retained)
tensor_core/results/verify_17251073/w4_tc4_v0/validation/029_fp16_d1024_n2048_norm0_normal.log,1590,6cb3fa2468165f022d5b8f91fb64f0c2a25a442c0479978e94b28efa41fff898,file,per-case validation log (validation CSV retained)
tensor_core/results/verify_17251073/w4_tc4_v0/validation/030_bf16_d64_n1_norm1_normal.log,1730,ca921a2ef82337b9bef40cd880cfff3c33ac59d0989fb82ca7a3c07ccf5e4446,file,per-case validation log (validation CSV retained)
tensor_core/results/verify_17251073/w4_tc4_v0/validation/031_bf16_d64_n5_norm1_normal.log,1731,9e50cc120e165dc010652202252acf490b8b1d4b906564c32df6204bf2211ef7,file,per-case validation log (validation CSV retained)
tensor_core/results/verify_17251073/w4_tc4_v0/validation/032_bf16_d64_n2048_norm1_normal.log,1740,b349c15f14290460d56b725b26c32a2bc7ec510c176fc1800883ab0e5eabda2c,file,per-case validation log (validation CSV retained)
tensor_core/results/verify_17251073/w4_tc4_v0/validation/033_bf16_d64_n1_norm0_normal.log,1731,10a263a8e31cedea1c9035756667214a2ed5f282fe5dbd4df6b07f3eb9c2ccc1,file,per-case validation log (validation CSV retained)
tensor_core/results/verify_17251073/w4_tc4_v0/validation/034_bf16_d64_n5_norm0_normal.log,1732,8d65576f7f0433c5168393678a36c95f7bbb40281738757980d68cea2dfbb012,file,per-case validation log (validation CSV retained)
tensor_core/results/verify_17251073/w4_tc4_v0/validation/035_bf16_d64_n2048_norm0_normal.log,1741,56a227675bed2b829eeb2f2787feed7653e360c5a3c086dd5abbc1d6d172fbe7,file,per-case validation log (validation CSV retained)
tensor_core/results/verify_17251073/w4_tc4_v0/validation/036_bf16_d128_n1_norm1_normal.log,1732,78878495cabcf19983d3c5ba875b556ed9e12d355c92294d309ffb37d421b885,file,per-case validation log (validation CSV retained)
tensor_core/results/verify_17251073/w4_tc4_v0/validation/037_bf16_d128_n5_norm1_normal.log,1732,104bc7562fc6472e1f928d2e1780feacb06853308247988478d4b818b9d3efb1,file,per-case validation log (validation CSV retained)
tensor_core/results/verify_17251073/w4_tc4_v0/validation/038_bf16_d128_n2048_norm1_normal.log,1741,234cbccef197aece1fec66f79a47dafb816bca76fcc88a46d6fd0590fd206f3f,file,per-case validation log (validation CSV retained)
tensor_core/results/verify_17251073/w4_tc4_v0/validation/039_bf16_d128_n1_norm0_normal.log,1733,65af0a1b4de602f2e9dceba2eb5e3134f2b0daf4fa63ee9e6d4f33b3a3c13e69,file,per-case validation log (validation CSV retained)
tensor_core/results/verify_17251073/w4_tc4_v0/validation/040_bf16_d128_n5_norm0_normal.log,1733,3d11050a2a60f69fa70691a9179e4410f294c29a5e12012ee333bf49c865883e,file,per-case validation log (validation CSV retained)
tensor_core/results/verify_17251073/w4_tc4_v0/validation/041_bf16_d128_n2048_norm0_normal.log,1742,08d3625230b8ff47a77448445e77a9a1020e8e36e633ddf2eff5e225ebe8a222,file,per-case validation log (validation CSV retained)
tensor_core/results/verify_17251073/w4_tc4_v0/validation/042_bf16_d256_n1_norm1_normal.log,1732,779ee5d6babc47eeab62f1813f85e84cf2325317c2035af9e81db1d524b99cd0,file,per-case validation log (validation CSV retained)
tensor_core/results/verify_17251073/w4_tc4_v0/validation/043_bf16_d256_n5_norm1_normal.log,1733,f2c45cb4e48c7c2208d2d3407d9c44aa4f86f7dd21aa669ae0677accb8e0fba0,file,per-case validation log (validation CSV retained)
tensor_core/results/verify_17251073/w4_tc4_v0/validation/044_bf16_d256_n2048_norm1_normal.log,1739,e93fd0b384c2e323d1bfcb7e9ead220bb8a8a1392e7d85da5c63ac5c048302e4,file,per-case validation log (validation CSV retained)
tensor_core/results/verify_17251073/w4_tc4_v0/validation/045_bf16_d256_n1_norm0_normal.log,1733,f0df90f67434c5815254058e24ea8ee07141a823830dc1458f1dc08001b0907b,file,per-case validation log (validation CSV retained)
tensor_core/results/verify_17251073/w4_tc4_v0/validation/046_bf16_d256_n5_norm0_normal.log,1734,3cded975a8f1e60c0ac86b600df6ba085868382d06ec08924f3ca1d25c624684,file,per-case validation log (validation CSV retained)
tensor_core/results/verify_17251073/w4_tc4_v0/validation/047_bf16_d256_n2048_norm0_normal.log,1740,9e1c411561b6a65614b5a65b83271af33784139ea6de3474142437fd43cb9b7b,file,per-case validation log (validation CSV retained)
tensor_core/results/verify_17251073/w4_tc4_v0/validation/048_bf16_d512_n1_norm1_normal.log,1578,7223e497158b3488e883df2a07ed45f7e03ab207f6adf417560a8c4b32a91f33,file,per-case validation log (validation CSV retained)
tensor_core/results/verify_17251073/w4_tc4_v0/validation/049_bf16_d512_n5_norm1_normal.log,1579,e2bf2c1d3d301a821bf16e0ede10cca267ec1004fe19eb50b89cdc31a2f33e8d,file,per-case validation log (validation CSV retained)
tensor_core/results/verify_17251073/w4_tc4_v0/validation/050_bf16_d512_n2048_norm1_normal.log,1588,ecd7fc84e5d30a0ec146ba6bd9591d8be12aea2f3927b2110bd939b4fd5176c2,file,per-case validation log (validation CSV retained)
tensor_core/results/verify_17251073/w4_tc4_v0/validation/051_bf16_d512_n1_norm0_normal.log,1579,3cf587d5c35b4b1616abbc6d8b493d3a7a091c469eae4d18dd336a1a7eda1a77,file,per-case validation log (validation CSV retained)
tensor_core/results/verify_17251073/w4_tc4_v0/validation/052_bf16_d512_n5_norm0_normal.log,1580,75c08669b91893b5dff0baf0586979b6af624489bbdd1f8ca4ac966a5d38ef1b,file,per-case validation log (validation CSV retained)
tensor_core/results/verify_17251073/w4_tc4_v0/validation/053_bf16_d512_n2048_norm0_normal.log,1589,fcf12190619098f6e184f6e7f3caf6d5025eadca0d369b7bd74262ba3cf1ef1b,file,per-case validation log (validation CSV retained)
tensor_core/results/verify_17251073/w4_tc4_v0/validation/054_bf16_d1024_n1_norm1_normal.log,1580,fcfec270462d6f94d966bd9d05259ce38fe270ccf9c151daf59d64c6ffeaedb6,file,per-case validation log (validation CSV retained)
tensor_core/results/verify_17251073/w4_tc4_v0/validation/055_bf16_d1024_n5_norm1_normal.log,1580,4c91cdc5abb58e60015a5ff1f206124a25d04a9c519bccea91dfc542f50e0fe2,file,per-case validation log (validation CSV retained)
tensor_core/results/verify_17251073/w4_tc4_v0/validation/056_bf16_d1024_n2048_norm1_normal.log,1589,06e89e267294449d79d7d8833e529c512190be2aa6f8d8a83729d0a962c4ef25,file,per-case validation log (validation CSV retained)
tensor_core/results/verify_17251073/w4_tc4_v0/validation/057_bf16_d1024_n1_norm0_normal.log,1581,0aecff766b636d95a8f5979751a690731545cd2d5d66180ddf68710be814c1b1,file,per-case validation log (validation CSV retained)
tensor_core/results/verify_17251073/w4_tc4_v0/validation/058_bf16_d1024_n5_norm0_normal.log,1581,d7677d46122c4726ce608c1e7d9e45db963d202a7707c8c096c311c32d49d72f,file,per-case validation log (validation CSV retained)
tensor_core/results/verify_17251073/w4_tc4_v0/validation/059_bf16_d1024_n2048_norm0_normal.log,1590,9a6a63580f4ab0e4e8ef0bfde22d0b9b46f633408435b23c25611d00fbd6b7b6,file,per-case validation log (validation CSV retained)
tensor_core/results/verify_17251073/w4_tc4_v0/validation/060_fp16_d64_n5_norm1_zeros.log,1731,57d96aa71412d96262727468551370b056cd761c9673f1398936360c98220ecd,file,per-case validation log (validation CSV retained)
tensor_core/results/verify_17251073/w4_tc4_v0/validation/061_fp16_d64_n5_norm1_constant.log,1731,03b8089a89253225d235ffaeab111749312a67f21563bb5c07926ceafd907330,file,per-case validation log (validation CSV retained)
tensor_core/results/verify_17251073/w4_tc4_v0/validation/062_fp16_d64_n5_norm1_alternating.log,1731,8d4621df921288374c4551df8dd532fad31878ea16c04769396d6ee2321869f5,file,per-case validation log (validation CSV retained)
tensor_core/results/verify_17251073/w4_tc4_v0/validation/063_fp16_d64_n5_norm1_impulse.log,1731,298de829e6026f3d37d78c0c8992aa287d210b021e02ede910b329754ab2b492,file,per-case validation log (validation CSV retained)
tensor_core/results/verify_17251073/w4_tc4_v0/validation/064_fp16_d64_n5_norm1_uniform.log,1731,65a2fc63618376a2216d5cf702e42a709934285a1d60bf4edc494afe4f061522,file,per-case validation log (validation CSV retained)
tensor_core/results/verify_17251073/w4_tc4_v0/validation/065_fp16_d64_n5_norm1_outlier.log,1731,87b6e1e070e1afb64db9f83cbf9155a9ca221c164525e1d212e098842eca066c,file,per-case validation log (validation CSV retained)
tensor_core/results/verify_17251073/w4_tc4_v0/validation/066_fp16_d64_n5_norm0_zeros.log,1732,6ed94864dab959b1884131ff382effeb8c64c95a39298f37b60706b87eaa5342,file,per-case validation log (validation CSV retained)
tensor_core/results/verify_17251073/w4_tc4_v0/validation/067_fp16_d64_n5_norm0_constant.log,1732,2ef85a44ef80cc4e9670269fa4b13accbbec5381b82ec1e7f51b70027b7903b0,file,per-case validation log (validation CSV retained)
tensor_core/results/verify_17251073/w4_tc4_v0/validation/068_fp16_d64_n5_norm0_alternating.log,1732,25f41809c103f55a26db4e0339a8f046aa9338e0299377035bf8b52f6dccf502,file,per-case validation log (validation CSV retained)
tensor_core/results/verify_17251073/w4_tc4_v0/validation/069_fp16_d64_n5_norm0_impulse.log,1732,812cce367c2cfa2d9545e03845217add6e96289416541b809e3f86b23342ebc5,file,per-case validation log (validation CSV retained)
tensor_core/results/verify_17251073/w4_tc4_v0/validation/070_fp16_d64_n5_norm0_uniform.log,1732,e32bf9cbd3c13086fef7c65b66c6417c4ffe89f3ec7f153aa6bbde0baa64a3d2,file,per-case validation log (validation CSV retained)
tensor_core/results/verify_17251073/w4_tc4_v0/validation/071_fp16_d64_n5_norm0_outlier.log,1732,6ce5c2cdff7965442a479590e8bab1f5669af6fd6e44c9044aaa3c0d5f47413d,file,per-case validation log (validation CSV retained)
tensor_core/results/verify_17251073/w4_tc4_v0/validation/072_fp16_d128_n5_norm1_zeros.log,1732,03b730a8b811d2f6e41f02185d72845473fad0dbb1ea9a9c98f735c3f0ef2ca7,file,per-case validation log (validation CSV retained)
tensor_core/results/verify_17251073/w4_tc4_v0/validation/073_fp16_d128_n5_norm1_constant.log,1732,98d66244e2615ed4ea33b125663814757dec47c5cd3ca825e00047454b707849,file,per-case validation log (validation CSV retained)
tensor_core/results/verify_17251073/w4_tc4_v0/validation/074_fp16_d128_n5_norm1_alternating.log,1732,e0ca0f961f0990478659eba1cb146100496cd0861490a000f7d41f4011f820e6,file,per-case validation log (validation CSV retained)
tensor_core/results/verify_17251073/w4_tc4_v0/validation/075_fp16_d128_n5_norm1_impulse.log,1732,4714d953c49ea8c56db17c56d48538291c80ab2ae5f8dadfe820a92716279cc4,file,per-case validation log (validation CSV retained)
tensor_core/results/verify_17251073/w4_tc4_v0/validation/076_fp16_d128_n5_norm1_uniform.log,1732,3fe40879ab202b320e85f854522716d125c2ff601769ebb384d638018683c27c,file,per-case validation log (validation CSV retained)
tensor_core/results/verify_17251073/w4_tc4_v0/validation/077_fp16_d128_n5_norm1_outlier.log,1732,f5eb3999ae717c2bff41d0f1cc4c6f9a7995827de5eace8772a10fcde0c26b77,file,per-case validation log (validation CSV retained)
tensor_core/results/verify_17251073/w4_tc4_v0/validation/078_fp16_d128_n5_norm0_zeros.log,1733,c1116cf8997747c6db17b40de43b594431dc121b46697dac0d81c8f0488d3f1a,file,per-case validation log (validation CSV retained)
tensor_core/results/verify_17251073/w4_tc4_v0/validation/079_fp16_d128_n5_norm0_constant.log,1733,bafc0c4d30037461d62d1566273e6038b32e31d8e8a753acf0ac32a6d33caa12,file,per-case validation log (validation CSV retained)
tensor_core/results/verify_17251073/w4_tc4_v0/validation/080_fp16_d128_n5_norm0_alternating.log,1733,1524d6fa8d1f9cc44bdec2dc88d7f3a641a40dbc43d489eef47ca0acf41ecf16,file,per-case validation log (validation CSV retained)
tensor_core/results/verify_17251073/w4_tc4_v0/validation/081_fp16_d128_n5_norm0_impulse.log,1733,20ed4482504ec33ba349885a29032f1c83ca37d9d23fd335efe611dce0cb5100,file,per-case validation log (validation CSV retained)
tensor_core/results/verify_17251073/w4_tc4_v0/validation/082_fp16_d128_n5_norm0_uniform.log,1733,bf08a2b1fae4d917c79d9efc6eaed9b396b5aee7ae08339aab072426e45880a2,file,per-case validation log (validation CSV retained)
tensor_core/results/verify_17251073/w4_tc4_v0/validation/083_fp16_d128_n5_norm0_outlier.log,1733,685dc8a421d4b4906cd3972cf16ee779e0126873059f6608c773c5221488b613,file,per-case validation log (validation CSV retained)
tensor_core/results/verify_17251073/w4_tc4_v0/validation/084_fp16_d256_n5_norm1_zeros.log,1733,ff38847c2ba88e332be8ac8d71dfb5d861f314aab95fc8af998702f89b8ca9db,file,per-case validation log (validation CSV retained)
tensor_core/results/verify_17251073/w4_tc4_v0/validation/085_fp16_d256_n5_norm1_constant.log,1733,55fca5eecfb001ed04fa2a0e442ca7ac3c65be6c2ead4012da3558d2a9181433,file,per-case validation log (validation CSV retained)
tensor_core/results/verify_17251073/w4_tc4_v0/validation/086_fp16_d256_n5_norm1_alternating.log,1733,eda9a059c1be610c65e53e0b82d79c50fbc652a7b05635a7b138c275f2e33497,file,per-case validation log (validation CSV retained)
tensor_core/results/verify_17251073/w4_tc4_v0/validation/087_fp16_d256_n5_norm1_impulse.log,1733,c6123b5543e3b80aa543769c8ebc63721d73f1b72844de2c75d76488db8190ec,file,per-case validation log (validation CSV retained)
tensor_core/results/verify_17251073/w4_tc4_v0/validation/088_fp16_d256_n5_norm1_uniform.log,1733,bbc662a72c80346d279009abfde6f658d38b84c06fe5e634437bc2ff5a5e30f8,file,per-case validation log (validation CSV retained)
tensor_core/results/verify_17251073/w4_tc4_v0/validation/089_fp16_d256_n5_norm1_outlier.log,1733,5f0ea4a4c7e17a6d1c6b506c4cc43f84aca8366e19d2840202d3c761a9a9c208,file,per-case validation log (validation CSV retained)
tensor_core/results/verify_17251073/w4_tc4_v0/validation/090_fp16_d256_n5_norm0_zeros.log,1734,0c77055cc65077ecfee127bec47561fdff62669c2cb00abae708ba7eb1e7d22e,file,per-case validation log (validation CSV retained)
tensor_core/results/verify_17251073/w4_tc4_v0/validation/091_fp16_d256_n5_norm0_constant.log,1734,80786cd07e90adb4ce4eda96e57207b91032fdc57c7cd3a5116804d95a7dcecf,file,per-case validation log (validation CSV retained)
tensor_core/results/verify_17251073/w4_tc4_v0/validation/092_fp16_d256_n5_norm0_alternating.log,1734,6f1c6380ffbe70c38b1a764c8ec835fc724eb806ccdb01f7ad0805c6abac2ea5,file,per-case validation log (validation CSV retained)
tensor_core/results/verify_17251073/w4_tc4_v0/validation/093_fp16_d256_n5_norm0_impulse.log,1734,283570c2a04edd64eb01c8e24e5787d8d7b5a5204d68f8c9a648cfa0527dc0f3,file,per-case validation log (validation CSV retained)
tensor_core/results/verify_17251073/w4_tc4_v0/validation/094_fp16_d256_n5_norm0_uniform.log,1734,67a83a879b0e94b01aec90edbbaaa583ca7ded86580a24b57bb113cc31b59271,file,per-case validation log (validation CSV retained)
tensor_core/results/verify_17251073/w4_tc4_v0/validation/095_fp16_d256_n5_norm0_outlier.log,1734,86c230f8d064371056f37b2b901472b4953dde24b5d2a558e5fc15b6008ac4f1,file,per-case validation log (validation CSV retained)
tensor_core/results/verify_17251073/w4_tc4_v0/validation/096_bf16_d64_n5_norm1_zeros.log,1731,f0d0eece816ef66df23823d1175337614165935ae970150ca5fb18c3902a568b,file,per-case validation log (validation CSV retained)
tensor_core/results/verify_17251073/w4_tc4_v0/validation/097_bf16_d64_n5_norm1_constant.log,1731,0989685db00d238ec20d1940605820f00a1e6ac681da38006916a4c6c9114532,file,per-case validation log (validation CSV retained)
tensor_core/results/verify_17251073/w4_tc4_v0/validation/098_bf16_d64_n5_norm1_alternating.log,1731,e09755c4f065033c244739a2a1e2f483172b8ccfccdf1be33c2e218174e0281e,file,per-case validation log (validation CSV retained)
tensor_core/results/verify_17251073/w4_tc4_v0/validation/099_bf16_d64_n5_norm1_impulse.log,1731,01dcc232ad8b99a4b90e3cf0b2626678a49ce8b6a7a0ded89ddc8522a0f62f25,file,per-case validation log (validation CSV retained)
tensor_core/results/verify_17251073/w4_tc4_v0/validation/100_bf16_d64_n5_norm1_uniform.log,1731,bfffb96500f704262cd36375ff2e0c55432b2a6b5a49867ed5c9100331f98438,file,per-case validation log (validation CSV retained)
tensor_core/results/verify_17251073/w4_tc4_v0/validation/101_bf16_d64_n5_norm1_outlier.log,1731,55bd990d8b2caaa0d50063c87c30f63478f469706c1077b57967acdedbe4a96a,file,per-case validation log (validation CSV retained)
tensor_core/results/verify_17251073/w4_tc4_v0/validation/102_bf16_d64_n5_norm0_zeros.log,1732,06d6033151fcdcd15025c0bad9ed910a3f45399721e8aa7faabeff97aa19d5e6,file,per-case validation log (validation CSV retained)
tensor_core/results/verify_17251073/w4_tc4_v0/validation/103_bf16_d64_n5_norm0_constant.log,1732,b61c01300da6ef550c4747d6adfddcf6153f79f31f8cbff0c8a3df62b608caa2,file,per-case validation log (validation CSV retained)
tensor_core/results/verify_17251073/w4_tc4_v0/validation/104_bf16_d64_n5_norm0_alternating.log,1732,85908bc1ee0bd4422dc8e5dc9d58223fb16fef3870dabe14ceae0ba180b58cc9,file,per-case validation log (validation CSV retained)
tensor_core/results/verify_17251073/w4_tc4_v0/validation/105_bf16_d64_n5_norm0_impulse.log,1732,092606b0f009f194f8ab7b17509f39df327855d18f9f59d44f5077700a6ecc05,file,per-case validation log (validation CSV retained)
tensor_core/results/verify_17251073/w4_tc4_v0/validation/106_bf16_d64_n5_norm0_uniform.log,1732,67c088ba3d8898a5f8c12be2e7575c44829fd0460fc122f03383c8d21341c9fd,file,per-case validation log (validation CSV retained)
tensor_core/results/verify_17251073/w4_tc4_v0/validation/107_bf16_d64_n5_norm0_outlier.log,1732,be8632e7350438e9a6b7e118c0ae02f69bf4760760c2eb1891fd362b82a18231,file,per-case validation log (validation CSV retained)
tensor_core/results/verify_17251073/w4_tc4_v0/validation/108_bf16_d128_n5_norm1_zeros.log,1732,7d77e85315114b1c1fc3a765086c23db605e4d2b40fb1204b4a309f801f56835,file,per-case validation log (validation CSV retained)
tensor_core/results/verify_17251073/w4_tc4_v0/validation/109_bf16_d128_n5_norm1_constant.log,1732,dfa2a5dca4f55194eaf9394617110b5e86cbccdbaf4bc043cc250aab4e103ef1,file,per-case validation log (validation CSV retained)
tensor_core/results/verify_17251073/w4_tc4_v0/validation/110_bf16_d128_n5_norm1_alternating.log,1732,50746c83d3e0a85cbde678b7ec657d0a1fb676de62dcb65b38ec0a3f3f229721,file,per-case validation log (validation CSV retained)
tensor_core/results/verify_17251073/w4_tc4_v0/validation/111_bf16_d128_n5_norm1_impulse.log,1732,c62bd114fd2502bd404301eabfa5920b59fc14e3e0220cb81ef42f99c88d7f6b,file,per-case validation log (validation CSV retained)
tensor_core/results/verify_17251073/w4_tc4_v0/validation/112_bf16_d128_n5_norm1_uniform.log,1732,eaee70dcfcec8d8087f352b18d1322c63e14386f78088f05042ed0d4d21c03c7,file,per-case validation log (validation CSV retained)
tensor_core/results/verify_17251073/w4_tc4_v0/validation/113_bf16_d128_n5_norm1_outlier.log,1732,7ae533b9bea7a61947713b4d8c6157348a674f4ddda7d06d9249daf2519857dc,file,per-case validation log (validation CSV retained)
tensor_core/results/verify_17251073/w4_tc4_v0/validation/114_bf16_d128_n5_norm0_zeros.log,1733,25eec895776265c443030764d65425142a6f510336815d76b5567c8fa640db5a,file,per-case validation log (validation CSV retained)
tensor_core/results/verify_17251073/w4_tc4_v0/validation/115_bf16_d128_n5_norm0_constant.log,1733,d47ed3fc54530c25b720e3fb4a0303a0c9f5937da3668c28b9196a85340a41b5,file,per-case validation log (validation CSV retained)
tensor_core/results/verify_17251073/w4_tc4_v0/validation/116_bf16_d128_n5_norm0_alternating.log,1733,39d9485485444996f83608f6e3ba8905ecfc97da0826843f63967fd50a314009,file,per-case validation log (validation CSV retained)
tensor_core/results/verify_17251073/w4_tc4_v0/validation/117_bf16_d128_n5_norm0_impulse.log,1733,de0c1e68bf987fa92e88abeee3cb57d8df2516538d6bda1ec89f3f91274daad6,file,per-case validation log (validation CSV retained)
tensor_core/results/verify_17251073/w4_tc4_v0/validation/118_bf16_d128_n5_norm0_uniform.log,1733,33a2c8d202a70ef43f3a010c13ac9d12bca1da42dcd71a5144974fcddd9775a3,file,per-case validation log (validation CSV retained)
tensor_core/results/verify_17251073/w4_tc4_v0/validation/119_bf16_d128_n5_norm0_outlier.log,1733,10cacf94d0407d4982cc7b2616b35e463fb00df682812a21e2bdfdddd294e95d,file,per-case validation log (validation CSV retained)
tensor_core/results/verify_17251073/w4_tc4_v0/validation/120_bf16_d256_n5_norm1_zeros.log,1733,119d68b5fad37be667600ecdbbc0b1bf307d28559597249eed8c8d0653fdd08d,file,per-case validation log (validation CSV retained)
tensor_core/results/verify_17251073/w4_tc4_v0/validation/121_bf16_d256_n5_norm1_constant.log,1733,d161c515fe1b30a062df31bcb4e3b7334b9b873163240d1893e5626049a479c0,file,per-case validation log (validation CSV retained)
tensor_core/results/verify_17251073/w4_tc4_v0/validation/122_bf16_d256_n5_norm1_alternating.log,1733,3ce7f6dc02878ffe5d73b9511a2c6511a86fb83f4c8e8fb533fac8e220546e05,file,per-case validation log (validation CSV retained)
tensor_core/results/verify_17251073/w4_tc4_v0/validation/123_bf16_d256_n5_norm1_impulse.log,1733,8e96609affb9ac78c881197643f83c5bfc7bf1318e7f02f63a4310044ee8149e,file,per-case validation log (validation CSV retained)
tensor_core/results/verify_17251073/w4_tc4_v0/validation/124_bf16_d256_n5_norm1_uniform.log,1733,b77c89e4057ce71115506b8de8d4ab892f58d74acdb306985fe3b3877ad76b76,file,per-case validation log (validation CSV retained)
tensor_core/results/verify_17251073/w4_tc4_v0/validation/125_bf16_d256_n5_norm1_outlier.log,1733,fbe217891d3fe52875247c7349ed14015429b022920f22e7a52dbd3dc6251053,file,per-case validation log (validation CSV retained)
tensor_core/results/verify_17251073/w4_tc4_v0/validation/126_bf16_d256_n5_norm0_zeros.log,1734,b2889e7cbc93fa8bd60fb730ed78f24914c4551ebf09cda9e201b845261296fa,file,per-case validation log (validation CSV retained)
tensor_core/results/verify_17251073/w4_tc4_v0/validation/127_bf16_d256_n5_norm0_constant.log,1734,fefca5134e1198fbb82ecb71df270eefeb3503070d45689b05d6f2f00ef9d9bd,file,per-case validation log (validation CSV retained)
tensor_core/results/verify_17251073/w4_tc4_v0/validation/128_bf16_d256_n5_norm0_alternating.log,1734,4f177eca6cb1950c2130700ded45cf86f1a8ce2c2f3b00d80a38420651818e23,file,per-case validation log (validation CSV retained)
tensor_core/results/verify_17251073/w4_tc4_v0/validation/129_bf16_d256_n5_norm0_impulse.log,1734,0003e57532fe32b7d2eafddb1fd74a8c4c85ceeca6eb15ad294ea4932cea47ed,file,per-case validation log (validation CSV retained)
tensor_core/results/verify_17251073/w4_tc4_v0/validation/130_bf16_d256_n5_norm0_uniform.log,1734,8614956fdcb56cbaf637fcdc72c18d848d79282f703d16867aac419196e6de1c,file,per-case validation log (validation CSV retained)
tensor_core/results/verify_17251073/w4_tc4_v0/validation/131_bf16_d256_n5_norm0_outlier.log,1734,ce233f7975f00f128f7e6c0be81bf3778939f1a87b3e46f939bdaec6a8d037e5,file,per-case validation log (validation CSV retained)
tensor_core/results/verify_17251073/w4_tc4_v0/validation/failures/004_fp16_d64_n5_norm0_normal/input.bin,640,8efd90a8193d44f37bfb128ced13f4d4352b77a5b9036ff446ca2196797c8cf2,file,raw failure samples (validation CSV retained)
tensor_core/results/verify_17251073/w4_tc4_v0/validation/failures/004_fp16_d64_n5_norm0_normal/ref.bin,640,00563bf027ca93bf5ce082e1c3bd3c5de123b469bde609bc4d1e4ffc153e7c7a,file,raw failure samples (validation CSV retained)
tensor_core/results/verify_17251073/w4_tc4_v0/validation/failures/005_fp16_d64_n2048_norm0_normal/input.bin,262144,da7a1c67b7fe7d3334520c8d4954adce1b9a6d30abb03f4ab6803510883b3331,file,raw failure samples (validation CSV retained)
tensor_core/results/verify_17251073/w4_tc4_v0/validation/failures/005_fp16_d64_n2048_norm0_normal/ref.bin,262144,d590eaf731b67e511562746f7564dc2f0f88d02ce8683c5d452c61b2c7c69ae7,file,raw failure samples (validation CSV retained)
tensor_core/results/verify_17251073/w4_tc4_v0/validation/failures/010_fp16_d128_n5_norm0_normal/input.bin,1280,f5b35a96e6469b2fd6b1b461ca32756c0d4ecd596984948f1bc2355ee9c2324d,file,raw failure samples (validation CSV retained)
tensor_core/results/verify_17251073/w4_tc4_v0/validation/failures/010_fp16_d128_n5_norm0_normal/ref.bin,1280,22d7a99c3c82dee9fc79b36cb2629995860907cc8650d35c444b6fdbe759fd58,file,raw failure samples (validation CSV retained)
tensor_core/results/verify_17251073/w4_tc4_v0/validation/failures/011_fp16_d128_n2048_norm0_normal/input.bin,524288,dd47cb997c575034d042d8a31891b726d3aeb100883dd0c265bb15df5bad3064,file,raw failure samples (validation CSV retained)
tensor_core/results/verify_17251073/w4_tc4_v0/validation/failures/011_fp16_d128_n2048_norm0_normal/ref.bin,524288,bcd15d84b53d1eb3e4da3a22f74740c51fd03f408da87ae72c31e977f4a42753,file,raw failure samples (validation CSV retained)
tensor_core/results/verify_17251073/w4_tc4_v0/validation/failures/015_fp16_d256_n1_norm0_normal/input.bin,512,74e1b0c8f7131dc9e7d60e2e4bff6996eac0b84de50b437d92a592b5bdb357e4,file,raw failure samples (validation CSV retained)
tensor_core/results/verify_17251073/w4_tc4_v0/validation/failures/015_fp16_d256_n1_norm0_normal/ref.bin,512,34a8fe9a8b7372499c7c149f1ee09708f7e9e5170213930fa764a811c6f9aeaa,file,raw failure samples (validation CSV retained)
tensor_core/results/verify_17251073/w4_tc4_v0/validation/failures/016_fp16_d256_n5_norm0_normal/input.bin,2560,e233f41fb13113b3651de6d5f56c7f5d900f235c1e2bdf2c7d792c221606922b,file,raw failure samples (validation CSV retained)
tensor_core/results/verify_17251073/w4_tc4_v0/validation/failures/016_fp16_d256_n5_norm0_normal/ref.bin,2560,666e0eca4ab178543470305b01cb6a0e8a348af8e9d1b38ed414bfbbca46e3b3,file,raw failure samples (validation CSV retained)
tensor_core/results/verify_17251073/w4_tc4_v0/validation/failures/017_fp16_d256_n2048_norm0_normal/input.bin,1048576,70643eff19dfb18c274b29393e8faaa1ce13bb158cfb34e180c2f9ec3952a4f3,file,raw failure samples (validation CSV retained)
tensor_core/results/verify_17251073/w4_tc4_v0/validation/failures/017_fp16_d256_n2048_norm0_normal/ref.bin,1048576,e2bb9a5732404b3738e74d34cc9eddcbf626f4e1e9f31f53d06d3be529d9a41d,file,raw failure samples (validation CSV retained)
tensor_core/results/verify_17251073/w4_tc4_v0/validation/failures/021_fp16_d512_n1_norm0_normal/input.bin,1024,eb725255f28bf0d221c945346c0895613744dae565c72fed690e690878f6a7e1,file,raw failure samples (validation CSV retained)
tensor_core/results/verify_17251073/w4_tc4_v0/validation/failures/021_fp16_d512_n1_norm0_normal/ref.bin,1024,f184e823a67bdb0972cca77a95ab9df1b5cd3257906cad6c6e79b77b1cf7444c,file,raw failure samples (validation CSV retained)
tensor_core/results/verify_17251073/w4_tc4_v0/validation/failures/022_fp16_d512_n5_norm0_normal/input.bin,5120,7f995e20691ec7f36fce621d881efb8d54bb4bff32b6ea1d480a852291959225,file,raw failure samples (validation CSV retained)
tensor_core/results/verify_17251073/w4_tc4_v0/validation/failures/022_fp16_d512_n5_norm0_normal/ref.bin,5120,93bdcaea8db4b108af1685b0227043861e662bcf38c6e65a42b8cf72787fc5cc,file,raw failure samples (validation CSV retained)
tensor_core/results/verify_17251073/w4_tc4_v0/validation/failures/023_fp16_d512_n2048_norm0_normal/input.bin,2097152,31912253781e4bbeebfa711fc5a1f752cd1deeebf6f4d728ffcd38cf55393799,file,raw failure samples (validation CSV retained)
tensor_core/results/verify_17251073/w4_tc4_v0/validation/failures/023_fp16_d512_n2048_norm0_normal/ref.bin,2097152,b37ac8815047ae5f00bf209a5d8dc0047c8606bbc858f31d78c7dd1bdc141d78,file,raw failure samples (validation CSV retained)
tensor_core/results/verify_17251073/w4_tc4_v0/validation/failures/027_fp16_d1024_n1_norm0_normal/input.bin,2048,045266413b49b8c5c053b23bc15fc7f829ade0856e6ca298530ac8c9b6d0b4d6,file,raw failure samples (validation CSV retained)
tensor_core/results/verify_17251073/w4_tc4_v0/validation/failures/027_fp16_d1024_n1_norm0_normal/ref.bin,2048,8c35bc18cd9889b32b8631e8760014d025d2f0b6e65d86e788ee333a6aa31dde,file,raw failure samples (validation CSV retained)
tensor_core/results/verify_17251073/w4_tc4_v0/validation/failures/028_fp16_d1024_n5_norm0_normal/input.bin,10240,219395649bb64b764666613e2cd5c8f4ab0c74023cc513f78f7e6164d532cdd8,file,raw failure samples (validation CSV retained)
tensor_core/results/verify_17251073/w4_tc4_v0/validation/failures/028_fp16_d1024_n5_norm0_normal/ref.bin,10240,b919aba414c196d00f2c748689aab757159173d37ce967cd7f10c266a10d9bfd,file,raw failure samples (validation CSV retained)
tensor_core/results/verify_17251073/w4_tc4_v0/validation/failures/029_fp16_d1024_n2048_norm0_normal/input.bin,4194304,490435c19d6da7f3a5257856343a6fe61cb4f4fb018d2243580725d9e5dc41ef,file,raw failure samples (validation CSV retained)
tensor_core/results/verify_17251073/w4_tc4_v0/validation/failures/029_fp16_d1024_n2048_norm0_normal/ref.bin,4194304,2dddff87bc7d7389435c7249c7013ea2a06aa40a4c51eaed191ba1f014cc651f,file,raw failure samples (validation CSV retained)
tensor_core/results/verify_17251073/w4_tc4_v0/validation/failures/034_bf16_d64_n5_norm0_normal/input.bin,640,0f59cfc77058b79d8b99bf62ecc9fa7079f4e357fc3e255447f422d6463d5c54,file,raw failure samples (validation CSV retained)
tensor_core/results/verify_17251073/w4_tc4_v0/validation/failures/034_bf16_d64_n5_norm0_normal/ref.bin,640,d3278310b3b605aa15e9537fb9f115da66ec4f14d7d551274f650db401408661,file,raw failure samples (validation CSV retained)
tensor_core/results/verify_17251073/w4_tc4_v0/validation/failures/035_bf16_d64_n2048_norm0_normal/input.bin,262144,b38f5d9c1fafe8da61c62ed4090d6f954e029ead6ffb1f0a2785e6fb694257e4,file,raw failure samples (validation CSV retained)
tensor_core/results/verify_17251073/w4_tc4_v0/validation/failures/035_bf16_d64_n2048_norm0_normal/ref.bin,262144,b74c7853277e99a5311bb67101d64dfc6f89fcd14beaddbd54d4bb11cea57499,file,raw failure samples (validation CSV retained)
tensor_core/results/verify_17251073/w4_tc4_v0/validation/failures/040_bf16_d128_n5_norm0_normal/input.bin,1280,86e6343df1cd5dcb3e6c67cb445d6a8565991332dfac6a332b13c4c87db40006,file,raw failure samples (validation CSV retained)
tensor_core/results/verify_17251073/w4_tc4_v0/validation/failures/040_bf16_d128_n5_norm0_normal/ref.bin,1280,070cc009189492aa28c08c3bf8c2c3636a38f557c3046ab2e9cae0fd3a190410,file,raw failure samples (validation CSV retained)
tensor_core/results/verify_17251073/w4_tc4_v0/validation/failures/041_bf16_d128_n2048_norm0_normal/input.bin,524288,29ea405a77b8a15ea55242d5b4162c7911412ee1eddc3730caebb5b6bff1e7e5,file,raw failure samples (validation CSV retained)
tensor_core/results/verify_17251073/w4_tc4_v0/validation/failures/041_bf16_d128_n2048_norm0_normal/ref.bin,524288,ea5b00540bcc7928ee7ca97a596f53192127c5472b9ee8249b3859cda699197d,file,raw failure samples (validation CSV retained)
tensor_core/results/verify_17251073/w4_tc4_v0/validation/failures/045_bf16_d256_n1_norm0_normal/input.bin,512,5cee298d4352616100731f50a0fd018b6111f6f25fdd7da9d423928512ed1d09,file,raw failure samples (validation CSV retained)
tensor_core/results/verify_17251073/w4_tc4_v0/validation/failures/045_bf16_d256_n1_norm0_normal/ref.bin,512,543f57499d01ad613c839b9014d5b8ffa294a26bf00e3bd5624cb586ae61cd93,file,raw failure samples (validation CSV retained)
tensor_core/results/verify_17251073/w4_tc4_v0/validation/failures/046_bf16_d256_n5_norm0_normal/input.bin,2560,92672b98e47099cff965f3c0f5197d2ae61ab3cf6e890384f3f5df711518ec22,file,raw failure samples (validation CSV retained)
tensor_core/results/verify_17251073/w4_tc4_v0/validation/failures/046_bf16_d256_n5_norm0_normal/ref.bin,2560,4fd0ab3b685fa0d6eb192c90a62967511576707fcfa4807faeb34fef93ebbbc5,file,raw failure samples (validation CSV retained)
tensor_core/results/verify_17251073/w4_tc4_v0/validation/failures/047_bf16_d256_n2048_norm0_normal/input.bin,1048576,e33d4e4315340b887e559ece250108a6c648d35f6701b21ee0a8abc44316218c,file,raw failure samples (validation CSV retained)
tensor_core/results/verify_17251073/w4_tc4_v0/validation/failures/047_bf16_d256_n2048_norm0_normal/ref.bin,1048576,e1e4c728b1fe3fb12402f75785d62b206296e7d1eabf357446d0655db7e3dc90,file,raw failure samples (validation CSV retained)
tensor_core/results/verify_17251073/w4_tc4_v0/validation/failures/051_bf16_d512_n1_norm0_normal/input.bin,1024,444f9710f69e1db13e95a143b6819707250d1d7523fc427948396550d01e78af,file,raw failure samples (validation CSV retained)
tensor_core/results/verify_17251073/w4_tc4_v0/validation/failures/051_bf16_d512_n1_norm0_normal/ref.bin,1024,075a6a74694aa25d3b8244d803327e3a7647ff572e8f35054f94f2f2bf3845f1,file,raw failure samples (validation CSV retained)
tensor_core/results/verify_17251073/w4_tc4_v0/validation/failures/052_bf16_d512_n5_norm0_normal/input.bin,5120,80fd5b4d4a34c716a29787c13168e535c9d9764397d0b443f8194a31a6f31548,file,raw failure samples (validation CSV retained)
tensor_core/results/verify_17251073/w4_tc4_v0/validation/failures/052_bf16_d512_n5_norm0_normal/ref.bin,5120,68f26eca4775a5bce310e7f35cddb758f1a72a05718ce1d6be72aaf702728d66,file,raw failure samples (validation CSV retained)
tensor_core/results/verify_17251073/w4_tc4_v0/validation/failures/053_bf16_d512_n2048_norm0_normal/input.bin,2097152,07f7214f39caeea6dc6cc88a1e3b17546f78bb4cfd9aa0ed8fd63bae07f71421,file,raw failure samples (validation CSV retained)
tensor_core/results/verify_17251073/w4_tc4_v0/validation/failures/053_bf16_d512_n2048_norm0_normal/ref.bin,2097152,267af573a40b0d242ab2f0caa60ef8d8d9a7c64e365ce97dc718d079cf22816b,file,raw failure samples (validation CSV retained)
tensor_core/results/verify_17251073/w4_tc4_v0/validation/failures/057_bf16_d1024_n1_norm0_normal/input.bin,2048,7b09898df08b2d8369f5d06a1774d45d53148aeaebd82218eed5535c1e4d8e04,file,raw failure samples (validation CSV retained)
tensor_core/results/verify_17251073/w4_tc4_v0/validation/failures/057_bf16_d1024_n1_norm0_normal/ref.bin,2048,2a2683d2e14c172c49ac1fd1ab2d1cf1b40b54bbe0d1371390b5d8bcfe5642d0,file,raw failure samples (validation CSV retained)
tensor_core/results/verify_17251073/w4_tc4_v0/validation/failures/058_bf16_d1024_n5_norm0_normal/input.bin,10240,51a1088c5bac50f749176f983438d02c691c40c2c26bddcad85afe8666a8b549,file,raw failure samples (validation CSV retained)
tensor_core/results/verify_17251073/w4_tc4_v0/validation/failures/058_bf16_d1024_n5_norm0_normal/ref.bin,10240,2d134b9d8a3c5cada11a7a55e46917bf3c407a4c252279be5ee467262c360037,file,raw failure samples (validation CSV retained)
tensor_core/results/verify_17251073/w4_tc4_v0/validation/failures/059_bf16_d1024_n2048_norm0_normal/input.bin,4194304,0f272ba41649f391f1dbc659b02ea6fe6c4d42978e024c8ba6b35f558a779591,file,raw failure samples (validation CSV retained)
tensor_core/results/verify_17251073/w4_tc4_v0/validation/failures/059_bf16_d1024_n2048_norm0_normal/ref.bin,4194304,7e9d80e6771b4239ef32230d4e7a6a9990cac126b46df30d36898d55a567187e,file,raw failure samples (validation CSV retained)
tensor_core/results/verify_17251073/w4_tc4_v0/validation/failures/071_fp16_d64_n5_norm0_outlier/input.bin,640,0ef306128e3aa09e9500e01bb1949337e32d5c52248458b7db00ca5f5b1649e1,file,raw failure samples (validation CSV retained)
tensor_core/results/verify_17251073/w4_tc4_v0/validation/failures/071_fp16_d64_n5_norm0_outlier/ref.bin,640,a7d5c7bb8bf4040b7fb07d58d8334f752556abc8d58b0c1110f2b22b8b8c51a3,file,raw failure samples (validation CSV retained)
tensor_core/results/verify_17251073/w4_tc4_v0/validation/failures/083_fp16_d128_n5_norm0_outlier/input.bin,1280,18ac780e9729e820b6fa9f129554b2693961920528d9d87b08bb081843cf2ba6,file,raw failure samples (validation CSV retained)
tensor_core/results/verify_17251073/w4_tc4_v0/validation/failures/083_fp16_d128_n5_norm0_outlier/ref.bin,1280,b8012bdb04fc86521eabcc39e57b49828e7bb27b21e75a26816984a8c94847f0,file,raw failure samples (validation CSV retained)
tensor_core/results/verify_17251073/w4_tc4_v0/validation/failures/094_fp16_d256_n5_norm0_uniform/input.bin,2560,87988e634f0c2fc86d78c85aca6a2e1760dc2dd69140b2c38e6308e0eb6ab886,file,raw failure samples (validation CSV retained)
tensor_core/results/verify_17251073/w4_tc4_v0/validation/failures/094_fp16_d256_n5_norm0_uniform/ref.bin,2560,5463050fbbfb4356260b68324e350aed224b2bbaffe5d15db7f15afc4fdb5332,file,raw failure samples (validation CSV retained)
tensor_core/results/verify_17251073/w4_tc4_v0/validation/failures/095_fp16_d256_n5_norm0_outlier/input.bin,2560,80f36d4ea70290237ac140f02dcfc003c0c548c329c99f7079b3a077eed07332,file,raw failure samples (validation CSV retained)
tensor_core/results/verify_17251073/w4_tc4_v0/validation/failures/095_fp16_d256_n5_norm0_outlier/ref.bin,2560,e483e4ed59a8a0394eba6e54ddaaec93cce57d084bb0ce173d00e955404d360e,file,raw failure samples (validation CSV retained)
tensor_core/results/verify_17251073/w4_tc4_v0/validation/failures/106_bf16_d64_n5_norm0_uniform/input.bin,640,54d2b8892c55209dce2f6b18a0e475d3c5dfb10db66f475bc9881e38e12526d0,file,raw failure samples (validation CSV retained)
tensor_core/results/verify_17251073/w4_tc4_v0/validation/failures/106_bf16_d64_n5_norm0_uniform/ref.bin,640,724981c891e3013a6271aeb2acfbf3573515dfe7430c26a60547f53dd0eb8218,file,raw failure samples (validation CSV retained)
tensor_core/results/verify_17251073/w4_tc4_v0/validation/failures/107_bf16_d64_n5_norm0_outlier/input.bin,640,ffc4ee8cdc7c7d2ec41f40ca723ce4140c80ed969d574c4839368a82d29c8340,file,raw failure samples (validation CSV retained)
tensor_core/results/verify_17251073/w4_tc4_v0/validation/failures/107_bf16_d64_n5_norm0_outlier/ref.bin,640,c708ceb87e585feda4b0182dab92525d4b9b6634d423ced147dc2c2cf30e894b,file,raw failure samples (validation CSV retained)
tensor_core/results/verify_17251073/w4_tc4_v0/validation/failures/118_bf16_d128_n5_norm0_uniform/input.bin,1280,c452847f51d25e0e8fe16805e126bf9f5bb269f1ea10a78ca28d237276f39267,file,raw failure samples (validation CSV retained)
tensor_core/results/verify_17251073/w4_tc4_v0/validation/failures/118_bf16_d128_n5_norm0_uniform/ref.bin,1280,7f4da035e18ceed1e2ccb290f7e6b00fbc4ae359b673886c23563c82cafb6a85,file,raw failure samples (validation CSV retained)
tensor_core/results/verify_17251073/w4_tc4_v0/validation/failures/119_bf16_d128_n5_norm0_outlier/input.bin,1280,f678588dd84d97f02d3467bc7b3b066a801da9595694b868e5958cfcce369df6,file,raw failure samples (validation CSV retained)
tensor_core/results/verify_17251073/w4_tc4_v0/validation/failures/119_bf16_d128_n5_norm0_outlier/ref.bin,1280,7001b7085dadc936f2c3e2e7cd0793ddf3848b13e3ea386adc7862714ff9a60b,file,raw failure samples (validation CSV retained)
tensor_core/results/verify_17251073/w4_tc4_v0/validation/failures/130_bf16_d256_n5_norm0_uniform/input.bin,2560,930b7e524ad87876bd2387f29df42f04182409105833f72fac3f4278621ce6e4,file,raw failure samples (validation CSV retained)
tensor_core/results/verify_17251073/w4_tc4_v0/validation/failures/130_bf16_d256_n5_norm0_uniform/ref.bin,2560,c72f566f14a49c3d4f2eaa91b185664f6cb8e78dd83942ae8352ff5cf696a8b7,file,raw failure samples (validation CSV retained)
tensor_core/results/verify_17251073/w4_tc4_v0/validation/failures/131_bf16_d256_n5_norm0_outlier/input.bin,2560,170f494b9861a677c2b4bd9401d6ebdf20595694dca0b27c71d8a0565bbd1405,file,raw failure samples (validation CSV retained)
tensor_core/results/verify_17251073/w4_tc4_v0/validation/failures/131_bf16_d256_n5_norm0_outlier/ref.bin,2560,e3a8a335e774036022a05c8931a53e8b75e92405758ff56c07b971808f330124,file,raw failure samples (validation CSV retained)
tensor_core/results/verify_17251073/w4_tc4_v1/validation/000_fp16_d64_n1_norm1_normal.log,1730,0df73d73c07d92d6a4782f686b091ddcb6734120128ae114999d3b1ed0e5a0db,file,per-case validation log (validation CSV retained)
tensor_core/results/verify_17251073/w4_tc4_v1/validation/001_fp16_d64_n5_norm1_normal.log,1731,95a2f9adf5c30e0d8a5b6d2c2f18b429707f7d4a733ad035ba0cb3185298c411,file,per-case validation log (validation CSV retained)
tensor_core/results/verify_17251073/w4_tc4_v1/validation/002_fp16_d64_n2048_norm1_normal.log,1740,9dc153edf1c94884a3db0751c582a20d112f4d7d58807ee726c8d23a03cddf40,file,per-case validation log (validation CSV retained)
tensor_core/results/verify_17251073/w4_tc4_v1/validation/003_fp16_d64_n1_norm0_normal.log,1731,f3ebb0dc7b0bfe29310bf27838e23f3780fa6240f897de6c58b9126f5e927fd0,file,per-case validation log (validation CSV retained)
tensor_core/results/verify_17251073/w4_tc4_v1/validation/004_fp16_d64_n5_norm0_normal.log,1732,8f024db0465daf7760186703e4dc0b9b8f3a6e1b25a4b1b7639e074f3daa7613,file,per-case validation log (validation CSV retained)
tensor_core/results/verify_17251073/w4_tc4_v1/validation/005_fp16_d64_n2048_norm0_normal.log,1741,5f5931a45d55ff054ff605ab78b48bf5395b4ae48d8fdb8ae4f613224476cb42,file,per-case validation log (validation CSV retained)
tensor_core/results/verify_17251073/w4_tc4_v1/validation/006_fp16_d128_n1_norm1_normal.log,1732,722aac4bc75bc4eb3c82ea9254fc9a1bf73a41fe1c7293ba275c6088e7c540e0,file,per-case validation log (validation CSV retained)
tensor_core/results/verify_17251073/w4_tc4_v1/validation/007_fp16_d128_n5_norm1_normal.log,1732,0408db19ca19a3e99a83754305c44d862e3df17013465dc985503cfcd8f0e0d5,file,per-case validation log (validation CSV retained)
tensor_core/results/verify_17251073/w4_tc4_v1/validation/008_fp16_d128_n2048_norm1_normal.log,1741,4c957928bbb6ff798c67c4da0f4f27d0287c75f362cc9919ccbc04f31832ff07,file,per-case validation log (validation CSV retained)
tensor_core/results/verify_17251073/w4_tc4_v1/validation/009_fp16_d128_n1_norm0_normal.log,1733,dd8cec96accee2a8da96bd1b619ee6a980d98a2c2a3d5a23c936e83d948feaed,file,per-case validation log (validation CSV retained)
tensor_core/results/verify_17251073/w4_tc4_v1/validation/010_fp16_d128_n5_norm0_normal.log,1733,70db5b97dc60099f0590024906c94a18e3c9854b437083749d181c8efdeb13dd,file,per-case validation log (validation CSV retained)
tensor_core/results/verify_17251073/w4_tc4_v1/validation/011_fp16_d128_n2048_norm0_normal.log,1742,cd02d189081105c318d16a892d43a4f286bc306403660f9117371d930cfb8c21,file,per-case validation log (validation CSV retained)
tensor_core/results/verify_17251073/w4_tc4_v1/validation/012_fp16_d256_n1_norm1_normal.log,1732,feb9250f1403567b6881f5e089b899e210d023c72cf1764b5869b8fd6fb7bad6,file,per-case validation log (validation CSV retained)
tensor_core/results/verify_17251073/w4_tc4_v1/validation/013_fp16_d256_n5_norm1_normal.log,1733,53b793640107dcfe35ddb3e54566cb8b8c7c68777c83e9f53bd57af31d616cdf,file,per-case validation log (validation CSV retained)
tensor_core/results/verify_17251073/w4_tc4_v1/validation/014_fp16_d256_n2048_norm1_normal.log,1741,88d3785c7f6f7819bb2b5b3d5a4aab9aebd0ffad14bea7d8a392bf2471913490,file,per-case validation log (validation CSV retained)
tensor_core/results/verify_17251073/w4_tc4_v1/validation/015_fp16_d256_n1_norm0_normal.log,1733,8a4bc5a811b459451c374d670ecf469c8f7e6e70c56058baf82604b41e50f756,file,per-case validation log (validation CSV retained)
tensor_core/results/verify_17251073/w4_tc4_v1/validation/016_fp16_d256_n5_norm0_normal.log,1734,a03f8f77c9b4415c99d31d75be8f1008fb926e866e65fb5a6cde168b135d5a5c,file,per-case validation log (validation CSV retained)
tensor_core/results/verify_17251073/w4_tc4_v1/validation/017_fp16_d256_n2048_norm0_normal.log,1742,2b4a3ddcf37ac04447598d2e7ed0f4d838a3b12c2335f6623061230a79f87d09,file,per-case validation log (validation CSV retained)
tensor_core/results/verify_17251073/w4_tc4_v1/validation/018_fp16_d512_n1_norm1_normal.log,1578,1e8bfd301ff18118211105af65e55a2021e08eca80406f7b6b5119ab04dc066a,file,per-case validation log (validation CSV retained)
tensor_core/results/verify_17251073/w4_tc4_v1/validation/019_fp16_d512_n5_norm1_normal.log,1579,2f0615abb7eb1d63de3cbfe294dac8e47c06893716bcff8a2b3faef70abf14f9,file,per-case validation log (validation CSV retained)
tensor_core/results/verify_17251073/w4_tc4_v1/validation/020_fp16_d512_n2048_norm1_normal.log,1588,3ec0566088531e2335dbcb116bec11e4e3557459102aae328359c816334eb831,file,per-case validation log (validation CSV retained)
tensor_core/results/verify_17251073/w4_tc4_v1/validation/021_fp16_d512_n1_norm0_normal.log,1579,cd28d931a5a1b40d3a00fd53e532be1b5b9e62f25676a86db54168ca2eb723a7,file,per-case validation log (validation CSV retained)
tensor_core/results/verify_17251073/w4_tc4_v1/validation/022_fp16_d512_n5_norm0_normal.log,1580,82736fdcad18c65cb1b65c0103da5ceb280d472857e3de98fd84ee5c0a4df219,file,per-case validation log (validation CSV retained)
tensor_core/results/verify_17251073/w4_tc4_v1/validation/023_fp16_d512_n2048_norm0_normal.log,1589,31ce8b5f9091f849b2740406d251e02988469a3c3821a9fdedfa6424f927ab48,file,per-case validation log (validation CSV retained)
tensor_core/results/verify_17251073/w4_tc4_v1/validation/024_fp16_d1024_n1_norm1_normal.log,1580,32fe7d74e775be942f1758b7d1c7f662f531f2bbafeec9c55268e3229cbbbb61,file,per-case validation log (validation CSV retained)
tensor_core/results/verify_17251073/w4_tc4_v1/validation/025_fp16_d1024_n5_norm1_normal.log,1580,4a4936d53a1c1ddba7d244b2b51e0f353279c1112c85a91dc3e61c7d7309ba1b,file,per-case validation log (validation CSV retained)
tensor_core/results/verify_17251073/w4_tc4_v1/validation/026_fp16_d1024_n2048_norm1_normal.log,1589,96bd1c64705ee62bdb7b5c92223bfee781c5abad0aba99534c81f246a6c87b36,file,per-case validation log (validation CSV retained)
tensor_core/results/verify_17251073/w4_tc4_v1/validation/027_fp16_d1024_n1_norm0_normal.log,1581,1fa6cdbd85ede3c668ef5495b0bf43038befcbae8bb5e5f95ce60364040d6e89,file,per-case validation log (validation CSV retained)
tensor_core/results/verify_17251073/w4_tc4_v1/validation/028_fp16_d1024_n5_norm0_normal.log,1581,c5679616b560627e4856a85d962603f811a3bd176267dbde2955b4f753eb72dd,file,per-case validation log (validation CSV retained)
tensor_core/results/verify_17251073/w4_tc4_v1/validation/029_fp16_d1024_n2048_norm0_normal.log,1590,0aba06c65812123c9a9eac88eb8251b7d9bf65adee608c6bb1b656c48be1b43d,file,per-case validation log (validation CSV retained)
tensor_core/results/verify_17251073/w4_tc4_v1/validation/030_bf16_d64_n1_norm1_normal.log,1730,1f0e8f5c4841db843d2638bc326ab85b75b86b864664021ba045d510709d0d51,file,per-case validation log (validation CSV retained)
tensor_core/results/verify_17251073/w4_tc4_v1/validation/031_bf16_d64_n5_norm1_normal.log,1731,bd1740dc529448fcff9769435fd50f2b4f91d8b9096ef25d6fa89b68a1141d0d,file,per-case validation log (validation CSV retained)
tensor_core/results/verify_17251073/w4_tc4_v1/validation/032_bf16_d64_n2048_norm1_normal.log,1740,da4b116ec64b6cdfbf022c2b763d8691a303a082f7d48554da3d67003d465f30,file,per-case validation log (validation CSV retained)
tensor_core/results/verify_17251073/w4_tc4_v1/validation/033_bf16_d64_n1_norm0_normal.log,1731,735448fce77bdf9f6b6e37c7667e69b1cfeb3a607a789f12a7327ae9e27b646c,file,per-case validation log (validation CSV retained)
tensor_core/results/verify_17251073/w4_tc4_v1/validation/034_bf16_d64_n5_norm0_normal.log,1732,1cfa1488ab676d09497ab55197daf4d2ade65e1d7d9567acd646b37402c96893,file,per-case validation log (validation CSV retained)
tensor_core/results/verify_17251073/w4_tc4_v1/validation/035_bf16_d64_n2048_norm0_normal.log,1741,ef7085536c417de850d668a8d68f4a9041440c4a7e4a742320ab69b1b14779db,file,per-case validation log (validation CSV retained)
tensor_core/results/verify_17251073/w4_tc4_v1/validation/036_bf16_d128_n1_norm1_normal.log,1732,904b6e5c92d46e0b33d2ef7c915b3334b4b3681f8b50a137d11b0bc0cdaa02ef,file,per-case validation log (validation CSV retained)
tensor_core/results/verify_17251073/w4_tc4_v1/validation/037_bf16_d128_n5_norm1_normal.log,1732,940a1f9dc097b65c4fe1baceb0933bd10a163e93e80744028f01bc2c711050f3,file,per-case validation log (validation CSV retained)
tensor_core/results/verify_17251073/w4_tc4_v1/validation/038_bf16_d128_n2048_norm1_normal.log,1741,ed57ac5b06fd386a0df3e12bd47b4f0977c907cafa3ee37f7fd62b842924b1e4,file,per-case validation log (validation CSV retained)
tensor_core/results/verify_17251073/w4_tc4_v1/validation/039_bf16_d128_n1_norm0_normal.log,1733,828078df0d231f0d5096fb109fecba6dd8fce1e29de89d908c2e943911d10fbc,file,per-case validation log (validation CSV retained)
tensor_core/results/verify_17251073/w4_tc4_v1/validation/040_bf16_d128_n5_norm0_normal.log,1733,c8c84a0041dbcc83c5834fbf462a6fb2659deb890d3ab639668c67e39e2dc12b,file,per-case validation log (validation CSV retained)
tensor_core/results/verify_17251073/w4_tc4_v1/validation/041_bf16_d128_n2048_norm0_normal.log,1742,5c1b0124e4254c7c6a8ab608c6a6c4e7484ccecb15d9c6e1c51df15121ef4fdb,file,per-case validation log (validation CSV retained)
tensor_core/results/verify_17251073/w4_tc4_v1/validation/042_bf16_d256_n1_norm1_normal.log,1732,458fa0809c18e289342bc4e2d98b6f697a01f4887c5035212d072eaea44f922f,file,per-case validation log (validation CSV retained)
tensor_core/results/verify_17251073/w4_tc4_v1/validation/043_bf16_d256_n5_norm1_normal.log,1733,a0e8af31a89aabe55a14b3e844e0f24a9ecd70f47c6746cc7cc8f25b912976ef,file,per-case validation log (validation CSV retained)
tensor_core/results/verify_17251073/w4_tc4_v1/validation/044_bf16_d256_n2048_norm1_normal.log,1739,93d0fa80b09c745e4d58fc0b3d45ba233bed6eb7ed7986346a41cff9ef38f0a0,file,per-case validation log (validation CSV retained)
tensor_core/results/verify_17251073/w4_tc4_v1/validation/045_bf16_d256_n1_norm0_normal.log,1733,b47e5b5c60089ac5f63cbcd697516e1bbcc898d4ad5e640a7d6c749944be863f,file,per-case validation log (validation CSV retained)
tensor_core/results/verify_17251073/w4_tc4_v1/validation/046_bf16_d256_n5_norm0_normal.log,1734,aa4bff91b033d17e4e31de6bfd1d484f93c8c19ae21ffd9c6cfedf5ffdedcd69,file,per-case validation log (validation CSV retained)
tensor_core/results/verify_17251073/w4_tc4_v1/validation/047_bf16_d256_n2048_norm0_normal.log,1740,93722e754de55102b721a632f49838494a097aac6649d56135f19700e549de93,file,per-case validation log (validation CSV retained)
tensor_core/results/verify_17251073/w4_tc4_v1/validation/048_bf16_d512_n1_norm1_normal.log,1578,5240add2c137ae5b8f1c6c32aef383195aef85e188133af9b92fc2f13ce9743e,file,per-case validation log (validation CSV retained)
tensor_core/results/verify_17251073/w4_tc4_v1/validation/049_bf16_d512_n5_norm1_normal.log,1579,17a7bea46830b4074d9508300649a9f46997c7a087df570f59fdab5b83516fe8,file,per-case validation log (validation CSV retained)
tensor_core/results/verify_17251073/w4_tc4_v1/validation/050_bf16_d512_n2048_norm1_normal.log,1588,82c9b70d17df6446d532a4f997d66eb138a32bb7a5d9d7f0c4b69b19e4b32728,file,per-case validation log (validation CSV retained)
tensor_core/results/verify_17251073/w4_tc4_v1/validation/051_bf16_d512_n1_norm0_normal.log,1579,8119860b09b976c4a811e3c9a6ac6a28ca35c3bbf7791bdf3b22814df83ab871,file,per-case validation log (validation CSV retained)
tensor_core/results/verify_17251073/w4_tc4_v1/validation/052_bf16_d512_n5_norm0_normal.log,1580,609a84d9bc3049a3a539f9c7e5f49c2cfce4ab335d049cf320701d0602f162eb,file,per-case validation log (validation CSV retained)
tensor_core/results/verify_17251073/w4_tc4_v1/validation/053_bf16_d512_n2048_norm0_normal.log,1589,dcaa8879b6692f47ec6c815168da9b74a88ab2b84761578553422de08fd7c158,file,per-case validation log (validation CSV retained)
tensor_core/results/verify_17251073/w4_tc4_v1/validation/054_bf16_d1024_n1_norm1_normal.log,1580,c705a57fad743bcb2e646202d8d62f4bb711f4178c0b2094644950a5ae987f4a,file,per-case validation log (validation CSV retained)
tensor_core/results/verify_17251073/w4_tc4_v1/validation/055_bf16_d1024_n5_norm1_normal.log,1580,32a5ad76c4347158f96786f84053c077c95e519b8fd51f41aa950fb655f52f24,file,per-case validation log (validation CSV retained)
tensor_core/results/verify_17251073/w4_tc4_v1/validation/056_bf16_d1024_n2048_norm1_normal.log,1589,c83068bb9cac238663f0190656d59e91ac5cc7bdd312dcc23bfe15e89794b124,file,per-case validation log (validation CSV retained)
tensor_core/results/verify_17251073/w4_tc4_v1/validation/057_bf16_d1024_n1_norm0_normal.log,1581,4a26ca0d734248ec8a40418d5260ae656667aa9834f31b6d02f71acdb3a5b18b,file,per-case validation log (validation CSV retained)
tensor_core/results/verify_17251073/w4_tc4_v1/validation/058_bf16_d1024_n5_norm0_normal.log,1581,f7abfc632014ba424f3196d4ca7944b963420cee749478d19fd5a71f463afc99,file,per-case validation log (validation CSV retained)
tensor_core/results/verify_17251073/w4_tc4_v1/validation/059_bf16_d1024_n2048_norm0_normal.log,1590,dbc363ac5d2a0ea778a2636f9be87a7bc802e235922aa0a4e2d3b9bc92e68fc9,file,per-case validation log (validation CSV retained)
tensor_core/results/verify_17251073/w4_tc4_v1/validation/060_fp16_d64_n5_norm1_zeros.log,1731,9f05185dbf38de9a198217e49f7b7ee6f6e6ad543ecb40542ee4b33c203a3973,file,per-case validation log (validation CSV retained)
tensor_core/results/verify_17251073/w4_tc4_v1/validation/061_fp16_d64_n5_norm1_constant.log,1731,639d65fca796fffa95cc1920b1d22dd9b37c8579a2b28b48cc92498e82fcc7ba,file,per-case validation log (validation CSV retained)
tensor_core/results/verify_17251073/w4_tc4_v1/validation/062_fp16_d64_n5_norm1_alternating.log,1731,6c6fdaa75a73545be60078f993ab8f981e93f93eb417e4a0c7979b3c79515c28,file,per-case validation log (validation CSV retained)
tensor_core/results/verify_17251073/w4_tc4_v1/validation/063_fp16_d64_n5_norm1_impulse.log,1731,fabda71b6c291ac19fa2c0f743729be7a52c995a51e5ac4d666db45dc5a91d4c,file,per-case validation log (validation CSV retained)
tensor_core/results/verify_17251073/w4_tc4_v1/validation/064_fp16_d64_n5_norm1_uniform.log,1731,d75ca554334c2ed304e5f0d413c2560cd9f8e680247e6848aae361b52fe52a1a,file,per-case validation log (validation CSV retained)
tensor_core/results/verify_17251073/w4_tc4_v1/validation/065_fp16_d64_n5_norm1_outlier.log,1731,bc3892ff095a73de845893946bdbc77e22ca09320ea2048f8dbf4580bdca8db9,file,per-case validation log (validation CSV retained)
tensor_core/results/verify_17251073/w4_tc4_v1/validation/066_fp16_d64_n5_norm0_zeros.log,1732,0cb541e7bd71f633b438b488597c920010dfc51e6f75ad9c254d1a3e351acbcb,file,per-case validation log (validation CSV retained)
tensor_core/results/verify_17251073/w4_tc4_v1/validation/067_fp16_d64_n5_norm0_constant.log,1732,27626c4365bd352e5f5d76f53e3aa58ca0f4f50958411fefb8530506715b6c9d,file,per-case validation log (validation CSV retained)
tensor_core/results/verify_17251073/w4_tc4_v1/validation/068_fp16_d64_n5_norm0_alternating.log,1732,4bcefa48272224dfb8013f007232e8883d8218377e97777f06a42baac9849d60,file,per-case validation log (validation CSV retained)
tensor_core/results/verify_17251073/w4_tc4_v1/validation/069_fp16_d64_n5_norm0_impulse.log,1732,d7eaf5c86ea23f10d13e442d05eaa6a0672bba69e2498860163ae58ca83c4570,file,per-case validation log (validation CSV retained)
tensor_core/results/verify_17251073/w4_tc4_v1/validation/070_fp16_d64_n5_norm0_uniform.log,1732,52e1d9d41cf0f99851146cd10802a4f226db47015f91d71ad7204024fedbd080,file,per-case validation log (validation CSV retained)
tensor_core/results/verify_17251073/w4_tc4_v1/validation/071_fp16_d64_n5_norm0_outlier.log,1732,8a73c92387771ddd0f6a91f5a5e4aad457cd94f89ef579620496edc23fe37937,file,per-case validation log (validation CSV retained)
tensor_core/results/verify_17251073/w4_tc4_v1/validation/072_fp16_d128_n5_norm1_zeros.log,1732,3fcb16cf3ecc6e697f25cd45faa063e7471f3db5db02772fcb5afbc81d89e4f4,file,per-case validation log (validation CSV retained)
tensor_core/results/verify_17251073/w4_tc4_v1/validation/073_fp16_d128_n5_norm1_constant.log,1732,0e6f81281647433f77edaed227a0ecd9396e1b5f47ef37e12733730a853c8e57,file,per-case validation log (validation CSV retained)
tensor_core/results/verify_17251073/w4_tc4_v1/validation/074_fp16_d128_n5_norm1_alternating.log,1732,1c99bf3d53d4254fc3ee8fb008968e0c46b3b956ccde927e2626641e85b78248,file,per-case validation log (validation CSV retained)
tensor_core/results/verify_17251073/w4_tc4_v1/validation/075_fp16_d128_n5_norm1_impulse.log,1732,52fd0e1c081f1bd895b0b4c1e7c375ff65961c33a9e34513c849e43008c07bcb,file,per-case validation log (validation CSV retained)
tensor_core/results/verify_17251073/w4_tc4_v1/validation/076_fp16_d128_n5_norm1_uniform.log,1732,c9193322aa05cc902f613f2cfab572a6bcd1b86c4708f7a695b59c75fc0bc7ac,file,per-case validation log (validation CSV retained)
tensor_core/results/verify_17251073/w4_tc4_v1/validation/077_fp16_d128_n5_norm1_outlier.log,1732,66cb30ab8bff9fcac5db23e5c94c959df05db7598ff6ac34c22b8b3a352c183b,file,per-case validation log (validation CSV retained)
tensor_core/results/verify_17251073/w4_tc4_v1/validation/078_fp16_d128_n5_norm0_zeros.log,1733,deed62c65d8a8da967c7c9b075408b8ae44f60387b14a1633b492f34e8e8df85,file,per-case validation log (validation CSV retained)
tensor_core/results/verify_17251073/w4_tc4_v1/validation/079_fp16_d128_n5_norm0_constant.log,1733,6b9561c3b4abc6880af0a820719a3359997c2f4cdd4518875d235c02ec10ac67,file,per-case validation log (validation CSV retained)
tensor_core/results/verify_17251073/w4_tc4_v1/validation/080_fp16_d128_n5_norm0_alternating.log,1733,77f54d196304f878216427345e8b3bec61e32648aee0c7aa44b286bae557f56c,file,per-case validation log (validation CSV retained)
tensor_core/results/verify_17251073/w4_tc4_v1/validation/081_fp16_d128_n5_norm0_impulse.log,1733,5d15be486f0b1421b4a4b7033af0c3f7ec6602fdf52d999a921b67708fc45ea2,file,per-case validation log (validation CSV retained)
tensor_core/results/verify_17251073/w4_tc4_v1/validation/082_fp16_d128_n5_norm0_uniform.log,1733,97f00ffc2746bb7e7a3f42b60828ba0cbbc7d2cafe5041c6e2444107e16f3e7f,file,per-case validation log (validation CSV retained)
tensor_core/results/verify_17251073/w4_tc4_v1/validation/083_fp16_d128_n5_norm0_outlier.log,1733,84a28f0f6a075c982946a41f248761e9b128c21420bf87ab7291f647c918e2b3,file,per-case validation log (validation CSV retained)
tensor_core/results/verify_17251073/w4_tc4_v1/validation/084_fp16_d256_n5_norm1_zeros.log,1733,b1aaf8f5bffb749ee4279539f92982bceb56e0fb14c6a928898a26fd03722688,file,per-case validation log (validation CSV retained)
tensor_core/results/verify_17251073/w4_tc4_v1/validation/085_fp16_d256_n5_norm1_constant.log,1733,19b3bc3ed21be489b77740dee4a3a844e8c1a96c32e9eee47186cb69ea4705fa,file,per-case validation log (validation CSV retained)
tensor_core/results/verify_17251073/w4_tc4_v1/validation/086_fp16_d256_n5_norm1_alternating.log,1733,fe653bea051d09ab836450cf13280f1d86f3c1da32fc8ccfa20868332a58a959,file,per-case validation log (validation CSV retained)
tensor_core/results/verify_17251073/w4_tc4_v1/validation/087_fp16_d256_n5_norm1_impulse.log,1733,fa45b295eeecf4bf5f036fedf3b95e88d445129c9a7672b60553920e614bce6b,file,per-case validation log (validation CSV retained)
tensor_core/results/verify_17251073/w4_tc4_v1/validation/088_fp16_d256_n5_norm1_uniform.log,1733,3ad5f1f752c8bfc6547561a8f621e2be336a1e8f93a9b23c6ac3290e7c5e4c8b,file,per-case validation log (validation CSV retained)
tensor_core/results/verify_17251073/w4_tc4_v1/validation/089_fp16_d256_n5_norm1_outlier.log,1733,ccb5495ab5eae1d938ef92ab21961775c4b29b7b0ee06e6dbfe07549db48b2a8,file,per-case validation log (validation CSV retained)
tensor_core/results/verify_17251073/w4_tc4_v1/validation/090_fp16_d256_n5_norm0_zeros.log,1734,d6825cd8c17dbb4d33ff31d70c681e9a70dbd25ff84039dd79642838021e08a2,file,per-case validation log (validation CSV retained)
tensor_core/results/verify_17251073/w4_tc4_v1/validation/091_fp16_d256_n5_norm0_constant.log,1734,100d98f1c66cffd3c1ec6a20a04ab1d4a5892ac11906e765d198ed96866e34dc,file,per-case validation log (validation CSV retained)
tensor_core/results/verify_17251073/w4_tc4_v1/validation/092_fp16_d256_n5_norm0_alternating.log,1734,8a67b30e35db8e6c6ee33488e47d4d60d1692308f245f7eca5fb146a1e71613d,file,per-case validation log (validation CSV retained)
tensor_core/results/verify_17251073/w4_tc4_v1/validation/093_fp16_d256_n5_norm0_impulse.log,1734,e5ff25bcc4369b980ada090b70f5e3d39e24bc7efc142c2f3404e7804911c658,file,per-case validation log (validation CSV retained)
tensor_core/results/verify_17251073/w4_tc4_v1/validation/094_fp16_d256_n5_norm0_uniform.log,1734,27d2f7e3132aa8f1c89be01a2821fe68022c565593d8b56c019b32a00f70d196,file,per-case validation log (validation CSV retained)
tensor_core/results/verify_17251073/w4_tc4_v1/validation/095_fp16_d256_n5_norm0_outlier.log,1734,d940bb0a2840fc6338a1c6c6663b8a6730b8c9f9a7bc5fa46e08710cd8c82669,file,per-case validation log (validation CSV retained)
tensor_core/results/verify_17251073/w4_tc4_v1/validation/096_bf16_d64_n5_norm1_zeros.log,1731,66c7020c2dea936d585d3a31d647748cf863adf0375ff6b217c74c5b28eb1a08,file,per-case validation log (validation CSV retained)
tensor_core/results/verify_17251073/w4_tc4_v1/validation/097_bf16_d64_n5_norm1_constant.log,1731,6e101c0b06a65325c0dadb87675d80fa2f5e59ebf852f3347111a4bcf1c52bcc,file,per-case validation log (validation CSV retained)
tensor_core/results/verify_17251073/w4_tc4_v1/validation/098_bf16_d64_n5_norm1_alternating.log,1731,6e514ad538f9ef7f9e396b10bcbca30aa3a43ff37975c85a42fe1336a00ee541,file,per-case validation log (validation CSV retained)
tensor_core/results/verify_17251073/w4_tc4_v1/validation/099_bf16_d64_n5_norm1_impulse.log,1731,75bf4069e83ebe9c090863ed1b725b57b237aef7aff4d1b6c6dbf3eab398a567,file,per-case validation log (validation CSV retained)
tensor_core/results/verify_17251073/w4_tc4_v1/validation/100_bf16_d64_n5_norm1_uniform.log,1731,2d31ae42240eaa66644f06183cbce4faf0b0efc4eebbe81369879fe469f16cc9,file,per-case validation log (validation CSV retained)
tensor_core/results/verify_17251073/w4_tc4_v1/validation/101_bf16_d64_n5_norm1_outlier.log,1731,bfe032265a979af925761a4b304086547f1f0a28321d44b021caf8c39c579882,file,per-case validation log (validation CSV retained)
tensor_core/results/verify_17251073/w4_tc4_v1/validation/102_bf16_d64_n5_norm0_zeros.log,1732,afb27880575924f6f6c7197c950be1227f84c1468480fe0f9d4fc80accdf0c82,file,per-case validation log (validation CSV retained)
tensor_core/results/verify_17251073/w4_tc4_v1/validation/103_bf16_d64_n5_norm0_constant.log,1732,daf00e2070877cd958d161c847bd8711ce93ee45ebbd016f2f311835e86f3943,file,per-case validation log (validation CSV retained)
tensor_core/results/verify_17251073/w4_tc4_v1/validation/104_bf16_d64_n5_norm0_alternating.log,1732,322edef812d782335e345674b9f94d7ce29917ae09705330880f5cb71a371a6c,file,per-case validation log (validation CSV retained)
tensor_core/results/verify_17251073/w4_tc4_v1/validation/105_bf16_d64_n5_norm0_impulse.log,1732,27f187906decd169dbfa06fcfe8e850afa488e5ffbe586e1a028b4a6f283a235,file,per-case validation log (validation CSV retained)
tensor_core/results/verify_17251073/w4_tc4_v1/validation/106_bf16_d64_n5_norm0_uniform.log,1732,26b9016ee53f8dc36367813288e932c325f8bc4e0948fb91e960ce0c48de21f6,file,per-case validation log (validation CSV retained)
tensor_core/results/verify_17251073/w4_tc4_v1/validation/107_bf16_d64_n5_norm0_outlier.log,1732,421805c7869715fa19e64a3c786a0836d8679f18923688feb741dd4f9b682d68,file,per-case validation log (validation CSV retained)
tensor_core/results/verify_17251073/w4_tc4_v1/validation/108_bf16_d128_n5_norm1_zeros.log,1732,c9b220f427f85183e2a2540a82e4951d9bb36f5391d348acf1b8b7622933c5cc,file,per-case validation log (validation CSV retained)
tensor_core/results/verify_17251073/w4_tc4_v1/validation/109_bf16_d128_n5_norm1_constant.log,1732,77b5b7a0f1bcf915d71260609d97accb759433c911bf80dff501d0fa9d680aa7,file,per-case validation log (validation CSV retained)
tensor_core/results/verify_17251073/w4_tc4_v1/validation/110_bf16_d128_n5_norm1_alternating.log,1732,986b4ca5e51e6039e4ce10df963a816950c9b4b9c56d669db08bcb57763764df,file,per-case validation log (validation CSV retained)
tensor_core/results/verify_17251073/w4_tc4_v1/validation/111_bf16_d128_n5_norm1_impulse.log,1732,ab42c9f5f3db13b9b38083545e6e532a93f883f8dc75146de592859a6576dc76,file,per-case validation log (validation CSV retained)
tensor_core/results/verify_17251073/w4_tc4_v1/validation/112_bf16_d128_n5_norm1_uniform.log,1732,e3bdd4408c2269bd7b95c7ee2e982209cb570a07d09b2fc8b1baa98430d609cf,file,per-case validation log (validation CSV retained)
tensor_core/results/verify_17251073/w4_tc4_v1/validation/113_bf16_d128_n5_norm1_outlier.log,1732,76efee2a0ecf96ae314c2d5f4e576cb9230825ff0691ac29cb67e42d0b06a7dc,file,per-case validation log (validation CSV retained)
tensor_core/results/verify_17251073/w4_tc4_v1/validation/114_bf16_d128_n5_norm0_zeros.log,1733,ccfd54adc35a98b56337deaad915096ab6436a72a502363acece7bda8caa52fa,file,per-case validation log (validation CSV retained)
tensor_core/results/verify_17251073/w4_tc4_v1/validation/115_bf16_d128_n5_norm0_constant.log,1733,54cd9d9d0d13ef8e1925a9af12c3cbccfe584693a586d4fc4cd16a0871a7c5e6,file,per-case validation log (validation CSV retained)
tensor_core/results/verify_17251073/w4_tc4_v1/validation/116_bf16_d128_n5_norm0_alternating.log,1733,0d22e41fec94fcead1f114de1bfe5c98a3ee6a94cda758cf19ca9331842d0ad2,file,per-case validation log (validation CSV retained)
tensor_core/results/verify_17251073/w4_tc4_v1/validation/117_bf16_d128_n5_norm0_impulse.log,1733,bbbf410c836ae8208c6bcf21695aa4b9be9a7ed01b7f7c455bd2108f8e3e1dae,file,per-case validation log (validation CSV retained)
tensor_core/results/verify_17251073/w4_tc4_v1/validation/118_bf16_d128_n5_norm0_uniform.log,1733,f1531452e70135136070be61dbc902e0e5c47cd18d9a9ae73ad1c895dac6157f,file,per-case validation log (validation CSV retained)
tensor_core/results/verify_17251073/w4_tc4_v1/validation/119_bf16_d128_n5_norm0_outlier.log,1733,389e696725c0081b5658eda91b6dba6be736fafce303ee8ca778acbcc6119560,file,per-case validation log (validation CSV retained)
tensor_core/results/verify_17251073/w4_tc4_v1/validation/120_bf16_d256_n5_norm1_zeros.log,1733,14c2836f7c4a32f81af6fade6255226ee4219eea7751ff0a3522a713cfd18ff4,file,per-case validation log (validation CSV retained)
tensor_core/results/verify_17251073/w4_tc4_v1/validation/121_bf16_d256_n5_norm1_constant.log,1733,86ab6249832284fcf0dfb55a2af3931ed42149e7c0b00faabb9d505e943bfe4d,file,per-case validation log (validation CSV retained)
tensor_core/results/verify_17251073/w4_tc4_v1/validation/122_bf16_d256_n5_norm1_alternating.log,1733,223ada5db4d5f9fe4ec36db05af573c364a02161af95624c35be0066523e7d32,file,per-case validation log (validation CSV retained)
tensor_core/results/verify_17251073/w4_tc4_v1/validation/123_bf16_d256_n5_norm1_impulse.log,1733,73c372e8982f8f1bc748d7dbc57946be57c74c7809a0514d341445ed230e0476,file,per-case validation log (validation CSV retained)
tensor_core/results/verify_17251073/w4_tc4_v1/validation/124_bf16_d256_n5_norm1_uniform.log,1733,d2c8734ec9f8c817413495f315d3c93ab3209a7daa3c2bad43062a5971f78bff,file,per-case validation log (validation CSV retained)
tensor_core/results/verify_17251073/w4_tc4_v1/validation/125_bf16_d256_n5_norm1_outlier.log,1733,9166c8dcaeb565bb8a4a46fbb89e64a9b55d80798656bc7c5a5c92fb7cec994c,file,per-case validation log (validation CSV retained)
tensor_core/results/verify_17251073/w4_tc4_v1/validation/126_bf16_d256_n5_norm0_zeros.log,1734,f3be7d75dd59e5007bf3d1db07d1b2659ba721023d47d06e5ae47c1baf100847,file,per-case validation log (validation CSV retained)
tensor_core/results/verify_17251073/w4_tc4_v1/validation/127_bf16_d256_n5_norm0_constant.log,1734,aeae15c20f77f0f5e9a2e5e48308c08695944a489eb8b5f40c2b33d827889974,file,per-case validation log (validation CSV retained)
tensor_core/results/verify_17251073/w4_tc4_v1/validation/128_bf16_d256_n5_norm0_alternating.log,1734,81030e9d55a219e93640b7e31e85b76c94183d5255a02ded8d084b2429a3727a,file,per-case validation log (validation CSV retained)
tensor_core/results/verify_17251073/w4_tc4_v1/validation/129_bf16_d256_n5_norm0_impulse.log,1734,72b5e3ca9599ded656f5be4401507dc949d13ac1e5a9aff8e25b7fb09296574a,file,per-case validation log (validation CSV retained)
tensor_core/results/verify_17251073/w4_tc4_v1/validation/130_bf16_d256_n5_norm0_uniform.log,1734,491ba3d2ce05bf70a2cb64f620e7e4b8d357f9e71511802cbf6bf87495bf9d8a,file,per-case validation log (validation CSV retained)
tensor_core/results/verify_17251073/w4_tc4_v1/validation/131_bf16_d256_n5_norm0_outlier.log,1734,edd319f2dd3f5ab103eb9ff5e69596939ae6be0b2d3508e54b14e492b0814365,file,per-case validation log (validation CSV retained)
tensor_core/results/verify_17251073/w4_tc4_v1/validation/failures/004_fp16_d64_n5_norm0_normal/input.bin,640,8efd90a8193d44f37bfb128ced13f4d4352b77a5b9036ff446ca2196797c8cf2,file,raw failure samples (validation CSV retained)
tensor_core/results/verify_17251073/w4_tc4_v1/validation/failures/004_fp16_d64_n5_norm0_normal/ref.bin,640,00563bf027ca93bf5ce082e1c3bd3c5de123b469bde609bc4d1e4ffc153e7c7a,file,raw failure samples (validation CSV retained)
tensor_core/results/verify_17251073/w4_tc4_v1/validation/failures/005_fp16_d64_n2048_norm0_normal/input.bin,262144,da7a1c67b7fe7d3334520c8d4954adce1b9a6d30abb03f4ab6803510883b3331,file,raw failure samples (validation CSV retained)
tensor_core/results/verify_17251073/w4_tc4_v1/validation/failures/005_fp16_d64_n2048_norm0_normal/ref.bin,262144,d590eaf731b67e511562746f7564dc2f0f88d02ce8683c5d452c61b2c7c69ae7,file,raw failure samples (validation CSV retained)
tensor_core/results/verify_17251073/w4_tc4_v1/validation/failures/010_fp16_d128_n5_norm0_normal/input.bin,1280,f5b35a96e6469b2fd6b1b461ca32756c0d4ecd596984948f1bc2355ee9c2324d,file,raw failure samples (validation CSV retained)
tensor_core/results/verify_17251073/w4_tc4_v1/validation/failures/010_fp16_d128_n5_norm0_normal/ref.bin,1280,22d7a99c3c82dee9fc79b36cb2629995860907cc8650d35c444b6fdbe759fd58,file,raw failure samples (validation CSV retained)
tensor_core/results/verify_17251073/w4_tc4_v1/validation/failures/011_fp16_d128_n2048_norm0_normal/input.bin,524288,dd47cb997c575034d042d8a31891b726d3aeb100883dd0c265bb15df5bad3064,file,raw failure samples (validation CSV retained)
tensor_core/results/verify_17251073/w4_tc4_v1/validation/failures/011_fp16_d128_n2048_norm0_normal/ref.bin,524288,bcd15d84b53d1eb3e4da3a22f74740c51fd03f408da87ae72c31e977f4a42753,file,raw failure samples (validation CSV retained)
tensor_core/results/verify_17251073/w4_tc4_v1/validation/failures/015_fp16_d256_n1_norm0_normal/input.bin,512,74e1b0c8f7131dc9e7d60e2e4bff6996eac0b84de50b437d92a592b5bdb357e4,file,raw failure samples (validation CSV retained)
tensor_core/results/verify_17251073/w4_tc4_v1/validation/failures/015_fp16_d256_n1_norm0_normal/ref.bin,512,34a8fe9a8b7372499c7c149f1ee09708f7e9e5170213930fa764a811c6f9aeaa,file,raw failure samples (validation CSV retained)
tensor_core/results/verify_17251073/w4_tc4_v1/validation/failures/016_fp16_d256_n5_norm0_normal/input.bin,2560,e233f41fb13113b3651de6d5f56c7f5d900f235c1e2bdf2c7d792c221606922b,file,raw failure samples (validation CSV retained)
tensor_core/results/verify_17251073/w4_tc4_v1/validation/failures/016_fp16_d256_n5_norm0_normal/ref.bin,2560,666e0eca4ab178543470305b01cb6a0e8a348af8e9d1b38ed414bfbbca46e3b3,file,raw failure samples (validation CSV retained)
tensor_core/results/verify_17251073/w4_tc4_v1/validation/failures/017_fp16_d256_n2048_norm0_normal/input.bin,1048576,70643eff19dfb18c274b29393e8faaa1ce13bb158cfb34e180c2f9ec3952a4f3,file,raw failure samples (validation CSV retained)
tensor_core/results/verify_17251073/w4_tc4_v1/validation/failures/017_fp16_d256_n2048_norm0_normal/ref.bin,1048576,e2bb9a5732404b3738e74d34cc9eddcbf626f4e1e9f31f53d06d3be529d9a41d,file,raw failure samples (validation CSV retained)
tensor_core/results/verify_17251073/w4_tc4_v1/validation/failures/021_fp16_d512_n1_norm0_normal/input.bin,1024,eb725255f28bf0d221c945346c0895613744dae565c72fed690e690878f6a7e1,file,raw failure samples (validation CSV retained)
tensor_core/results/verify_17251073/w4_tc4_v1/validation/failures/021_fp16_d512_n1_norm0_normal/ref.bin,1024,f184e823a67bdb0972cca77a95ab9df1b5cd3257906cad6c6e79b77b1cf7444c,file,raw failure samples (validation CSV retained)
tensor_core/results/verify_17251073/w4_tc4_v1/validation/failures/022_fp16_d512_n5_norm0_normal/input.bin,5120,7f995e20691ec7f36fce621d881efb8d54bb4bff32b6ea1d480a852291959225,file,raw failure samples (validation CSV retained)
tensor_core/results/verify_17251073/w4_tc4_v1/validation/failures/022_fp16_d512_n5_norm0_normal/ref.bin,5120,93bdcaea8db4b108af1685b0227043861e662bcf38c6e65a42b8cf72787fc5cc,file,raw failure samples (validation CSV retained)
tensor_core/results/verify_17251073/w4_tc4_v1/validation/failures/023_fp16_d512_n2048_norm0_normal/input.bin,2097152,31912253781e4bbeebfa711fc5a1f752cd1deeebf6f4d728ffcd38cf55393799,file,raw failure samples (validation CSV retained)
tensor_core/results/verify_17251073/w4_tc4_v1/validation/failures/023_fp16_d512_n2048_norm0_normal/ref.bin,2097152,b37ac8815047ae5f00bf209a5d8dc0047c8606bbc858f31d78c7dd1bdc141d78,file,raw failure samples (validation CSV retained)
tensor_core/results/verify_17251073/w4_tc4_v1/validation/failures/027_fp16_d1024_n1_norm0_normal/input.bin,2048,045266413b49b8c5c053b23bc15fc7f829ade0856e6ca298530ac8c9b6d0b4d6,file,raw failure samples (validation CSV retained)
tensor_core/results/verify_17251073/w4_tc4_v1/validation/failures/027_fp16_d1024_n1_norm0_normal/ref.bin,2048,8c35bc18cd9889b32b8631e8760014d025d2f0b6e65d86e788ee333a6aa31dde,file,raw failure samples (validation CSV retained)
tensor_core/results/verify_17251073/w4_tc4_v1/validation/failures/028_fp16_d1024_n5_norm0_normal/input.bin,10240,219395649bb64b764666613e2cd5c8f4ab0c74023cc513f78f7e6164d532cdd8,file,raw failure samples (validation CSV retained)
tensor_core/results/verify_17251073/w4_tc4_v1/validation/failures/028_fp16_d1024_n5_norm0_normal/ref.bin,10240,b919aba414c196d00f2c748689aab757159173d37ce967cd7f10c266a10d9bfd,file,raw failure samples (validation CSV retained)
tensor_core/results/verify_17251073/w4_tc4_v1/validation/failures/029_fp16_d1024_n2048_norm0_normal/input.bin,4194304,490435c19d6da7f3a5257856343a6fe61cb4f4fb018d2243580725d9e5dc41ef,file,raw failure samples (validation CSV retained)
tensor_core/results/verify_17251073/w4_tc4_v1/validation/failures/029_fp16_d1024_n2048_norm0_normal/ref.bin,4194304,2dddff87bc7d7389435c7249c7013ea2a06aa40a4c51eaed191ba1f014cc651f,file,raw failure samples (validation CSV retained)
tensor_core/results/verify_17251073/w4_tc4_v1/validation/failures/034_bf16_d64_n5_norm0_normal/input.bin,640,0f59cfc77058b79d8b99bf62ecc9fa7079f4e357fc3e255447f422d6463d5c54,file,raw failure samples (validation CSV retained)
tensor_core/results/verify_17251073/w4_tc4_v1/validation/failures/034_bf16_d64_n5_norm0_normal/ref.bin,640,d3278310b3b605aa15e9537fb9f115da66ec4f14d7d551274f650db401408661,file,raw failure samples (validation CSV retained)
tensor_core/results/verify_17251073/w4_tc4_v1/validation/failures/035_bf16_d64_n2048_norm0_normal/input.bin,262144,b38f5d9c1fafe8da61c62ed4090d6f954e029ead6ffb1f0a2785e6fb694257e4,file,raw failure samples (validation CSV retained)
tensor_core/results/verify_17251073/w4_tc4_v1/validation/failures/035_bf16_d64_n2048_norm0_normal/ref.bin,262144,b74c7853277e99a5311bb67101d64dfc6f89fcd14beaddbd54d4bb11cea57499,file,raw failure samples (validation CSV retained)
tensor_core/results/verify_17251073/w4_tc4_v1/validation/failures/040_bf16_d128_n5_norm0_normal/input.bin,1280,86e6343df1cd5dcb3e6c67cb445d6a8565991332dfac6a332b13c4c87db40006,file,raw failure samples (validation CSV retained)
tensor_core/results/verify_17251073/w4_tc4_v1/validation/failures/040_bf16_d128_n5_norm0_normal/ref.bin,1280,070cc009189492aa28c08c3bf8c2c3636a38f557c3046ab2e9cae0fd3a190410,file,raw failure samples (validation CSV retained)
tensor_core/results/verify_17251073/w4_tc4_v1/validation/failures/041_bf16_d128_n2048_norm0_normal/input.bin,524288,29ea405a77b8a15ea55242d5b4162c7911412ee1eddc3730caebb5b6bff1e7e5,file,raw failure samples (validation CSV retained)
tensor_core/results/verify_17251073/w4_tc4_v1/validation/failures/041_bf16_d128_n2048_norm0_normal/ref.bin,524288,ea5b00540bcc7928ee7ca97a596f53192127c5472b9ee8249b3859cda699197d,file,raw failure samples (validation CSV retained)
tensor_core/results/verify_17251073/w4_tc4_v1/validation/failures/045_bf16_d256_n1_norm0_normal/input.bin,512,5cee298d4352616100731f50a0fd018b6111f6f25fdd7da9d423928512ed1d09,file,raw failure samples (validation CSV retained)
tensor_core/results/verify_17251073/w4_tc4_v1/validation/failures/045_bf16_d256_n1_norm0_normal/ref.bin,512,543f57499d01ad613c839b9014d5b8ffa294a26bf00e3bd5624cb586ae61cd93,file,raw failure samples (validation CSV retained)
tensor_core/results/verify_17251073/w4_tc4_v1/validation/failures/046_bf16_d256_n5_norm0_normal/input.bin,2560,92672b98e47099cff965f3c0f5197d2ae61ab3cf6e890384f3f5df711518ec22,file,raw failure samples (validation CSV retained)
tensor_core/results/verify_17251073/w4_tc4_v1/validation/failures/046_bf16_d256_n5_norm0_normal/ref.bin,2560,4fd0ab3b685fa0d6eb192c90a62967511576707fcfa4807faeb34fef93ebbbc5,file,raw failure samples (validation CSV retained)
tensor_core/results/verify_17251073/w4_tc4_v1/validation/failures/047_bf16_d256_n2048_norm0_normal/input.bin,1048576,e33d4e4315340b887e559ece250108a6c648d35f6701b21ee0a8abc44316218c,file,raw failure samples (validation CSV retained)
tensor_core/results/verify_17251073/w4_tc4_v1/validation/failures/047_bf16_d256_n2048_norm0_normal/ref.bin,1048576,e1e4c728b1fe3fb12402f75785d62b206296e7d1eabf357446d0655db7e3dc90,file,raw failure samples (validation CSV retained)
tensor_core/results/verify_17251073/w4_tc4_v1/validation/failures/051_bf16_d512_n1_norm0_normal/input.bin,1024,444f9710f69e1db13e95a143b6819707250d1d7523fc427948396550d01e78af,file,raw failure samples (validation CSV retained)
tensor_core/results/verify_17251073/w4_tc4_v1/validation/failures/051_bf16_d512_n1_norm0_normal/ref.bin,1024,075a6a74694aa25d3b8244d803327e3a7647ff572e8f35054f94f2f2bf3845f1,file,raw failure samples (validation CSV retained)
tensor_core/results/verify_17251073/w4_tc4_v1/validation/failures/052_bf16_d512_n5_norm0_normal/input.bin,5120,80fd5b4d4a34c716a29787c13168e535c9d9764397d0b443f8194a31a6f31548,file,raw failure samples (validation CSV retained)
tensor_core/results/verify_17251073/w4_tc4_v1/validation/failures/052_bf16_d512_n5_norm0_normal/ref.bin,5120,68f26eca4775a5bce310e7f35cddb758f1a72a05718ce1d6be72aaf702728d66,file,raw failure samples (validation CSV retained)
tensor_core/results/verify_17251073/w4_tc4_v1/validation/failures/053_bf16_d512_n2048_norm0_normal/input.bin,2097152,07f7214f39caeea6dc6cc88a1e3b17546f78bb4cfd9aa0ed8fd63bae07f71421,file,raw failure samples (validation CSV retained)
tensor_core/results/verify_17251073/w4_tc4_v1/validation/failures/053_bf16_d512_n2048_norm0_normal/ref.bin,2097152,267af573a40b0d242ab2f0caa60ef8d8d9a7c64e365ce97dc718d079cf22816b,file,raw failure samples (validation CSV retained)
tensor_core/results/verify_17251073/w4_tc4_v1/validation/failures/057_bf16_d1024_n1_norm0_normal/input.bin,2048,7b09898df08b2d8369f5d06a1774d45d53148aeaebd82218eed5535c1e4d8e04,file,raw failure samples (validation CSV retained)
tensor_core/results/verify_17251073/w4_tc4_v1/validation/failures/057_bf16_d1024_n1_norm0_normal/ref.bin,2048,2a2683d2e14c172c49ac1fd1ab2d1cf1b40b54bbe0d1371390b5d8bcfe5642d0,file,raw failure samples (validation CSV retained)
tensor_core/results/verify_17251073/w4_tc4_v1/validation/failures/058_bf16_d1024_n5_norm0_normal/input.bin,10240,51a1088c5bac50f749176f983438d02c691c40c2c26bddcad85afe8666a8b549,file,raw failure samples (validation CSV retained)
tensor_core/results/verify_17251073/w4_tc4_v1/validation/failures/058_bf16_d1024_n5_norm0_normal/ref.bin,10240,2d134b9d8a3c5cada11a7a55e46917bf3c407a4c252279be5ee467262c360037,file,raw failure samples (validation CSV retained)
tensor_core/results/verify_17251073/w4_tc4_v1/validation/failures/059_bf16_d1024_n2048_norm0_normal/input.bin,4194304,0f272ba41649f391f1dbc659b02ea6fe6c4d42978e024c8ba6b35f558a779591,file,raw failure samples (validation CSV retained)
tensor_core/results/verify_17251073/w4_tc4_v1/validation/failures/059_bf16_d1024_n2048_norm0_normal/ref.bin,4194304,7e9d80e6771b4239ef32230d4e7a6a9990cac126b46df30d36898d55a567187e,file,raw failure samples (validation CSV retained)
tensor_core/results/verify_17251073/w4_tc4_v1/validation/failures/071_fp16_d64_n5_norm0_outlier/input.bin,640,0ef306128e3aa09e9500e01bb1949337e32d5c52248458b7db00ca5f5b1649e1,file,raw failure samples (validation CSV retained)
tensor_core/results/verify_17251073/w4_tc4_v1/validation/failures/071_fp16_d64_n5_norm0_outlier/ref.bin,640,a7d5c7bb8bf4040b7fb07d58d8334f752556abc8d58b0c1110f2b22b8b8c51a3,file,raw failure samples (validation CSV retained)
tensor_core/results/verify_17251073/w4_tc4_v1/validation/failures/083_fp16_d128_n5_norm0_outlier/input.bin,1280,18ac780e9729e820b6fa9f129554b2693961920528d9d87b08bb081843cf2ba6,file,raw failure samples (validation CSV retained)
tensor_core/results/verify_17251073/w4_tc4_v1/validation/failures/083_fp16_d128_n5_norm0_outlier/ref.bin,1280,b8012bdb04fc86521eabcc39e57b49828e7bb27b21e75a26816984a8c94847f0,file,raw failure samples (validation CSV retained)
tensor_core/results/verify_17251073/w4_tc4_v1/validation/failures/094_fp16_d256_n5_norm0_uniform/input.bin,2560,87988e634f0c2fc86d78c85aca6a2e1760dc2dd69140b2c38e6308e0eb6ab886,file,raw failure samples (validation CSV retained)
tensor_core/results/verify_17251073/w4_tc4_v1/validation/failures/094_fp16_d256_n5_norm0_uniform/ref.bin,2560,5463050fbbfb4356260b68324e350aed224b2bbaffe5d15db7f15afc4fdb5332,file,raw failure samples (validation CSV retained)
tensor_core/results/verify_17251073/w4_tc4_v1/validation/failures/095_fp16_d256_n5_norm0_outlier/input.bin,2560,80f36d4ea70290237ac140f02dcfc003c0c548c329c99f7079b3a077eed07332,file,raw failure samples (validation CSV retained)
tensor_core/results/verify_17251073/w4_tc4_v1/validation/failures/095_fp16_d256_n5_norm0_outlier/ref.bin,2560,e483e4ed59a8a0394eba6e54ddaaec93cce57d084bb0ce173d00e955404d360e,file,raw failure samples (validation CSV retained)
tensor_core/results/verify_17251073/w4_tc4_v1/validation/failures/106_bf16_d64_n5_norm0_uniform/input.bin,640,54d2b8892c55209dce2f6b18a0e475d3c5dfb10db66f475bc9881e38e12526d0,file,raw failure samples (validation CSV retained)
tensor_core/results/verify_17251073/w4_tc4_v1/validation/failures/106_bf16_d64_n5_norm0_uniform/ref.bin,640,724981c891e3013a6271aeb2acfbf3573515dfe7430c26a60547f53dd0eb8218,file,raw failure samples (validation CSV retained)
tensor_core/results/verify_17251073/w4_tc4_v1/validation/failures/107_bf16_d64_n5_norm0_outlier/input.bin,640,ffc4ee8cdc7c7d2ec41f40ca723ce4140c80ed969d574c4839368a82d29c8340,file,raw failure samples (validation CSV retained)
tensor_core/results/verify_17251073/w4_tc4_v1/validation/failures/107_bf16_d64_n5_norm0_outlier/ref.bin,640,c708ceb87e585feda4b0182dab92525d4b9b6634d423ced147dc2c2cf30e894b,file,raw failure samples (validation CSV retained)
tensor_core/results/verify_17251073/w4_tc4_v1/validation/failures/118_bf16_d128_n5_norm0_uniform/input.bin,1280,c452847f51d25e0e8fe16805e126bf9f5bb269f1ea10a78ca28d237276f39267,file,raw failure samples (validation CSV retained)
tensor_core/results/verify_17251073/w4_tc4_v1/validation/failures/118_bf16_d128_n5_norm0_uniform/ref.bin,1280,7f4da035e18ceed1e2ccb290f7e6b00fbc4ae359b673886c23563c82cafb6a85,file,raw failure samples (validation CSV retained)
tensor_core/results/verify_17251073/w4_tc4_v1/validation/failures/119_bf16_d128_n5_norm0_outlier/input.bin,1280,f678588dd84d97f02d3467bc7b3b066a801da9595694b868e5958cfcce369df6,file,raw failure samples (validation CSV retained)
tensor_core/results/verify_17251073/w4_tc4_v1/validation/failures/119_bf16_d128_n5_norm0_outlier/ref.bin,1280,7001b7085dadc936f2c3e2e7cd0793ddf3848b13e3ea386adc7862714ff9a60b,file,raw failure samples (validation CSV retained)
tensor_core/results/verify_17251073/w4_tc4_v1/validation/failures/130_bf16_d256_n5_norm0_uniform/input.bin,2560,930b7e524ad87876bd2387f29df42f04182409105833f72fac3f4278621ce6e4,file,raw failure samples (validation CSV retained)
tensor_core/results/verify_17251073/w4_tc4_v1/validation/failures/130_bf16_d256_n5_norm0_uniform/ref.bin,2560,c72f566f14a49c3d4f2eaa91b185664f6cb8e78dd83942ae8352ff5cf696a8b7,file,raw failure samples (validation CSV retained)
tensor_core/results/verify_17251073/w4_tc4_v1/validation/failures/131_bf16_d256_n5_norm0_outlier/input.bin,2560,170f494b9861a677c2b4bd9401d6ebdf20595694dca0b27c71d8a0565bbd1405,file,raw failure samples (validation CSV retained)
tensor_core/results/verify_17251073/w4_tc4_v1/validation/failures/131_bf16_d256_n5_norm0_outlier/ref.bin,2560,e3a8a335e774036022a05c8931a53e8b75e92405758ff56c07b971808f330124,file,raw failure samples (validation CSV retained)
tensor_core/results/verify_17251073/w8_tc8_v0/validation/000_fp16_d64_n1_norm1_normal.log,1730,1059a2f940eb34c46dc647863e82923817326217659e07be629d2daff40574e4,file,per-case validation log (validation CSV retained)
tensor_core/results/verify_17251073/w8_tc8_v0/validation/001_fp16_d64_n5_norm1_normal.log,1731,3f6bb71fafd69121e1b8094515ec6661c88ac03521bb183621a09b7f5d0fa5f0,file,per-case validation log (validation CSV retained)
tensor_core/results/verify_17251073/w8_tc8_v0/validation/002_fp16_d64_n2048_norm1_normal.log,1740,ad1522ed53f6e141d67fbdc9cdfb0c5f000a6ccee8630c9c8526e295df112aee,file,per-case validation log (validation CSV retained)
tensor_core/results/verify_17251073/w8_tc8_v0/validation/003_fp16_d64_n1_norm0_normal.log,1731,0ff7558fc5f39c2b7246a81eff9825d7d44230d0519c77d22659c1f76e29d57e,file,per-case validation log (validation CSV retained)
tensor_core/results/verify_17251073/w8_tc8_v0/validation/004_fp16_d64_n5_norm0_normal.log,1732,aab0bb2ffa4a77a00a8a5648faa9a2c8d16dc27f85ca86728abc1f3c19367120,file,per-case validation log (validation CSV retained)
tensor_core/results/verify_17251073/w8_tc8_v0/validation/005_fp16_d64_n2048_norm0_normal.log,1741,fa156bec348a72b733caca32afdb71c9e251cc2857909ffdec9a8b43be5e06d6,file,per-case validation log (validation CSV retained)
tensor_core/results/verify_17251073/w8_tc8_v0/validation/006_fp16_d128_n1_norm1_normal.log,1732,f28e87f93608b37f8fc3dbb61720c52262f5dfb503e4c793ee288b4f9da07189,file,per-case validation log (validation CSV retained)
tensor_core/results/verify_17251073/w8_tc8_v0/validation/007_fp16_d128_n5_norm1_normal.log,1732,074a77c4d1480ebc5d8d2833940c461deb245da25b30e2cb65709d68a565c8e3,file,per-case validation log (validation CSV retained)
tensor_core/results/verify_17251073/w8_tc8_v0/validation/008_fp16_d128_n2048_norm1_normal.log,1741,6726a20af51859d39379f66621d263bba386282638c60767ed168c8ae08ce9ac,file,per-case validation log (validation CSV retained)
tensor_core/results/verify_17251073/w8_tc8_v0/validation/009_fp16_d128_n1_norm0_normal.log,1733,b63d7b2909f0b955759e93092aeda06dd6a6a4fc850c361ed965880c259f4c17,file,per-case validation log (validation CSV retained)
tensor_core/results/verify_17251073/w8_tc8_v0/validation/010_fp16_d128_n5_norm0_normal.log,1733,49ade0a56bb4283959643de62a926dd58105c5f8581747f24dae03cccf2914c5,file,per-case validation log (validation CSV retained)
tensor_core/results/verify_17251073/w8_tc8_v0/validation/011_fp16_d128_n2048_norm0_normal.log,1742,e04341974672323814d75368bd13ada8f4a40533b6798d4aeed3db0672bf0b67,file,per-case validation log (validation CSV retained)
tensor_core/results/verify_17251073/w8_tc8_v0/validation/012_fp16_d256_n1_norm1_normal.log,1732,2db455399cbe84504bebcf635d47227e3ee772634958fc2c7317dd1152ad22b6,file,per-case validation log (validation CSV retained)
tensor_core/results/verify_17251073/w8_tc8_v0/validation/013_fp16_d256_n5_norm1_normal.log,1733,b95b3ef0acf07de33285ef56c89a5c8460a15a5bbe0ca381f20083d5de9f445b,file,per-case validation log (validation CSV retained)
tensor_core/results/verify_17251073/w8_tc8_v0/validation/014_fp16_d256_n2048_norm1_normal.log,1741,ec26192277b88d1d94beb270d6b6ede5c7ea675f4ca6d5b7f73a485bb3e95566,file,per-case validation log (validation CSV retained)
tensor_core/results/verify_17251073/w8_tc8_v0/validation/015_fp16_d256_n1_norm0_normal.log,1733,2391327680ab678c96722597dafee743edd9052462cf6c355d5428899beba999,file,per-case validation log (validation CSV retained)
tensor_core/results/verify_17251073/w8_tc8_v0/validation/016_fp16_d256_n5_norm0_normal.log,1734,8090c42ea93d6889087d1f9ae31152d470d9162fbae9f29d8ec611fe50cf91d5,file,per-case validation log (validation CSV retained)
tensor_core/results/verify_17251073/w8_tc8_v0/validation/017_fp16_d256_n2048_norm0_normal.log,1742,76c2397fffaa235c808fd367df7b8e4837de0785b14382bac8e310dde43cc966,file,per-case validation log (validation CSV retained)
tensor_core/results/verify_17251073/w8_tc8_v0/validation/018_fp16_d512_n1_norm1_normal.log,1578,3a30c060942b6a43c5fab91cccbd4a40c82345fda78395363bfa74e73e9a2add,file,per-case validation log (validation CSV retained)
tensor_core/results/verify_17251073/w8_tc8_v0/validation/019_fp16_d512_n5_norm1_normal.log,1579,7fb1d39191ba2856737dcd6987e4dc58aa05504051b7d908f18adc25bd008332,file,per-case validation log (validation CSV retained)
tensor_core/results/verify_17251073/w8_tc8_v0/validation/020_fp16_d512_n2048_norm1_normal.log,1588,4195a4247b51b602fe6b64975e53b3bad3174d4c1793c86e146e09f6cbec42e0,file,per-case validation log (validation CSV retained)
tensor_core/results/verify_17251073/w8_tc8_v0/validation/021_fp16_d512_n1_norm0_normal.log,1579,b3d3cdb85dd6f48a3ada951e4ae4220cd8b6e657a1784da8bc20fcf428e36cd0,file,per-case validation log (validation CSV retained)
tensor_core/results/verify_17251073/w8_tc8_v0/validation/022_fp16_d512_n5_norm0_normal.log,1580,c435504acde86d19d8f57ccb57526fdb6465d0b1864f80ca38fe83d513b3fc75,file,per-case validation log (validation CSV retained)
tensor_core/results/verify_17251073/w8_tc8_v0/validation/023_fp16_d512_n2048_norm0_normal.log,1589,1bf5fe539a627d1f399d21545c5924a94536e531f49a167402e9c166b5588cea,file,per-case validation log (validation CSV retained)
tensor_core/results/verify_17251073/w8_tc8_v0/validation/024_fp16_d1024_n1_norm1_normal.log,1580,29fffbeeae7632dec5c90e917ae21718025012ac307c0b119042126ce65aeea0,file,per-case validation log (validation CSV retained)
tensor_core/results/verify_17251073/w8_tc8_v0/validation/025_fp16_d1024_n5_norm1_normal.log,1580,dbb4d4f007097c38e6998485ad45521958319f9d97a7fad03fb9bb4e33297f9f,file,per-case validation log (validation CSV retained)
tensor_core/results/verify_17251073/w8_tc8_v0/validation/026_fp16_d1024_n2048_norm1_normal.log,1589,397712114f0cb9648e57d5f58413c77e1217fe08d6135243dc3f63b487d9323a,file,per-case validation log (validation CSV retained)
tensor_core/results/verify_17251073/w8_tc8_v0/validation/027_fp16_d1024_n1_norm0_normal.log,1581,65dd5f764ba85a83a7c4dcb80e805130acfd58d076f9f70a06fee8afb408403d,file,per-case validation log (validation CSV retained)
tensor_core/results/verify_17251073/w8_tc8_v0/validation/028_fp16_d1024_n5_norm0_normal.log,1581,4ad11e28383027522d590f32a14b18efecf29e2af1be4d2cb0a7ffb6f236ba78,file,per-case validation log (validation CSV retained)
tensor_core/results/verify_17251073/w8_tc8_v0/validation/029_fp16_d1024_n2048_norm0_normal.log,1590,6470cc685903482d07d881d43fb7f697769da45b71a7c07bf3e3f4b565e4dd7a,file,per-case validation log (validation CSV retained)
tensor_core/results/verify_17251073/w8_tc8_v0/validation/030_bf16_d64_n1_norm1_normal.log,1730,cdae9fe5e52247d3ce2a44b99f7bba7e837c2441a7e62f1b2c0ce03f888b8169,file,per-case validation log (validation CSV retained)
tensor_core/results/verify_17251073/w8_tc8_v0/validation/031_bf16_d64_n5_norm1_normal.log,1731,6aeacbb036c14a0a7193b9612b21e786413bbbd982179edf4583b2e937902962,file,per-case validation log (validation CSV retained)
tensor_core/results/verify_17251073/w8_tc8_v0/validation/032_bf16_d64_n2048_norm1_normal.log,1740,71ee4d674ec4e19c4c559d0b56cc4eb9b29020fd6e4838014f81f8b44b0d882f,file,per-case validation log (validation CSV retained)
tensor_core/results/verify_17251073/w8_tc8_v0/validation/033_bf16_d64_n1_norm0_normal.log,1731,df9df007c3c11b83bed5f54fa0837dd12137fc83846db5360ac77dcd981e5f15,file,per-case validation log (validation CSV retained)
tensor_core/results/verify_17251073/w8_tc8_v0/validation/034_bf16_d64_n5_norm0_normal.log,1732,02ecdbea4ef333f9a63e9d395175279234ceae3e834669f5aa6405492268d5c0,file,per-case validation log (validation CSV retained)
tensor_core/results/verify_17251073/w8_tc8_v0/validation/035_bf16_d64_n2048_norm0_normal.log,1741,bc49e015392b28566f9c77fe621cc8db751ed64d1227b1a6f0a747310ceba99b,file,per-case validation log (validation CSV retained)
tensor_core/results/verify_17251073/w8_tc8_v0/validation/036_bf16_d128_n1_norm1_normal.log,1732,5b81e35bcdcf9e1af8cb98d42e2f59dd2ad0570d220af20eb54cd2cf7ee8447b,file,per-case validation log (validation CSV retained)
tensor_core/results/verify_17251073/w8_tc8_v0/validation/037_bf16_d128_n5_norm1_normal.log,1732,a509502846f0489d666d0ef5f6aa5b116dae724c97e101f51c51444f8c89715f,file,per-case validation log (validation CSV retained)
tensor_core/results/verify_17251073/w8_tc8_v0/validation/038_bf16_d128_n2048_norm1_normal.log,1741,b33e4368634dff143ef128531d064c08cec37040f29f4d97d1dfbec96163a572,file,per-case validation log (validation CSV retained)
tensor_core/results/verify_17251073/w8_tc8_v0/validation/039_bf16_d128_n1_norm0_normal.log,1733,72febd338259034172341b378f6dfc35fae61f43393e06ccf960a36d7b2bf398,file,per-case validation log (validation CSV retained)
tensor_core/results/verify_17251073/w8_tc8_v0/validation/040_bf16_d128_n5_norm0_normal.log,1733,16486e24f78ae9c8f5ac4b1371f677367d7efe7c25f43fab6e6fb7f24a8b5298,file,per-case validation log (validation CSV retained)
tensor_core/results/verify_17251073/w8_tc8_v0/validation/041_bf16_d128_n2048_norm0_normal.log,1742,1c1d38ccced7cfd44e6b7adbe1227ef2bcdeeb70d5eb2b33ee483ecabb62f505,file,per-case validation log (validation CSV retained)
tensor_core/results/verify_17251073/w8_tc8_v0/validation/042_bf16_d256_n1_norm1_normal.log,1732,56336859e6bd977d6ff7c32c1f03a56d69f17c4e8ec49b1898a438d773869e82,file,per-case validation log (validation CSV retained)
tensor_core/results/verify_17251073/w8_tc8_v0/validation/043_bf16_d256_n5_norm1_normal.log,1733,61051433aeab93c50c43790dd0b2f64f08fd0ef8494198ffa226dfc9f7c87898,file,per-case validation log (validation CSV retained)
tensor_core/results/verify_17251073/w8_tc8_v0/validation/044_bf16_d256_n2048_norm1_normal.log,1739,10d5f5a8e2500d89feaacd4f26d8932a021abfc92f114afac0881e02ae9af795,file,per-case validation log (validation CSV retained)
tensor_core/results/verify_17251073/w8_tc8_v0/validation/045_bf16_d256_n1_norm0_normal.log,1733,f8193234070b0500f33df72512d69ac94b456c27f9b95a900c6728c1a4f7abdc,file,per-case validation log (validation CSV retained)
tensor_core/results/verify_17251073/w8_tc8_v0/validation/046_bf16_d256_n5_norm0_normal.log,1734,b72c28ff660b6207b12b847d4fc472877dd695facaa1dce6c803065ad15f699c,file,per-case validation log (validation CSV retained)
tensor_core/results/verify_17251073/w8_tc8_v0/validation/047_bf16_d256_n2048_norm0_normal.log,1740,618a492914851596898a7359aad3ff0869c9a42e14894c7373dd3e98cd190ee8,file,per-case validation log (validation CSV retained)
tensor_core/results/verify_17251073/w8_tc8_v0/validation/048_bf16_d512_n1_norm1_normal.log,1578,1f90b4271a7b7d7ea8e2c9145b071ee4770b5f1e1f3d60d05368fba8e8044f26,file,per-case validation log (validation CSV retained)
tensor_core/results/verify_17251073/w8_tc8_v0/validation/049_bf16_d512_n5_norm1_normal.log,1579,51eda411334dab9f814b16cdff163b5abf9ba04d8d23d2eded413aafd075d4d1,file,per-case validation log (validation CSV retained)
tensor_core/results/verify_17251073/w8_tc8_v0/validation/050_bf16_d512_n2048_norm1_normal.log,1588,65af0603d3f20450e45127cd3046381eadf92d52cff224005e45b282ca0b311e,file,per-case validation log (validation CSV retained)
tensor_core/results/verify_17251073/w8_tc8_v0/validation/051_bf16_d512_n1_norm0_normal.log,1579,7ba329616de97ac75dff5f6fc3d2718ea7503f7751abe0a78f26394873eb2148,file,per-case validation log (validation CSV retained)
tensor_core/results/verify_17251073/w8_tc8_v0/validation/052_bf16_d512_n5_norm0_normal.log,1580,76cff2dede4318faa13c7b4440a622f5cd233cedd21c4297ffd83717694c177a,file,per-case validation log (validation CSV retained)
tensor_core/results/verify_17251073/w8_tc8_v0/validation/053_bf16_d512_n2048_norm0_normal.log,1589,e5cfe0253b5260a4b53833f711b8e08b51fad48564dc365bcc4d15fb853192fa,file,per-case validation log (validation CSV retained)
tensor_core/results/verify_17251073/w8_tc8_v0/validation/054_bf16_d1024_n1_norm1_normal.log,1580,f4096c3d87f59e75c56239ea56f90d9c74407373255bb3588cb610d23d77250b,file,per-case validation log (validation CSV retained)
tensor_core/results/verify_17251073/w8_tc8_v0/validation/055_bf16_d1024_n5_norm1_normal.log,1580,6f87adf1c50e20383772056d49175a972f363f4848e499fcae347c3e11576d95,file,per-case validation log (validation CSV retained)
tensor_core/results/verify_17251073/w8_tc8_v0/validation/056_bf16_d1024_n2048_norm1_normal.log,1589,fcd61059b7fd120f6f6a2c8cd5258c4e85ffe609222b625e5067a2e7939412c4,file,per-case validation log (validation CSV retained)
tensor_core/results/verify_17251073/w8_tc8_v0/validation/057_bf16_d1024_n1_norm0_normal.log,1581,fb997a9a1c2d8697cb4a95b52bd245e17c68df9ba03ae49371071e856ddc1f85,file,per-case validation log (validation CSV retained)
tensor_core/results/verify_17251073/w8_tc8_v0/validation/058_bf16_d1024_n5_norm0_normal.log,1581,a936c433857010d90cc87271463abb1a128799c7cc302d97f404bc40a1e92aa7,file,per-case validation log (validation CSV retained)
tensor_core/results/verify_17251073/w8_tc8_v0/validation/059_bf16_d1024_n2048_norm0_normal.log,1590,adb3c61152b5e3040e2340aad5ef5ddc088c2ecc0904655c19e1ff54f787b9a3,file,per-case validation log (validation CSV retained)
tensor_core/results/verify_17251073/w8_tc8_v0/validation/060_fp16_d64_n5_norm1_zeros.log,1731,baf2a3480bc5a754e7907c5383686d4c688569d25c9940580b353acfa3ccee35,file,per-case validation log (validation CSV retained)
tensor_core/results/verify_17251073/w8_tc8_v0/validation/061_fp16_d64_n5_norm1_constant.log,1731,08f7a57a3f4b3767f65f18a0635aebb8aa1e6adaa86a436c933da890ab553545,file,per-case validation log (validation CSV retained)
tensor_core/results/verify_17251073/w8_tc8_v0/validation/062_fp16_d64_n5_norm1_alternating.log,1731,a75345395727bcdb589ddf02662f51e6f2d3f4a843409045089291ff9e854bbe,file,per-case validation log (validation CSV retained)
tensor_core/results/verify_17251073/w8_tc8_v0/validation/063_fp16_d64_n5_norm1_impulse.log,1731,53dc9e14092bad16c23fe425fdf9db61228191f6c0514d87ca699b4cdab9fb1e,file,per-case validation log (validation CSV retained)
tensor_core/results/verify_17251073/w8_tc8_v0/validation/064_fp16_d64_n5_norm1_uniform.log,1731,ffeb2199e582a47dd0c86b0901d7dbb62b256a9fd8884ab5e60b6ba0bdcc1e24,file,per-case validation log (validation CSV retained)
tensor_core/results/verify_17251073/w8_tc8_v0/validation/065_fp16_d64_n5_norm1_outlier.log,1731,e24018d596842ff3613f4335ee2388fa5ad1b55aa1d421fc743a60aa5c7c0217,file,per-case validation log (validation CSV retained)
tensor_core/results/verify_17251073/w8_tc8_v0/validation/066_fp16_d64_n5_norm0_zeros.log,1732,eeda6503fade019ebb7bd8c0ceef49fe366a8a323e89fe94579e87d9f4ec14c2,file,per-case validation log (validation CSV retained)
tensor_core/results/verify_17251073/w8_tc8_v0/validation/067_fp16_d64_n5_norm0_constant.log,1732,b900da5720d8ad55af7b128d8d8b40f86dc818e3a3a40118db07e4aef98700a8,file,per-case validation log (validation CSV retained)
tensor_core/results/verify_17251073/w8_tc8_v0/validation/068_fp16_d64_n5_norm0_alternating.log,1732,af06bb77e76ded9309370b8876643d856759201d8e14f08201d3fde96448b6fe,file,per-case validation log (validation CSV retained)
tensor_core/results/verify_17251073/w8_tc8_v0/validation/069_fp16_d64_n5_norm0_impulse.log,1732,0a4d645213435fdf86fa6d0313a4c1349f4eb070bc735c052c5eedfe8540ce0d,file,per-case validation log (validation CSV retained)
tensor_core/results/verify_17251073/w8_tc8_v0/validation/070_fp16_d64_n5_norm0_uniform.log,1732,b3d5ea70922b97d1a0d78a7473e890e3bcbda7a435b5fda855875551c2560575,file,per-case validation log (validation CSV retained)
tensor_core/results/verify_17251073/w8_tc8_v0/validation/071_fp16_d64_n5_norm0_outlier.log,1732,b509f4a9d019ed5f1a2be8044f6d5770117c7c9a114da72e9ce6585d0d946342,file,per-case validation log (validation CSV retained)
tensor_core/results/verify_17251073/w8_tc8_v0/validation/072_fp16_d128_n5_norm1_zeros.log,1732,956c292ef58f60a278d06f0c75520176be85dc4ad25d41c850cbb3788d718923,file,per-case validation log (validation CSV retained)
tensor_core/results/verify_17251073/w8_tc8_v0/validation/073_fp16_d128_n5_norm1_constant.log,1732,5133daa1f1fec163aa2f064faeee7c55e09b476b4d4acf24add122639fc83f9d,file,per-case validation log (validation CSV retained)
tensor_core/results/verify_17251073/w8_tc8_v0/validation/074_fp16_d128_n5_norm1_alternating.log,1732,dd9ad6a328f75d79604f8c7af3a7850226ab4c7c94b3865bc0f31138abd85364,file,per-case validation log (validation CSV retained)
tensor_core/results/verify_17251073/w8_tc8_v0/validation/075_fp16_d128_n5_norm1_impulse.log,1732,8871de29c587e05f1bd7d3e82d8ee684020a70fef0898883e3f360159da461fb,file,per-case validation log (validation CSV retained)
tensor_core/results/verify_17251073/w8_tc8_v0/validation/076_fp16_d128_n5_norm1_uniform.log,1732,0dfd5f78f0936ad850a0a9296a52833a81e52e6ce01f5f982cb6d7429b2e60c0,file,per-case validation log (validation CSV retained)
tensor_core/results/verify_17251073/w8_tc8_v0/validation/077_fp16_d128_n5_norm1_outlier.log,1732,3dcfef81a80df4f2580b2709f75a71577b827c770e3831bc84c2a263dea95a98,file,per-case validation log (validation CSV retained)
tensor_core/results/verify_17251073/w8_tc8_v0/validation/078_fp16_d128_n5_norm0_zeros.log,1733,9eec16a3754419ba42174cf2f9edbcf7d50ba64a7900878429b4613c176259f8,file,per-case validation log (validation CSV retained)
tensor_core/results/verify_17251073/w8_tc8_v0/validation/079_fp16_d128_n5_norm0_constant.log,1733,6276c9734e606c72fdf62782818c59aa1bd061aefe20bea023478008a33d01d5,file,per-case validation log (validation CSV retained)
tensor_core/results/verify_17251073/w8_tc8_v0/validation/080_fp16_d128_n5_norm0_alternating.log,1733,31129c659b5827bda5dd6dbae28d9bfa5559092b80ca4c274225ecc705adb0a4,file,per-case validation log (validation CSV retained)
tensor_core/results/verify_17251073/w8_tc8_v0/validation/081_fp16_d128_n5_norm0_impulse.log,1733,f96623549090151c70872f962106eefb70e449e4b7cd9c5329e2a812cb58175a,file,per-case validation log (validation CSV retained)
tensor_core/results/verify_17251073/w8_tc8_v0/validation/082_fp16_d128_n5_norm0_uniform.log,1733,13edef6d34bb3739cc0e5ecbc16034c09dc38a8145cfde3f85c487615873260a,file,per-case validation log (validation CSV retained)
tensor_core/results/verify_17251073/w8_tc8_v0/validation/083_fp16_d128_n5_norm0_outlier.log,1733,7067c2b042d1ae43201f8f370ff058c13a8cd00fb01b705e6f13ceff018962b0,file,per-case validation log (validation CSV retained)
tensor_core/results/verify_17251073/w8_tc8_v0/validation/084_fp16_d256_n5_norm1_zeros.log,1733,d8681c8fad0a101a1f89a222ee9a8db39141d516bf80cb6b8959ef9c4880143e,file,per-case validation log (validation CSV retained)
tensor_core/results/verify_17251073/w8_tc8_v0/validation/085_fp16_d256_n5_norm1_constant.log,1733,f346c225698fbacf0caced1135a337632be2b038a8b3f2b03502255401beb309,file,per-case validation log (validation CSV retained)
tensor_core/results/verify_17251073/w8_tc8_v0/validation/086_fp16_d256_n5_norm1_alternating.log,1733,48b64c0a61851da3c6071d8a442502bbc59b7f2741782d799aebe7ef6ab777dc,file,per-case validation log (validation CSV retained)
tensor_core/results/verify_17251073/w8_tc8_v0/validation/087_fp16_d256_n5_norm1_impulse.log,1733,4a7803dcb5c48ed9bd03d610773f2513658d0c122d7058fbd96d9ae603bfd2e2,file,per-case validation log (validation CSV retained)
tensor_core/results/verify_17251073/w8_tc8_v0/validation/088_fp16_d256_n5_norm1_uniform.log,1733,a51dbbc599f538b6a4f73dbec6216728f413359d2eaa60503525433f03a18a22,file,per-case validation log (validation CSV retained)
tensor_core/results/verify_17251073/w8_tc8_v0/validation/089_fp16_d256_n5_norm1_outlier.log,1733,c38377fb4c7d95b20539c63c1e01556b91bceb29c8dd370fab659782c6292312,file,per-case validation log (validation CSV retained)
tensor_core/results/verify_17251073/w8_tc8_v0/validation/090_fp16_d256_n5_norm0_zeros.log,1734,9944f43bf156f78f153b6bf39d12db76ad92dcf66eb03f3f407c1804c8316b61,file,per-case validation log (validation CSV retained)
tensor_core/results/verify_17251073/w8_tc8_v0/validation/091_fp16_d256_n5_norm0_constant.log,1734,19fdc049cb2b97c9ed35c56e09a00f9ca8e3d7d5a37d3ebacc9c5b62d328d2df,file,per-case validation log (validation CSV retained)
tensor_core/results/verify_17251073/w8_tc8_v0/validation/092_fp16_d256_n5_norm0_alternating.log,1734,79876b73e5ba52d263f935fb655e1a9cccf0bfc97938d6136b568583f502d7a4,file,per-case validation log (validation CSV retained)
tensor_core/results/verify_17251073/w8_tc8_v0/validation/093_fp16_d256_n5_norm0_impulse.log,1734,ecf591c6c03c09e66bae08ad3ea903d654631a5565c796d348e827d8eff13b21,file,per-case validation log (validation CSV retained)
tensor_core/results/verify_17251073/w8_tc8_v0/validation/094_fp16_d256_n5_norm0_uniform.log,1734,167720df34f09a9f30be97ed004ffa8fd58fed0f54f21394cb20c2fe4fbb6ae7,file,per-case validation log (validation CSV retained)
tensor_core/results/verify_17251073/w8_tc8_v0/validation/095_fp16_d256_n5_norm0_outlier.log,1734,27fc5ff7133ca7e0cb00e0d4de53ce202e1b44f1b760673c9454bfaec398c594,file,per-case validation log (validation CSV retained)
tensor_core/results/verify_17251073/w8_tc8_v0/validation/096_bf16_d64_n5_norm1_zeros.log,1731,895db8aa7dd365f0c6fb6ffe8d31fadfbfda257eaa5a3c3f355859da2afea588,file,per-case validation log (validation CSV retained)
tensor_core/results/verify_17251073/w8_tc8_v0/validation/097_bf16_d64_n5_norm1_constant.log,1731,def7b34ef9469862280435c04f24b3f19aab0544597ff5ea32d45a267de3fb28,file,per-case validation log (validation CSV retained)
tensor_core/results/verify_17251073/w8_tc8_v0/validation/098_bf16_d64_n5_norm1_alternating.log,1731,81c3e65cbf2e9218c75bf600bdb8116f2a41342bd9dfe36eac5c8cb5396fd5b7,file,per-case validation log (validation CSV retained)
tensor_core/results/verify_17251073/w8_tc8_v0/validation/099_bf16_d64_n5_norm1_impulse.log,1731,8dc882bfc2611cc4e3052d54a08d59f42b25300089ffacd888d348fc0de7b22a,file,per-case validation log (validation CSV retained)
tensor_core/results/verify_17251073/w8_tc8_v0/validation/100_bf16_d64_n5_norm1_uniform.log,1731,c2f24012f4ba1fd822feb86d7d021cb12da080de3e6598b82a00a6adbfa3f426,file,per-case validation log (validation CSV retained)
tensor_core/results/verify_17251073/w8_tc8_v0/validation/101_bf16_d64_n5_norm1_outlier.log,1731,e0bea7c313afd115aafe0d6e83eb451c6d32a2b6b764aba40a5fe4d115e26c92,file,per-case validation log (validation CSV retained)
tensor_core/results/verify_17251073/w8_tc8_v0/validation/102_bf16_d64_n5_norm0_zeros.log,1732,a9698a38a6e84c94585f5dbe9f85f3bbb64c0d7fc2db799d43323dd559f60140,file,per-case validation log (validation CSV retained)
tensor_core/results/verify_17251073/w8_tc8_v0/validation/103_bf16_d64_n5_norm0_constant.log,1732,99b88a996cf0fda5bd0de7edc351d55ae8d8551d8b100c9e732c69388c71fc37,file,per-case validation log (validation CSV retained)
tensor_core/results/verify_17251073/w8_tc8_v0/validation/104_bf16_d64_n5_norm0_alternating.log,1732,547141ce4980c909bc173661450d7e476db3a90eb4810a12a3eb2ddfe77a151c,file,per-case validation log (validation CSV retained)
tensor_core/results/verify_17251073/w8_tc8_v0/validation/105_bf16_d64_n5_norm0_impulse.log,1732,1c060ed3c6795132e1f9052995ad4fa77048de4c09beb9dd98065b46b128184c,file,per-case validation log (validation CSV retained)
tensor_core/results/verify_17251073/w8_tc8_v0/validation/106_bf16_d64_n5_norm0_uniform.log,1732,efcaf00c79728303b1a2f2393d154ac095761f102a7e76c5e0102c4622e4dba1,file,per-case validation log (validation CSV retained)
tensor_core/results/verify_17251073/w8_tc8_v0/validation/107_bf16_d64_n5_norm0_outlier.log,1732,5d45e793317df9bd92ab6137e8eda3105ccbb6fae848c131f1069d000b9f1d18,file,per-case validation log (validation CSV retained)
tensor_core/results/verify_17251073/w8_tc8_v0/validation/108_bf16_d128_n5_norm1_zeros.log,1732,594e4e89c7c474faf1c6e0d61ecdd17909d72ffe3251dd963d5824621384982e,file,per-case validation log (validation CSV retained)
tensor_core/results/verify_17251073/w8_tc8_v0/validation/109_bf16_d128_n5_norm1_constant.log,1732,cc534b90598d9de5a29ebc8b1e44c8f6293878803e3a665a14a2d56bbf1586be,file,per-case validation log (validation CSV retained)
tensor_core/results/verify_17251073/w8_tc8_v0/validation/110_bf16_d128_n5_norm1_alternating.log,1732,65331c68610f4923fa84a23f7bddc3b846a4b2623dc9d532304424ca6614a44c,file,per-case validation log (validation CSV retained)
tensor_core/results/verify_17251073/w8_tc8_v0/validation/111_bf16_d128_n5_norm1_impulse.log,1732,b0876f39eaa971415870b16687909df83afbb0ade1e2ffc365b1b965dfeafcd1,file,per-case validation log (validation CSV retained)
tensor_core/results/verify_17251073/w8_tc8_v0/validation/112_bf16_d128_n5_norm1_uniform.log,1732,bfcb601d6ced8b601dba93c29a0873c239caf810c799eeb462ef06618059abf9,file,per-case validation log (validation CSV retained)
tensor_core/results/verify_17251073/w8_tc8_v0/validation/113_bf16_d128_n5_norm1_outlier.log,1732,fc9962bc24f56bfa920d319c5bb3df85f2dd0a12886688ca82e010be9c741c90,file,per-case validation log (validation CSV retained)
tensor_core/results/verify_17251073/w8_tc8_v0/validation/114_bf16_d128_n5_norm0_zeros.log,1733,d2c00cabf8a6419d944de6fd22e1251a5ec630131a02a5e3b87c77752155a6de,file,per-case validation log (validation CSV retained)
tensor_core/results/verify_17251073/w8_tc8_v0/validation/115_bf16_d128_n5_norm0_constant.log,1733,f9332f341dfa5b70c7fd7f91a97ca302d532da1f17faefce00ca04892fe22b56,file,per-case validation log (validation CSV retained)
tensor_core/results/verify_17251073/w8_tc8_v0/validation/116_bf16_d128_n5_norm0_alternating.log,1733,f741d02c018d090efe235eb871ae5f68b063b354bb0ce5642c95fe6887dea1af,file,per-case validation log (validation CSV retained)
tensor_core/results/verify_17251073/w8_tc8_v0/validation/117_bf16_d128_n5_norm0_impulse.log,1733,2669756d83165ad6011504bfa5b83dc95aa2c8b5eeda6864f905f82440eddfac,file,per-case validation log (validation CSV retained)
tensor_core/results/verify_17251073/w8_tc8_v0/validation/118_bf16_d128_n5_norm0_uniform.log,1733,504040455f170bcd39085e905920736a01db6ea51b46ac36540e0f8c5886c00c,file,per-case validation log (validation CSV retained)
tensor_core/results/verify_17251073/w8_tc8_v0/validation/119_bf16_d128_n5_norm0_outlier.log,1733,7a3e923273710c3583846a173393326a85efbaedee9d3be28084fcac166c2af4,file,per-case validation log (validation CSV retained)
tensor_core/results/verify_17251073/w8_tc8_v0/validation/120_bf16_d256_n5_norm1_zeros.log,1733,9e529bd6d8258dcbb39329bc32db894ee79ac6070dba2fcb14c6eeb5cb25fff2,file,per-case validation log (validation CSV retained)
tensor_core/results/verify_17251073/w8_tc8_v0/validation/121_bf16_d256_n5_norm1_constant.log,1733,1420874190cda7c4c624abf01c35cb936994443d1184193132b518e80bd9a283,file,per-case validation log (validation CSV retained)
tensor_core/results/verify_17251073/w8_tc8_v0/validation/122_bf16_d256_n5_norm1_alternating.log,1733,ecdfd75a7496412000591d6b671156c6595ef22afcda8579da55fe30105ca8dd,file,per-case validation log (validation CSV retained)
tensor_core/results/verify_17251073/w8_tc8_v0/validation/123_bf16_d256_n5_norm1_impulse.log,1733,d17c59a51f98f5322de42d6339bb99e02ffcb5690c0a5d59ae3d1b712756e409,file,per-case validation log (validation CSV retained)
tensor_core/results/verify_17251073/w8_tc8_v0/validation/124_bf16_d256_n5_norm1_uniform.log,1733,1758440e6d41b0d0c5c2bb528c7f56744aea759892bbc548f72d20c3ce234031,file,per-case validation log (validation CSV retained)
tensor_core/results/verify_17251073/w8_tc8_v0/validation/125_bf16_d256_n5_norm1_outlier.log,1733,2d7aa0750c712412004e6c71d3f709d15a5ed4c61c53527fe126831a4e050699,file,per-case validation log (validation CSV retained)
tensor_core/results/verify_17251073/w8_tc8_v0/validation/126_bf16_d256_n5_norm0_zeros.log,1734,bee27ba565d3e15109a0468f0690bfaf10c518083ac6e822e37075ab18e54ad7,file,per-case validation log (validation CSV retained)
tensor_core/results/verify_17251073/w8_tc8_v0/validation/127_bf16_d256_n5_norm0_constant.log,1734,b4b5db58a1e84befbfa956969d043a876388b057b6e235f7b471d855193d411c,file,per-case validation log (validation CSV retained)
tensor_core/results/verify_17251073/w8_tc8_v0/validation/128_bf16_d256_n5_norm0_alternating.log,1734,65347070125144ef09ed2f65eb758023aff29a4145716be7ca499fa33f389b23,file,per-case validation log (validation CSV retained)
tensor_core/results/verify_17251073/w8_tc8_v0/validation/129_bf16_d256_n5_norm0_impulse.log,1734,c407370c830565d8f5a73379aa35b37e84d40cc0bbeb1acfdf58d2943dc41c83,file,per-case validation log (validation CSV retained)
tensor_core/results/verify_17251073/w8_tc8_v0/validation/130_bf16_d256_n5_norm0_uniform.log,1734,119cb95e8ea49ed42219426afa8a9b5d4326bbabc7e64a3598c0ec4c30d10a10,file,per-case validation log (validation CSV retained)
tensor_core/results/verify_17251073/w8_tc8_v0/validation/131_bf16_d256_n5_norm0_outlier.log,1734,478c8f313da5e8c31bafc39874f4a0e3b7c7b826f5ed46ca903dadb43455828c,file,per-case validation log (validation CSV retained)
tensor_core/results/verify_17251073/w8_tc8_v0/validation/failures/004_fp16_d64_n5_norm0_normal/input.bin,640,8efd90a8193d44f37bfb128ced13f4d4352b77a5b9036ff446ca2196797c8cf2,file,raw failure samples (validation CSV retained)
tensor_core/results/verify_17251073/w8_tc8_v0/validation/failures/004_fp16_d64_n5_norm0_normal/ref.bin,640,00563bf027ca93bf5ce082e1c3bd3c5de123b469bde609bc4d1e4ffc153e7c7a,file,raw failure samples (validation CSV retained)
tensor_core/results/verify_17251073/w8_tc8_v0/validation/failures/005_fp16_d64_n2048_norm0_normal/input.bin,262144,da7a1c67b7fe7d3334520c8d4954adce1b9a6d30abb03f4ab6803510883b3331,file,raw failure samples (validation CSV retained)
tensor_core/results/verify_17251073/w8_tc8_v0/validation/failures/005_fp16_d64_n2048_norm0_normal/ref.bin,262144,d590eaf731b67e511562746f7564dc2f0f88d02ce8683c5d452c61b2c7c69ae7,file,raw failure samples (validation CSV retained)
tensor_core/results/verify_17251073/w8_tc8_v0/validation/failures/010_fp16_d128_n5_norm0_normal/input.bin,1280,f5b35a96e6469b2fd6b1b461ca32756c0d4ecd596984948f1bc2355ee9c2324d,file,raw failure samples (validation CSV retained)
tensor_core/results/verify_17251073/w8_tc8_v0/validation/failures/010_fp16_d128_n5_norm0_normal/ref.bin,1280,22d7a99c3c82dee9fc79b36cb2629995860907cc8650d35c444b6fdbe759fd58,file,raw failure samples (validation CSV retained)
tensor_core/results/verify_17251073/w8_tc8_v0/validation/failures/011_fp16_d128_n2048_norm0_normal/input.bin,524288,dd47cb997c575034d042d8a31891b726d3aeb100883dd0c265bb15df5bad3064,file,raw failure samples (validation CSV retained)
tensor_core/results/verify_17251073/w8_tc8_v0/validation/failures/011_fp16_d128_n2048_norm0_normal/ref.bin,524288,bcd15d84b53d1eb3e4da3a22f74740c51fd03f408da87ae72c31e977f4a42753,file,raw failure samples (validation CSV retained)
tensor_core/results/verify_17251073/w8_tc8_v0/validation/failures/015_fp16_d256_n1_norm0_normal/input.bin,512,74e1b0c8f7131dc9e7d60e2e4bff6996eac0b84de50b437d92a592b5bdb357e4,file,raw failure samples (validation CSV retained)
tensor_core/results/verify_17251073/w8_tc8_v0/validation/failures/015_fp16_d256_n1_norm0_normal/ref.bin,512,34a8fe9a8b7372499c7c149f1ee09708f7e9e5170213930fa764a811c6f9aeaa,file,raw failure samples (validation CSV retained)
tensor_core/results/verify_17251073/w8_tc8_v0/validation/failures/016_fp16_d256_n5_norm0_normal/input.bin,2560,e233f41fb13113b3651de6d5f56c7f5d900f235c1e2bdf2c7d792c221606922b,file,raw failure samples (validation CSV retained)
tensor_core/results/verify_17251073/w8_tc8_v0/validation/failures/016_fp16_d256_n5_norm0_normal/ref.bin,2560,666e0eca4ab178543470305b01cb6a0e8a348af8e9d1b38ed414bfbbca46e3b3,file,raw failure samples (validation CSV retained)
tensor_core/results/verify_17251073/w8_tc8_v0/validation/failures/017_fp16_d256_n2048_norm0_normal/input.bin,1048576,70643eff19dfb18c274b29393e8faaa1ce13bb158cfb34e180c2f9ec3952a4f3,file,raw failure samples (validation CSV retained)
tensor_core/results/verify_17251073/w8_tc8_v0/validation/failures/017_fp16_d256_n2048_norm0_normal/ref.bin,1048576,e2bb9a5732404b3738e74d34cc9eddcbf626f4e1e9f31f53d06d3be529d9a41d,file,raw failure samples (validation CSV retained)
tensor_core/results/verify_17251073/w8_tc8_v0/validation/failures/021_fp16_d512_n1_norm0_normal/input.bin,1024,eb725255f28bf0d221c945346c0895613744dae565c72fed690e690878f6a7e1,file,raw failure samples (validation CSV retained)
tensor_core/results/verify_17251073/w8_tc8_v0/validation/failures/021_fp16_d512_n1_norm0_normal/ref.bin,1024,f184e823a67bdb0972cca77a95ab9df1b5cd3257906cad6c6e79b77b1cf7444c,file,raw failure samples (validation CSV retained)
tensor_core/results/verify_17251073/w8_tc8_v0/validation/failures/022_fp16_d512_n5_norm0_normal/input.bin,5120,7f995e20691ec7f36fce621d881efb8d54bb4bff32b6ea1d480a852291959225,file,raw failure samples (validation CSV retained)
tensor_core/results/verify_17251073/w8_tc8_v0/validation/failures/022_fp16_d512_n5_norm0_normal/ref.bin,5120,93bdcaea8db4b108af1685b0227043861e662bcf38c6e65a42b8cf72787fc5cc,file,raw failure samples (validation CSV retained)
tensor_core/results/verify_17251073/w8_tc8_v0/validation/failures/023_fp16_d512_n2048_norm0_normal/input.bin,2097152,31912253781e4bbeebfa711fc5a1f752cd1deeebf6f4d728ffcd38cf55393799,file,raw failure samples (validation CSV retained)
tensor_core/results/verify_17251073/w8_tc8_v0/validation/failures/023_fp16_d512_n2048_norm0_normal/ref.bin,2097152,b37ac8815047ae5f00bf209a5d8dc0047c8606bbc858f31d78c7dd1bdc141d78,file,raw failure samples (validation CSV retained)
tensor_core/results/verify_17251073/w8_tc8_v0/validation/failures/027_fp16_d1024_n1_norm0_normal/input.bin,2048,045266413b49b8c5c053b23bc15fc7f829ade0856e6ca298530ac8c9b6d0b4d6,file,raw failure samples (validation CSV retained)
tensor_core/results/verify_17251073/w8_tc8_v0/validation/failures/027_fp16_d1024_n1_norm0_normal/ref.bin,2048,8c35bc18cd9889b32b8631e8760014d025d2f0b6e65d86e788ee333a6aa31dde,file,raw failure samples (validation CSV retained)
tensor_core/results/verify_17251073/w8_tc8_v0/validation/failures/028_fp16_d1024_n5_norm0_normal/input.bin,10240,219395649bb64b764666613e2cd5c8f4ab0c74023cc513f78f7e6164d532cdd8,file,raw failure samples (validation CSV retained)
tensor_core/results/verify_17251073/w8_tc8_v0/validation/failures/028_fp16_d1024_n5_norm0_normal/ref.bin,10240,b919aba414c196d00f2c748689aab757159173d37ce967cd7f10c266a10d9bfd,file,raw failure samples (validation CSV retained)
tensor_core/results/verify_17251073/w8_tc8_v0/validation/failures/029_fp16_d1024_n2048_norm0_normal/input.bin,4194304,490435c19d6da7f3a5257856343a6fe61cb4f4fb018d2243580725d9e5dc41ef,file,raw failure samples (validation CSV retained)
tensor_core/results/verify_17251073/w8_tc8_v0/validation/failures/029_fp16_d1024_n2048_norm0_normal/ref.bin,4194304,2dddff87bc7d7389435c7249c7013ea2a06aa40a4c51eaed191ba1f014cc651f,file,raw failure samples (validation CSV retained)
tensor_core/results/verify_17251073/w8_tc8_v0/validation/failures/034_bf16_d64_n5_norm0_normal/input.bin,640,0f59cfc77058b79d8b99bf62ecc9fa7079f4e357fc3e255447f422d6463d5c54,file,raw failure samples (validation CSV retained)
tensor_core/results/verify_17251073/w8_tc8_v0/validation/failures/034_bf16_d64_n5_norm0_normal/ref.bin,640,d3278310b3b605aa15e9537fb9f115da66ec4f14d7d551274f650db401408661,file,raw failure samples (validation CSV retained)
tensor_core/results/verify_17251073/w8_tc8_v0/validation/failures/035_bf16_d64_n2048_norm0_normal/input.bin,262144,b38f5d9c1fafe8da61c62ed4090d6f954e029ead6ffb1f0a2785e6fb694257e4,file,raw failure samples (validation CSV retained)
tensor_core/results/verify_17251073/w8_tc8_v0/validation/failures/035_bf16_d64_n2048_norm0_normal/ref.bin,262144,b74c7853277e99a5311bb67101d64dfc6f89fcd14beaddbd54d4bb11cea57499,file,raw failure samples (validation CSV retained)
tensor_core/results/verify_17251073/w8_tc8_v0/validation/failures/040_bf16_d128_n5_norm0_normal/input.bin,1280,86e6343df1cd5dcb3e6c67cb445d6a8565991332dfac6a332b13c4c87db40006,file,raw failure samples (validation CSV retained)
tensor_core/results/verify_17251073/w8_tc8_v0/validation/failures/040_bf16_d128_n5_norm0_normal/ref.bin,1280,070cc009189492aa28c08c3bf8c2c3636a38f557c3046ab2e9cae0fd3a190410,file,raw failure samples (validation CSV retained)
tensor_core/results/verify_17251073/w8_tc8_v0/validation/failures/041_bf16_d128_n2048_norm0_normal/input.bin,524288,29ea405a77b8a15ea55242d5b4162c7911412ee1eddc3730caebb5b6bff1e7e5,file,raw failure samples (validation CSV retained)
tensor_core/results/verify_17251073/w8_tc8_v0/validation/failures/041_bf16_d128_n2048_norm0_normal/ref.bin,524288,ea5b00540bcc7928ee7ca97a596f53192127c5472b9ee8249b3859cda699197d,file,raw failure samples (validation CSV retained)
tensor_core/results/verify_17251073/w8_tc8_v0/validation/failures/045_bf16_d256_n1_norm0_normal/input.bin,512,5cee298d4352616100731f50a0fd018b6111f6f25fdd7da9d423928512ed1d09,file,raw failure samples (validation CSV retained)
tensor_core/results/verify_17251073/w8_tc8_v0/validation/failures/045_bf16_d256_n1_norm0_normal/ref.bin,512,543f57499d01ad613c839b9014d5b8ffa294a26bf00e3bd5624cb586ae61cd93,file,raw failure samples (validation CSV retained)
tensor_core/results/verify_17251073/w8_tc8_v0/validation/failures/046_bf16_d256_n5_norm0_normal/input.bin,2560,92672b98e47099cff965f3c0f5197d2ae61ab3cf6e890384f3f5df711518ec22,file,raw failure samples (validation CSV retained)
tensor_core/results/verify_17251073/w8_tc8_v0/validation/failures/046_bf16_d256_n5_norm0_normal/ref.bin,2560,4fd0ab3b685fa0d6eb192c90a62967511576707fcfa4807faeb34fef93ebbbc5,file,raw failure samples (validation CSV retained)
tensor_core/results/verify_17251073/w8_tc8_v0/validation/failures/047_bf16_d256_n2048_norm0_normal/input.bin,1048576,e33d4e4315340b887e559ece250108a6c648d35f6701b21ee0a8abc44316218c,file,raw failure samples (validation CSV retained)
tensor_core/results/verify_17251073/w8_tc8_v0/validation/failures/047_bf16_d256_n2048_norm0_normal/ref.bin,1048576,e1e4c728b1fe3fb12402f75785d62b206296e7d1eabf357446d0655db7e3dc90,file,raw failure samples (validation CSV retained)
tensor_core/results/verify_17251073/w8_tc8_v0/validation/failures/051_bf16_d512_n1_norm0_normal/input.bin,1024,444f9710f69e1db13e95a143b6819707250d1d7523fc427948396550d01e78af,file,raw failure samples (validation CSV retained)
tensor_core/results/verify_17251073/w8_tc8_v0/validation/failures/051_bf16_d512_n1_norm0_normal/ref.bin,1024,075a6a74694aa25d3b8244d803327e3a7647ff572e8f35054f94f2f2bf3845f1,file,raw failure samples (validation CSV retained)
tensor_core/results/verify_17251073/w8_tc8_v0/validation/failures/052_bf16_d512_n5_norm0_normal/input.bin,5120,80fd5b4d4a34c716a29787c13168e535c9d9764397d0b443f8194a31a6f31548,file,raw failure samples (validation CSV retained)
tensor_core/results/verify_17251073/w8_tc8_v0/validation/failures/052_bf16_d512_n5_norm0_normal/ref.bin,5120,68f26eca4775a5bce310e7f35cddb758f1a72a05718ce1d6be72aaf702728d66,file,raw failure samples (validation CSV retained)
tensor_core/results/verify_17251073/w8_tc8_v0/validation/failures/053_bf16_d512_n2048_norm0_normal/input.bin,2097152,07f7214f39caeea6dc6cc88a1e3b17546f78bb4cfd9aa0ed8fd63bae07f71421,file,raw failure samples (validation CSV retained)
tensor_core/results/verify_17251073/w8_tc8_v0/validation/failures/053_bf16_d512_n2048_norm0_normal/ref.bin,2097152,267af573a40b0d242ab2f0caa60ef8d8d9a7c64e365ce97dc718d079cf22816b,file,raw failure samples (validation CSV retained)
tensor_core/results/verify_17251073/w8_tc8_v0/validation/failures/057_bf16_d1024_n1_norm0_normal/input.bin,2048,7b09898df08b2d8369f5d06a1774d45d53148aeaebd82218eed5535c1e4d8e04,file,raw failure samples (validation CSV retained)
tensor_core/results/verify_17251073/w8_tc8_v0/validation/failures/057_bf16_d1024_n1_norm0_normal/ref.bin,2048,2a2683d2e14c172c49ac1fd1ab2d1cf1b40b54bbe0d1371390b5d8bcfe5642d0,file,raw failure samples (validation CSV retained)
tensor_core/results/verify_17251073/w8_tc8_v0/validation/failures/058_bf16_d1024_n5_norm0_normal/input.bin,10240,51a1088c5bac50f749176f983438d02c691c40c2c26bddcad85afe8666a8b549,file,raw failure samples (validation CSV retained)
tensor_core/results/verify_17251073/w8_tc8_v0/validation/failures/058_bf16_d1024_n5_norm0_normal/ref.bin,10240,2d134b9d8a3c5cada11a7a55e46917bf3c407a4c252279be5ee467262c360037,file,raw failure samples (validation CSV retained)
tensor_core/results/verify_17251073/w8_tc8_v0/validation/failures/059_bf16_d1024_n2048_norm0_normal/input.bin,4194304,0f272ba41649f391f1dbc659b02ea6fe6c4d42978e024c8ba6b35f558a779591,file,raw failure samples (validation CSV retained)
tensor_core/results/verify_17251073/w8_tc8_v0/validation/failures/059_bf16_d1024_n2048_norm0_normal/ref.bin,4194304,7e9d80e6771b4239ef32230d4e7a6a9990cac126b46df30d36898d55a567187e,file,raw failure samples (validation CSV retained)
tensor_core/results/verify_17251073/w8_tc8_v0/validation/failures/071_fp16_d64_n5_norm0_outlier/input.bin,640,0ef306128e3aa09e9500e01bb1949337e32d5c52248458b7db00ca5f5b1649e1,file,raw failure samples (validation CSV retained)
tensor_core/results/verify_17251073/w8_tc8_v0/validation/failures/071_fp16_d64_n5_norm0_outlier/ref.bin,640,a7d5c7bb8bf4040b7fb07d58d8334f752556abc8d58b0c1110f2b22b8b8c51a3,file,raw failure samples (validation CSV retained)
tensor_core/results/verify_17251073/w8_tc8_v0/validation/failures/083_fp16_d128_n5_norm0_outlier/input.bin,1280,18ac780e9729e820b6fa9f129554b2693961920528d9d87b08bb081843cf2ba6,file,raw failure samples (validation CSV retained)
tensor_core/results/verify_17251073/w8_tc8_v0/validation/failures/083_fp16_d128_n5_norm0_outlier/ref.bin,1280,b8012bdb04fc86521eabcc39e57b49828e7bb27b21e75a26816984a8c94847f0,file,raw failure samples (validation CSV retained)
tensor_core/results/verify_17251073/w8_tc8_v0/validation/failures/094_fp16_d256_n5_norm0_uniform/input.bin,2560,87988e634f0c2fc86d78c85aca6a2e1760dc2dd69140b2c38e6308e0eb6ab886,file,raw failure samples (validation CSV retained)
tensor_core/results/verify_17251073/w8_tc8_v0/validation/failures/094_fp16_d256_n5_norm0_uniform/ref.bin,2560,5463050fbbfb4356260b68324e350aed224b2bbaffe5d15db7f15afc4fdb5332,file,raw failure samples (validation CSV retained)
tensor_core/results/verify_17251073/w8_tc8_v0/validation/failures/095_fp16_d256_n5_norm0_outlier/input.bin,2560,80f36d4ea70290237ac140f02dcfc003c0c548c329c99f7079b3a077eed07332,file,raw failure samples (validation CSV retained)
tensor_core/results/verify_17251073/w8_tc8_v0/validation/failures/095_fp16_d256_n5_norm0_outlier/ref.bin,2560,e483e4ed59a8a0394eba6e54ddaaec93cce57d084bb0ce173d00e955404d360e,file,raw failure samples (validation CSV retained)
tensor_core/results/verify_17251073/w8_tc8_v0/validation/failures/106_bf16_d64_n5_norm0_uniform/input.bin,640,54d2b8892c55209dce2f6b18a0e475d3c5dfb10db66f475bc9881e38e12526d0,file,raw failure samples (validation CSV retained)
tensor_core/results/verify_17251073/w8_tc8_v0/validation/failures/106_bf16_d64_n5_norm0_uniform/ref.bin,640,724981c891e3013a6271aeb2acfbf3573515dfe7430c26a60547f53dd0eb8218,file,raw failure samples (validation CSV retained)
tensor_core/results/verify_17251073/w8_tc8_v0/validation/failures/107_bf16_d64_n5_norm0_outlier/input.bin,640,ffc4ee8cdc7c7d2ec41f40ca723ce4140c80ed969d574c4839368a82d29c8340,file,raw failure samples (validation CSV retained)
tensor_core/results/verify_17251073/w8_tc8_v0/validation/failures/107_bf16_d64_n5_norm0_outlier/ref.bin,640,c708ceb87e585feda4b0182dab92525d4b9b6634d423ced147dc2c2cf30e894b,file,raw failure samples (validation CSV retained)
tensor_core/results/verify_17251073/w8_tc8_v0/validation/failures/118_bf16_d128_n5_norm0_uniform/input.bin,1280,c452847f51d25e0e8fe16805e126bf9f5bb269f1ea10a78ca28d237276f39267,file,raw failure samples (validation CSV retained)
tensor_core/results/verify_17251073/w8_tc8_v0/validation/failures/118_bf16_d128_n5_norm0_uniform/ref.bin,1280,7f4da035e18ceed1e2ccb290f7e6b00fbc4ae359b673886c23563c82cafb6a85,file,raw failure samples (validation CSV retained)
tensor_core/results/verify_17251073/w8_tc8_v0/validation/failures/119_bf16_d128_n5_norm0_outlier/input.bin,1280,f678588dd84d97f02d3467bc7b3b066a801da9595694b868e5958cfcce369df6,file,raw failure samples (validation CSV retained)
tensor_core/results/verify_17251073/w8_tc8_v0/validation/failures/119_bf16_d128_n5_norm0_outlier/ref.bin,1280,7001b7085dadc936f2c3e2e7cd0793ddf3848b13e3ea386adc7862714ff9a60b,file,raw failure samples (validation CSV retained)
tensor_core/results/verify_17251073/w8_tc8_v0/validation/failures/130_bf16_d256_n5_norm0_uniform/input.bin,2560,930b7e524ad87876bd2387f29df42f04182409105833f72fac3f4278621ce6e4,file,raw failure samples (validation CSV retained)
tensor_core/results/verify_17251073/w8_tc8_v0/validation/failures/130_bf16_d256_n5_norm0_uniform/ref.bin,2560,c72f566f14a49c3d4f2eaa91b185664f6cb8e78dd83942ae8352ff5cf696a8b7,file,raw failure samples (validation CSV retained)
tensor_core/results/verify_17251073/w8_tc8_v0/validation/failures/131_bf16_d256_n5_norm0_outlier/input.bin,2560,170f494b9861a677c2b4bd9401d6ebdf20595694dca0b27c71d8a0565bbd1405,file,raw failure samples (validation CSV retained)
tensor_core/results/verify_17251073/w8_tc8_v0/validation/failures/131_bf16_d256_n5_norm0_outlier/ref.bin,2560,e3a8a335e774036022a05c8931a53e8b75e92405758ff56c07b971808f330124,file,raw failure samples (validation CSV retained)
tensor_core/results/verify_17251286/library_probe.log,0,e3b0c44298fc1c149afbf4c8996fb92427ae41e4649b934ca495991b7852b855,file,empty log
tensor_core/results/verify_17251286/source_snapshot.tar.gz,78988,cc870c389839582b064ceb53a8e7522c88cefcaaaa558474128261d0a25cab30,file,raw binary artifact (summary retained)
tensor_core/results/verify_17251286/w0_tc4_v1/validation/000_fp16_d64_n1_norm1_normal.log,1740,1def4df1a7ded5a44a999b7f955c7c9ac9d1197f476c7bacdc26a0e7ed859d9e,file,per-case validation log (validation CSV retained)
tensor_core/results/verify_17251286/w0_tc4_v1/validation/001_fp16_d64_n5_norm1_normal.log,1741,fe16659ee87a298b3048e6b200f6051ad25203fa067cac6aa6dd337f72f37f69,file,per-case validation log (validation CSV retained)
tensor_core/results/verify_17251286/w0_tc4_v1/validation/002_fp16_d64_n2048_norm1_normal.log,1750,1c4995dd7c076893e630a3700baa0ab027627ae667b93626a6d03f80c6771927,file,per-case validation log (validation CSV retained)
tensor_core/results/verify_17251286/w0_tc4_v1/validation/003_fp16_d64_n1_norm0_normal.log,1741,7b205262099ffa76e677f488396771db1bb71dd4f572f7429302906c76fec63e,file,per-case validation log (validation CSV retained)
tensor_core/results/verify_17251286/w0_tc4_v1/validation/004_fp16_d64_n5_norm0_normal.log,1742,05c7499c3ea02e60592a1b6f227d047a4d78df636f474fbd764594cfc5c7e3ef,file,per-case validation log (validation CSV retained)
tensor_core/results/verify_17251286/w0_tc4_v1/validation/005_fp16_d64_n2048_norm0_normal.log,1751,e97d0e4ccd1573e70622120b2778af95ffc062fbdba79e06ec264b850ae17dbf,file,per-case validation log (validation CSV retained)
tensor_core/results/verify_17251286/w0_tc4_v1/validation/006_fp16_d128_n1_norm1_normal.log,1742,154f15c553116a6093f423eca217fa92587e0e04906f26540f9ae2c9d28c376d,file,per-case validation log (validation CSV retained)
tensor_core/results/verify_17251286/w0_tc4_v1/validation/007_fp16_d128_n5_norm1_normal.log,1742,4f5c66d442f8dda3b5ce75fe869ae4d20d9fa41e8e9f6f8c030eea88475a6bfe,file,per-case validation log (validation CSV retained)
tensor_core/results/verify_17251286/w0_tc4_v1/validation/008_fp16_d128_n2048_norm1_normal.log,1751,f883d4eda3ef90d70406b8ca6342f46d488bdfb7a7c60b0373be71133b51d03a,file,per-case validation log (validation CSV retained)
tensor_core/results/verify_17251286/w0_tc4_v1/validation/009_fp16_d128_n1_norm0_normal.log,1743,fa3416c408fbdb129e3da6b4132e5b064212fb313508e78824ea86e5836a3434,file,per-case validation log (validation CSV retained)
tensor_core/results/verify_17251286/w0_tc4_v1/validation/010_fp16_d128_n5_norm0_normal.log,1743,89493cf4ae133da7909975ac536c2ebd66ac8955b451f22a2fad76ac222a18b7,file,per-case validation log (validation CSV retained)
tensor_core/results/verify_17251286/w0_tc4_v1/validation/011_fp16_d128_n2048_norm0_normal.log,1752,96703942e6b0aef1e600a201f2ecda1c0f7a443db7b5fff311f03c7e6248d436,file,per-case validation log (validation CSV retained)
tensor_core/results/verify_17251286/w0_tc4_v1/validation/012_fp16_d256_n1_norm1_normal.log,1742,0c90dce38dc1343eff7c2d9e454ff22fd7b28e66a1f3deea4a60a392267f4836,file,per-case validation log (validation CSV retained)
tensor_core/results/verify_17251286/w0_tc4_v1/validation/013_fp16_d256_n5_norm1_normal.log,1743,5f87b7674e4e2bf80dc148587b1ef4b3da3a4480aa75a1681581e4562b2626c7,file,per-case validation log (validation CSV retained)
tensor_core/results/verify_17251286/w0_tc4_v1/validation/014_fp16_d256_n2048_norm1_normal.log,1751,59558ca513c8c8c6fbe77d57a864570a3d80b53ce59315debe2dafbfb7e4c53f,file,per-case validation log (validation CSV retained)
tensor_core/results/verify_17251286/w0_tc4_v1/validation/015_fp16_d256_n1_norm0_normal.log,1743,a02c816a22b96a7de16c925aa1e4897a522c4d3279da90e82504530ee6e209e4,file,per-case validation log (validation CSV retained)
tensor_core/results/verify_17251286/w0_tc4_v1/validation/016_fp16_d256_n5_norm0_normal.log,1744,c019a248b4f88b478dba1ac3b17ca8f799b0c7664d2edd6236e010c4e5dd0a80,file,per-case validation log (validation CSV retained)
tensor_core/results/verify_17251286/w0_tc4_v1/validation/017_fp16_d256_n2048_norm0_normal.log,1752,b1d56e5e2b2d951eacd83859ecb0c725153287600cb15721e0958be45e63da50,file,per-case validation log (validation CSV retained)
tensor_core/results/verify_17251286/w0_tc4_v1/validation/018_fp16_d512_n1_norm1_normal.log,1588,4ebb4c0dc5eeeb516b9ca6c3c7d2f488d12507fca52bc9b72baacaf0fd10c43d,file,per-case validation log (validation CSV retained)
tensor_core/results/verify_17251286/w0_tc4_v1/validation/019_fp16_d512_n5_norm1_normal.log,1589,b4631c973637a013946343956be160d06334df924e87ed10c288a978485f78ed,file,per-case validation log (validation CSV retained)
tensor_core/results/verify_17251286/w0_tc4_v1/validation/020_fp16_d512_n2048_norm1_normal.log,1598,eda05d497f2c2f28d873929ef1679ff03ce9cb5ea49b7d4ebf3e739d2a67c712,file,per-case validation log (validation CSV retained)
tensor_core/results/verify_17251286/w0_tc4_v1/validation/021_fp16_d512_n1_norm0_normal.log,1589,73f0d6d1f1f85a8c59647b5df360cb9d423386eab928da3011deead4654003fa,file,per-case validation log (validation CSV retained)
tensor_core/results/verify_17251286/w0_tc4_v1/validation/022_fp16_d512_n5_norm0_normal.log,1590,a2defadfe39312a64573e88492e9b66c57c02691b13298b09112b3a29183c2e0,file,per-case validation log (validation CSV retained)
tensor_core/results/verify_17251286/w0_tc4_v1/validation/023_fp16_d512_n2048_norm0_normal.log,1599,49d2b3ac7bc807e790217f02796e2c958f005866f8fc3cdb14caaa8e229293d1,file,per-case validation log (validation CSV retained)
tensor_core/results/verify_17251286/w0_tc4_v1/validation/024_fp16_d1024_n1_norm1_normal.log,1590,3517e555510e4c80ba7e5208b0236fdac48bbd7ff1bcdaad573f1fd0cc682b61,file,per-case validation log (validation CSV retained)
tensor_core/results/verify_17251286/w0_tc4_v1/validation/025_fp16_d1024_n5_norm1_normal.log,1590,d44446b279b08ef2feef5f66f8889180cdfbff385b8d236661c16698650abbd9,file,per-case validation log (validation CSV retained)
tensor_core/results/verify_17251286/w0_tc4_v1/validation/026_fp16_d1024_n2048_norm1_normal.log,1599,f47eeb1655a03a56310935657bfe6c17e3543551fbffae8075541aa9c663a6a7,file,per-case validation log (validation CSV retained)
tensor_core/results/verify_17251286/w0_tc4_v1/validation/027_fp16_d1024_n1_norm0_normal.log,1591,5c94dfaf446df362bacee56c1fdf09a0cf6ebaaabecf79862107600edd9c1c98,file,per-case validation log (validation CSV retained)
tensor_core/results/verify_17251286/w0_tc4_v1/validation/028_fp16_d1024_n5_norm0_normal.log,1591,60b2e119d25235659c1e91706570fab9965f03b301bf3750353c7f3ea1fbee75,file,per-case validation log (validation CSV retained)
tensor_core/results/verify_17251286/w0_tc4_v1/validation/029_fp16_d1024_n2048_norm0_normal.log,1600,7fc2b956bc96638e9c663554ceb024a5670ad26dd995528bafcd9f347f166b9c,file,per-case validation log (validation CSV retained)
tensor_core/results/verify_17251286/w0_tc4_v1/validation/030_bf16_d64_n1_norm1_normal.log,1740,3b2b945685b177cfc2be29911e87d94dfb61c86a386c9ec9041fe3598d37f6de,file,per-case validation log (validation CSV retained)
tensor_core/results/verify_17251286/w0_tc4_v1/validation/031_bf16_d64_n5_norm1_normal.log,1741,5626267f4bb12a9bf169c7abeaaf5f4051c52773bf63a961e55f8409b29867c7,file,per-case validation log (validation CSV retained)
tensor_core/results/verify_17251286/w0_tc4_v1/validation/032_bf16_d64_n2048_norm1_normal.log,1750,fb25e3a452f57cbdcbdb2ffc6c189d1b2cd97b8e0446cd7e61d1897a8d32b14e,file,per-case validation log (validation CSV retained)
tensor_core/results/verify_17251286/w0_tc4_v1/validation/033_bf16_d64_n1_norm0_normal.log,1741,f74243667d36d5b252264715a4bc5885782eca5984b033c0b9681baa0fd7076c,file,per-case validation log (validation CSV retained)
tensor_core/results/verify_17251286/w0_tc4_v1/validation/034_bf16_d64_n5_norm0_normal.log,1742,031c6bb7e9cb78c666b2c42b9d37764771292e527240dfdaea1115865f6146b8,file,per-case validation log (validation CSV retained)
tensor_core/results/verify_17251286/w0_tc4_v1/validation/035_bf16_d64_n2048_norm0_normal.log,1751,7031fb6e4fe632d30bc08c4c803aaded9c68043b642dc6c5f72aa6750fa21b98,file,per-case validation log (validation CSV retained)
tensor_core/results/verify_17251286/w0_tc4_v1/validation/036_bf16_d128_n1_norm1_normal.log,1742,23b75a49737f78e04fa753cc72a35c310003d001192fa5817cbfb1e86add33b0,file,per-case validation log (validation CSV retained)
tensor_core/results/verify_17251286/w0_tc4_v1/validation/037_bf16_d128_n5_norm1_normal.log,1742,4119ad21a0bf18612a971efac7c717a761c32eecc82669b636daf415debb0e51,file,per-case validation log (validation CSV retained)
tensor_core/results/verify_17251286/w0_tc4_v1/validation/038_bf16_d128_n2048_norm1_normal.log,1751,a74f336ec077f4c83038419d77f46b4f78e79335bf552f1db27a4d40fb65fdb4,file,per-case validation log (validation CSV retained)
tensor_core/results/verify_17251286/w0_tc4_v1/validation/039_bf16_d128_n1_norm0_normal.log,1743,4b251ec9ed32758ec85412bae74b3e469d39f5e22c7fecc3e9318c29055ec518,file,per-case validation log (validation CSV retained)
tensor_core/results/verify_17251286/w0_tc4_v1/validation/040_bf16_d128_n5_norm0_normal.log,1743,4d1359a599fb3b5abd05b8b9e8b3a0ba8b3f18db146b7e0ee55f105cc327dae5,file,per-case validation log (validation CSV retained)
tensor_core/results/verify_17251286/w0_tc4_v1/validation/041_bf16_d128_n2048_norm0_normal.log,1752,fcd01776c5d2e1edd785c4e71d1dd8894a62441626dab1755a5ae91f59e6edbc,file,per-case validation log (validation CSV retained)
tensor_core/results/verify_17251286/w0_tc4_v1/validation/042_bf16_d256_n1_norm1_normal.log,1742,bbcae49333557cde8eca08f4345237452b6ae9df40b24220e0da7d4af1e89fc9,file,per-case validation log (validation CSV retained)
tensor_core/results/verify_17251286/w0_tc4_v1/validation/043_bf16_d256_n5_norm1_normal.log,1743,c94b250f0e9f68e5628f95179e4bca6389aebfdde056f23249c6d2fb82a520ca,file,per-case validation log (validation CSV retained)
tensor_core/results/verify_17251286/w0_tc4_v1/validation/044_bf16_d256_n2048_norm1_normal.log,1749,9888b1be88344e86cf0cbb809af810265e7fa42682eb9f147a00397bc6794a9e,file,per-case validation log (validation CSV retained)
tensor_core/results/verify_17251286/w0_tc4_v1/validation/045_bf16_d256_n1_norm0_normal.log,1743,1e99d656db0ad0cdefaf9286eb43274053a20be00f45637cddb64f3e31eec324,file,per-case validation log (validation CSV retained)
tensor_core/results/verify_17251286/w0_tc4_v1/validation/046_bf16_d256_n5_norm0_normal.log,1744,2f279117dc6e9a6a15ff56fddb7f2ea6db824be0699201acdaee705f22f3aa75,file,per-case validation log (validation CSV retained)
tensor_core/results/verify_17251286/w0_tc4_v1/validation/047_bf16_d256_n2048_norm0_normal.log,1750,8b0d827932461d92330dd8e7fc66c9529307516ebcb4bad5ba534b285ff3825b,file,per-case validation log (validation CSV retained)
tensor_core/results/verify_17251286/w0_tc4_v1/validation/048_bf16_d512_n1_norm1_normal.log,1588,c0d23381a19b42342d8b3b07762d9b5894d6f66745ce211d1534b179f86748bb,file,per-case validation log (validation CSV retained)
tensor_core/results/verify_17251286/w0_tc4_v1/validation/049_bf16_d512_n5_norm1_normal.log,1589,c029118dfa3264801d866103a90d74090cb409caeefdeaddbc5b48bbb1d87442,file,per-case validation log (validation CSV retained)
tensor_core/results/verify_17251286/w0_tc4_v1/validation/050_bf16_d512_n2048_norm1_normal.log,1598,dd3131c59712afd34c4b1614e66beaead73af581af778c5127197c5cb97a69c7,file,per-case validation log (validation CSV retained)
tensor_core/results/verify_17251286/w0_tc4_v1/validation/051_bf16_d512_n1_norm0_normal.log,1589,30c78b3ec9e3eadf34d2e263756304545f03e5d19f81eb52f876c1264540fd1d,file,per-case validation log (validation CSV retained)
tensor_core/results/verify_17251286/w0_tc4_v1/validation/052_bf16_d512_n5_norm0_normal.log,1590,9657a79e8e01c57701e108157afef73f88850510127b489dadc91c072f6d4bfc,file,per-case validation log (validation CSV retained)
tensor_core/results/verify_17251286/w0_tc4_v1/validation/053_bf16_d512_n2048_norm0_normal.log,1599,dfddbce1b85b711bf816317234e2e4f79b84252d53c763b2497861fbfb91c8ea,file,per-case validation log (validation CSV retained)
tensor_core/results/verify_17251286/w0_tc4_v1/validation/054_bf16_d1024_n1_norm1_normal.log,1590,5bb9128ec45bb03eb7d3519682b3ec42fed543e766c22f49a36f809cfc2c102a,file,per-case validation log (validation CSV retained)
tensor_core/results/verify_17251286/w0_tc4_v1/validation/055_bf16_d1024_n5_norm1_normal.log,1590,d4e50094e60fedac328b23220ac86716b1d21b58cb9df520b24af47ef803edbd,file,per-case validation log (validation CSV retained)
tensor_core/results/verify_17251286/w0_tc4_v1/validation/056_bf16_d1024_n2048_norm1_normal.log,1599,01282516287395389fb7a92dec3c10a88bcb2eee730910d22618f112d21cd4e0,file,per-case validation log (validation CSV retained)
tensor_core/results/verify_17251286/w0_tc4_v1/validation/057_bf16_d1024_n1_norm0_normal.log,1591,85807e3278400354072dca8f4babf605c4a9017fbe7cbb92895eafdbc03bc3dc,file,per-case validation log (validation CSV retained)
tensor_core/results/verify_17251286/w0_tc4_v1/validation/058_bf16_d1024_n5_norm0_normal.log,1591,3b0923682af0ef5dbe86419c1701ea33f16173fc45a391e3c94e294cd310bb24,file,per-case validation log (validation CSV retained)
tensor_core/results/verify_17251286/w0_tc4_v1/validation/059_bf16_d1024_n2048_norm0_normal.log,1600,94d23742bf4b2d1b7f988d881e89def79590ae413ae048c6a03b302510ceb33c,file,per-case validation log (validation CSV retained)
tensor_core/results/verify_17251286/w0_tc4_v1/validation/060_fp16_d64_n5_norm1_zeros.log,1741,92bde271a966bd4b4d4666ce47258c965e2b4fe0cf8aeb3a0a0bead646c55d21,file,per-case validation log (validation CSV retained)
tensor_core/results/verify_17251286/w0_tc4_v1/validation/061_fp16_d64_n5_norm1_constant.log,1741,a4e218778da72b58ed1e12f10a725726e8c1cb735ef8c8ca12320c7c188c8159,file,per-case validation log (validation CSV retained)
tensor_core/results/verify_17251286/w0_tc4_v1/validation/062_fp16_d64_n5_norm1_alternating.log,1741,8d5b2b313eabf792ab44194dcc3f2067ca7185b0bba84b28d5397d50a5513a78,file,per-case validation log (validation CSV retained)
tensor_core/results/verify_17251286/w0_tc4_v1/validation/063_fp16_d64_n5_norm1_impulse.log,1741,06c5396ffcb604d1aeee1f5c9f51c1eca44216dd1c794a1cd86292d2ecaefb7f,file,per-case validation log (validation CSV retained)
tensor_core/results/verify_17251286/w0_tc4_v1/validation/064_fp16_d64_n5_norm1_uniform.log,1741,9398fbfe687f5741932d4b5641935492c1a0915ccf3d8548cdfefb0c5089198f,file,per-case validation log (validation CSV retained)
tensor_core/results/verify_17251286/w0_tc4_v1/validation/065_fp16_d64_n5_norm1_outlier.log,1741,015856bf978318ee42eadfddb6cbf7cd2238e788d0341b9f6212862f4b5f8052,file,per-case validation log (validation CSV retained)
tensor_core/results/verify_17251286/w0_tc4_v1/validation/066_fp16_d64_n5_norm0_zeros.log,1742,ee235fb1d899acaf23a717263e326dee2af6eb32e21b16335b469bcfffd924f2,file,per-case validation log (validation CSV retained)
tensor_core/results/verify_17251286/w0_tc4_v1/validation/067_fp16_d64_n5_norm0_constant.log,1742,eb6c0916028ca0d2884ab8f00cc096c5f07e27b24c72a774129c1ef55a444c42,file,per-case validation log (validation CSV retained)
tensor_core/results/verify_17251286/w0_tc4_v1/validation/068_fp16_d64_n5_norm0_alternating.log,1742,243da25ae006526322391098be7933e904acf677f1627920117861300fb430af,file,per-case validation log (validation CSV retained)
tensor_core/results/verify_17251286/w0_tc4_v1/validation/069_fp16_d64_n5_norm0_impulse.log,1742,ec6eecb48a899a7e1238539ae0f11c68c5c5d9f2ecbd3e2930e6cb1e762c6ebb,file,per-case validation log (validation CSV retained)
tensor_core/results/verify_17251286/w0_tc4_v1/validation/070_fp16_d64_n5_norm0_uniform.log,1742,938712f35df026668836e6fb5a1bb394abaf5e4d083ae3257117e5fc2a0b7797,file,per-case validation log (validation CSV retained)
tensor_core/results/verify_17251286/w0_tc4_v1/validation/071_fp16_d64_n5_norm0_outlier.log,1742,15b6a78c16c917f9e9b135608a616a3e278d35c2b89bf8a5a9e9f1843f1624ab,file,per-case validation log (validation CSV retained)
tensor_core/results/verify_17251286/w0_tc4_v1/validation/072_fp16_d128_n5_norm1_zeros.log,1742,4c130d683b998d132c8564f3163e0426e621f6377317166f7f952848e5eaabf7,file,per-case validation log (validation CSV retained)
tensor_core/results/verify_17251286/w0_tc4_v1/validation/073_fp16_d128_n5_norm1_constant.log,1742,25bd6eec80f390ae7208b0f092b27d7510a0cc44a8a9f7fb459270b932dd2d9e,file,per-case validation log (validation CSV retained)
tensor_core/results/verify_17251286/w0_tc4_v1/validation/074_fp16_d128_n5_norm1_alternating.log,1742,2c369cc5e11a837f7c7602afeef05e2a38d068e4125a31e7acb1980ff16c2b25,file,per-case validation log (validation CSV retained)
tensor_core/results/verify_17251286/w0_tc4_v1/validation/075_fp16_d128_n5_norm1_impulse.log,1742,85f69cb4f1f9019b234a4b665469d7a5b897230c56c72f3b33898f072d56cc53,file,per-case validation log (validation CSV retained)
tensor_core/results/verify_17251286/w0_tc4_v1/validation/076_fp16_d128_n5_norm1_uniform.log,1742,c8aa2fd52c74166fbc17360677a6e2546a41eb9aea45fbf9f33e0c2963104837,file,per-case validation log (validation CSV retained)
tensor_core/results/verify_17251286/w0_tc4_v1/validation/077_fp16_d128_n5_norm1_outlier.log,1742,ea92ec445de92991ca0466e10a35fa91a586ec9ceeebe840b6e1c285cc93dfb9,file,per-case validation log (validation CSV retained)
tensor_core/results/verify_17251286/w0_tc4_v1/validation/078_fp16_d128_n5_norm0_zeros.log,1743,78d7a13254927ad79ba89bc627c874e4093658090f339e40949cca28b4850f38,file,per-case validation log (validation CSV retained)
tensor_core/results/verify_17251286/w0_tc4_v1/validation/079_fp16_d128_n5_norm0_constant.log,1743,8cdf5c17a79fabe6f12eb14edc1affc62127d0ffd7fecde3a9fe86b5618c815a,file,per-case validation log (validation CSV retained)
tensor_core/results/verify_17251286/w0_tc4_v1/validation/080_fp16_d128_n5_norm0_alternating.log,1743,6251f992850cc0e94e73282858fb130e89a83a2a2a7f41c0f0986a408e5d5847,file,per-case validation log (validation CSV retained)
tensor_core/results/verify_17251286/w0_tc4_v1/validation/081_fp16_d128_n5_norm0_impulse.log,1743,7fdd816779ceb052b39e9b39aaf1e84dc7ad7e97c5774d269088c4a7eb860625,file,per-case validation log (validation CSV retained)
tensor_core/results/verify_17251286/w0_tc4_v1/validation/082_fp16_d128_n5_norm0_uniform.log,1743,5ab4d94856dd02209d768ff879fe8edcf0de4e644abbe7575c813ecbb9b2b49b,file,per-case validation log (validation CSV retained)
tensor_core/results/verify_17251286/w0_tc4_v1/validation/083_fp16_d128_n5_norm0_outlier.log,1743,0e4ca93a794126e82d15a43cc91b892d217e5018417df036da6eba94bea67f01,file,per-case validation log (validation CSV retained)
tensor_core/results/verify_17251286/w0_tc4_v1/validation/084_fp16_d256_n5_norm1_zeros.log,1743,aa1e43220a3c8f10164833ccccfcdca40d9603fe4431a71b15d2762face5ed77,file,per-case validation log (validation CSV retained)
tensor_core/results/verify_17251286/w0_tc4_v1/validation/085_fp16_d256_n5_norm1_constant.log,1743,b1a2572e20f78ac0f736fc057912b9edc3498e1f3779e5dd920cf2abf12e3535,file,per-case validation log (validation CSV retained)
tensor_core/results/verify_17251286/w0_tc4_v1/validation/086_fp16_d256_n5_norm1_alternating.log,1743,f35d4b8afcefe5278dbd4af897ca60c7d9be028ead88f10c441bcb2dee7a8818,file,per-case validation log (validation CSV retained)
tensor_core/results/verify_17251286/w0_tc4_v1/validation/087_fp16_d256_n5_norm1_impulse.log,1743,a6e32be88216aeb0c28163425cb0026e02e7c52c8dc7fee798aaec3587f1beb7,file,per-case validation log (validation CSV retained)
tensor_core/results/verify_17251286/w0_tc4_v1/validation/088_fp16_d256_n5_norm1_uniform.log,1743,7cfd6fe815ce994766b618241b93fc894e8aca888ae1931de245bd6579c4678f,file,per-case validation log (validation CSV retained)
tensor_core/results/verify_17251286/w0_tc4_v1/validation/089_fp16_d256_n5_norm1_outlier.log,1743,811510ef7753693474a1ba09ec6938144c77390aea2cd8d6eb3175033332c6ac,file,per-case validation log (validation CSV retained)
tensor_core/results/verify_17251286/w0_tc4_v1/validation/090_fp16_d256_n5_norm0_zeros.log,1744,cd2863306151153d305d73f2910337ba61668038d074a5309e0487490a91643e,file,per-case validation log (validation CSV retained)
tensor_core/results/verify_17251286/w0_tc4_v1/validation/091_fp16_d256_n5_norm0_constant.log,1744,c6f154aca8c5fb1d619d8a0bc7bfd4b4bcb55245cb768e16097c32a899f6b771,file,per-case validation log (validation CSV retained)
tensor_core/results/verify_17251286/w0_tc4_v1/validation/092_fp16_d256_n5_norm0_alternating.log,1744,bb424e12b2ef4e0cc52fce9449b39d8cf0553cb1de7c8abea286fbc385b397d9,file,per-case validation log (validation CSV retained)
tensor_core/results/verify_17251286/w0_tc4_v1/validation/093_fp16_d256_n5_norm0_impulse.log,1744,8e4be521eee8e22dc31363f191896cd6d946b113d882211ffafd555013f90772,file,per-case validation log (validation CSV retained)
tensor_core/results/verify_17251286/w0_tc4_v1/validation/094_fp16_d256_n5_norm0_uniform.log,1744,483bf636c03ef07c6a237e7591350da6841ac4c6f53b2d8ae1be7a3380009853,file,per-case validation log (validation CSV retained)
tensor_core/results/verify_17251286/w0_tc4_v1/validation/095_fp16_d256_n5_norm0_outlier.log,1744,78225d078d321d5c2fd1256964ac78f26310f0d824875c5ccaf63684d7245ff2,file,per-case validation log (validation CSV retained)
tensor_core/results/verify_17251286/w0_tc4_v1/validation/096_bf16_d64_n5_norm1_zeros.log,1741,09c99cc81ebfde33a7858a497b56d56973bd48fe16bc11699ce7df278814d42b,file,per-case validation log (validation CSV retained)
tensor_core/results/verify_17251286/w0_tc4_v1/validation/097_bf16_d64_n5_norm1_constant.log,1741,3a7b3558a3477acc61a4f25cff2b319ef6ffe357235a6a24693e3e16995ca85f,file,per-case validation log (validation CSV retained)
tensor_core/results/verify_17251286/w0_tc4_v1/validation/098_bf16_d64_n5_norm1_alternating.log,1741,895b9c76dcfccdf839ca415c8952ce9e9ad18eab8f31ffe12a7f0162ccd2c69d,file,per-case validation log (validation CSV retained)
tensor_core/results/verify_17251286/w0_tc4_v1/validation/099_bf16_d64_n5_norm1_impulse.log,1741,93db0eb6247e8c2522a3ff1aa06df277c8111043550b9e3f6018f6b7cf423d20,file,per-case validation log (validation CSV retained)
tensor_core/results/verify_17251286/w0_tc4_v1/validation/100_bf16_d64_n5_norm1_uniform.log,1741,77aab33102b6e7411073623a1daa9b64862644c7a9b30a7e160ced84fddec360,file,per-case validation log (validation CSV retained)
tensor_core/results/verify_17251286/w0_tc4_v1/validation/101_bf16_d64_n5_norm1_outlier.log,1741,0ba6ee696384916531d62e0970be4c9a51e79c3da1318915f0a6a5651c6c1c26,file,per-case validation log (validation CSV retained)
tensor_core/results/verify_17251286/w0_tc4_v1/validation/102_bf16_d64_n5_norm0_zeros.log,1742,f554ec3fb86b27d901f6bc384dd0094102abd8633dccdd4453ba9e6156cdfab5,file,per-case validation log (validation CSV retained)
tensor_core/results/verify_17251286/w0_tc4_v1/validation/103_bf16_d64_n5_norm0_constant.log,1742,16e1ac845ee364197bf378111d61ca9e70933b2e2c4149415b91ad3108538806,file,per-case validation log (validation CSV retained)
tensor_core/results/verify_17251286/w0_tc4_v1/validation/104_bf16_d64_n5_norm0_alternating.log,1742,6ecaa12b5309adeef0bf2ea52862820af6474fc98aa69590e4226d0db37bfb75,file,per-case validation log (validation CSV retained)
tensor_core/results/verify_17251286/w0_tc4_v1/validation/105_bf16_d64_n5_norm0_impulse.log,1742,4391e2969e40213136ca11c70806370b008c41085442172a26e29b89cf4d2d32,file,per-case validation log (validation CSV retained)
tensor_core/results/verify_17251286/w0_tc4_v1/validation/106_bf16_d64_n5_norm0_uniform.log,1742,1eb88411cd1280b5146194b55cfc426cf0f5e50aca4f094b500e87a3f6bc5976,file,per-case validation log (validation CSV retained)
tensor_core/results/verify_17251286/w0_tc4_v1/validation/107_bf16_d64_n5_norm0_outlier.log,1742,32ce0d50885f7c77998a5b1a4fbcd183977f1cdcb12449bba1ee7f4b130363a1,file,per-case validation log (validation CSV retained)
tensor_core/results/verify_17251286/w0_tc4_v1/validation/108_bf16_d128_n5_norm1_zeros.log,1742,6aea748407aded21cd9872c2d0283ab413a499b19ffa545228d8234d1e54070b,file,per-case validation log (validation CSV retained)
tensor_core/results/verify_17251286/w0_tc4_v1/validation/109_bf16_d128_n5_norm1_constant.log,1742,b057f700d0fc732e50684c8888500cf3b5e2ae4f9fa54f63dd24469b411c6068,file,per-case validation log (validation CSV retained)
tensor_core/results/verify_17251286/w0_tc4_v1/validation/110_bf16_d128_n5_norm1_alternating.log,1742,1c7720c71d681f2a3ed36916414bbbcea7920bedf3761180266a78fe3adaa5be,file,per-case validation log (validation CSV retained)
tensor_core/results/verify_17251286/w0_tc4_v1/validation/111_bf16_d128_n5_norm1_impulse.log,1742,8ed0144241cd18157da49d0ec3b11011d9e95afaaa20b93f75939a04a2e40890,file,per-case validation log (validation CSV retained)
tensor_core/results/verify_17251286/w0_tc4_v1/validation/112_bf16_d128_n5_norm1_uniform.log,1742,1e7184ff24fc50a0d8626c0a2f2c67e767a0f3b48e0686069050cc09200c41a7,file,per-case validation log (validation CSV retained)
tensor_core/results/verify_17251286/w0_tc4_v1/validation/113_bf16_d128_n5_norm1_outlier.log,1742,553b0cf53a5a510d9198799eea81830d018eeca8d878f07f0a8452a8d12bd972,file,per-case validation log (validation CSV retained)
tensor_core/results/verify_17251286/w0_tc4_v1/validation/114_bf16_d128_n5_norm0_zeros.log,1743,6fb5e180609ea9764fbc678de754f883c61ac29b1c15ad955c4c399a79b44706,file,per-case validation log (validation CSV retained)
tensor_core/results/verify_17251286/w0_tc4_v1/validation/115_bf16_d128_n5_norm0_constant.log,1743,e9e7a5c41bd4351902ee4f2dd7e4caf9cd7e8a63133a925f47c3b24037a27bcc,file,per-case validation log (validation CSV retained)
tensor_core/results/verify_17251286/w0_tc4_v1/validation/116_bf16_d128_n5_norm0_alternating.log,1743,b7f9495e2ad42e79e70fb4e8dc2b2d7b29cc26b600b9350338dc28e73f235c94,file,per-case validation log (validation CSV retained)
tensor_core/results/verify_17251286/w0_tc4_v1/validation/117_bf16_d128_n5_norm0_impulse.log,1743,9f0c7ce145d4c242e5b73ec4fa9b600cc0e028214c7efc82f5495ba23045acb1,file,per-case validation log (validation CSV retained)
tensor_core/results/verify_17251286/w0_tc4_v1/validation/118_bf16_d128_n5_norm0_uniform.log,1743,35cf9676257a4afcecab2672b2b532ef7b9b9c5cff793f613cca0f5dc564d2c4,file,per-case validation log (validation CSV retained)
tensor_core/results/verify_17251286/w0_tc4_v1/validation/119_bf16_d128_n5_norm0_outlier.log,1743,34efd7253d1f048b5ffb85d87c204f19b117893a8e3231e17c3a7838b5722622,file,per-case validation log (validation CSV retained)
tensor_core/results/verify_17251286/w0_tc4_v1/validation/120_bf16_d256_n5_norm1_zeros.log,1743,14fbbcb133104c0572b4d92052a63c01736255b19282b40f077d6d1f1c514e59,file,per-case validation log (validation CSV retained)
tensor_core/results/verify_17251286/w0_tc4_v1/validation/121_bf16_d256_n5_norm1_constant.log,1743,033de5f2f4e8d5f26c9db79e99b1a6fcfc14818f1dec825e14f1acd6748bd665,file,per-case validation log (validation CSV retained)
tensor_core/results/verify_17251286/w0_tc4_v1/validation/122_bf16_d256_n5_norm1_alternating.log,1743,a36f3e0873e7f051e4ab948ce02e0c4b2dcbe02ce26776692406be6a098563f5,file,per-case validation log (validation CSV retained)
tensor_core/results/verify_17251286/w0_tc4_v1/validation/123_bf16_d256_n5_norm1_impulse.log,1743,9b1ada5d29bdd73ee0e415930570c1781717690c1f19658fde73003571df4d12,file,per-case validation log (validation CSV retained)
tensor_core/results/verify_17251286/w0_tc4_v1/validation/124_bf16_d256_n5_norm1_uniform.log,1743,0864b49e30be79a6885bbc45ca1016e8eeaf559be403e5bf8f1a109a7e411c0c,file,per-case validation log (validation CSV retained)
tensor_core/results/verify_17251286/w0_tc4_v1/validation/125_bf16_d256_n5_norm1_outlier.log,1743,3d125714a2ecef493a7cf58838da7c01b526125230e14e99daa50e29418106c1,file,per-case validation log (validation CSV retained)
tensor_core/results/verify_17251286/w0_tc4_v1/validation/126_bf16_d256_n5_norm0_zeros.log,1744,72cc0c0e20b12f8ddaeef75207b9b388e12c1a463c67982d72067447fb3982a8,file,per-case validation log (validation CSV retained)
tensor_core/results/verify_17251286/w0_tc4_v1/validation/127_bf16_d256_n5_norm0_constant.log,1744,cb15d6a2906effcc9957d30bb8be98687ad2c8c117193a2dc942e21ebb960de6,file,per-case validation log (validation CSV retained)
tensor_core/results/verify_17251286/w0_tc4_v1/validation/128_bf16_d256_n5_norm0_alternating.log,1744,e7f389e63c70975943039d5e674dbd40e38ea8559cc698bd84522013e8b1af98,file,per-case validation log (validation CSV retained)
tensor_core/results/verify_17251286/w0_tc4_v1/validation/129_bf16_d256_n5_norm0_impulse.log,1744,6c8eca3405b35653aa0a1979e1d8ed471ba9132516a58933b14dcb26ac3200ab,file,per-case validation log (validation CSV retained)
tensor_core/results/verify_17251286/w0_tc4_v1/validation/130_bf16_d256_n5_norm0_uniform.log,1744,853b019e160ecbd03150f95506a5806cdf49fb9d680a704730b6a70185e6249d,file,per-case validation log (validation CSV retained)
tensor_core/results/verify_17251286/w0_tc4_v1/validation/131_bf16_d256_n5_norm0_outlier.log,1744,92d7b25afba585f41e36680b76ef525245d3e37f25f3087d6a4dbc4f73279516,file,per-case validation log (validation CSV retained)
tensor_core/results/verify_17251286/w0_tc4_v1/validation/failures,75,4a283cbea53aabd56e06afd7c579ba4bbb82e30853feeee7ccc977367cfcdea7,symlink,raw failure samples (validation CSV retained)
tensor_core/results/verify_17251286/w0_tc4_v2/validation/000_fp16_d64_n1_norm1_normal.log,1740,18d316630d40d20324d20bd80c73b933c8a26e930c09b916e3d3cee08a013bc3,file,per-case validation log (validation CSV retained)
tensor_core/results/verify_17251286/w0_tc4_v2/validation/001_fp16_d64_n5_norm1_normal.log,1741,0befcb4e899f0b24e34edbdea569e23070ab00c0034377ce6a0019987f78bf0b,file,per-case validation log (validation CSV retained)
tensor_core/results/verify_17251286/w0_tc4_v2/validation/002_fp16_d64_n2048_norm1_normal.log,1750,fb007b0bdb3932b3371832eaffad0d68dd8cf01c2bdbc145f143011e11dbec09,file,per-case validation log (validation CSV retained)
tensor_core/results/verify_17251286/w0_tc4_v2/validation/003_fp16_d64_n1_norm0_normal.log,1741,8753f6abab97cd9778d6b19cccd91a5fed36135bbc18e89e36c882f97159d3d5,file,per-case validation log (validation CSV retained)
tensor_core/results/verify_17251286/w0_tc4_v2/validation/004_fp16_d64_n5_norm0_normal.log,1742,71f203e3e023cb2d31feaa01f9c78dfc9f10489f56676b5d4ca9b5f429f63cd3,file,per-case validation log (validation CSV retained)
tensor_core/results/verify_17251286/w0_tc4_v2/validation/005_fp16_d64_n2048_norm0_normal.log,1751,234ffc98f139bd384c3f9a14b547277fdac9db56178841d5baeaa5f5f13e6640,file,per-case validation log (validation CSV retained)
tensor_core/results/verify_17251286/w0_tc4_v2/validation/006_fp16_d128_n1_norm1_normal.log,1742,a15e22ebf7d700efec23d5511f07cba7a8fe1aa3bd770efbfa5c11646725d608,file,per-case validation log (validation CSV retained)
tensor_core/results/verify_17251286/w0_tc4_v2/validation/007_fp16_d128_n5_norm1_normal.log,1742,60b53d3678908ab0c284d3613c3f97009b6bc85abc6e0232dfa51422a0552390,file,per-case validation log (validation CSV retained)
tensor_core/results/verify_17251286/w0_tc4_v2/validation/008_fp16_d128_n2048_norm1_normal.log,1751,eee409e2713759b029da8484538ee03955fdf25c0317c61ef58cdff7b65940b6,file,per-case validation log (validation CSV retained)
tensor_core/results/verify_17251286/w0_tc4_v2/validation/009_fp16_d128_n1_norm0_normal.log,1743,6f286a0ad89b7823a4653a3b3c2378b40458eb5690f5e5f214bc247c748cbc15,file,per-case validation log (validation CSV retained)
tensor_core/results/verify_17251286/w0_tc4_v2/validation/010_fp16_d128_n5_norm0_normal.log,1743,915c91dba0d5d2d5cf8af1686ab9c28927a493db4a977cfbed9cd59179d4a477,file,per-case validation log (validation CSV retained)
tensor_core/results/verify_17251286/w0_tc4_v2/validation/011_fp16_d128_n2048_norm0_normal.log,1752,cec6643742bbff7150ac7f83495cd4aceccc52eb6d023e7026e30fc63d532ebd,file,per-case validation log (validation CSV retained)
tensor_core/results/verify_17251286/w0_tc4_v2/validation/012_fp16_d256_n1_norm1_normal.log,1742,8889264ee53d202f03402a95c8ecd472bdcf4cebaeb4bc1e90b740efbc281c44,file,per-case validation log (validation CSV retained)
tensor_core/results/verify_17251286/w0_tc4_v2/validation/013_fp16_d256_n5_norm1_normal.log,1743,7bca78b7b62d510b013d87229faef09b3c4fc28de5d9037c5e053564eb7c0b36,file,per-case validation log (validation CSV retained)
tensor_core/results/verify_17251286/w0_tc4_v2/validation/014_fp16_d256_n2048_norm1_normal.log,1751,e753b6d6b409319d3031bb98d604c379259bdb620c51988612f2f7d160661023,file,per-case validation log (validation CSV retained)
tensor_core/results/verify_17251286/w0_tc4_v2/validation/015_fp16_d256_n1_norm0_normal.log,1743,c613f50366fab3d8d4f3c17dc8c8ddeb7b21b21038d590ce1c26e4b8f4a10ec7,file,per-case validation log (validation CSV retained)
tensor_core/results/verify_17251286/w0_tc4_v2/validation/016_fp16_d256_n5_norm0_normal.log,1744,01eee66908d879b49015a05d9b538eaed9715d54f0f32671a56a68257db9ab91,file,per-case validation log (validation CSV retained)
tensor_core/results/verify_17251286/w0_tc4_v2/validation/017_fp16_d256_n2048_norm0_normal.log,1752,96de950f4be96069d26df22d9541864d221174731c662f2aa40248c3979e82dc,file,per-case validation log (validation CSV retained)
tensor_core/results/verify_17251286/w0_tc4_v2/validation/018_fp16_d512_n1_norm1_normal.log,1588,c385a22beda3d4f005b5a3c2bf074fce1ee0ceaaf2185d9ef6147a93ea6cbae7,file,per-case validation log (validation CSV retained)
tensor_core/results/verify_17251286/w0_tc4_v2/validation/019_fp16_d512_n5_norm1_normal.log,1589,57ac7186c70bbdec7f216a9e3ef3a7cc344bbb056ed76f1ef99b430d2bd73884,file,per-case validation log (validation CSV retained)
tensor_core/results/verify_17251286/w0_tc4_v2/validation/020_fp16_d512_n2048_norm1_normal.log,1598,cdc1b76e92e4015d8072ae204335127516a094b09e3d287268bc422ecda8d1e1,file,per-case validation log (validation CSV retained)
tensor_core/results/verify_17251286/w0_tc4_v2/validation/021_fp16_d512_n1_norm0_normal.log,1589,147dbbedb385117643188affce9b51a09a7b765c6121d858f84b96390139314d,file,per-case validation log (validation CSV retained)
tensor_core/results/verify_17251286/w0_tc4_v2/validation/022_fp16_d512_n5_norm0_normal.log,1590,5f3b668a6fe524d882e8a4177b635bd1810c77a8e8e9a5462909299a92c5e3aa,file,per-case validation log (validation CSV retained)
tensor_core/results/verify_17251286/w0_tc4_v2/validation/023_fp16_d512_n2048_norm0_normal.log,1599,42605453ada755d985cd911afb040224b2065f4e968fd4d99ce06b2de7dff7ea,file,per-case validation log (validation CSV retained)
tensor_core/results/verify_17251286/w0_tc4_v2/validation/024_fp16_d1024_n1_norm1_normal.log,1590,48ddd86f5176bc351509f49d9a736d56d9ed7e658292d06630c20a2b51da594a,file,per-case validation log (validation CSV retained)
tensor_core/results/verify_17251286/w0_tc4_v2/validation/025_fp16_d1024_n5_norm1_normal.log,1590,1df1eb9bd4060390c873a563dc135074b387cf1f82f735a4512f4f7683eaf2f9,file,per-case validation log (validation CSV retained)
tensor_core/results/verify_17251286/w0_tc4_v2/validation/026_fp16_d1024_n2048_norm1_normal.log,1599,349e3a204b1db5d3556cdcc432e7a17079cdcff76cce84c92cc85e004a28a57a,file,per-case validation log (validation CSV retained)
tensor_core/results/verify_17251286/w0_tc4_v2/validation/027_fp16_d1024_n1_norm0_normal.log,1591,7149678c40990a54780d764dabebac0dbc4e256639d2a4916910d8410d888139,file,per-case validation log (validation CSV retained)
tensor_core/results/verify_17251286/w0_tc4_v2/validation/028_fp16_d1024_n5_norm0_normal.log,1591,42f938e53b6945df4f74fe75a52471310489efad918e817550fb7df47e297856,file,per-case validation log (validation CSV retained)
tensor_core/results/verify_17251286/w0_tc4_v2/validation/029_fp16_d1024_n2048_norm0_normal.log,1600,be739a3109d333886a758fc740bd14db19127371bcd763449b291debf40879b9,file,per-case validation log (validation CSV retained)
tensor_core/results/verify_17251286/w0_tc4_v2/validation/030_bf16_d64_n1_norm1_normal.log,1740,a49bbe081ed244c72fb32cfc576bc4a89f9ba094db9f99fb0ae0598366b03768,file,per-case validation log (validation CSV retained)
tensor_core/results/verify_17251286/w0_tc4_v2/validation/031_bf16_d64_n5_norm1_normal.log,1741,f2b1da0db1dff31114c879ba86ce4ece6fff009812f234f4a7e740f7b39317df,file,per-case validation log (validation CSV retained)
tensor_core/results/verify_17251286/w0_tc4_v2/validation/032_bf16_d64_n2048_norm1_normal.log,1750,8759acc73357f0aaeed2a26cd22bdc4a0bc7b4d88bb4d7b70def4cfb42a23975,file,per-case validation log (validation CSV retained)
tensor_core/results/verify_17251286/w0_tc4_v2/validation/033_bf16_d64_n1_norm0_normal.log,1741,330d54a9edd9b9f150bea87bd94365a004c5012159ade7777e85dfde80c80a99,file,per-case validation log (validation CSV retained)
tensor_core/results/verify_17251286/w0_tc4_v2/validation/034_bf16_d64_n5_norm0_normal.log,1742,122c0fbb4d09f0ae0e1037abc5126bc53a6da820e8766405ac50b5398b2b99c1,file,per-case validation log (validation CSV retained)
tensor_core/results/verify_17251286/w0_tc4_v2/validation/035_bf16_d64_n2048_norm0_normal.log,1751,3b60ebf0cb825a05d4ab4195e414b98e5babc59cddb12613d51076537f705661,file,per-case validation log (validation CSV retained)
tensor_core/results/verify_17251286/w0_tc4_v2/validation/036_bf16_d128_n1_norm1_normal.log,1742,23f34897c418a0d6ba2614ca6ab5158c1b9b3a46eecbdc71154bb1aa590b80b0,file,per-case validation log (validation CSV retained)
tensor_core/results/verify_17251286/w0_tc4_v2/validation/037_bf16_d128_n5_norm1_normal.log,1742,1993f13d6779618036db492391854ededf06440ffa7eb7eb3983aa8c11077f0d,file,per-case validation log (validation CSV retained)
tensor_core/results/verify_17251286/w0_tc4_v2/validation/038_bf16_d128_n2048_norm1_normal.log,1751,e1bf3547ea51405357a08fda99e73a5e48ececf307c675d1b810c5ac9d7bfe65,file,per-case validation log (validation CSV retained)
tensor_core/results/verify_17251286/w0_tc4_v2/validation/039_bf16_d128_n1_norm0_normal.log,1743,14eadbe3ec93b29e02e5f550f011d90fcbb2feee48c0b4c69b2e330f63e3300f,file,per-case validation log (validation CSV retained)
tensor_core/results/verify_17251286/w0_tc4_v2/validation/040_bf16_d128_n5_norm0_normal.log,1743,61effec3fcd95712d9124f174d579f39bdc0de5817528f5b02e83ccc7a99a759,file,per-case validation log (validation CSV retained)
tensor_core/results/verify_17251286/w0_tc4_v2/validation/041_bf16_d128_n2048_norm0_normal.log,1752,bd3203d233bba1c78a83fc7ebd86451035a24d16bda6cc72dd301e1eb5926a86,file,per-case validation log (validation CSV retained)
tensor_core/results/verify_17251286/w0_tc4_v2/validation/042_bf16_d256_n1_norm1_normal.log,1742,84c27a8376a50ff2791648b599a20eea18be7b0f8e4a5e7bbfcce7714cac6493,file,per-case validation log (validation CSV retained)
tensor_core/results/verify_17251286/w0_tc4_v2/validation/043_bf16_d256_n5_norm1_normal.log,1743,c371084c3a88d388e7f43cac2cb7b559f8462017e6a8b321a5c9e7173d447739,file,per-case validation log (validation CSV retained)
tensor_core/results/verify_17251286/w0_tc4_v2/validation/044_bf16_d256_n2048_norm1_normal.log,1749,f2aa588b6eb375171e17e08b075a2febc2e9d8a2badd8dfc8d3ee7f9da602630,file,per-case validation log (validation CSV retained)
tensor_core/results/verify_17251286/w0_tc4_v2/validation/045_bf16_d256_n1_norm0_normal.log,1743,3fbaff2867272af11737c04664b4d4dc668b2b9a0302f827646958948a137ef4,file,per-case validation log (validation CSV retained)
tensor_core/results/verify_17251286/w0_tc4_v2/validation/046_bf16_d256_n5_norm0_normal.log,1744,7014c25abcb0792b5a199047c5b3b018a8b1c02654fe6caaf0ec6f1069e3b2ff,file,per-case validation log (validation CSV retained)
tensor_core/results/verify_17251286/w0_tc4_v2/validation/047_bf16_d256_n2048_norm0_normal.log,1750,c6f930536defaebebbb1a1b0a0664699c2bce0776e885be5f87819fa507880f0,file,per-case validation log (validation CSV retained)
tensor_core/results/verify_17251286/w0_tc4_v2/validation/048_bf16_d512_n1_norm1_normal.log,1588,01ae255bdd970ecbc84aec7f8b5d9e075770bdd27f2c6b654d38ba2e5aacaceb,file,per-case validation log (validation CSV retained)
tensor_core/results/verify_17251286/w0_tc4_v2/validation/049_bf16_d512_n5_norm1_normal.log,1589,579eff86843dd1f1dd91f96e20fc3a8b52a601e0f41849cf7c49693a8dfd48de,file,per-case validation log (validation CSV retained)
tensor_core/results/verify_17251286/w0_tc4_v2/validation/050_bf16_d512_n2048_norm1_normal.log,1598,7f7aeb045a545ecfacaca2a32d102d159a370a60072d43c9b7371438aa4928db,file,per-case validation log (validation CSV retained)
tensor_core/results/verify_17251286/w0_tc4_v2/validation/051_bf16_d512_n1_norm0_normal.log,1589,2450749348915f802a3799a705b41ff3d09e45776627fc2e3e9b05bd5ca5f40f,file,per-case validation log (validation CSV retained)
tensor_core/results/verify_17251286/w0_tc4_v2/validation/052_bf16_d512_n5_norm0_normal.log,1590,a674b0c8bac553ea07e7e9e8eb93d014f7575ddee4c3d53114d037cf49d956c4,file,per-case validation log (validation CSV retained)
tensor_core/results/verify_17251286/w0_tc4_v2/validation/053_bf16_d512_n2048_norm0_normal.log,1599,d0a26f0a904e9cb60137856258c9a9f60c1147c0d163cb1e506f2728c3026e44,file,per-case validation log (validation CSV retained)
tensor_core/results/verify_17251286/w0_tc4_v2/validation/054_bf16_d1024_n1_norm1_normal.log,1590,db49f529aaa5f573092c8285524942da21fcf279daed571f82b5153282cbb6dd,file,per-case validation log (validation CSV retained)
tensor_core/results/verify_17251286/w0_tc4_v2/validation/055_bf16_d1024_n5_norm1_normal.log,1590,de82558c1bc7c9ec685256b1d48b8b6253aeab76391ce1a75b19e9f6faea4f4e,file,per-case validation log (validation CSV retained)
tensor_core/results/verify_17251286/w0_tc4_v2/validation/056_bf16_d1024_n2048_norm1_normal.log,1599,d0a565c0427fecbe4c2f53bc6c7ffa6a997b3516b2cfc04aa5809637f834e813,file,per-case validation log (validation CSV retained)
tensor_core/results/verify_17251286/w0_tc4_v2/validation/057_bf16_d1024_n1_norm0_normal.log,1591,c5e7d6065daa430a7db33a3470e26912003e341aac9bd8a0b2a407e04ca1da31,file,per-case validation log (validation CSV retained)
tensor_core/results/verify_17251286/w0_tc4_v2/validation/058_bf16_d1024_n5_norm0_normal.log,1591,6621250571234b8b4d028aea7a8577ca55caeced4aa28f6b50dbff43cf1f76f7,file,per-case validation log (validation CSV retained)
tensor_core/results/verify_17251286/w0_tc4_v2/validation/059_bf16_d1024_n2048_norm0_normal.log,1600,96a95d66e09175906ddec353b41dc0105daf4c2ebf169bfead37ab9a1047e8ba,file,per-case validation log (validation CSV retained)
tensor_core/results/verify_17251286/w0_tc4_v2/validation/060_fp16_d64_n5_norm1_zeros.log,1741,eb70ca7079e3426cb4d3a4257ef00e1fedaf437630bed254a4f27755bc3dace6,file,per-case validation log (validation CSV retained)
tensor_core/results/verify_17251286/w0_tc4_v2/validation/061_fp16_d64_n5_norm1_constant.log,1741,bf155c23b72fa0caadb88096a76063eb4cf1604c476b2f1d775f6bd544e8b1eb,file,per-case validation log (validation CSV retained)
tensor_core/results/verify_17251286/w0_tc4_v2/validation/062_fp16_d64_n5_norm1_alternating.log,1741,3ddf1c1b29d1470a033fded411abc787f2bede2818b7d8b7f4db84963aff9258,file,per-case validation log (validation CSV retained)
tensor_core/results/verify_17251286/w0_tc4_v2/validation/063_fp16_d64_n5_norm1_impulse.log,1741,d286ba0be67caaa937ef3ef600e997890eade105ebc44078bb1285016e324c7b,file,per-case validation log (validation CSV retained)
tensor_core/results/verify_17251286/w0_tc4_v2/validation/064_fp16_d64_n5_norm1_uniform.log,1741,93db89c9ad1b6ef0941a9327c2ce2ee2ca8bb77afbb8c8d594c5d099be042fbd,file,per-case validation log (validation CSV retained)
tensor_core/results/verify_17251286/w0_tc4_v2/validation/065_fp16_d64_n5_norm1_outlier.log,1741,dc8a9a32d0307b06dfeee910f7553198c0a971239f944b240aca81d0456c2347,file,per-case validation log (validation CSV retained)
tensor_core/results/verify_17251286/w0_tc4_v2/validation/066_fp16_d64_n5_norm0_zeros.log,1742,c49d0c3165d07084e5804f3fc042aa28122baed9da08a4acafdadf5123627d59,file,per-case validation log (validation CSV retained)
tensor_core/results/verify_17251286/w0_tc4_v2/validation/067_fp16_d64_n5_norm0_constant.log,1742,2c6128052672be5ae3d1d2f0d166cb81207885fcf8530e8ab6bcce9ac44f471d,file,per-case validation log (validation CSV retained)
tensor_core/results/verify_17251286/w0_tc4_v2/validation/068_fp16_d64_n5_norm0_alternating.log,1742,104f882565df96c0196eb3f60e0f369bac9580f3ea2717f3643db56511bd915d,file,per-case validation log (validation CSV retained)
tensor_core/results/verify_17251286/w0_tc4_v2/validation/069_fp16_d64_n5_norm0_impulse.log,1742,f10dc5e15c17dd6b3aba386fd214e1eff39cc826d7c1bebb050e412a311d71c9,file,per-case validation log (validation CSV retained)
tensor_core/results/verify_17251286/w0_tc4_v2/validation/070_fp16_d64_n5_norm0_uniform.log,1742,55a791a5c7ba0c5cc5010d02f52daf6e6abceba0649b5a5ba0a66c082afeeca9,file,per-case validation log (validation CSV retained)
tensor_core/results/verify_17251286/w0_tc4_v2/validation/071_fp16_d64_n5_norm0_outlier.log,1742,b6ab70b410c67743e90836007b21f663c093c9b6bf2b3b2bf967ad8660b6f2a6,file,per-case validation log (validation CSV retained)
tensor_core/results/verify_17251286/w0_tc4_v2/validation/072_fp16_d128_n5_norm1_zeros.log,1742,2de64e3732ad3b092903924e1fa25764d6b47beb3b542d6bb4a6f73d74fd8c0d,file,per-case validation log (validation CSV retained)
tensor_core/results/verify_17251286/w0_tc4_v2/validation/073_fp16_d128_n5_norm1_constant.log,1742,b6e5a4d021adaafb18fbe2392d766d80c616878750912e7bec5330366cf2d247,file,per-case validation log (validation CSV retained)
tensor_core/results/verify_17251286/w0_tc4_v2/validation/074_fp16_d128_n5_norm1_alternating.log,1742,32039eb8ac361ba93c689541bbfd723471e28dbaf9669bd408b705b0efe7e425,file,per-case validation log (validation CSV retained)
tensor_core/results/verify_17251286/w0_tc4_v2/validation/075_fp16_d128_n5_norm1_impulse.log,1742,8d0b06674bf599487d1f95ff786bf9c0c49c6054e58d644ed490df7d2ff7ac76,file,per-case validation log (validation CSV retained)
tensor_core/results/verify_17251286/w0_tc4_v2/validation/076_fp16_d128_n5_norm1_uniform.log,1742,e47879423daa7f15141858bc9159b118819d332af9fb033d67cbc3f3d92b577a,file,per-case validation log (validation CSV retained)
tensor_core/results/verify_17251286/w0_tc4_v2/validation/077_fp16_d128_n5_norm1_outlier.log,1742,2f805c72847d8b9d3d8d97ef3573aa4ad2bf548c7ba775c99d451e5a3ca06048,file,per-case validation log (validation CSV retained)
tensor_core/results/verify_17251286/w0_tc4_v2/validation/078_fp16_d128_n5_norm0_zeros.log,1743,fef8c176f72a89dd7329b3daa1746b71bff6798429388a6f13e89bd5b1168e9b,file,per-case validation log (validation CSV retained)
tensor_core/results/verify_17251286/w0_tc4_v2/validation/079_fp16_d128_n5_norm0_constant.log,1743,7f593945d0b6049c813a2b3613ac9d414c86f4b37e8dfd7b171cae2bbf6add8e,file,per-case validation log (validation CSV retained)
tensor_core/results/verify_17251286/w0_tc4_v2/validation/080_fp16_d128_n5_norm0_alternating.log,1743,697c9447966fdc0253e66fbc1e13b98eaf60ecb113222582c5956e5b7f53dd82,file,per-case validation log (validation CSV retained)
tensor_core/results/verify_17251286/w0_tc4_v2/validation/081_fp16_d128_n5_norm0_impulse.log,1743,56b4b1900b4af48e50140db3cb446d53d703461f03bdd5ca5a2a68d5e7397594,file,per-case validation log (validation CSV retained)
tensor_core/results/verify_17251286/w0_tc4_v2/validation/082_fp16_d128_n5_norm0_uniform.log,1743,d3b1c3c3a7c12705f6da9ea87f4c6b89d2ac2d94e737ae9e4b111372f864fc77,file,per-case validation log (validation CSV retained)
tensor_core/results/verify_17251286/w0_tc4_v2/validation/083_fp16_d128_n5_norm0_outlier.log,1743,336c8bba6aed1018db2b0de018674a43006c019e010d0d3321cf97d490a89cdc,file,per-case validation log (validation CSV retained)
tensor_core/results/verify_17251286/w0_tc4_v2/validation/084_fp16_d256_n5_norm1_zeros.log,1743,f39c9fbb9ca1cf8482bf407608bd4aab67931cb4ec80f2bd5338f24c96e75b0e,file,per-case validation log (validation CSV retained)
tensor_core/results/verify_17251286/w0_tc4_v2/validation/085_fp16_d256_n5_norm1_constant.log,1743,0d63b52714f6d71f31b85c12f2de29d103c82bd36fd219bb55360664126b2064,file,per-case validation log (validation CSV retained)
tensor_core/results/verify_17251286/w0_tc4_v2/validation/086_fp16_d256_n5_norm1_alternating.log,1743,b8ff0d6f4b81546991772259df84f48ae9a48049b86840bf60788289e0e0f61e,file,per-case validation log (validation CSV retained)
tensor_core/results/verify_17251286/w0_tc4_v2/validation/087_fp16_d256_n5_norm1_impulse.log,1743,91d8d823adfdfd2a6e130af3fb18000ad3c81daa18331df8922acd5386702cbb,file,per-case validation log (validation CSV retained)
tensor_core/results/verify_17251286/w0_tc4_v2/validation/088_fp16_d256_n5_norm1_uniform.log,1743,0d4d9359583feba72e00296bbb3db82b43adef38fe2bdb2cbf9213bbc58291f8,file,per-case validation log (validation CSV retained)
tensor_core/results/verify_17251286/w0_tc4_v2/validation/089_fp16_d256_n5_norm1_outlier.log,1743,3f6e30e932f2f7c999ee9c874bc53c006655375407c6beb5410e5d5da2e17345,file,per-case validation log (validation CSV retained)
tensor_core/results/verify_17251286/w0_tc4_v2/validation/090_fp16_d256_n5_norm0_zeros.log,1744,cf42be6d7247fdefe326772dcfc19d36ab59d70dcc76c4d621c887d1a61f55e2,file,per-case validation log (validation CSV retained)
tensor_core/results/verify_17251286/w0_tc4_v2/validation/091_fp16_d256_n5_norm0_constant.log,1744,83792347895742205bf38d48148b211ca7c41b0830996e65bb8f0c87dfa0aac7,file,per-case validation log (validation CSV retained)
tensor_core/results/verify_17251286/w0_tc4_v2/validation/092_fp16_d256_n5_norm0_alternating.log,1744,22f19e6c629907c3e663f58425ed3ce60997b3a4eee3b3273ad7aef6954511f1,file,per-case validation log (validation CSV retained)
tensor_core/results/verify_17251286/w0_tc4_v2/validation/093_fp16_d256_n5_norm0_impulse.log,1744,3b5a63ecd5aec499861ee328029f9e0faf05401d165c360fc0d9828074d3d35d,file,per-case validation log (validation CSV retained)
tensor_core/results/verify_17251286/w0_tc4_v2/validation/094_fp16_d256_n5_norm0_uniform.log,1744,437fba8fb429d17af8c7f3f747b6e7067e8e8b94ac36030f140020b67867100a,file,per-case validation log (validation CSV retained)
tensor_core/results/verify_17251286/w0_tc4_v2/validation/095_fp16_d256_n5_norm0_outlier.log,1744,9a61663a3a25f28ddf93687ad41fca2a7008340d3c3df2180b20bd6f8f298a46,file,per-case validation log (validation CSV retained)
tensor_core/results/verify_17251286/w0_tc4_v2/validation/096_bf16_d64_n5_norm1_zeros.log,1741,ef7b1b1983967ea0f534efa82b9f06fb17f299bb48bb167439dc16c1a333ad93,file,per-case validation log (validation CSV retained)
tensor_core/results/verify_17251286/w0_tc4_v2/validation/097_bf16_d64_n5_norm1_constant.log,1741,b773c955cf2341bfdd786df5bbbeabc48e8ee6339a1845a43b67784d6a2f08b7,file,per-case validation log (validation CSV retained)
tensor_core/results/verify_17251286/w0_tc4_v2/validation/098_bf16_d64_n5_norm1_alternating.log,1741,90ab033dec279d7865f2b2357f388b81f96163b4af85d8acbcab23c5bf792129,file,per-case validation log (validation CSV retained)
tensor_core/results/verify_17251286/w0_tc4_v2/validation/099_bf16_d64_n5_norm1_impulse.log,1741,0e06e5a255e5e55632d0e6efd7747a800ea3c21465c703002767a81209342b91,file,per-case validation log (validation CSV retained)
tensor_core/results/verify_17251286/w0_tc4_v2/validation/100_bf16_d64_n5_norm1_uniform.log,1741,14de6beb7f50ac792bbcf964f58749c534738d88fd00ac9d9dce5b6bb5d36c2a,file,per-case validation log (validation CSV retained)
tensor_core/results/verify_17251286/w0_tc4_v2/validation/101_bf16_d64_n5_norm1_outlier.log,1741,c88cf2d4e3a70a90c452a1abf9e040b4fe4d5cd42f526b4289ababa30900b333,file,per-case validation log (validation CSV retained)
tensor_core/results/verify_17251286/w0_tc4_v2/validation/102_bf16_d64_n5_norm0_zeros.log,1742,611010a6dc7270b9c3e80d26478268cfe83096b9ff5712ce66eb5a236cda1fb8,file,per-case validation log (validation CSV retained)
tensor_core/results/verify_17251286/w0_tc4_v2/validation/103_bf16_d64_n5_norm0_constant.log,1742,52cc300554f48117bb5c125ce5be862ce69f718814cc2df8b460be62f1c3b216,file,per-case validation log (validation CSV retained)
tensor_core/results/verify_17251286/w0_tc4_v2/validation/104_bf16_d64_n5_norm0_alternating.log,1742,42977753cb73681c345886dd14d7fe51b4c183c7a750f7364007512b53185651,file,per-case validation log (validation CSV retained)
tensor_core/results/verify_17251286/w0_tc4_v2/validation/105_bf16_d64_n5_norm0_impulse.log,1742,30778c1ea51114e2bcee251d071cf163e1612b164dd73c3fc2ec0ca1d194c30c,file,per-case validation log (validation CSV retained)
tensor_core/results/verify_17251286/w0_tc4_v2/validation/106_bf16_d64_n5_norm0_uniform.log,1742,6ce5ec451f00650df3d1cb29c8fcf5f33430850e3902fa15d7e84f8df1782dd8,file,per-case validation log (validation CSV retained)
tensor_core/results/verify_17251286/w0_tc4_v2/validation/107_bf16_d64_n5_norm0_outlier.log,1742,9c86e17a9164f7684a6e225dbcedd0194efdcad891c9e63d829e9da4b9041aa9,file,per-case validation log (validation CSV retained)
tensor_core/results/verify_17251286/w0_tc4_v2/validation/108_bf16_d128_n5_norm1_zeros.log,1742,4a75db1c2d39ec1613140565d1d894aae9afef447bc1fcccad083e61ea345ad3,file,per-case validation log (validation CSV retained)
tensor_core/results/verify_17251286/w0_tc4_v2/validation/109_bf16_d128_n5_norm1_constant.log,1742,8a072288564cf75f0f52ba6617dd12f2b97407d3dd97387faf60a1cca027c1b5,file,per-case validation log (validation CSV retained)
tensor_core/results/verify_17251286/w0_tc4_v2/validation/110_bf16_d128_n5_norm1_alternating.log,1742,2154b4d9d2b24dacb509ec432b6725edab94da166cf7024b8f5eb23eab1049f2,file,per-case validation log (validation CSV retained)
tensor_core/results/verify_17251286/w0_tc4_v2/validation/111_bf16_d128_n5_norm1_impulse.log,1742,8f798752a007be62e9ee18fb0e1795e1b8b4a248ed7dfee08e070568c68dab2a,file,per-case validation log (validation CSV retained)
tensor_core/results/verify_17251286/w0_tc4_v2/validation/112_bf16_d128_n5_norm1_uniform.log,1742,932f246fa27cbe1d5df165e36902a240fa5da9581f82b15add9a713c6307c292,file,per-case validation log (validation CSV retained)
tensor_core/results/verify_17251286/w0_tc4_v2/validation/113_bf16_d128_n5_norm1_outlier.log,1742,f4db31db7dce43e8915d4823ce8643ec943ae6847c327b9c2b1e1e84ac0c3568,file,per-case validation log (validation CSV retained)
tensor_core/results/verify_17251286/w0_tc4_v2/validation/114_bf16_d128_n5_norm0_zeros.log,1743,c66ad352edc5bc3bc28a2e84b96c9bc8faa5fcbfb9a8df99c5c26e4615e7f1ce,file,per-case validation log (validation CSV retained)
tensor_core/results/verify_17251286/w0_tc4_v2/validation/115_bf16_d128_n5_norm0_constant.log,1743,fe57bd124402009d01ec51a6c402421eee85164f3872bb88c8a1eb9617f984f6,file,per-case validation log (validation CSV retained)
tensor_core/results/verify_17251286/w0_tc4_v2/validation/116_bf16_d128_n5_norm0_alternating.log,1743,5effa58b00be498d4d1c473b41783b8c79d0d070835064840783e8efccfd1e1d,file,per-case validation log (validation CSV retained)
tensor_core/results/verify_17251286/w0_tc4_v2/validation/117_bf16_d128_n5_norm0_impulse.log,1743,5782f1d430096829fc92ce32434564c125dbfccce5d7470256cf354955ef3bdf,file,per-case validation log (validation CSV retained)
tensor_core/results/verify_17251286/w0_tc4_v2/validation/118_bf16_d128_n5_norm0_uniform.log,1743,e212a194fd995d3a1c97b82c90a6d73b2a6ca18b585713159747df147af1c3aa,file,per-case validation log (validation CSV retained)
tensor_core/results/verify_17251286/w0_tc4_v2/validation/119_bf16_d128_n5_norm0_outlier.log,1743,08e42c3c912885297aad5baa7c2b3c4bf107d9331bd9b18bbdaa433398390a26,file,per-case validation log (validation CSV retained)
tensor_core/results/verify_17251286/w0_tc4_v2/validation/120_bf16_d256_n5_norm1_zeros.log,1743,a6a2d45d652edcf4b41d92b53ed30d5d8c27feb1eb6a4e7093a8282a052cf067,file,per-case validation log (validation CSV retained)
tensor_core/results/verify_17251286/w0_tc4_v2/validation/121_bf16_d256_n5_norm1_constant.log,1743,a898e13d2b714d288b04dd7188df2398f2dee7dd2834b69f5658539782d6f855,file,per-case validation log (validation CSV retained)
tensor_core/results/verify_17251286/w0_tc4_v2/validation/122_bf16_d256_n5_norm1_alternating.log,1743,d193181df85d97f9d99dd4e05cdfe67bd84d61facac3ae85e48c8d0300a6db61,file,per-case validation log (validation CSV retained)
tensor_core/results/verify_17251286/w0_tc4_v2/validation/123_bf16_d256_n5_norm1_impulse.log,1743,79c9154f865fb62bb4f9d1e132b91f875d9684b074fae0c8c2d82ef093f69181,file,per-case validation log (validation CSV retained)
tensor_core/results/verify_17251286/w0_tc4_v2/validation/124_bf16_d256_n5_norm1_uniform.log,1743,7667cedf5f6e8c26d5b307d495b129841ecec830097207353df9441037043bcb,file,per-case validation log (validation CSV retained)
tensor_core/results/verify_17251286/w0_tc4_v2/validation/125_bf16_d256_n5_norm1_outlier.log,1743,bc0ff1ded7c7cb337b9df1367206dd20bd0cc6d6c7ac25070aaf47d48e162aeb,file,per-case validation log (validation CSV retained)
tensor_core/results/verify_17251286/w0_tc4_v2/validation/126_bf16_d256_n5_norm0_zeros.log,1744,ace92e020450600bc6ee2c9824dc6c4f807a7a2cbf136492f1f6e64f0f973d33,file,per-case validation log (validation CSV retained)
tensor_core/results/verify_17251286/w0_tc4_v2/validation/127_bf16_d256_n5_norm0_constant.log,1744,f7cbd78b08ceb1b92192df29c5651c45aaf9ae387377782d640753377935cfc9,file,per-case validation log (validation CSV retained)
tensor_core/results/verify_17251286/w0_tc4_v2/validation/128_bf16_d256_n5_norm0_alternating.log,1744,a19c578322341b7e84cca6a51da848f519c56dda47fbcad03f516b2a7aa1a871,file,per-case validation log (validation CSV retained)
tensor_core/results/verify_17251286/w0_tc4_v2/validation/129_bf16_d256_n5_norm0_impulse.log,1744,0fd0d173fa24c6d46c99ad9c3def3fabe0cdb73aa28261f72d40c460808dace6,file,per-case validation log (validation CSV retained)
tensor_core/results/verify_17251286/w0_tc4_v2/validation/130_bf16_d256_n5_norm0_uniform.log,1744,d50ddc545588f2544f67b203d9a3d99f104a4aad637f0e6e062988f2a24eb591,file,per-case validation log (validation CSV retained)
tensor_core/results/verify_17251286/w0_tc4_v2/validation/131_bf16_d256_n5_norm0_outlier.log,1744,802c39aa4b76423c07e84e278cc46cc9fc2fd5bdc269393f21ae5d33829ed23b,file,per-case validation log (validation CSV retained)
tensor_core/results/verify_17251286/w0_tc4_v2/validation/failures,75,3f07904d0bde84707053112787e8884634b9f137bd7fc7088f71b9bca87badff,symlink,raw failure samples (validation CSV retained)
tensor_core/results/verify_17251286/w4_tc4_v0/validation/000_fp16_d64_n1_norm1_normal.log,1740,2ac632b45ad09c951e12efaeab1d7b2e7580c4e9292661de9f44831d85ae1f77,file,per-case validation log (validation CSV retained)
tensor_core/results/verify_17251286/w4_tc4_v0/validation/001_fp16_d64_n5_norm1_normal.log,1741,dcb6472916b6d358f15bac326767750b64fe8d253f274a835e9abb8f28f71555,file,per-case validation log (validation CSV retained)
tensor_core/results/verify_17251286/w4_tc4_v0/validation/002_fp16_d64_n2048_norm1_normal.log,1750,ff246beb42d9f3e2e7147b1318248000e103792a903e50d84f0fe0f3037eef1b,file,per-case validation log (validation CSV retained)
tensor_core/results/verify_17251286/w4_tc4_v0/validation/003_fp16_d64_n1_norm0_normal.log,1741,663758bba4a2458da1cae202b4c8b9737fae0130d900edba389236116e08b269,file,per-case validation log (validation CSV retained)
tensor_core/results/verify_17251286/w4_tc4_v0/validation/004_fp16_d64_n5_norm0_normal.log,1742,050ea3a5d024c70ee2f83004246a568467fe4e5ae8b98c70c813626b03e18df4,file,per-case validation log (validation CSV retained)
tensor_core/results/verify_17251286/w4_tc4_v0/validation/005_fp16_d64_n2048_norm0_normal.log,1751,29059482d8ce33ecf400c2b375faab7f10a8af037787ed36ac4cc2317e241026,file,per-case validation log (validation CSV retained)
tensor_core/results/verify_17251286/w4_tc4_v0/validation/006_fp16_d128_n1_norm1_normal.log,1742,6b8447c70152b1133f27196ede37d082aa95a190acc507b713eeefb3ebfaf932,file,per-case validation log (validation CSV retained)
tensor_core/results/verify_17251286/w4_tc4_v0/validation/007_fp16_d128_n5_norm1_normal.log,1742,c2702fcd8a4e186c6a678060b577165b06e693ff9c4deb9c963844c17ab1b5c9,file,per-case validation log (validation CSV retained)
tensor_core/results/verify_17251286/w4_tc4_v0/validation/008_fp16_d128_n2048_norm1_normal.log,1751,1035fceef6c3b60e34a476658a9286995a4d77ba3bc6db424d5fba334fdd490a,file,per-case validation log (validation CSV retained)
tensor_core/results/verify_17251286/w4_tc4_v0/validation/009_fp16_d128_n1_norm0_normal.log,1743,b54c8eddc8b65241e25f39bdbaf614a287f71767f6e7e2d7e0e93b1c72ce2b9a,file,per-case validation log (validation CSV retained)
tensor_core/results/verify_17251286/w4_tc4_v0/validation/010_fp16_d128_n5_norm0_normal.log,1743,de5908eb82805457f4bed11d10df55694465540ac0c1f04b949a71e2fa054c1a,file,per-case validation log (validation CSV retained)
tensor_core/results/verify_17251286/w4_tc4_v0/validation/011_fp16_d128_n2048_norm0_normal.log,1752,08f89e6c32e5776fc675b3c3e40402342d70289e0f127e9c4c2b8576522201f1,file,per-case validation log (validation CSV retained)
tensor_core/results/verify_17251286/w4_tc4_v0/validation/012_fp16_d256_n1_norm1_normal.log,1742,91f769071d1d77cad4f6e2e93486945e52b9dce286bdfc7b7ccb7ca876b3af2d,file,per-case validation log (validation CSV retained)
tensor_core/results/verify_17251286/w4_tc4_v0/validation/013_fp16_d256_n5_norm1_normal.log,1743,7cffd252f4fd83616e562c770e47368c9dc86bf433ef81c07f4b1d8bde216166,file,per-case validation log (validation CSV retained)
tensor_core/results/verify_17251286/w4_tc4_v0/validation/014_fp16_d256_n2048_norm1_normal.log,1751,32ae96e2a43eaaaab4d4bb27e7ea9e54e87f6c15ed04c35329d7c4fb58abe1b0,file,per-case validation log (validation CSV retained)
tensor_core/results/verify_17251286/w4_tc4_v0/validation/015_fp16_d256_n1_norm0_normal.log,1743,a8313ce78cc14a03f0ffe58d891fa639e996a0d489f45c16911850e3eab4414b,file,per-case validation log (validation CSV retained)
tensor_core/results/verify_17251286/w4_tc4_v0/validation/016_fp16_d256_n5_norm0_normal.log,1744,5cabb093fe3ea32caed4b1075e742f5074957686646c0fcb2b4a5fca22c79a91,file,per-case validation log (validation CSV retained)
tensor_core/results/verify_17251286/w4_tc4_v0/validation/017_fp16_d256_n2048_norm0_normal.log,1752,a251b56759adfeced9c40fd75182e6afdd82862b90d337a7fa630f0c6fa08fcd,file,per-case validation log (validation CSV retained)
tensor_core/results/verify_17251286/w4_tc4_v0/validation/018_fp16_d512_n1_norm1_normal.log,1588,f957a3a2229e2f2c4526a1c52ed1c5127875dc040ad93e97f363659dffbe5b89,file,per-case validation log (validation CSV retained)
tensor_core/results/verify_17251286/w4_tc4_v0/validation/019_fp16_d512_n5_norm1_normal.log,1589,dcbe026e12173861783f6549d3c2eed7f2d15dca8331debea2c5b19d3f6e02f6,file,per-case validation log (validation CSV retained)
tensor_core/results/verify_17251286/w4_tc4_v0/validation/020_fp16_d512_n2048_norm1_normal.log,1598,10860e8d699281286f3151e7bc975a22320dae877842c1b11a14fec4030194bd,file,per-case validation log (validation CSV retained)
tensor_core/results/verify_17251286/w4_tc4_v0/validation/021_fp16_d512_n1_norm0_normal.log,1589,25abc75387b670743249feca415cae03c2385a84c3e939aa6ca777d692e636bc,file,per-case validation log (validation CSV retained)
tensor_core/results/verify_17251286/w4_tc4_v0/validation/022_fp16_d512_n5_norm0_normal.log,1590,39abd71b11dc6210fe172e88b18aaaba8eb7a3583beb1dbcd06df79e590d54ee,file,per-case validation log (validation CSV retained)
tensor_core/results/verify_17251286/w4_tc4_v0/validation/023_fp16_d512_n2048_norm0_normal.log,1599,a4f2b84a0d992ab2449afdb1907c91b59276f81ed4bedc315ff22dded30e46fc,file,per-case validation log (validation CSV retained)
tensor_core/results/verify_17251286/w4_tc4_v0/validation/024_fp16_d1024_n1_norm1_normal.log,1590,a7fe1626ade2d670c5b84e677ad3b6f9b50c9678cf2856575a5bc1aa8b1421a7,file,per-case validation log (validation CSV retained)
tensor_core/results/verify_17251286/w4_tc4_v0/validation/025_fp16_d1024_n5_norm1_normal.log,1590,b64d3667f2bbcdc02d4d70cee20af356c9064ea439061ab18473161cc1a348b7,file,per-case validation log (validation CSV retained)
tensor_core/results/verify_17251286/w4_tc4_v0/validation/026_fp16_d1024_n2048_norm1_normal.log,1599,5b51bfb7cfc487004419ccecd5b5e885c8c27494a0248c0ef810f09e34d8cb69,file,per-case validation log (validation CSV retained)
tensor_core/results/verify_17251286/w4_tc4_v0/validation/027_fp16_d1024_n1_norm0_normal.log,1591,ef680ed1eea0b491699750c07523332ecc80f4bc3c76b773a821f6d28e0fec76,file,per-case validation log (validation CSV retained)
tensor_core/results/verify_17251286/w4_tc4_v0/validation/028_fp16_d1024_n5_norm0_normal.log,1591,cbd82ce1efb75edf1b7e5978b96865923f9c285bced1cc37fc9b310b74c12eef,file,per-case validation log (validation CSV retained)
tensor_core/results/verify_17251286/w4_tc4_v0/validation/029_fp16_d1024_n2048_norm0_normal.log,1600,8369489c77653e76f1624658dff34cf776991067deb59092b28d230eddfec84c,file,per-case validation log (validation CSV retained)
tensor_core/results/verify_17251286/w4_tc4_v0/validation/030_bf16_d64_n1_norm1_normal.log,1740,85212300c8d487d1fb3926778326886770748ac6962c5bc546cb7bd97af1787b,file,per-case validation log (validation CSV retained)
tensor_core/results/verify_17251286/w4_tc4_v0/validation/031_bf16_d64_n5_norm1_normal.log,1741,042a93fbb6d5d6dfd13a9df92a88b733335c97753c0deef30fed0edc37e4c871,file,per-case validation log (validation CSV retained)
tensor_core/results/verify_17251286/w4_tc4_v0/validation/032_bf16_d64_n2048_norm1_normal.log,1750,a20fe9c398e923d46ad4a5fac1aa292ef8bd8b3adcc7e368c0e839a43f9a7506,file,per-case validation log (validation CSV retained)
tensor_core/results/verify_17251286/w4_tc4_v0/validation/033_bf16_d64_n1_norm0_normal.log,1741,92ad588a9d092d94e43641c952bbc860d845bd501ef2ee0859f7f46b5f384e76,file,per-case validation log (validation CSV retained)
tensor_core/results/verify_17251286/w4_tc4_v0/validation/034_bf16_d64_n5_norm0_normal.log,1742,1eb81d9dadbf736802266b1cb8d77dc6ee903982dbd5f2855195b3fa8a252e7e,file,per-case validation log (validation CSV retained)
tensor_core/results/verify_17251286/w4_tc4_v0/validation/035_bf16_d64_n2048_norm0_normal.log,1751,572273d1e314ae921463109d65e1dfb6d1ecbccd6e8636ba4dc107e85e6a7935,file,per-case validation log (validation CSV retained)
tensor_core/results/verify_17251286/w4_tc4_v0/validation/036_bf16_d128_n1_norm1_normal.log,1742,fdca41e13d20295d9f2538fa203e9d8be0763b9f5d2094a7f3a5a49f18268bb2,file,per-case validation log (validation CSV retained)
tensor_core/results/verify_17251286/w4_tc4_v0/validation/037_bf16_d128_n5_norm1_normal.log,1742,8aa2d3f42fd699d2ed8b5dd46496f1ee79fbcc2107678c0eb3fc6d3e01003002,file,per-case validation log (validation CSV retained)
tensor_core/results/verify_17251286/w4_tc4_v0/validation/038_bf16_d128_n2048_norm1_normal.log,1751,e2f08bd0c8edc6a773a7d28da4b15a59bb73a7da8aeeaea3528544e2a3dac6ca,file,per-case validation log (validation CSV retained)
tensor_core/results/verify_17251286/w4_tc4_v0/validation/039_bf16_d128_n1_norm0_normal.log,1743,c5a5ee4ce8a760c1fb76988ebb8ad1303df8d1313848359a8526fbb4e60176b9,file,per-case validation log (validation CSV retained)
tensor_core/results/verify_17251286/w4_tc4_v0/validation/040_bf16_d128_n5_norm0_normal.log,1743,6f72bd8f48d9dfdbaf2725b2cb9bf7209becb063f47648480eaca85a622b161a,file,per-case validation log (validation CSV retained)
tensor_core/results/verify_17251286/w4_tc4_v0/validation/041_bf16_d128_n2048_norm0_normal.log,1752,369e9602a6a1b9a00dc4bc8d8c6bb49e9984d4156d3c48a8d0b001db5381cf0c,file,per-case validation log (validation CSV retained)
tensor_core/results/verify_17251286/w4_tc4_v0/validation/042_bf16_d256_n1_norm1_normal.log,1742,cf22500e9b237667e44b20a5276048d312e821d0b9ee2333ae8bcb8cffe155ea,file,per-case validation log (validation CSV retained)
tensor_core/results/verify_17251286/w4_tc4_v0/validation/043_bf16_d256_n5_norm1_normal.log,1743,99e71b9d8cc160306ecde634f4cd6e9410352aa9a1a9455fa7f9054b7c8a7e35,file,per-case validation log (validation CSV retained)
tensor_core/results/verify_17251286/w4_tc4_v0/validation/044_bf16_d256_n2048_norm1_normal.log,1749,f983e4359dc4e4547563a681ae714bb629dda242600d1129fbd8563fa53e8dba,file,per-case validation log (validation CSV retained)
tensor_core/results/verify_17251286/w4_tc4_v0/validation/045_bf16_d256_n1_norm0_normal.log,1743,7d576ade514a5b45131b1eb748387615b4349524421d1fc6e39eecb60e30f808,file,per-case validation log (validation CSV retained)
tensor_core/results/verify_17251286/w4_tc4_v0/validation/046_bf16_d256_n5_norm0_normal.log,1744,cd3fd584962b4b5003893968f3f39c5fe21a44cb57962bec9f4cbce841e08715,file,per-case validation log (validation CSV retained)
tensor_core/results/verify_17251286/w4_tc4_v0/validation/047_bf16_d256_n2048_norm0_normal.log,1750,49789d53c00b5e9707255eb817773deb588712dbf241f69424e7cdfeddaa530b,file,per-case validation log (validation CSV retained)
tensor_core/results/verify_17251286/w4_tc4_v0/validation/048_bf16_d512_n1_norm1_normal.log,1588,89358a0fe90c4da781e8d2488d5620c519d0e2f2eaea3b68d69d1701c5ae7f54,file,per-case validation log (validation CSV retained)
tensor_core/results/verify_17251286/w4_tc4_v0/validation/049_bf16_d512_n5_norm1_normal.log,1589,ddea6a9d4acfd0c4958da515a8513fec869ea51651a0b27fff91b1c227931a9c,file,per-case validation log (validation CSV retained)
tensor_core/results/verify_17251286/w4_tc4_v0/validation/050_bf16_d512_n2048_norm1_normal.log,1598,45847b6bb3405ec7af3a571d1c68812026426a7b5ba89c7b99ee03e00e3fc122,file,per-case validation log (validation CSV retained)
tensor_core/results/verify_17251286/w4_tc4_v0/validation/051_bf16_d512_n1_norm0_normal.log,1589,f4d65a0b4010c055dcd2b3e1edc910a782db9127ef6fd4b8c82c8007f5e44c6b,file,per-case validation log (validation CSV retained)
tensor_core/results/verify_17251286/w4_tc4_v0/validation/052_bf16_d512_n5_norm0_normal.log,1590,477e1e82445b3042a2df814e425055c640b76d365eaed85bab288c90355bb787,file,per-case validation log (validation CSV retained)
tensor_core/results/verify_17251286/w4_tc4_v0/validation/053_bf16_d512_n2048_norm0_normal.log,1599,e5cdcb553cfcf5b6a66fd68bed0d56fb7c0aa31ff5607ec6e3a9e1ee95071c92,file,per-case validation log (validation CSV retained)
tensor_core/results/verify_17251286/w4_tc4_v0/validation/054_bf16_d1024_n1_norm1_normal.log,1590,70d0e30b9ce074e0f9c4d248a4536c34b77bc9d507418c98ffc7f28a338f29e8,file,per-case validation log (validation CSV retained)
tensor_core/results/verify_17251286/w4_tc4_v0/validation/055_bf16_d1024_n5_norm1_normal.log,1590,e9f8644dcddcbfd15b82a31b92e4a5b9c5b5ad0f9ab60ae42723f9b59ca8bf6a,file,per-case validation log (validation CSV retained)
tensor_core/results/verify_17251286/w4_tc4_v0/validation/056_bf16_d1024_n2048_norm1_normal.log,1599,29edbfdbae79c4195c8047709a12c5d8d4639c6eac92e3666736e3a157271d0e,file,per-case validation log (validation CSV retained)
tensor_core/results/verify_17251286/w4_tc4_v0/validation/057_bf16_d1024_n1_norm0_normal.log,1591,961121a67aee60b29416e5ab860f3fdb1cc3bd204b6fec5d531c3b6de9c80dde,file,per-case validation log (validation CSV retained)
tensor_core/results/verify_17251286/w4_tc4_v0/validation/058_bf16_d1024_n5_norm0_normal.log,1591,07904f00397d0b6806de2b74c12e9191a1f6be065e31dd27ce54f564631d1332,file,per-case validation log (validation CSV retained)
tensor_core/results/verify_17251286/w4_tc4_v0/validation/059_bf16_d1024_n2048_norm0_normal.log,1600,cff692f4189b4428f6873a8efd305c66cbfadbf2f07c4c87e6d087f5c9ff6570,file,per-case validation log (validation CSV retained)
tensor_core/results/verify_17251286/w4_tc4_v0/validation/060_fp16_d64_n5_norm1_zeros.log,1741,f121cd857201992929215cdf3155c57802ae6d33b6d88755e1ba16246a479cf7,file,per-case validation log (validation CSV retained)
tensor_core/results/verify_17251286/w4_tc4_v0/validation/061_fp16_d64_n5_norm1_constant.log,1741,4317be2dd7b7be79af629cf6bd847074b87e4f4acc4ac11aa57228e646d9fe84,file,per-case validation log (validation CSV retained)
tensor_core/results/verify_17251286/w4_tc4_v0/validation/062_fp16_d64_n5_norm1_alternating.log,1741,e16503716b1c92def1800b325982d634abd0b726ced752a5d0fe2ffbec9158b3,file,per-case validation log (validation CSV retained)
tensor_core/results/verify_17251286/w4_tc4_v0/validation/063_fp16_d64_n5_norm1_impulse.log,1741,0ea31f8cb56dc316e0a8236a8048a29ca6906745775c970888953067295bb290,file,per-case validation log (validation CSV retained)
tensor_core/results/verify_17251286/w4_tc4_v0/validation/064_fp16_d64_n5_norm1_uniform.log,1741,3b066e92fb488f1295b3a8ca96699a740b6229b314b5648aad08e8924c736ffb,file,per-case validation log (validation CSV retained)
tensor_core/results/verify_17251286/w4_tc4_v0/validation/065_fp16_d64_n5_norm1_outlier.log,1741,3e3bcaa28536f218f3c2a5f6654f615ccc33a1b5baed7982ce305d9f3cecb598,file,per-case validation log (validation CSV retained)
tensor_core/results/verify_17251286/w4_tc4_v0/validation/066_fp16_d64_n5_norm0_zeros.log,1742,ad8970c78b0191101a953a9deb9ffe4593956bd58e1952e2f7432bde26d9fcf9,file,per-case validation log (validation CSV retained)
tensor_core/results/verify_17251286/w4_tc4_v0/validation/067_fp16_d64_n5_norm0_constant.log,1742,32b58054a57aa9e4ec28bdef15e04f41b53abe0411990151926a4622530f8bfa,file,per-case validation log (validation CSV retained)
tensor_core/results/verify_17251286/w4_tc4_v0/validation/068_fp16_d64_n5_norm0_alternating.log,1742,42d83b9fad72c5e56e464db30970cef924c7e7f35ce46f5ba4ee1842cf3c88f0,file,per-case validation log (validation CSV retained)
tensor_core/results/verify_17251286/w4_tc4_v0/validation/069_fp16_d64_n5_norm0_impulse.log,1742,5ace8196c0abb010bdfc990cf5e6c31dddd3f0d0cc21180dbb60ecd6f86ce7c1,file,per-case validation log (validation CSV retained)
tensor_core/results/verify_17251286/w4_tc4_v0/validation/070_fp16_d64_n5_norm0_uniform.log,1742,ee9cf9747efc377ea36e26f676ce1eb5c03031f26a9f3294c250ac36c43d645d,file,per-case validation log (validation CSV retained)
tensor_core/results/verify_17251286/w4_tc4_v0/validation/071_fp16_d64_n5_norm0_outlier.log,1742,57c4a1a4443ee24f51b7929a6e468ab71085ffa6d39356a161762ec3f910fed0,file,per-case validation log (validation CSV retained)
tensor_core/results/verify_17251286/w4_tc4_v0/validation/072_fp16_d128_n5_norm1_zeros.log,1742,7fdfbf85616e50322d70d7ef741367976caf4bc201898029a9072d5dbc4998a5,file,per-case validation log (validation CSV retained)
tensor_core/results/verify_17251286/w4_tc4_v0/validation/073_fp16_d128_n5_norm1_constant.log,1742,a43146e4db12a8949762d61f05b6cbd5d6b80db097d65a8fe79fd381e7adfb77,file,per-case validation log (validation CSV retained)
tensor_core/results/verify_17251286/w4_tc4_v0/validation/074_fp16_d128_n5_norm1_alternating.log,1742,1a2f9c058fa1f001625f75b50b5c79b327212c8699f7dff3a529f33eea7b4f04,file,per-case validation log (validation CSV retained)
tensor_core/results/verify_17251286/w4_tc4_v0/validation/075_fp16_d128_n5_norm1_impulse.log,1742,4e0bc212e401dbfca9a40d3dd91f960c24ec42c470612b824ecf4ea6b6fe5dd4,file,per-case validation log (validation CSV retained)
tensor_core/results/verify_17251286/w4_tc4_v0/validation/076_fp16_d128_n5_norm1_uniform.log,1742,9959c709a622aaece62bcf040b9d2903fdec1fa3cdc2297b156942c6bf529d34,file,per-case validation log (validation CSV retained)
tensor_core/results/verify_17251286/w4_tc4_v0/validation/077_fp16_d128_n5_norm1_outlier.log,1742,4f111d442c11de193b321bb9acbd074fff3d02200ca2aed8a7c8506feb6156d8,file,per-case validation log (validation CSV retained)
tensor_core/results/verify_17251286/w4_tc4_v0/validation/078_fp16_d128_n5_norm0_zeros.log,1743,4e597b8f1d3ce25f3a42b30061dc6a72a19df7be4658d1f1f6b66f71748894b9,file,per-case validation log (validation CSV retained)
tensor_core/results/verify_17251286/w4_tc4_v0/validation/079_fp16_d128_n5_norm0_constant.log,1743,63ebe618caa7371ede7c8eaf5d522c2550e847c4c269a16edb9ce0aaa0b5be96,file,per-case validation log (validation CSV retained)
tensor_core/results/verify_17251286/w4_tc4_v0/validation/080_fp16_d128_n5_norm0_alternating.log,1743,9da5f936a42f084e3ef303fe9f7cb87d7730f61bba4ffd9a2c88ba5159d6e71f,file,per-case validation log (validation CSV retained)
tensor_core/results/verify_17251286/w4_tc4_v0/validation/081_fp16_d128_n5_norm0_impulse.log,1743,b2bb38c1064f877f6536b97caf48c8d9df4c966cd33b5101bc758d37060a240e,file,per-case validation log (validation CSV retained)
tensor_core/results/verify_17251286/w4_tc4_v0/validation/082_fp16_d128_n5_norm0_uniform.log,1743,ff0f544f31a661c6782a2000fa60f416f7e041193e1f16b68d604cb2d15896fa,file,per-case validation log (validation CSV retained)
tensor_core/results/verify_17251286/w4_tc4_v0/validation/083_fp16_d128_n5_norm0_outlier.log,1743,c4bf86fe1975086d221871aae7f1251255d75c2cf6c684f7f275a39c57acec70,file,per-case validation log (validation CSV retained)
tensor_core/results/verify_17251286/w4_tc4_v0/validation/084_fp16_d256_n5_norm1_zeros.log,1743,d4038e70b2e1737becb3c5b403b303199a04ac401fd9553254313e010b9e4783,file,per-case validation log (validation CSV retained)
tensor_core/results/verify_17251286/w4_tc4_v0/validation/085_fp16_d256_n5_norm1_constant.log,1743,d1fb7a20f466ab872148f675c7a565daacfe0741b1b8a83ec0ebf8b3db79f567,file,per-case validation log (validation CSV retained)
tensor_core/results/verify_17251286/w4_tc4_v0/validation/086_fp16_d256_n5_norm1_alternating.log,1743,422effaef0fd22d219fd89dd4130283dae58212d35b14b50bdecf56def2c52ff,file,per-case validation log (validation CSV retained)
tensor_core/results/verify_17251286/w4_tc4_v0/validation/087_fp16_d256_n5_norm1_impulse.log,1743,ced4937d86b6d4404dd2fb659d9810ee148d8feaa2faea5e4f7ac78e8ea90fbd,file,per-case validation log (validation CSV retained)
tensor_core/results/verify_17251286/w4_tc4_v0/validation/088_fp16_d256_n5_norm1_uniform.log,1743,1191deb82cdf72383d2b460dfc84d8bd845540644e4b758329742df89a0bac53,file,per-case validation log (validation CSV retained)
tensor_core/results/verify_17251286/w4_tc4_v0/validation/089_fp16_d256_n5_norm1_outlier.log,1743,f84f039f3690969e7930b6ed256fbf2c86f55f5960bcc86b932928897c84ceea,file,per-case validation log (validation CSV retained)
tensor_core/results/verify_17251286/w4_tc4_v0/validation/090_fp16_d256_n5_norm0_zeros.log,1744,8fe225ebc70a529a4170ec62d158054a431cfa8305772d135ee33bf8f66aa30d,file,per-case validation log (validation CSV retained)
tensor_core/results/verify_17251286/w4_tc4_v0/validation/091_fp16_d256_n5_norm0_constant.log,1744,4988dad238377da1f91ab630deb74827c059c573c793c072de0ca68465f8c739,file,per-case validation log (validation CSV retained)
tensor_core/results/verify_17251286/w4_tc4_v0/validation/092_fp16_d256_n5_norm0_alternating.log,1744,52cd437c8cf02132e0d53e40769592be2f3a44cae0518ad1d13e3ed275452fe0,file,per-case validation log (validation CSV retained)
tensor_core/results/verify_17251286/w4_tc4_v0/validation/093_fp16_d256_n5_norm0_impulse.log,1744,48592baafea0b2c2454ecdc0081a87ca140d474ecc780e33da310465bb8581ea,file,per-case validation log (validation CSV retained)
tensor_core/results/verify_17251286/w4_tc4_v0/validation/094_fp16_d256_n5_norm0_uniform.log,1744,7016d5b0ca82864d4e1a10c5f629d5d27fdaa0d2a5c2fa2632ddb8a818fa4946,file,per-case validation log (validation CSV retained)
tensor_core/results/verify_17251286/w4_tc4_v0/validation/095_fp16_d256_n5_norm0_outlier.log,1744,09229ee8663f166705206aa79101d34b5ce6c8b7239f287e1fe09bf90fa30201,file,per-case validation log (validation CSV retained)
tensor_core/results/verify_17251286/w4_tc4_v0/validation/096_bf16_d64_n5_norm1_zeros.log,1741,35f856549ce6c913c1faf1151b7c47fe171307958644ba123dae11b8a8ab303b,file,per-case validation log (validation CSV retained)
tensor_core/results/verify_17251286/w4_tc4_v0/validation/097_bf16_d64_n5_norm1_constant.log,1741,d90ffb1bea886b2030d79a755dac99325e53766353624e74fcb9570ea501593e,file,per-case validation log (validation CSV retained)
tensor_core/results/verify_17251286/w4_tc4_v0/validation/098_bf16_d64_n5_norm1_alternating.log,1741,7c98b34396dfcb862f69511ef8eee2af1f3eec4d08eda1c5027b89f526dadacc,file,per-case validation log (validation CSV retained)
tensor_core/results/verify_17251286/w4_tc4_v0/validation/099_bf16_d64_n5_norm1_impulse.log,1741,637e97da3a77ac4d0868c7bbf8e8586cb36b86d350980072d8856420b702de67,file,per-case validation log (validation CSV retained)
tensor_core/results/verify_17251286/w4_tc4_v0/validation/100_bf16_d64_n5_norm1_uniform.log,1741,8c97dace84c7d68dfe97546a467e7b93e8452424aac12130c721c17d15355a05,file,per-case validation log (validation CSV retained)
tensor_core/results/verify_17251286/w4_tc4_v0/validation/101_bf16_d64_n5_norm1_outlier.log,1741,d3cfb4104bbca6804770ee19f06a5b751d9dad41a148a80699365bcff6cce820,file,per-case validation log (validation CSV retained)
tensor_core/results/verify_17251286/w4_tc4_v0/validation/102_bf16_d64_n5_norm0_zeros.log,1742,9772a79e85b5043cd5ef2b676b8f30b0ea52474f71840f6fd9aa2965f9062050,file,per-case validation log (validation CSV retained)
tensor_core/results/verify_17251286/w4_tc4_v0/validation/103_bf16_d64_n5_norm0_constant.log,1742,4fe43e1629c136f6537680c1c534d586c4988deacfea5108acad1db0d0ecb682,file,per-case validation log (validation CSV retained)
tensor_core/results/verify_17251286/w4_tc4_v0/validation/104_bf16_d64_n5_norm0_alternating.log,1742,2b626b4d7879eee4d7ce2149a53e160bbe8a0a167e9d352c4eaaa693f8211e84,file,per-case validation log (validation CSV retained)
tensor_core/results/verify_17251286/w4_tc4_v0/validation/105_bf16_d64_n5_norm0_impulse.log,1742,66402329000b431d7c8b244abaa5e498bef01e7a2c7746ed8721c62f68864257,file,per-case validation log (validation CSV retained)
tensor_core/results/verify_17251286/w4_tc4_v0/validation/106_bf16_d64_n5_norm0_uniform.log,1742,c4c688b07da59fc8f619ca6565a268924f9598ca2c9c71c3d4ef92bfd119a283,file,per-case validation log (validation CSV retained)
tensor_core/results/verify_17251286/w4_tc4_v0/validation/107_bf16_d64_n5_norm0_outlier.log,1742,6eb09610b84d5990c59b09036d2731e585a79a845495f0a07de174fdf01c2780,file,per-case validation log (validation CSV retained)
tensor_core/results/verify_17251286/w4_tc4_v0/validation/108_bf16_d128_n5_norm1_zeros.log,1742,b32a224157abc60f118baa48909352c31e52ffadd806d461e250337c6d44b695,file,per-case validation log (validation CSV retained)
tensor_core/results/verify_17251286/w4_tc4_v0/validation/109_bf16_d128_n5_norm1_constant.log,1742,7a34831f31f4671c12cdec9a0f776e3a08f03e21b1deebbf31bec5140818b7a9,file,per-case validation log (validation CSV retained)
tensor_core/results/verify_17251286/w4_tc4_v0/validation/110_bf16_d128_n5_norm1_alternating.log,1742,7e7f3f153d81a0b30ed8754f3682b300907658a7af34fae257225c331f17c87d,file,per-case validation log (validation CSV retained)
tensor_core/results/verify_17251286/w4_tc4_v0/validation/111_bf16_d128_n5_norm1_impulse.log,1742,25bdb27c77d8b7fc3c18046bd7f65ce7b5c2fa1df27e342b9759f2d8debfe9e8,file,per-case validation log (validation CSV retained)
tensor_core/results/verify_17251286/w4_tc4_v0/validation/112_bf16_d128_n5_norm1_uniform.log,1742,2f8c703ea37a9b430d688592426ecff12df5f9234d4f6650d8c018ddc6cbd637,file,per-case validation log (validation CSV retained)
tensor_core/results/verify_17251286/w4_tc4_v0/validation/113_bf16_d128_n5_norm1_outlier.log,1742,79792823163d0d4a1aa6ac4e3b756e54e926151115bee7dccf931f00f5a1f13a,file,per-case validation log (validation CSV retained)
tensor_core/results/verify_17251286/w4_tc4_v0/validation/114_bf16_d128_n5_norm0_zeros.log,1743,aa729ac95cb43ed7b228f4b82f0a3b39ab19e25e0a5c287aa69e9aa5756c72cd,file,per-case validation log (validation CSV retained)
tensor_core/results/verify_17251286/w4_tc4_v0/validation/115_bf16_d128_n5_norm0_constant.log,1743,1fe4d4fdf022dae0fe750c0cd3c7353b783af368ddb9d3044309a0181e820a6a,file,per-case validation log (validation CSV retained)
tensor_core/results/verify_17251286/w4_tc4_v0/validation/116_bf16_d128_n5_norm0_alternating.log,1743,c02de945417dfbe9ed2b723c8f670199648b9ea802990dc09c2c735d43aefc04,file,per-case validation log (validation CSV retained)
tensor_core/results/verify_17251286/w4_tc4_v0/validation/117_bf16_d128_n5_norm0_impulse.log,1743,2aac1d084a2cb136480c6eba60df9883a05a104ae0e21a81bd8ad172bfc34149,file,per-case validation log (validation CSV retained)
tensor_core/results/verify_17251286/w4_tc4_v0/validation/118_bf16_d128_n5_norm0_uniform.log,1743,a02b92fd6537bbf7067d4b590b51c7f5b57ba39fdabc6a6cdce4f48120b44bc0,file,per-case validation log (validation CSV retained)
tensor_core/results/verify_17251286/w4_tc4_v0/validation/119_bf16_d128_n5_norm0_outlier.log,1743,2550e0388571c1b335deceb5f67b2d55b5f13cfe7ce2779044e6c7ddf947ec0d,file,per-case validation log (validation CSV retained)
tensor_core/results/verify_17251286/w4_tc4_v0/validation/120_bf16_d256_n5_norm1_zeros.log,1743,b5624afaa44a398c3c3e17f85d75d2ef516f462853320f1faaf7b8d467f86de6,file,per-case validation log (validation CSV retained)
tensor_core/results/verify_17251286/w4_tc4_v0/validation/121_bf16_d256_n5_norm1_constant.log,1743,d53aabb3b9392b64d995075545e9b1246a1d523f2a8145e4c48fc42318c9dcb3,file,per-case validation log (validation CSV retained)
tensor_core/results/verify_17251286/w4_tc4_v0/validation/122_bf16_d256_n5_norm1_alternating.log,1743,b3d97e8c1c5d5ab9d9fb410907f8dc6019b9ffdfefc6fc9f113e1f2ac2dc1440,file,per-case validation log (validation CSV retained)
tensor_core/results/verify_17251286/w4_tc4_v0/validation/123_bf16_d256_n5_norm1_impulse.log,1743,0d0c1eeabc4bf8660ace27d5e852d1c7576f13447a1215b65e32e595ca753992,file,per-case validation log (validation CSV retained)
tensor_core/results/verify_17251286/w4_tc4_v0/validation/124_bf16_d256_n5_norm1_uniform.log,1743,523ce62aa8843e8ce708c4758bd2cb5cf7e1f1485d873967f5f7247792e8ace3,file,per-case validation log (validation CSV retained)
tensor_core/results/verify_17251286/w4_tc4_v0/validation/125_bf16_d256_n5_norm1_outlier.log,1743,d8ed4438c747a0dacc541d0d0d2217e1fac073aecbc48c1fab8f31a23c302d59,file,per-case validation log (validation CSV retained)
tensor_core/results/verify_17251286/w4_tc4_v0/validation/126_bf16_d256_n5_norm0_zeros.log,1744,7f23a5e6c9779c7b131730c0f3b02ab0de48c8d73677b65bedfcba52cf88ceb3,file,per-case validation log (validation CSV retained)
tensor_core/results/verify_17251286/w4_tc4_v0/validation/127_bf16_d256_n5_norm0_constant.log,1744,9f66890758a50e7566c8bb6b362fd97f324851ca443edbdbe194a90af6076740,file,per-case validation log (validation CSV retained)
tensor_core/results/verify_17251286/w4_tc4_v0/validation/128_bf16_d256_n5_norm0_alternating.log,1744,b30f3ede9d3ba5a6408cec82901a69c5ace42bd5beed9f69810b69b0dc76c5da,file,per-case validation log (validation CSV retained)
tensor_core/results/verify_17251286/w4_tc4_v0/validation/129_bf16_d256_n5_norm0_impulse.log,1744,abe1316c2161590195e1265654bf5b3adb2e732988f54eb6b30704bda56d937b,file,per-case validation log (validation CSV retained)
tensor_core/results/verify_17251286/w4_tc4_v0/validation/130_bf16_d256_n5_norm0_uniform.log,1744,7059fad134316de186cab9de355de069155a6d3f355ba2cbd615414e29c4288f,file,per-case validation log (validation CSV retained)
tensor_core/results/verify_17251286/w4_tc4_v0/validation/131_bf16_d256_n5_norm0_outlier.log,1744,74faf8066266d23276e8d6fb09654e53aef365b303508d5f5b134e8856e33b3c,file,per-case validation log (validation CSV retained)
tensor_core/results/verify_17251286/w4_tc4_v0/validation/failures,75,7d015ed57a3e52c9fc5bc71e426e6e0883fe497df9a9f672f77821b426800fb6,symlink,raw failure samples (validation CSV retained)
tensor_core/results/verify_17251286/w4_tc4_v1/validation/000_fp16_d64_n1_norm1_normal.log,1740,74759f93ae417e6fa818167d9a49d9a42090e833a4253f11f21fc35eca20a064,file,per-case validation log (validation CSV retained)
tensor_core/results/verify_17251286/w4_tc4_v1/validation/001_fp16_d64_n5_norm1_normal.log,1741,b3e46a6d09c4c277ee51edc563b5544c0b192cc933eca30adcc190794715c448,file,per-case validation log (validation CSV retained)
tensor_core/results/verify_17251286/w4_tc4_v1/validation/002_fp16_d64_n2048_norm1_normal.log,1750,34f578b08d8a4d63fecd2f4295be763b706d19d1c7e57c5d357f8082e8edab44,file,per-case validation log (validation CSV retained)
tensor_core/results/verify_17251286/w4_tc4_v1/validation/003_fp16_d64_n1_norm0_normal.log,1741,63d2dc3988819567171389debcd3e0d20100b7c6ca7acee81ab622744816babe,file,per-case validation log (validation CSV retained)
tensor_core/results/verify_17251286/w4_tc4_v1/validation/004_fp16_d64_n5_norm0_normal.log,1742,b4333cfab233c35cb60c93b6d6f1de586831a7b07d90b66bbef06c01c6e3ee03,file,per-case validation log (validation CSV retained)
tensor_core/results/verify_17251286/w4_tc4_v1/validation/005_fp16_d64_n2048_norm0_normal.log,1751,24cb949c5b5bae8adc1bbe165c773a19d5d69995acab625adc18d9133fd19bba,file,per-case validation log (validation CSV retained)
tensor_core/results/verify_17251286/w4_tc4_v1/validation/006_fp16_d128_n1_norm1_normal.log,1742,7028803c6158d49c074afe3389c880b562beddcfd2de2fa6f71cd2d9234c0cd8,file,per-case validation log (validation CSV retained)
tensor_core/results/verify_17251286/w4_tc4_v1/validation/007_fp16_d128_n5_norm1_normal.log,1742,4e971f6810a696efe54a6a369019693612d4aba5be1d0145c0ccf91c219bc787,file,per-case validation log (validation CSV retained)
tensor_core/results/verify_17251286/w4_tc4_v1/validation/008_fp16_d128_n2048_norm1_normal.log,1751,cc06a57b5c7bbd41716fb858e01c6a37e7dae6a8cb0e5f74f6d4b6c0b9f266ba,file,per-case validation log (validation CSV retained)
tensor_core/results/verify_17251286/w4_tc4_v1/validation/009_fp16_d128_n1_norm0_normal.log,1743,eed076478409ae13f5ff0ef737a452056b8a0ad5b427d9acf966b17aa740b540,file,per-case validation log (validation CSV retained)
tensor_core/results/verify_17251286/w4_tc4_v1/validation/010_fp16_d128_n5_norm0_normal.log,1743,75050607fa5826c7c99eb7ac4ac43d2301d71e5a4f9302af706f8237e00e8d7d,file,per-case validation log (validation CSV retained)
tensor_core/results/verify_17251286/w4_tc4_v1/validation/011_fp16_d128_n2048_norm0_normal.log,1752,a121e0682002036a9abe7c1c4ac2155e89260eac351fb89171ab0e684a3e2423,file,per-case validation log (validation CSV retained)
tensor_core/results/verify_17251286/w4_tc4_v1/validation/012_fp16_d256_n1_norm1_normal.log,1742,228aba9789233be9c416cb69ca51086b43e72ef4c3689be17be650ab1b0d9183,file,per-case validation log (validation CSV retained)
tensor_core/results/verify_17251286/w4_tc4_v1/validation/013_fp16_d256_n5_norm1_normal.log,1743,c4ccd4c45f633232b3527b5afcca524140c539f406ee5819570370b34fa7f198,file,per-case validation log (validation CSV retained)
tensor_core/results/verify_17251286/w4_tc4_v1/validation/014_fp16_d256_n2048_norm1_normal.log,1751,f46ed2479655f791399b033992bca1abe3cab0b86a35ac814390055e3b566c9c,file,per-case validation log (validation CSV retained)
tensor_core/results/verify_17251286/w4_tc4_v1/validation/015_fp16_d256_n1_norm0_normal.log,1743,51ecba4793897755626a60a1755c7880e8b9bdc37faf45d3c49f09ad4d75d8c8,file,per-case validation log (validation CSV retained)
tensor_core/results/verify_17251286/w4_tc4_v1/validation/016_fp16_d256_n5_norm0_normal.log,1744,99cd952e2b1b647ee3d0cd1eb8161a3a8a3023bd2ac4662de675934799208da8,file,per-case validation log (validation CSV retained)
tensor_core/results/verify_17251286/w4_tc4_v1/validation/017_fp16_d256_n2048_norm0_normal.log,1752,226596a272fc5cd2c413f27b37c8669c650394f37d826a67aa602cc315a8ab36,file,per-case validation log (validation CSV retained)
tensor_core/results/verify_17251286/w4_tc4_v1/validation/018_fp16_d512_n1_norm1_normal.log,1588,2e0b68176d4aeeaafe7e18d458645fce64079d25350efcd4705df8b3421be489,file,per-case validation log (validation CSV retained)
tensor_core/results/verify_17251286/w4_tc4_v1/validation/019_fp16_d512_n5_norm1_normal.log,1589,faf7f1abb9b043bb7605eb437db5b5fc8bda69814dcae0861d309b6c62835a94,file,per-case validation log (validation CSV retained)
tensor_core/results/verify_17251286/w4_tc4_v1/validation/020_fp16_d512_n2048_norm1_normal.log,1598,1699d4bfd118e393bc4d3ee2826089c0333ea0a08d0b30baf1628b355834b21a,file,per-case validation log (validation CSV retained)
tensor_core/results/verify_17251286/w4_tc4_v1/validation/021_fp16_d512_n1_norm0_normal.log,1589,9d0b41ac568d368babb6bf22ba7be51457ad7d92c5f973ddbaa5d0402f745695,file,per-case validation log (validation CSV retained)
tensor_core/results/verify_17251286/w4_tc4_v1/validation/022_fp16_d512_n5_norm0_normal.log,1590,72f510e513faf1b887f1db2e86589a49038fe445eef715cb1cc2366a87d52160,file,per-case validation log (validation CSV retained)
tensor_core/results/verify_17251286/w4_tc4_v1/validation/023_fp16_d512_n2048_norm0_normal.log,1599,d48023962afd2c0cbef169ca46881dd1083bf51b73a6275bb1085a711e42de9d,file,per-case validation log (validation CSV retained)
tensor_core/results/verify_17251286/w4_tc4_v1/validation/024_fp16_d1024_n1_norm1_normal.log,1590,fbb927ddf6b35e08581756ac87bb56c2c2408a5f661d76ebbc1f55ffcfc391fe,file,per-case validation log (validation CSV retained)
tensor_core/results/verify_17251286/w4_tc4_v1/validation/025_fp16_d1024_n5_norm1_normal.log,1590,735ac7430b84cc2237f46597df9ee750cb0973d39927c6c3b31fab1e83cc4ef8,file,per-case validation log (validation CSV retained)
tensor_core/results/verify_17251286/w4_tc4_v1/validation/026_fp16_d1024_n2048_norm1_normal.log,1599,e80145d8a18feed85f42dc9425ceb3dcbf1ecbb5356082a9f66ed56d505655a5,file,per-case validation log (validation CSV retained)
tensor_core/results/verify_17251286/w4_tc4_v1/validation/027_fp16_d1024_n1_norm0_normal.log,1591,8c8ebb1ee7ef13f7899a15eae820cc57998dcaa15f44ae78538c39db6ca0eb2c,file,per-case validation log (validation CSV retained)
tensor_core/results/verify_17251286/w4_tc4_v1/validation/028_fp16_d1024_n5_norm0_normal.log,1591,321d3d333aa4abe75087b7aa4b9c0c6b6f1667d79ac5aa53ae3c7c13ade2bafa,file,per-case validation log (validation CSV retained)
tensor_core/results/verify_17251286/w4_tc4_v1/validation/029_fp16_d1024_n2048_norm0_normal.log,1600,65696d1ae8ade6c809d28c9d123b65cfd008f3c65873651d2f1add38aa7fdfaf,file,per-case validation log (validation CSV retained)
tensor_core/results/verify_17251286/w4_tc4_v1/validation/030_bf16_d64_n1_norm1_normal.log,1740,4e38c9efd505fd1861fea2354950b1e63ff42edfd8a8415ad65b7bfb27926737,file,per-case validation log (validation CSV retained)
tensor_core/results/verify_17251286/w4_tc4_v1/validation/031_bf16_d64_n5_norm1_normal.log,1741,690290520051f3f0d120421b9a48462695c0189f229aa742bd9015c86f380f04,file,per-case validation log (validation CSV retained)
tensor_core/results/verify_17251286/w4_tc4_v1/validation/032_bf16_d64_n2048_norm1_normal.log,1750,e4704058e8b76a9344850e25261c473588432841a0b635d4a8290f8e10816a4d,file,per-case validation log (validation CSV retained)
tensor_core/results/verify_17251286/w4_tc4_v1/validation/033_bf16_d64_n1_norm0_normal.log,1741,366279d84fd95baa41d21a4bfa395ff15437ad3ff272ef28511b737a623fefa3,file,per-case validation log (validation CSV retained)
tensor_core/results/verify_17251286/w4_tc4_v1/validation/034_bf16_d64_n5_norm0_normal.log,1742,a4311dbd3a6b43f544ef6f9043be3717ee250ee3c51bfbe283695093bb268624,file,per-case validation log (validation CSV retained)
tensor_core/results/verify_17251286/w4_tc4_v1/validation/035_bf16_d64_n2048_norm0_normal.log,1751,fd782814aec94e5176e26f1400baee5b4e05529664583541eb041e9ba73e4c2b,file,per-case validation log (validation CSV retained)
tensor_core/results/verify_17251286/w4_tc4_v1/validation/036_bf16_d128_n1_norm1_normal.log,1742,743ee1dfa5247dddc909b7ecd348ca6ce356948ae6611f6eea93136bf7f0dad5,file,per-case validation log (validation CSV retained)
tensor_core/results/verify_17251286/w4_tc4_v1/validation/037_bf16_d128_n5_norm1_normal.log,1742,93ce513b07cb04e9748bffa56503311209ce56d6cde9eee283e913ffd9181dc6,file,per-case validation log (validation CSV retained)
tensor_core/results/verify_17251286/w4_tc4_v1/validation/038_bf16_d128_n2048_norm1_normal.log,1751,afae8b2ffb7792bd0399cf7631c375c3802bc3e94b24cbf176832a507fe65929,file,per-case validation log (validation CSV retained)
tensor_core/results/verify_17251286/w4_tc4_v1/validation/039_bf16_d128_n1_norm0_normal.log,1743,51642f5629a763c01f92774a68e18fbf134d83ccc6c4fd840565be25b8a5da71,file,per-case validation log (validation CSV retained)
tensor_core/results/verify_17251286/w4_tc4_v1/validation/040_bf16_d128_n5_norm0_normal.log,1743,f0be80ed3e6d97d15149f6de399f2a0e6dd7476ace0a29a87d5aeb46021dae9a,file,per-case validation log (validation CSV retained)
tensor_core/results/verify_17251286/w4_tc4_v1/validation/041_bf16_d128_n2048_norm0_normal.log,1752,0f9962c0e6da77cab2e89af1e255f11f1888528e106bcad62a0f61c81e34d796,file,per-case validation log (validation CSV retained)
tensor_core/results/verify_17251286/w4_tc4_v1/validation/042_bf16_d256_n1_norm1_normal.log,1742,9462bd443dc8dd2040d5fa71b33f0bd1acc9a18642f58f65ee3ab108717d4bb1,file,per-case validation log (validation CSV retained)
tensor_core/results/verify_17251286/w4_tc4_v1/validation/043_bf16_d256_n5_norm1_normal.log,1743,fabf4f32a3b8dab107a8e5cebbbc150cd63ca1ce6788a3fdc3fc864ecd5089ab,file,per-case validation log (validation CSV retained)
tensor_core/results/verify_17251286/w4_tc4_v1/validation/044_bf16_d256_n2048_norm1_normal.log,1749,53dd42041aa73305f6d0c986d60103fdf8098a4fa685a7b7b2c6bf6314c19563,file,per-case validation log (validation CSV retained)
tensor_core/results/verify_17251286/w4_tc4_v1/validation/045_bf16_d256_n1_norm0_normal.log,1743,7de9d1c50e4fccc144d5fe5326f72a7c30dce9ad9eb99a4bc6d344f317e2bab1,file,per-case validation log (validation CSV retained)
tensor_core/results/verify_17251286/w4_tc4_v1/validation/046_bf16_d256_n5_norm0_normal.log,1744,1ece03e7265b6db374039c89fdcaacd502ce98694dde898fb0e230b0f7e35a14,file,per-case validation log (validation CSV retained)
tensor_core/results/verify_17251286/w4_tc4_v1/validation/047_bf16_d256_n2048_norm0_normal.log,1750,30406f04dda89c8d4b3dc240187346d50f2d914061417f81352bd5af8fbd6b93,file,per-case validation log (validation CSV retained)
tensor_core/results/verify_17251286/w4_tc4_v1/validation/048_bf16_d512_n1_norm1_normal.log,1588,1601e5edb2f97cd3413cd1521440c7ba73e52ee9b98985f5dbcfdae873d68820,file,per-case validation log (validation CSV retained)
tensor_core/results/verify_17251286/w4_tc4_v1/validation/049_bf16_d512_n5_norm1_normal.log,1589,458061d19e849e92a32a7bbde81c16635c7cd328528bffc4b4f0e839593cdf24,file,per-case validation log (validation CSV retained)
tensor_core/results/verify_17251286/w4_tc4_v1/validation/050_bf16_d512_n2048_norm1_normal.log,1598,e9476389673eddaba84ce7a41d2d6d29e4b956506a0df42ad42d02b3e4b05222,file,per-case validation log (validation CSV retained)
tensor_core/results/verify_17251286/w4_tc4_v1/validation/051_bf16_d512_n1_norm0_normal.log,1589,14e781f272ca96e18ab41486d2a227bf04c924ee6673a4487baece1b0063fd21,file,per-case validation log (validation CSV retained)
tensor_core/results/verify_17251286/w4_tc4_v1/validation/052_bf16_d512_n5_norm0_normal.log,1590,6f7e8c142b0a9b6c8b921ad7ae382c5619d6bfeaf9693a81e893b0aadec73476,file,per-case validation log (validation CSV retained)
tensor_core/results/verify_17251286/w4_tc4_v1/validation/053_bf16_d512_n2048_norm0_normal.log,1599,adf46d9e42d5bbbf33b7eb1fda77cae4a10d1ee3844ba0078fdcf44e21157eb2,file,per-case validation log (validation CSV retained)
tensor_core/results/verify_17251286/w4_tc4_v1/validation/054_bf16_d1024_n1_norm1_normal.log,1590,ffb59b131aff9b4aaaa60d3366bd29f7337dcfa3c42dd5aa7e20d180764c9518,file,per-case validation log (validation CSV retained)
tensor_core/results/verify_17251286/w4_tc4_v1/validation/055_bf16_d1024_n5_norm1_normal.log,1590,f3740712db04bf920a11910d8e1d1e6a6c5f896b1291db5bfbbcb654aa334b06,file,per-case validation log (validation CSV retained)
tensor_core/results/verify_17251286/w4_tc4_v1/validation/056_bf16_d1024_n2048_norm1_normal.log,1599,7f57472d974a419dcb9f8308a0c1a3452ca031484258c5e7941b4ab8a3b170de,file,per-case validation log (validation CSV retained)
tensor_core/results/verify_17251286/w4_tc4_v1/validation/057_bf16_d1024_n1_norm0_normal.log,1591,3ddeeb99dd59b7429ca27e426b52e88b2a438a70abc254ba08552738db9e3eba,file,per-case validation log (validation CSV retained)
tensor_core/results/verify_17251286/w4_tc4_v1/validation/058_bf16_d1024_n5_norm0_normal.log,1591,7538654fb4103321b74159ff44a6b9f0794596da1e0f6e110598719ab18a0638,file,per-case validation log (validation CSV retained)
tensor_core/results/verify_17251286/w4_tc4_v1/validation/059_bf16_d1024_n2048_norm0_normal.log,1600,609aa26e5535b4d8c05037a498bbf2bf1cc561f8f6c93a3e487326dfcdceed58,file,per-case validation log (validation CSV retained)
tensor_core/results/verify_17251286/w4_tc4_v1/validation/060_fp16_d64_n5_norm1_zeros.log,1741,ccfc8196e312fea0e4b3ae3d07077244b84eb43732dcc57adbc6a3b3a2f59bf9,file,per-case validation log (validation CSV retained)
tensor_core/results/verify_17251286/w4_tc4_v1/validation/061_fp16_d64_n5_norm1_constant.log,1741,e9eb8623bfb70d07b29703c82ab07ee8bf3842be685955ac5d180e29061b53dc,file,per-case validation log (validation CSV retained)
tensor_core/results/verify_17251286/w4_tc4_v1/validation/062_fp16_d64_n5_norm1_alternating.log,1741,a2ab38c5a05302f76b88ad62d7148d05afe6fc52747004a2d4f6c78aec5ccd5e,file,per-case validation log (validation CSV retained)
tensor_core/results/verify_17251286/w4_tc4_v1/validation/063_fp16_d64_n5_norm1_impulse.log,1741,b2c3d05cc9c17a9101db43deb40ab550795a2e10b2526a71472e20c8d1e0eda6,file,per-case validation log (validation CSV retained)
tensor_core/results/verify_17251286/w4_tc4_v1/validation/064_fp16_d64_n5_norm1_uniform.log,1741,2f2f2ddfe9b63d1150759326913b7e5ceed4d8a04dcb7e1755ac8d0a735ce377,file,per-case validation log (validation CSV retained)
tensor_core/results/verify_17251286/w4_tc4_v1/validation/065_fp16_d64_n5_norm1_outlier.log,1741,2a3be5038774d63be7177ed79659a18c55457d4acab4467c97c63832790f254e,file,per-case validation log (validation CSV retained)
tensor_core/results/verify_17251286/w4_tc4_v1/validation/066_fp16_d64_n5_norm0_zeros.log,1742,7bef981e762cd3f0e9eae70371e1cc1a643dd6b26470d9e54c3558ba9c1afa2c,file,per-case validation log (validation CSV retained)
tensor_core/results/verify_17251286/w4_tc4_v1/validation/067_fp16_d64_n5_norm0_constant.log,1742,fdc48b9432634a58f85f163b8261b05102db860151b056e5a61e1e0da55eeda6,file,per-case validation log (validation CSV retained)
tensor_core/results/verify_17251286/w4_tc4_v1/validation/068_fp16_d64_n5_norm0_alternating.log,1742,99e76b32ac4074d1eab00d5e315a3d1bd14ffbd7af247cac68bb40f731c4ef7a,file,per-case validation log (validation CSV retained)
tensor_core/results/verify_17251286/w4_tc4_v1/validation/069_fp16_d64_n5_norm0_impulse.log,1742,0c4684cce5e81fdfd2c58dde34f180ee48f6e7447090d1017745b855bfcd3cfe,file,per-case validation log (validation CSV retained)
tensor_core/results/verify_17251286/w4_tc4_v1/validation/070_fp16_d64_n5_norm0_uniform.log,1742,f53c6f61bd06ca830aa3578bb1d428bafb7bb28dbf732ac451d77616a45d7a27,file,per-case validation log (validation CSV retained)
tensor_core/results/verify_17251286/w4_tc4_v1/validation/071_fp16_d64_n5_norm0_outlier.log,1742,3776cbf0ff039b323f6e7d3af69c3b638ba42693249ee93e8d2d8de647439def,file,per-case validation log (validation CSV retained)
tensor_core/results/verify_17251286/w4_tc4_v1/validation/072_fp16_d128_n5_norm1_zeros.log,1742,6878bfbea60629c76d7da5eb740b3457e1da874a015065c0d3d3774e3cb7cb3c,file,per-case validation log (validation CSV retained)
tensor_core/results/verify_17251286/w4_tc4_v1/validation/073_fp16_d128_n5_norm1_constant.log,1742,3311a5107c3715da2af99d774719f1538b68c1db7aa46428d470b0caf2fa88e6,file,per-case validation log (validation CSV retained)
tensor_core/results/verify_17251286/w4_tc4_v1/validation/074_fp16_d128_n5_norm1_alternating.log,1742,9c912950f0acdd666ede5becf6649350fd85424405b520ede0f47f5de633909e,file,per-case validation log (validation CSV retained)
tensor_core/results/verify_17251286/w4_tc4_v1/validation/075_fp16_d128_n5_norm1_impulse.log,1742,8d7940cd9e8bff6d8a8638e50303e026cc92d9a9a76580eb7d7578a70ae9038f,file,per-case validation log (validation CSV retained)
tensor_core/results/verify_17251286/w4_tc4_v1/validation/076_fp16_d128_n5_norm1_uniform.log,1742,0afb3583a042195f175c8e2af52c33baec2e289121bedf3daef9cd4653a13fc6,file,per-case validation log (validation CSV retained)
tensor_core/results/verify_17251286/w4_tc4_v1/validation/077_fp16_d128_n5_norm1_outlier.log,1742,99defb75b1079e7800a48998b723e4f7125489f235271fd2abbf44728e946764,file,per-case validation log (validation CSV retained)
tensor_core/results/verify_17251286/w4_tc4_v1/validation/078_fp16_d128_n5_norm0_zeros.log,1743,6c57671de893d0829cd4283874e7deb7f297b2742d885cd2ea9eccc26dc29ff2,file,per-case validation log (validation CSV retained)
tensor_core/results/verify_17251286/w4_tc4_v1/validation/079_fp16_d128_n5_norm0_constant.log,1743,0e05bcdfae63624b2ce89078afe18172938ece916be499e8aadcd8e8c2a45517,file,per-case validation log (validation CSV retained)
tensor_core/results/verify_17251286/w4_tc4_v1/validation/080_fp16_d128_n5_norm0_alternating.log,1743,2799bfcbb2fb11f974e90e8a4473bdde2dae2e1ca345538598efed44e1bcea2d,file,per-case validation log (validation CSV retained)
tensor_core/results/verify_17251286/w4_tc4_v1/validation/081_fp16_d128_n5_norm0_impulse.log,1743,3b0739edeedb987d58d187e066f62a2a0c5e73e8361c4bcff6c4cfac79d6b990,file,per-case validation log (validation CSV retained)
tensor_core/results/verify_17251286/w4_tc4_v1/validation/082_fp16_d128_n5_norm0_uniform.log,1743,a8df4bf0d900210661a57d48de688b9cbd998a84f65fa674096111a20866c4a0,file,per-case validation log (validation CSV retained)
tensor_core/results/verify_17251286/w4_tc4_v1/validation/083_fp16_d128_n5_norm0_outlier.log,1743,9ea63828c9202bebb8ad79bf3c866c11d1e6908d98c8d4af90e3da4afc9428f0,file,per-case validation log (validation CSV retained)
tensor_core/results/verify_17251286/w4_tc4_v1/validation/084_fp16_d256_n5_norm1_zeros.log,1743,805ebcd632854c55bdd6b2f8e61f686e98e1dd976445ff531d0c0f8fd1472b39,file,per-case validation log (validation CSV retained)
tensor_core/results/verify_17251286/w4_tc4_v1/validation/085_fp16_d256_n5_norm1_constant.log,1743,57b196fe0187f45aed84367d0ead2bebe1dfb6f0461459d7296dc8a82d1259f3,file,per-case validation log (validation CSV retained)
tensor_core/results/verify_17251286/w4_tc4_v1/validation/086_fp16_d256_n5_norm1_alternating.log,1743,b7aade2b63c15e98503153e77f869b536c28fdab694ba246ff4b005f0450b129,file,per-case validation log (validation CSV retained)
tensor_core/results/verify_17251286/w4_tc4_v1/validation/087_fp16_d256_n5_norm1_impulse.log,1743,85d6a1f330764158b12f60f92876649bcd80c0787567be538d071be33700fcfa,file,per-case validation log (validation CSV retained)
tensor_core/results/verify_17251286/w4_tc4_v1/validation/088_fp16_d256_n5_norm1_uniform.log,1743,5438c02bdb3f3b07d2edc41b67235a1519d7cd9ebc27dc05b607d0c4a84e8595,file,per-case validation log (validation CSV retained)
tensor_core/results/verify_17251286/w4_tc4_v1/validation/089_fp16_d256_n5_norm1_outlier.log,1743,83ce3205fa77ca37dc8e10a7c5122e2ada230adbf1bb373a4addac08cdd5c9ee,file,per-case validation log (validation CSV retained)
tensor_core/results/verify_17251286/w4_tc4_v1/validation/090_fp16_d256_n5_norm0_zeros.log,1744,64af9a0b74d3b596ef2e188c48d6b6688b7fe14d132ef6fe28096f227f47f88e,file,per-case validation log (validation CSV retained)
tensor_core/results/verify_17251286/w4_tc4_v1/validation/091_fp16_d256_n5_norm0_constant.log,1744,147a1491dd430dc7c3ac143232bcd2e94a114e5e401a9a72ccdd2d19baae8ea6,file,per-case validation log (validation CSV retained)
tensor_core/results/verify_17251286/w4_tc4_v1/validation/092_fp16_d256_n5_norm0_alternating.log,1744,ca56fec5dcddc8d918811a196fdf4b0492d8defd59c83b99698e55ba8638082f,file,per-case validation log (validation CSV retained)
tensor_core/results/verify_17251286/w4_tc4_v1/validation/093_fp16_d256_n5_norm0_impulse.log,1744,cce7ff0cbe330b70a17901823ed10b651613c891e4756cffdad35fd18f90c0ff,file,per-case validation log (validation CSV retained)
tensor_core/results/verify_17251286/w4_tc4_v1/validation/094_fp16_d256_n5_norm0_uniform.log,1744,c0719b8766cbb621ee4d4a001d764bb0c76d1e5aaa879c9f82388724478007e7,file,per-case validation log (validation CSV retained)
tensor_core/results/verify_17251286/w4_tc4_v1/validation/095_fp16_d256_n5_norm0_outlier.log,1744,8d1d6f77167313c5e13b4ec5b6bf23c9ba4f4f85e324f370bd8d9087a44ee366,file,per-case validation log (validation CSV retained)
tensor_core/results/verify_17251286/w4_tc4_v1/validation/096_bf16_d64_n5_norm1_zeros.log,1741,9c054a40665f8bb2743410b51d6d209eaefbd75d5a6d014c913d34f080f7e4ee,file,per-case validation log (validation CSV retained)
tensor_core/results/verify_17251286/w4_tc4_v1/validation/097_bf16_d64_n5_norm1_constant.log,1741,8e141fe13a93927dbadb7fb899efa1bc1079be136b00a2ea1efff16001369258,file,per-case validation log (validation CSV retained)
tensor_core/results/verify_17251286/w4_tc4_v1/validation/098_bf16_d64_n5_norm1_alternating.log,1741,52bffef7b6dd2bd66ebfbb616707ffb9077d496c7e5359cff97baeb4ecf53515,file,per-case validation log (validation CSV retained)
tensor_core/results/verify_17251286/w4_tc4_v1/validation/099_bf16_d64_n5_norm1_impulse.log,1741,dc2b881b01d8b28d683d298b0ac51a418dc181fc26b5c931ad37c2bd3bfd2fdd,file,per-case validation log (validation CSV retained)
tensor_core/results/verify_17251286/w4_tc4_v1/validation/100_bf16_d64_n5_norm1_uniform.log,1741,cd42a2c6016db6cc62a26544ae471dfd73a951484782065a43c30161272f723e,file,per-case validation log (validation CSV retained)
tensor_core/results/verify_17251286/w4_tc4_v1/validation/101_bf16_d64_n5_norm1_outlier.log,1741,46caf967fcb9a668162362bc7a492093d29b70fb483eff00b5df9ab2e6f50804,file,per-case validation log (validation CSV retained)
tensor_core/results/verify_17251286/w4_tc4_v1/validation/102_bf16_d64_n5_norm0_zeros.log,1742,ae0726622e73ec7584c4ab31e2e7bb72e955ae4b80ca42a3defd7285b19bb46d,file,per-case validation log (validation CSV retained)
tensor_core/results/verify_17251286/w4_tc4_v1/validation/103_bf16_d64_n5_norm0_constant.log,1742,bd9f048f18b2d3091d494803348115a48832688a95ae3dc195d212f477728ca2,file,per-case validation log (validation CSV retained)
tensor_core/results/verify_17251286/w4_tc4_v1/validation/104_bf16_d64_n5_norm0_alternating.log,1742,5c798b595c7d36f7981840ea205e6c56c69eea8842520d365ca82e63e32a83e0,file,per-case validation log (validation CSV retained)
tensor_core/results/verify_17251286/w4_tc4_v1/validation/105_bf16_d64_n5_norm0_impulse.log,1742,3e7045dcb4167113b63f171ac68cb1a45420beadd98dd9422c7459460d5e7576,file,per-case validation log (validation CSV retained)
tensor_core/results/verify_17251286/w4_tc4_v1/validation/106_bf16_d64_n5_norm0_uniform.log,1742,a50fde6c54e17091b3d83d42a41efce5acf7885d9d0bda6909fb6a2cd17db75f,file,per-case validation log (validation CSV retained)
tensor_core/results/verify_17251286/w4_tc4_v1/validation/107_bf16_d64_n5_norm0_outlier.log,1742,aa667e701b4fa919d496e0071d41d29076c8574048b1e298f33420ee84228c24,file,per-case validation log (validation CSV retained)
tensor_core/results/verify_17251286/w4_tc4_v1/validation/108_bf16_d128_n5_norm1_zeros.log,1742,93e22ae07e7c59f4cb7475a446b0a208deada996faba560f2ffe5c0b09ea816a,file,per-case validation log (validation CSV retained)
tensor_core/results/verify_17251286/w4_tc4_v1/validation/109_bf16_d128_n5_norm1_constant.log,1742,0d81f9a7e4ee870209c20b9c3ae584d1393ced75d4ed86a497adbac5a13dcd87,file,per-case validation log (validation CSV retained)
tensor_core/results/verify_17251286/w4_tc4_v1/validation/110_bf16_d128_n5_norm1_alternating.log,1742,fda777b21e5d0b7483f1ea9d6c32d7411168ae3163eae2aca4888ed9e7a8c8a7,file,per-case validation log (validation CSV retained)
tensor_core/results/verify_17251286/w4_tc4_v1/validation/111_bf16_d128_n5_norm1_impulse.log,1742,6a0033e43aae723a828591ed059bc2c376c7acbe44a0164ec0809b8e1ab4bfd7,file,per-case validation log (validation CSV retained)
tensor_core/results/verify_17251286/w4_tc4_v1/validation/112_bf16_d128_n5_norm1_uniform.log,1742,0743c6ae5dbdd41d4355108614a1b1ce036e7874593487fe532b1eff879e60fb,file,per-case validation log (validation CSV retained)
tensor_core/results/verify_17251286/w4_tc4_v1/validation/113_bf16_d128_n5_norm1_outlier.log,1742,5ad2be3257dfa3cf0ed5b8d87c8e8530e06a7155d02b108eb7b55b940116b405,file,per-case validation log (validation CSV retained)
tensor_core/results/verify_17251286/w4_tc4_v1/validation/114_bf16_d128_n5_norm0_zeros.log,1743,cf8960759ff7f18f6d3083b3dcfacca03058ad1c81f21098dbe598e263b886d0,file,per-case validation log (validation CSV retained)
tensor_core/results/verify_17251286/w4_tc4_v1/validation/115_bf16_d128_n5_norm0_constant.log,1743,fec1226058f8a1d6fc64bce2b4c46aa1e7b82fd4c569199089d7b396e9408684,file,per-case validation log (validation CSV retained)
tensor_core/results/verify_17251286/w4_tc4_v1/validation/116_bf16_d128_n5_norm0_alternating.log,1743,90c8d79bc231009336a654e8cba322cef1bfbd443d0f64a131d5fddd7b93658f,file,per-case validation log (validation CSV retained)
tensor_core/results/verify_17251286/w4_tc4_v1/validation/117_bf16_d128_n5_norm0_impulse.log,1743,8d3b381a661e15f44d72d33b8d7a13b473b9de3455c726775fdeedc8b42dd57c,file,per-case validation log (validation CSV retained)
tensor_core/results/verify_17251286/w4_tc4_v1/validation/118_bf16_d128_n5_norm0_uniform.log,1743,e5d47be87e4c0924ad573fff1a9a7881cc059ef7c97402320e25ff04d306c348,file,per-case validation log (validation CSV retained)
tensor_core/results/verify_17251286/w4_tc4_v1/validation/119_bf16_d128_n5_norm0_outlier.log,1743,3f7d6ddf5f86ef5c2d09a7f653324797eac7fe6aca8fe8635059ba43f65016ff,file,per-case validation log (validation CSV retained)
tensor_core/results/verify_17251286/w4_tc4_v1/validation/120_bf16_d256_n5_norm1_zeros.log,1743,4583070160c0eba8f9782b43c2cc4ee9d88bc330131331f0a1d04c624754b4c4,file,per-case validation log (validation CSV retained)
tensor_core/results/verify_17251286/w4_tc4_v1/validation/121_bf16_d256_n5_norm1_constant.log,1743,6075eb4f53c542794c71fd97545d3f192cb29f46f97d178a55870dc12219ceb8,file,per-case validation log (validation CSV retained)
tensor_core/results/verify_17251286/w4_tc4_v1/validation/122_bf16_d256_n5_norm1_alternating.log,1743,4c5611fd4c5be42a03ebcb8176386b60a4a0d71165562d50dfa1fb2162e5ed50,file,per-case validation log (validation CSV retained)
tensor_core/results/verify_17251286/w4_tc4_v1/validation/123_bf16_d256_n5_norm1_impulse.log,1743,974c84bfa6a33ae2a14ab44d2688a155162f0b0ff35d4cba02cfdb3e2f284145,file,per-case validation log (validation CSV retained)
tensor_core/results/verify_17251286/w4_tc4_v1/validation/124_bf16_d256_n5_norm1_uniform.log,1743,95ec232238fb5de53f3604bfdb1c384c35fa47ea367cb783c2323cec3e4fe5da,file,per-case validation log (validation CSV retained)
tensor_core/results/verify_17251286/w4_tc4_v1/validation/125_bf16_d256_n5_norm1_outlier.log,1743,3650837074a0a205ddc5370d64611113477c07f2b4d6a4cc4fb3994c8974ee33,file,per-case validation log (validation CSV retained)
tensor_core/results/verify_17251286/w4_tc4_v1/validation/126_bf16_d256_n5_norm0_zeros.log,1744,92fbf6ab45c7309a46418d4c9b65d18b178b82f9cbac210518e76cc1c1f3d796,file,per-case validation log (validation CSV retained)
tensor_core/results/verify_17251286/w4_tc4_v1/validation/127_bf16_d256_n5_norm0_constant.log,1744,79602d40acbc38f95faa6a13ed8a6761b52a79b18d03590974a6334a307db49b,file,per-case validation log (validation CSV retained)
tensor_core/results/verify_17251286/w4_tc4_v1/validation/128_bf16_d256_n5_norm0_alternating.log,1744,ba0d4565e2c2e869fa8e547cbc8ba0539c137dceaad7d69bb27ff48328397415,file,per-case validation log (validation CSV retained)
tensor_core/results/verify_17251286/w4_tc4_v1/validation/129_bf16_d256_n5_norm0_impulse.log,1744,587e119a61e2fd9d3746b232c88c896c082e14cc9ce6a840dcb84891df4f711f,file,per-case validation log (validation CSV retained)
tensor_core/results/verify_17251286/w4_tc4_v1/validation/130_bf16_d256_n5_norm0_uniform.log,1744,db74d36b916bd087f6569f4ddce4f63c111210072479df249c269ace59193c6a,file,per-case validation log (validation CSV retained)
tensor_core/results/verify_17251286/w4_tc4_v1/validation/131_bf16_d256_n5_norm0_outlier.log,1744,dd8e39312a8ce98f4e219b4bef3e7fe3f9f89ba4762d11d941b66ba353793f1d,file,per-case validation log (validation CSV retained)
tensor_core/results/verify_17251286/w4_tc4_v1/validation/failures,75,3cebd8e86060c6206b0df9ba81b0e784670a7fe3ee8c824f802d29c28e7635d8,symlink,raw failure samples (validation CSV retained)
tensor_core/results/verify_17251286/w8_tc8_v0/validation/000_fp16_d64_n1_norm1_normal.log,1740,d43597e204108cd4487c71868452a1c0d069d028b040ff3f628272fc69172fc7,file,per-case validation log (validation CSV retained)
tensor_core/results/verify_17251286/w8_tc8_v0/validation/001_fp16_d64_n5_norm1_normal.log,1741,b2cad36f21da901cd298b9ab1ce6baeadc37a1ac746a9f40590f747af65245e1,file,per-case validation log (validation CSV retained)
tensor_core/results/verify_17251286/w8_tc8_v0/validation/002_fp16_d64_n2048_norm1_normal.log,1750,9d45070de8f616572ed225be80485e79439eb645bbe5428ee3dcd0071b08cfb2,file,per-case validation log (validation CSV retained)
tensor_core/results/verify_17251286/w8_tc8_v0/validation/003_fp16_d64_n1_norm0_normal.log,1741,b51907af4a06843682d36f8c2deb53c56941a446768af4673be8ddd756a164f0,file,per-case validation log (validation CSV retained)
tensor_core/results/verify_17251286/w8_tc8_v0/validation/004_fp16_d64_n5_norm0_normal.log,1742,5722008932bece9eed4295290e45889083f80aa2fd98cabd0aa4d6b59d07c3c0,file,per-case validation log (validation CSV retained)
tensor_core/results/verify_17251286/w8_tc8_v0/validation/005_fp16_d64_n2048_norm0_normal.log,1751,710332a53f03024ad5013a6f11a89882aefea84911d8e744032c3633f9a86375,file,per-case validation log (validation CSV retained)
tensor_core/results/verify_17251286/w8_tc8_v0/validation/006_fp16_d128_n1_norm1_normal.log,1742,07682e84c85756334499a731bf82b969e48ebc9d73d1163d84f4df056a139638,file,per-case validation log (validation CSV retained)
tensor_core/results/verify_17251286/w8_tc8_v0/validation/007_fp16_d128_n5_norm1_normal.log,1742,6e98b67b920dfa7ac324e59cfecbb72cc9eb9bc982e68128c09db38d6f3ece71,file,per-case validation log (validation CSV retained)
tensor_core/results/verify_17251286/w8_tc8_v0/validation/008_fp16_d128_n2048_norm1_normal.log,1751,520735d7523fe3098fe2cf0b21a681eb8a4004681ac017ba0db611708cd50bad,file,per-case validation log (validation CSV retained)
tensor_core/results/verify_17251286/w8_tc8_v0/validation/009_fp16_d128_n1_norm0_normal.log,1743,aabb4e50fe9e554838f0e219308bbcb397bd5ababa5c40cf83982f2e4c9367f2,file,per-case validation log (validation CSV retained)
tensor_core/results/verify_17251286/w8_tc8_v0/validation/010_fp16_d128_n5_norm0_normal.log,1743,539cf3eff1bd4520444197990de31f864a7378037b994c0f937e8f44c389cb7d,file,per-case validation log (validation CSV retained)
tensor_core/results/verify_17251286/w8_tc8_v0/validation/011_fp16_d128_n2048_norm0_normal.log,1752,33b4595a613b21f96a607736b16f704fb7dccc8226a5e225d4e0b2afcdb0d04a,file,per-case validation log (validation CSV retained)
tensor_core/results/verify_17251286/w8_tc8_v0/validation/012_fp16_d256_n1_norm1_normal.log,1742,eda876213484356df993abe0cad63a513b0b3e9eee5ac2c86e1cd8c38a779d1e,file,per-case validation log (validation CSV retained)
tensor_core/results/verify_17251286/w8_tc8_v0/validation/013_fp16_d256_n5_norm1_normal.log,1743,28fd20d5bbd6a11cbe74e3301d57e79df0a5ff4451fed3aa9b8d7fd4e41fe6ce,file,per-case validation log (validation CSV retained)
tensor_core/results/verify_17251286/w8_tc8_v0/validation/014_fp16_d256_n2048_norm1_normal.log,1751,4e11a3167cdd8f264ef4d8f8c370923419d2c6fd14ff24889ae524a33977d044,file,per-case validation log (validation CSV retained)
tensor_core/results/verify_17251286/w8_tc8_v0/validation/015_fp16_d256_n1_norm0_normal.log,1743,a4a199753aa35d7eafa1e8c0f06951c64e701cbd618471b6be3b19d6041b48f1,file,per-case validation log (validation CSV retained)
tensor_core/results/verify_17251286/w8_tc8_v0/validation/016_fp16_d256_n5_norm0_normal.log,1744,a384d5421822c24a9ebddb3651a7bd72bd3a3a508a9ce70456a0f085afaf37f2,file,per-case validation log (validation CSV retained)
tensor_core/results/verify_17251286/w8_tc8_v0/validation/017_fp16_d256_n2048_norm0_normal.log,1752,001c26c7313ec43c245c7861647660bd8c595667b81a0e5d550e75e4b8d7a6a4,file,per-case validation log (validation CSV retained)
tensor_core/results/verify_17251286/w8_tc8_v0/validation/018_fp16_d512_n1_norm1_normal.log,1588,72ed924553a98408636a24200a09b9d1ce755980ddfe3cde787787dadd4360b8,file,per-case validation log (validation CSV retained)
tensor_core/results/verify_17251286/w8_tc8_v0/validation/019_fp16_d512_n5_norm1_normal.log,1589,0afbf602344e69a72c5e853dda761a9a7883a7b8d6973ef957a211d3fc9e67ab,file,per-case validation log (validation CSV retained)
tensor_core/results/verify_17251286/w8_tc8_v0/validation/020_fp16_d512_n2048_norm1_normal.log,1598,caf86cbf6e6340ec9d51b478cb944a06934231b128ee3d376459b5439b7326ea,file,per-case validation log (validation CSV retained)
tensor_core/results/verify_17251286/w8_tc8_v0/validation/021_fp16_d512_n1_norm0_normal.log,1589,81c54a97920169dec27813584d1f0120e5c42f28ecdde4d81cfd1a3c3cdb3400,file,per-case validation log (validation CSV retained)
tensor_core/results/verify_17251286/w8_tc8_v0/validation/022_fp16_d512_n5_norm0_normal.log,1590,e4805c51508f4caf12e572b4f7e41d57bcb1ce8abd4b4b458f02e34225cfc04e,file,per-case validation log (validation CSV retained)
tensor_core/results/verify_17251286/w8_tc8_v0/validation/023_fp16_d512_n2048_norm0_normal.log,1599,ab5b6323fa880159c5f7a91e5499cf72e5ea5ed1cab2dbca8fb7b7e26d8119bd,file,per-case validation log (validation CSV retained)
tensor_core/results/verify_17251286/w8_tc8_v0/validation/024_fp16_d1024_n1_norm1_normal.log,1590,8690b1cf1cc9a0ec5a7e20bdc16ca347ba01192d59dd628c8ac35b507dfb3292,file,per-case validation log (validation CSV retained)
tensor_core/results/verify_17251286/w8_tc8_v0/validation/025_fp16_d1024_n5_norm1_normal.log,1590,2198c7dfe6bbbf4c0db81785c3e76d5ad2c48605e903ae860d8349762de5bb8b,file,per-case validation log (validation CSV retained)
tensor_core/results/verify_17251286/w8_tc8_v0/validation/026_fp16_d1024_n2048_norm1_normal.log,1599,3c899681dda97be82d84a581b81c5bc17095a4bdc2fd53dc28fb2321f2dd4e6c,file,per-case validation log (validation CSV retained)
tensor_core/results/verify_17251286/w8_tc8_v0/validation/027_fp16_d1024_n1_norm0_normal.log,1591,fc28b735babd8e723d281380d6437258ff6c476317d84cbf3f1a20353a2edff4,file,per-case validation log (validation CSV retained)
tensor_core/results/verify_17251286/w8_tc8_v0/validation/028_fp16_d1024_n5_norm0_normal.log,1591,c8c8d6e4d87c98e7fb978b9c97b5000a80af65c8834876b28f61c7322b386889,file,per-case validation log (validation CSV retained)
tensor_core/results/verify_17251286/w8_tc8_v0/validation/029_fp16_d1024_n2048_norm0_normal.log,1600,2bb99dac745cae4d81a5fd1391186a87c410e9807919c4c97d7983c7a24474a8,file,per-case validation log (validation CSV retained)
tensor_core/results/verify_17251286/w8_tc8_v0/validation/030_bf16_d64_n1_norm1_normal.log,1740,55d68ea310f08bcb131f548148466444011703c6386a951cd532819f7d331188,file,per-case validation log (validation CSV retained)
tensor_core/results/verify_17251286/w8_tc8_v0/validation/031_bf16_d64_n5_norm1_normal.log,1741,a6078cb0a0cfd407eb614c94602a5eaf8211a65a87d6f83444213fa27fc61ba7,file,per-case validation log (validation CSV retained)
tensor_core/results/verify_17251286/w8_tc8_v0/validation/032_bf16_d64_n2048_norm1_normal.log,1750,c8f06fdc29880a8860dc36e0282f50ce28a19981e93a19c698df8b17cd5b9e2c,file,per-case validation log (validation CSV retained)
tensor_core/results/verify_17251286/w8_tc8_v0/validation/033_bf16_d64_n1_norm0_normal.log,1741,5c1305ebf27d29e99dc13291634dd46ca9ba3b55c1fcceee948704c660deca32,file,per-case validation log (validation CSV retained)
tensor_core/results/verify_17251286/w8_tc8_v0/validation/034_bf16_d64_n5_norm0_normal.log,1742,58d330c1deb93d2295edbc3f4c6ec1b0c485b14d4ce796979379492580f324d9,file,per-case validation log (validation CSV retained)
tensor_core/results/verify_17251286/w8_tc8_v0/validation/035_bf16_d64_n2048_norm0_normal.log,1751,736b254b05fb93976e106a330a20adf9d5da41173e8dbdbebbd305b7d5fcd968,file,per-case validation log (validation CSV retained)
tensor_core/results/verify_17251286/w8_tc8_v0/validation/036_bf16_d128_n1_norm1_normal.log,1742,4066ab3d7075da9fe4ca379493af4789ea101b09c8dd79caa3d48fe4a645c817,file,per-case validation log (validation CSV retained)
tensor_core/results/verify_17251286/w8_tc8_v0/validation/037_bf16_d128_n5_norm1_normal.log,1742,c0d895e304a130e8ab81442ca397154d9f3ef82c00fca4698eb806954627be8b,file,per-case validation log (validation CSV retained)
tensor_core/results/verify_17251286/w8_tc8_v0/validation/038_bf16_d128_n2048_norm1_normal.log,1751,974822f3bedda062f6f56ce07c416a4f1a2c986fe8e7c6fc63afe6bf8849bb93,file,per-case validation log (validation CSV retained)
tensor_core/results/verify_17251286/w8_tc8_v0/validation/039_bf16_d128_n1_norm0_normal.log,1743,8a4c230e6352a88c0119d55c665f88fd79f3708547ac6552fc6a6cfa31653069,file,per-case validation log (validation CSV retained)
tensor_core/results/verify_17251286/w8_tc8_v0/validation/040_bf16_d128_n5_norm0_normal.log,1743,d325d0b9a4b8c512835d21f0c27f78b08213d5a777d8c247c7f0a80073d82031,file,per-case validation log (validation CSV retained)
tensor_core/results/verify_17251286/w8_tc8_v0/validation/041_bf16_d128_n2048_norm0_normal.log,1752,e887f550ec9725f436bfe985b83ffd6d294726c4545ec227a76b8e30d7e26c57,file,per-case validation log (validation CSV retained)
tensor_core/results/verify_17251286/w8_tc8_v0/validation/042_bf16_d256_n1_norm1_normal.log,1742,120a22bec69a116481a5063aa79b2f11a2d650fe8d72c6ab853d8a88e6b0d906,file,per-case validation log (validation CSV retained)
tensor_core/results/verify_17251286/w8_tc8_v0/validation/043_bf16_d256_n5_norm1_normal.log,1743,882d8fad1a6149b38e7cfa529805e86c4ecf1075ab2eb8c31f5636507a991c86,file,per-case validation log (validation CSV retained)
tensor_core/results/verify_17251286/w8_tc8_v0/validation/044_bf16_d256_n2048_norm1_normal.log,1749,80388d9b4d2e3e7e6aa99b695a544fef3da180a2b5c10a31ebd430adec68307c,file,per-case validation log (validation CSV retained)
tensor_core/results/verify_17251286/w8_tc8_v0/validation/045_bf16_d256_n1_norm0_normal.log,1743,a0d2b64813545f8d58b652863df0372205a4a89726828ba77e7344e5bedca11d,file,per-case validation log (validation CSV retained)
tensor_core/results/verify_17251286/w8_tc8_v0/validation/046_bf16_d256_n5_norm0_normal.log,1744,29bd2e48b62a8ae7e40b45a95ef87f1fb82d574aabb1077ec071663ac5531029,file,per-case validation log (validation CSV retained)
tensor_core/results/verify_17251286/w8_tc8_v0/validation/047_bf16_d256_n2048_norm0_normal.log,1750,f7764decd367e27140852c28c50f9b28a0521137c436bfe77220ac117c978c14,file,per-case validation log (validation CSV retained)
tensor_core/results/verify_17251286/w8_tc8_v0/validation/048_bf16_d512_n1_norm1_normal.log,1588,4256dbd2850b1ce1fc215343ec7f75948c29e28aaed40f642fe6e4b0c08fb061,file,per-case validation log (validation CSV retained)
tensor_core/results/verify_17251286/w8_tc8_v0/validation/049_bf16_d512_n5_norm1_normal.log,1589,1a72612fa584d0cd80f357e701cb4450595a9a9caa29d7850664b04fb8e5e985,file,per-case validation log (validation CSV retained)
tensor_core/results/verify_17251286/w8_tc8_v0/validation/050_bf16_d512_n2048_norm1_normal.log,1598,bcbcbe6e1278ae3b34aac7ce08580933f3d42675f866742ec8de05a4ffbfac10,file,per-case validation log (validation CSV retained)
tensor_core/results/verify_17251286/w8_tc8_v0/validation/051_bf16_d512_n1_norm0_normal.log,1589,8c082369d2625f9a9cc2eaa526ed8682e3609af0933e98f0f9998e01009665bc,file,per-case validation log (validation CSV retained)
tensor_core/results/verify_17251286/w8_tc8_v0/validation/052_bf16_d512_n5_norm0_normal.log,1590,6d14c68b632a24789524c85ce0630e668d31fc1c2da54af129dbfbae15292928,file,per-case validation log (validation CSV retained)
tensor_core/results/verify_17251286/w8_tc8_v0/validation/053_bf16_d512_n2048_norm0_normal.log,1599,2509055f566d46a362bce0597c4550b275ea50d22e13ae53797afd3620ab8df3,file,per-case validation log (validation CSV retained)
tensor_core/results/verify_17251286/w8_tc8_v0/validation/054_bf16_d1024_n1_norm1_normal.log,1590,f502d8e7da0ceb4ae6d0e53d9e02e7712d4f8582c85af91081e36cfb0684cda4,file,per-case validation log (validation CSV retained)
tensor_core/results/verify_17251286/w8_tc8_v0/validation/055_bf16_d1024_n5_norm1_normal.log,1590,a7a1af8ec1fff03e7d4ccb56479378be9b5ee9e3dd3f59a53a7e51c0f75f90a8,file,per-case validation log (validation CSV retained)
tensor_core/results/verify_17251286/w8_tc8_v0/validation/056_bf16_d1024_n2048_norm1_normal.log,1599,53104be4c263d23873c2e564df64ef898033d02cec2362531ffb1034d6fdda64,file,per-case validation log (validation CSV retained)
tensor_core/results/verify_17251286/w8_tc8_v0/validation/057_bf16_d1024_n1_norm0_normal.log,1591,2e7d7cb70b3ae822d81713e993bf7904a37bc213740b7e02c7ea5b4081f0813f,file,per-case validation log (validation CSV retained)
tensor_core/results/verify_17251286/w8_tc8_v0/validation/058_bf16_d1024_n5_norm0_normal.log,1591,d68d5f36371a4e9ad819030f476d501c56681a1e0e7670faa7e8448cf1d92f8e,file,per-case validation log (validation CSV retained)
tensor_core/results/verify_17251286/w8_tc8_v0/validation/059_bf16_d1024_n2048_norm0_normal.log,1600,c4cad9c05aa119e4a96230445cce364783a3d8b2aa705e7998f133f0c7cf8ec0,file,per-case validation log (validation CSV retained)
tensor_core/results/verify_17251286/w8_tc8_v0/validation/060_fp16_d64_n5_norm1_zeros.log,1741,47a823c5e911997824179aafba498efaa33eff87182ded9e22bab15b2875c8d9,file,per-case validation log (validation CSV retained)
tensor_core/results/verify_17251286/w8_tc8_v0/validation/061_fp16_d64_n5_norm1_constant.log,1741,f54a13e663ef15119a978b51e4ffe04ba815d535202b57947843f67d4ac8ff94,file,per-case validation log (validation CSV retained)
tensor_core/results/verify_17251286/w8_tc8_v0/validation/062_fp16_d64_n5_norm1_alternating.log,1741,fe8d0a722695b0e1738370e1ea447d8eff3010ea27656d8f144980c425ab62ec,file,per-case validation log (validation CSV retained)
tensor_core/results/verify_17251286/w8_tc8_v0/validation/063_fp16_d64_n5_norm1_impulse.log,1741,42ce7112e816cc63f513a0f2be75492dc46352972887b5262a4a938adb820552,file,per-case validation log (validation CSV retained)
tensor_core/results/verify_17251286/w8_tc8_v0/validation/064_fp16_d64_n5_norm1_uniform.log,1741,187e559984ffcf3c8f41bb47ad93bb99919880856dd12a6413d1496aeb7ec4d1,file,per-case validation log (validation CSV retained)
tensor_core/results/verify_17251286/w8_tc8_v0/validation/065_fp16_d64_n5_norm1_outlier.log,1741,64f7594c7c653b27bc0bec3001834572fe4477af233464c7fe03626906e60dcf,file,per-case validation log (validation CSV retained)
tensor_core/results/verify_17251286/w8_tc8_v0/validation/066_fp16_d64_n5_norm0_zeros.log,1742,fd35d6a8d85dcbad35f14c8f598b0863c7c63095a05257f05a7767d1bde24844,file,per-case validation log (validation CSV retained)
tensor_core/results/verify_17251286/w8_tc8_v0/validation/067_fp16_d64_n5_norm0_constant.log,1742,12be2fcb378c515a257c81ba8a914ae49b9ff76a2e9744cec93f4cfe568482b4,file,per-case validation log (validation CSV retained)
tensor_core/results/verify_17251286/w8_tc8_v0/validation/068_fp16_d64_n5_norm0_alternating.log,1742,e580e0d842234ec2731235b8c6f7a6018a40300617e4bb6399557851dee9b124,file,per-case validation log (validation CSV retained)
tensor_core/results/verify_17251286/w8_tc8_v0/validation/069_fp16_d64_n5_norm0_impulse.log,1742,ecc147cca0779fe907c517f99c51601bf5e0a3f5c4feb153d6c54b632947b967,file,per-case validation log (validation CSV retained)
tensor_core/results/verify_17251286/w8_tc8_v0/validation/070_fp16_d64_n5_norm0_uniform.log,1742,b983b76fa99bcb7e5fcb15ce9bb949e591604d681ec2b96a83379dc48cca1271,file,per-case validation log (validation CSV retained)
tensor_core/results/verify_17251286/w8_tc8_v0/validation/071_fp16_d64_n5_norm0_outlier.log,1742,73252b701c7fa799bfd399fde3f991aca8064a490713400770d7ba8c2185b758,file,per-case validation log (validation CSV retained)
tensor_core/results/verify_17251286/w8_tc8_v0/validation/072_fp16_d128_n5_norm1_zeros.log,1742,5dcbdad6b0820a74ffdcb6b87d2abd0327116fca3bd4cd920cc391ddd933c9f9,file,per-case validation log (validation CSV retained)
tensor_core/results/verify_17251286/w8_tc8_v0/validation/073_fp16_d128_n5_norm1_constant.log,1742,80219c7df54146eb933904a6a2571888784a3a04d5991e2e3365d6e12e9adfe1,file,per-case validation log (validation CSV retained)
tensor_core/results/verify_17251286/w8_tc8_v0/validation/074_fp16_d128_n5_norm1_alternating.log,1742,5256dcb52575ea67985f762b20db692a82a015e43e99081bdd30376f8fb7a2c2,file,per-case validation log (validation CSV retained)
tensor_core/results/verify_17251286/w8_tc8_v0/validation/075_fp16_d128_n5_norm1_impulse.log,1742,28b063d00200053c755912fdcd5ee212422ef83f7292637df90662b65ec4593b,file,per-case validation log (validation CSV retained)
tensor_core/results/verify_17251286/w8_tc8_v0/validation/076_fp16_d128_n5_norm1_uniform.log,1742,246c69026e8c49b60c0b89c8a8e62a42043835eb1439050f6f96b3735c3af8af,file,per-case validation log (validation CSV retained)
tensor_core/results/verify_17251286/w8_tc8_v0/validation/077_fp16_d128_n5_norm1_outlier.log,1742,ec8a5ca727a43fb96fba440080468bb36830b37c56ec845e3bee531ea925b104,file,per-case validation log (validation CSV retained)
tensor_core/results/verify_17251286/w8_tc8_v0/validation/078_fp16_d128_n5_norm0_zeros.log,1743,645826323efe4ce70c00ec80d6a9a78e4af9eae019c5370daf5bfd71d2ce2c76,file,per-case validation log (validation CSV retained)
tensor_core/results/verify_17251286/w8_tc8_v0/validation/079_fp16_d128_n5_norm0_constant.log,1743,ca6b31fc84dd7e8d0c7c165446f6055bbfcfe46a4f724a449b78197cdd8fa671,file,per-case validation log (validation CSV retained)
tensor_core/results/verify_17251286/w8_tc8_v0/validation/080_fp16_d128_n5_norm0_alternating.log,1743,7b1a82faceb70d6d74e9cf132f11699e181663704304a33b7907932f2f4f033d,file,per-case validation log (validation CSV retained)
tensor_core/results/verify_17251286/w8_tc8_v0/validation/081_fp16_d128_n5_norm0_impulse.log,1743,a63bb8f203ae8f99c981d74b9e67bccdc7090f9d3f0f9628dbe81702f093850a,file,per-case validation log (validation CSV retained)
tensor_core/results/verify_17251286/w8_tc8_v0/validation/082_fp16_d128_n5_norm0_uniform.log,1743,e39436a414ac6be14ff9c9f04d86d9506b28a6b194bf9fc3ad6d2ece5ce37705,file,per-case validation log (validation CSV retained)
tensor_core/results/verify_17251286/w8_tc8_v0/validation/083_fp16_d128_n5_norm0_outlier.log,1743,f2df70d5dbabeaedfedaa554bb23a35d4de9d02f2a55624660fd9a11bfa8e96a,file,per-case validation log (validation CSV retained)
tensor_core/results/verify_17251286/w8_tc8_v0/validation/084_fp16_d256_n5_norm1_zeros.log,1743,dd02baeda80af7fc02fd91534d93ff9d8a26641a5b04336a2b1b5621b7da7cf2,file,per-case validation log (validation CSV retained)
tensor_core/results/verify_17251286/w8_tc8_v0/validation/085_fp16_d256_n5_norm1_constant.log,1743,a961d0a389b7d5407b8d8b8438dbd8674dea7bb54c6dacfb1ef88b28b4acfe44,file,per-case validation log (validation CSV retained)
tensor_core/results/verify_17251286/w8_tc8_v0/validation/086_fp16_d256_n5_norm1_alternating.log,1743,27a4079341d47ec60c169cd2d14292095bc681b47e78bd1d7114cead25141fae,file,per-case validation log (validation CSV retained)
tensor_core/results/verify_17251286/w8_tc8_v0/validation/087_fp16_d256_n5_norm1_impulse.log,1743,90e1511ff27666b9003159607fcb4421ecc97c23e4ba4dc9d1f5978cec5dfa3d,file,per-case validation log (validation CSV retained)
tensor_core/results/verify_17251286/w8_tc8_v0/validation/088_fp16_d256_n5_norm1_uniform.log,1743,fd9129148f5621287dd105e8181eb0f44ad31efaf2d06ef92dd021a6cc4055a8,file,per-case validation log (validation CSV retained)
tensor_core/results/verify_17251286/w8_tc8_v0/validation/089_fp16_d256_n5_norm1_outlier.log,1743,f1658c8f8e2ca7690800df42c06d61e3e8720c4c98b931a96cd81d8dbbb50c2b,file,per-case validation log (validation CSV retained)
tensor_core/results/verify_17251286/w8_tc8_v0/validation/090_fp16_d256_n5_norm0_zeros.log,1744,640a8ef41c2335ecc16e0980dfcd3fe2fc5e3dde17e30a13d680a0cab7dc1b8c,file,per-case validation log (validation CSV retained)
tensor_core/results/verify_17251286/w8_tc8_v0/validation/091_fp16_d256_n5_norm0_constant.log,1744,fc02db2d739cd44ff26ae6c19790a40420fc5eb72314726834c4d668951a83ae,file,per-case validation log (validation CSV retained)
tensor_core/results/verify_17251286/w8_tc8_v0/validation/092_fp16_d256_n5_norm0_alternating.log,1744,f9e41c367ebe917aaaddd44c216b687eda2f9874b53ba08d354aad2366ca23ad,file,per-case validation log (validation CSV retained)
tensor_core/results/verify_17251286/w8_tc8_v0/validation/093_fp16_d256_n5_norm0_impulse.log,1744,e35961010bddc106e0182f9efc7336bf8b163667bebb3b70fa55ea8384507386,file,per-case validation log (validation CSV retained)
tensor_core/results/verify_17251286/w8_tc8_v0/validation/094_fp16_d256_n5_norm0_uniform.log,1744,673225e5f3e87c12315ba608f891193e57f920632859cb50bf87af1ecaa2ace2,file,per-case validation log (validation CSV retained)
tensor_core/results/verify_17251286/w8_tc8_v0/validation/095_fp16_d256_n5_norm0_outlier.log,1744,d1b463827034443d23134705bfe17649e249cef82a1da2d9dc8df86793055e39,file,per-case validation log (validation CSV retained)
tensor_core/results/verify_17251286/w8_tc8_v0/validation/096_bf16_d64_n5_norm1_zeros.log,1741,5a1109e962f6cc34dc8d94ea7246c2a9653e07194f9b4b0cb87aaeca360486e8,file,per-case validation log (validation CSV retained)
tensor_core/results/verify_17251286/w8_tc8_v0/validation/097_bf16_d64_n5_norm1_constant.log,1741,489535f5e819325226b1b0d9191a819962209ab4a7db4f6c9d0d079c0d2b97b3,file,per-case validation log (validation CSV retained)
tensor_core/results/verify_17251286/w8_tc8_v0/validation/098_bf16_d64_n5_norm1_alternating.log,1741,96327044cb778e5b066f9811afd6785797f5477838e8a70a2c9cd9e4f45f6347,file,per-case validation log (validation CSV retained)
tensor_core/results/verify_17251286/w8_tc8_v0/validation/099_bf16_d64_n5_norm1_impulse.log,1741,8f7bc7fd3c8df22c506cb50a0adead9822c60436f3a8287c4cbb39c48f39a2a6,file,per-case validation log (validation CSV retained)
tensor_core/results/verify_17251286/w8_tc8_v0/validation/100_bf16_d64_n5_norm1_uniform.log,1741,eed95c7c809cd007ad393c98eb7ca0f2d184999746402978757ec5c224016d09,file,per-case validation log (validation CSV retained)
tensor_core/results/verify_17251286/w8_tc8_v0/validation/101_bf16_d64_n5_norm1_outlier.log,1741,9b384a2dca8dc66df83f4c71f26ecf79d9790649e3215107fb27d8fd36f0be6c,file,per-case validation log (validation CSV retained)
tensor_core/results/verify_17251286/w8_tc8_v0/validation/102_bf16_d64_n5_norm0_zeros.log,1742,8dd5dde3772f8361b5cf0d26c5ed51e6b01740179bbb439d79da115f02a66a4f,file,per-case validation log (validation CSV retained)
tensor_core/results/verify_17251286/w8_tc8_v0/validation/103_bf16_d64_n5_norm0_constant.log,1742,109204f1ea19a76430a2bf22c88a0fd414a29fa6bf4245a482a6f819700cc790,file,per-case validation log (validation CSV retained)
tensor_core/results/verify_17251286/w8_tc8_v0/validation/104_bf16_d64_n5_norm0_alternating.log,1742,f54aa61815b4088c9aa7559e05e6c15a1af6441de9fe1e4a112fea7587817900,file,per-case validation log (validation CSV retained)
tensor_core/results/verify_17251286/w8_tc8_v0/validation/105_bf16_d64_n5_norm0_impulse.log,1742,a6800af871c237195b65cad4a44842ebf5f688db606459dd1259210f8c791e1c,file,per-case validation log (validation CSV retained)
tensor_core/results/verify_17251286/w8_tc8_v0/validation/106_bf16_d64_n5_norm0_uniform.log,1742,d86e60fcbf3bc3555feb53482d495c0d8c1c143b6348615c0e271cdbf58caed9,file,per-case validation log (validation CSV retained)
tensor_core/results/verify_17251286/w8_tc8_v0/validation/107_bf16_d64_n5_norm0_outlier.log,1742,84d0ea9c4c9478dd0e9cfdfe7b4929992eb6e09d6abff18df214a95dcacae9c2,file,per-case validation log (validation CSV retained)
tensor_core/results/verify_17251286/w8_tc8_v0/validation/108_bf16_d128_n5_norm1_zeros.log,1742,978283950b3e4d98c8d980f237900ef2188fedfb424e26299f69f41adf02578f,file,per-case validation log (validation CSV retained)
tensor_core/results/verify_17251286/w8_tc8_v0/validation/109_bf16_d128_n5_norm1_constant.log,1742,d85e1d493f284f25eb63a7a52baa5774398c4deaa7c960d543a0fb0e77b28627,file,per-case validation log (validation CSV retained)
tensor_core/results/verify_17251286/w8_tc8_v0/validation/110_bf16_d128_n5_norm1_alternating.log,1742,6c2cc382d22195aaffb535fbf1d98a7877287dad043302289d75df9b59a5de4c,file,per-case validation log (validation CSV retained)
tensor_core/results/verify_17251286/w8_tc8_v0/validation/111_bf16_d128_n5_norm1_impulse.log,1742,7280851843ce75a11a36e694d9d2202a6461122cff8e94ddb7f638b02dbf4882,file,per-case validation log (validation CSV retained)
tensor_core/results/verify_17251286/w8_tc8_v0/validation/112_bf16_d128_n5_norm1_uniform.log,1742,f3b5cde5ff68289bf58910ac61b910e91c57e9710ddfde88347d90d90d940b5f,file,per-case validation log (validation CSV retained)
tensor_core/results/verify_17251286/w8_tc8_v0/validation/113_bf16_d128_n5_norm1_outlier.log,1742,b5707953bd00ee89af0ae18f4a66eec50fe1fb6c3b7f407f48cd2a0ebda72a7a,file,per-case validation log (validation CSV retained)
tensor_core/results/verify_17251286/w8_tc8_v0/validation/114_bf16_d128_n5_norm0_zeros.log,1743,11151c20d6860db12baaea94a47094844694d6ac744725360ac17d3426a2a541,file,per-case validation log (validation CSV retained)
tensor_core/results/verify_17251286/w8_tc8_v0/validation/115_bf16_d128_n5_norm0_constant.log,1743,f791067122746b54c1d1492ce900f966779996f7ba8459ad1b4f7303719c479f,file,per-case validation log (validation CSV retained)
tensor_core/results/verify_17251286/w8_tc8_v0/validation/116_bf16_d128_n5_norm0_alternating.log,1743,1b70979b37996ce597cd0da5e583f1e8e19519ee17138be6998caf0f56b3da6d,file,per-case validation log (validation CSV retained)
tensor_core/results/verify_17251286/w8_tc8_v0/validation/117_bf16_d128_n5_norm0_impulse.log,1743,e1cd578df8baabddbb8b1aec2fddd45ee38db77bb57809f5d8ecc8e551dca465,file,per-case validation log (validation CSV retained)
tensor_core/results/verify_17251286/w8_tc8_v0/validation/118_bf16_d128_n5_norm0_uniform.log,1743,4b948e73cc4f4adb0547e08cd7022097b4cc38a42525fdd77c22cd7cbbc75bca,file,per-case validation log (validation CSV retained)
tensor_core/results/verify_17251286/w8_tc8_v0/validation/119_bf16_d128_n5_norm0_outlier.log,1743,3130c5ded8852662452ccf137bfbe2c2b15ce6d31a43d6a1e08c38f5208ca667,file,per-case validation log (validation CSV retained)
tensor_core/results/verify_17251286/w8_tc8_v0/validation/120_bf16_d256_n5_norm1_zeros.log,1743,bf3e4aa1dd23d224fe39df857e6d78358cee74a920379cac7f34740d25711d7d,file,per-case validation log (validation CSV retained)
tensor_core/results/verify_17251286/w8_tc8_v0/validation/121_bf16_d256_n5_norm1_constant.log,1743,a9889bc486b607e8812a7c5e6fb790f4774b1bc1319fbc27474caa1e500d5844,file,per-case validation log (validation CSV retained)
tensor_core/results/verify_17251286/w8_tc8_v0/validation/122_bf16_d256_n5_norm1_alternating.log,1743,d135b5cda917e0a64d2794a003cf57013c4e88d2456980c730f6f71122f22717,file,per-case validation log (validation CSV retained)
tensor_core/results/verify_17251286/w8_tc8_v0/validation/123_bf16_d256_n5_norm1_impulse.log,1743,386ce713efb5f0b9c2489e83e25f835ad7181ef550910f9ab743eb599369a06e,file,per-case validation log (validation CSV retained)
tensor_core/results/verify_17251286/w8_tc8_v0/validation/124_bf16_d256_n5_norm1_uniform.log,1743,08301c192639bbc844005c06ab5cb9b724cbb98fb278294f6a2806efa78e3a15,file,per-case validation log (validation CSV retained)
tensor_core/results/verify_17251286/w8_tc8_v0/validation/125_bf16_d256_n5_norm1_outlier.log,1743,aa124396baa80361d6b378d4144279c4844125a216563ca9bbaa839988a0f884,file,per-case validation log (validation CSV retained)
tensor_core/results/verify_17251286/w8_tc8_v0/validation/126_bf16_d256_n5_norm0_zeros.log,1744,3b99befc9fd77291bbed716cc7ce6552ee57de2311e634427853591cad01f781,file,per-case validation log (validation CSV retained)
tensor_core/results/verify_17251286/w8_tc8_v0/validation/127_bf16_d256_n5_norm0_constant.log,1744,a6e2df7e63a47c76b48796d2529bd49760f616bc92777fdd9471f04337ca4b38,file,per-case validation log (validation CSV retained)
tensor_core/results/verify_17251286/w8_tc8_v0/validation/128_bf16_d256_n5_norm0_alternating.log,1744,a838117a0e66615f3aeb1756a25b4b1c62ef197d35692bf8279c2cddd020e806,file,per-case validation log (validation CSV retained)
tensor_core/results/verify_17251286/w8_tc8_v0/validation/129_bf16_d256_n5_norm0_impulse.log,1744,377d598a612a81b2786b8130e19a08b63f13b4bdf5f3fe91ca2541ca017a6b72,file,per-case validation log (validation CSV retained)
tensor_core/results/verify_17251286/w8_tc8_v0/validation/130_bf16_d256_n5_norm0_uniform.log,1744,082ce1e7eeca4ece9af875d85eee06264d65ac886cb3086cf1d27f7792c3c8a3,file,per-case validation log (validation CSV retained)
tensor_core/results/verify_17251286/w8_tc8_v0/validation/131_bf16_d256_n5_norm0_outlier.log,1744,5806469d3ce17d7203ac1497614c07f3753750cb22a971518e81e1c89985fcbb,file,per-case validation log (validation CSV retained)
tensor_core/results/verify_17251286/w8_tc8_v0/validation/failures,75,6b17a0163ebab58efdfee7aee8a92c0cd01afa0b966479f9fd81958f95b69343,symlink,raw failure samples (validation CSV retained)
tensor_core/results/warp_tune_17290172/build_w0_f0_q0.log,0,e3b0c44298fc1c149afbf4c8996fb92427ae41e4649b934ca495991b7852b855,file,empty log
tensor_core/results/warp_tune_17290172/build_w0_f2_q1.log,0,e3b0c44298fc1c149afbf4c8996fb92427ae41e4649b934ca495991b7852b855,file,empty log
tensor_core/results/warp_tune_17290172/build_w0_f4_q1.log,0,e3b0c44298fc1c149afbf4c8996fb92427ae41e4649b934ca495991b7852b855,file,empty log
tensor_core/results/warp_tune_17290172/build_w0_f8_q1.log,0,e3b0c44298fc1c149afbf4c8996fb92427ae41e4649b934ca495991b7852b855,file,empty log
tensor_core/results/warp_tune_17290172/build_w2_f2_q0.log,0,e3b0c44298fc1c149afbf4c8996fb92427ae41e4649b934ca495991b7852b855,file,empty log
tensor_core/results/warp_tune_17290172/build_w4_f4_q0.log,0,e3b0c44298fc1c149afbf4c8996fb92427ae41e4649b934ca495991b7852b855,file,empty log
tensor_core/results/warp_tune_17290172/build_w8_f8_q0.log,0,e3b0c44298fc1c149afbf4c8996fb92427ae41e4649b934ca495991b7852b855,file,empty log
tensor_core/results/warp_tune_17290172/summary.log,0,e3b0c44298fc1c149afbf4c8996fb92427ae41e4649b934ca495991b7852b855,file,empty log
tensor_core/results/warp_tune_17290172/validation.log,0,e3b0c44298fc1c149afbf4c8996fb92427ae41e4649b934ca495991b7852b855,file,empty log
tensor_core/scripts/__pycache__/benchmark_library.cpython-312.pyc,12771,a24bb29c7900ecf71115ab872f508027b8b675cd792fca37263dd065824836d4,file,Python bytecode cache
tensor_core/scripts/__pycache__/diagnose_precision.cpython-312.pyc,9765,af034765ef5b0f7b7c2ef072dfea6b8554daca241c28f23cd6e467767f308a36,file,Python bytecode cache
tensor_core/scripts/__pycache__/plot_hopper_ncu.cpython-312.pyc,4219,307d0e53ba461f19ddd76b7a4f1edbc5c1e3785f6df3e3377fe205cb4fcb80ce,file,Python bytecode cache
tensor_core/scripts/__pycache__/stress_guard.cpython-312.pyc,3904,2533054b0fde3bfd8e09bdead475a3a463ae1b882280e831ab3d51906c3b40f6,file,Python bytecode cache
tensor_core/scripts/__pycache__/summarize_audit.cpython-312.pyc,20886,363f9db9c81a46ccd3a2162141097a19a3fcefc2eb3bb17822433263496f3174,file,Python bytecode cache
tensor_core/scripts/__pycache__/summarize_guard.cpython-312.pyc,7257,b01db7707d27c07cbd27b98392af1ba2f6ac43c2e3980561d8d4586dce8b89d4,file,Python bytecode cache
tensor_core/scripts/__pycache__/summarize_hopper.cpython-312.pyc,17839,5006341778bf590d81dacff20c40c744879d114e2fc97056f72923886d124ac0,file,Python bytecode cache
tensor_core/scripts/__pycache__/summarize_library.cpython-312.pyc,8783,a114f9efc60d234c8fd8725466c0a72631a641e374bb08b38102057726a0e516,file,Python bytecode cache
tensor_core/scripts/__pycache__/summarize_mma.cpython-312.pyc,9312,3a9949fc3838f672bbb25b7b25b67a57242668b42f30f2b3eaf65fd530373114,file,Python bytecode cache
tensor_core/scripts/__pycache__/summarize_precision_followup.cpython-312.pyc,7499,1bed9b46c25559fe11d46dca121013e5a1510d3f535429dfdfeb505b0b840fe2,file,Python bytecode cache
tensor_core/scripts/__pycache__/summarize_tc.cpython-312.pyc,16482,da4f04a5b45b874eddec6f98761bd8d3a207fdf029809fa1e548eab9d6d79fc5,file,Python bytecode cache
tensor_core/scripts/__pycache__/summarize_tc_ncu.cpython-312.pyc,5366,4e40c327c67ccaea617396c05e457865f030473e7b33500c780ccfb2b5c7c647,file,Python bytecode cache
tensor_core/scripts/__pycache__/summarize_warp_tuning.cpython-312.pyc,5222,b72cf708f0361fe56872b2d2cb966e3cce2312fb530bc5dc7909f3b6adddeeb3,file,Python bytecode cache
tensor_core/scripts/__pycache__/validate_bridge.cpython-312.pyc,6577,d19dd92fd48f4b5dc433dfcf9340be07de2703b5ab1706b6068a2009b1d5d6e9,file,Python bytecode cache
tensor_core/scripts/__pycache__/validate_tc.cpython-312.pyc,13436,1f969ee2c55117832080f1b9bfa29b7cf3ee3ac7a4d033e327b2f28510109617,file,Python bytecode cache
tests/__pycache__/check_error.cpython-312.pyc,7450,e4ee08e4ba8b02e3538e0e993d191cbfe3bb0eca140daebf6ea1bd82af34b279,file,Python bytecode cache
tests/__pycache__/hadamard_reference.cpython-312.pyc,8295,9d2dadc9fe897cbad4479068206cb2cc1a23f6b8682dc985ddec258f9416bedb,file,Python bytecode cache
tests/__pycache__/test_hopper_report.cpython-312.pyc,3831,79d7dba37e31b526a6ce95d2ad8e85d2cf7d262f1d96080afe33dd5315762f33,file,Python bytecode cache
tests/__pycache__/test_library_benchmark.cpython-312.pyc,5913,c99f729d22a16acddf285c01673cce2a24107e730042f729ef6cf2cbf666011e,file,Python bytecode cache
tests/__pycache__/test_profile_tools.cpython-312.pyc,3304,c93a54e41832c9262ebd8e504397040e4da8910f1ba16174225be1bbf1a19f93,file,Python bytecode cache
tests/__pycache__/test_tc_audit_tools.cpython-312.pyc,5868,b423c1104256257fd5bead6c6563819aff4b964035ccf7d6683f92f184744ed4,file,Python bytecode cache
tests/__pycache__/test_vs_library.cpython-312.pyc,8791,e6fd7b4b817d10dec82f4ed5c9518b78067ce9195fb4a4eb09088e8a66dc38ab,file,Python bytecode cache
