gpu,dtype,tokens,head_dim,normalize,backend,round,us,max_abs,pass,nodes,replays,measurement
NVIDIA H200,float16,1,64,1,dao,0,1.8643999472260475,0.0,True,8,10,graph_amortized_device
NVIDIA H200,float16,1,64,1,dao_plus_quant,0,3.1968001276254654,,True,8,10,graph_amortized_device
NVIDIA H200,float16,1,64,1,w0_f0_q0/warp,0,1.581599935889244,0.0,True,8,10,graph_amortized_device
NVIDIA H200,float16,1,64,1,w0_f0_q0/fused_warp,0,1.8211999908089638,,True,8,10,graph_amortized_device
NVIDIA H200,float16,1,64,1,w2_f2_q0/warp,0,1.738400012254715,0.0,True,8,10,graph_amortized_device
NVIDIA H200,float16,1,64,1,w2_f2_q0/fused_warp,0,1.903199963271618,,True,8,10,graph_amortized_device
NVIDIA H200,float16,1,64,1,w4_f4_q0/warp,0,1.602800004184246,0.0,True,8,10,graph_amortized_device
NVIDIA H200,float16,1,64,1,w4_f4_q0/fused_warp,0,1.7999999225139618,,True,8,10,graph_amortized_device
NVIDIA H200,float16,1,64,1,w8_f8_q0/warp,0,1.6392000019550323,0.0,True,8,10,graph_amortized_device
NVIDIA H200,float16,1,64,1,w8_f8_q0/fused_warp,0,1.844399981200695,,True,8,10,graph_amortized_device
NVIDIA H200,float16,1,64,1,w0_f2_q1/warp,0,1.6651999205350876,0.0,True,8,10,graph_amortized_device
NVIDIA H200,float16,1,64,1,w0_f2_q1/fused_warp,0,1.8092000856995583,,True,8,10,graph_amortized_device
NVIDIA H200,float16,1,64,1,w0_f4_q1/warp,0,1.7184000462293625,0.0,True,8,10,graph_amortized_device
NVIDIA H200,float16,1,64,1,w0_f4_q1/fused_warp,0,1.8807999789714813,,True,8,10,graph_amortized_device
NVIDIA H200,float16,1,64,1,w0_f8_q1/warp,0,1.6712000593543053,0.0,True,8,10,graph_amortized_device
NVIDIA H200,float16,1,64,1,w0_f8_q1/fused_warp,0,1.8503999337553978,,True,8,10,graph_amortized_device
NVIDIA H200,float16,1,64,1,dao,1,1.7804000526666641,0.0,True,8,10,graph_amortized_device
NVIDIA H200,float16,1,64,1,w0_f8_q1/fused_warp,1,1.8559999763965607,,True,8,10,graph_amortized_device
NVIDIA H200,float16,1,64,1,w0_f8_q1/warp,1,1.6767999157309532,0.0,True,8,10,graph_amortized_device
NVIDIA H200,float16,1,64,1,w0_f4_q1/fused_warp,1,1.8835999071598053,,True,8,10,graph_amortized_device
NVIDIA H200,float16,1,64,1,w0_f4_q1/warp,1,1.5931999310851097,0.0,True,8,10,graph_amortized_device
NVIDIA H200,float16,1,64,1,w0_f2_q1/fused_warp,1,1.8187999725341797,,True,8,10,graph_amortized_device
NVIDIA H200,float16,1,64,1,w0_f2_q1/warp,1,1.666400022804737,0.0,True,8,10,graph_amortized_device
NVIDIA H200,float16,1,64,1,w8_f8_q0/fused_warp,1,1.8384000286459923,,True,8,10,graph_amortized_device
NVIDIA H200,float16,1,64,1,w8_f8_q0/warp,1,1.6356000676751137,0.0,True,8,10,graph_amortized_device
NVIDIA H200,float16,1,64,1,w4_f4_q0/fused_warp,1,1.80440004914999,,True,8,10,graph_amortized_device
NVIDIA H200,float16,1,64,1,w4_f4_q0/warp,1,1.6127999871969223,0.0,True,8,10,graph_amortized_device
NVIDIA H200,float16,1,64,1,w2_f2_q0/fused_warp,1,1.9012000411748886,,True,8,10,graph_amortized_device
NVIDIA H200,float16,1,64,1,w2_f2_q0/warp,1,1.738400012254715,0.0,True,8,10,graph_amortized_device
NVIDIA H200,float16,1,64,1,w0_f0_q0/fused_warp,1,1.8184000626206398,,True,8,10,graph_amortized_device
NVIDIA H200,float16,1,64,1,w0_f0_q0/warp,1,1.5847999602556229,0.0,True,8,10,graph_amortized_device
NVIDIA H200,float16,1,64,1,dao_plus_quant,1,3.1971998512744904,,True,8,10,graph_amortized_device
NVIDIA H200,float16,1,64,1,w0_f0_q0/warp,2,1.571200042963028,0.0,True,8,10,graph_amortized_device
NVIDIA H200,float16,1,64,1,w0_f0_q0/fused_warp,2,1.8211999908089638,,True,8,10,graph_amortized_device
NVIDIA H200,float16,1,64,1,w2_f2_q0/warp,2,1.77800003439188,0.0,True,8,10,graph_amortized_device
NVIDIA H200,float16,1,64,1,w2_f2_q0/fused_warp,2,1.8996000289916992,,True,8,10,graph_amortized_device
NVIDIA H200,float16,1,64,1,w4_f4_q0/warp,2,1.6143999993801117,0.0,True,8,10,graph_amortized_device
NVIDIA H200,float16,1,64,1,w4_f4_q0/fused_warp,2,1.7999999225139618,,True,8,10,graph_amortized_device
NVIDIA H200,float16,1,64,1,w8_f8_q0/warp,2,1.6388000920414925,0.0,True,8,10,graph_amortized_device
NVIDIA H200,float16,1,64,1,w8_f8_q0/fused_warp,2,1.8403999507427216,,True,8,10,graph_amortized_device
NVIDIA H200,float16,1,64,1,w0_f2_q1/warp,2,1.6284000128507614,0.0,True,8,10,graph_amortized_device
NVIDIA H200,float16,1,64,1,w0_f2_q1/fused_warp,2,1.8131999298930168,,True,8,10,graph_amortized_device
NVIDIA H200,float16,1,64,1,w0_f4_q1/warp,2,1.5884000808000565,0.0,True,8,10,graph_amortized_device
NVIDIA H200,float16,1,64,1,w0_f4_q1/fused_warp,2,1.8831999972462654,,True,8,10,graph_amortized_device
NVIDIA H200,float16,1,64,1,w0_f8_q1/warp,2,1.674799993634224,0.0,True,8,10,graph_amortized_device
NVIDIA H200,float16,1,64,1,w0_f8_q1/fused_warp,2,1.8503999337553978,,True,8,10,graph_amortized_device
NVIDIA H200,float16,1,64,1,dao,2,1.77839994430542,0.0,True,8,10,graph_amortized_device
NVIDIA H200,float16,1,64,1,dao_plus_quant,2,3.200399875640869,,True,8,10,graph_amortized_device
NVIDIA H200,float16,1,64,1,w0_f0_q0/warp,3,1.5652000904083252,0.0,True,8,10,graph_amortized_device
NVIDIA H200,float16,1,64,1,dao_plus_quant,3,3.2019998878240585,,True,8,10,graph_amortized_device
NVIDIA H200,float16,1,64,1,dao,3,1.77839994430542,0.0,True,8,10,graph_amortized_device
NVIDIA H200,float16,1,64,1,w0_f8_q1/fused_warp,3,1.8508000299334526,,True,8,10,graph_amortized_device
NVIDIA H200,float16,1,64,1,w0_f8_q1/warp,3,1.677200011909008,0.0,True,8,10,graph_amortized_device
NVIDIA H200,float16,1,64,1,w0_f4_q1/fused_warp,3,1.8851999193429947,,True,8,10,graph_amortized_device
NVIDIA H200,float16,1,64,1,w0_f4_q1/warp,3,1.5879999846220016,0.0,True,8,10,graph_amortized_device
NVIDIA H200,float16,1,64,1,w0_f2_q1/fused_warp,3,1.8092000856995583,,True,8,10,graph_amortized_device
NVIDIA H200,float16,1,64,1,w0_f2_q1/warp,3,1.6715999692678452,0.0,True,8,10,graph_amortized_device
NVIDIA H200,float16,1,64,1,w8_f8_q0/fused_warp,3,1.841999962925911,,True,8,10,graph_amortized_device
NVIDIA H200,float16,1,64,1,w8_f8_q0/warp,3,1.637200079858303,0.0,True,8,10,graph_amortized_device
NVIDIA H200,float16,1,64,1,w4_f4_q0/fused_warp,3,1.8028000369668007,,True,8,10,graph_amortized_device
NVIDIA H200,float16,1,64,1,w4_f4_q0/warp,3,1.6155999153852463,0.0,True,8,10,graph_amortized_device
NVIDIA H200,float16,1,64,1,w2_f2_q0/fused_warp,3,1.905599981546402,,True,8,10,graph_amortized_device
NVIDIA H200,float16,1,64,1,w2_f2_q0/warp,3,1.733200065791607,0.0,True,8,10,graph_amortized_device
NVIDIA H200,float16,1,64,1,w0_f0_q0/fused_warp,3,1.815599948167801,,True,8,10,graph_amortized_device
NVIDIA H200,float16,1,64,1,w2_f2_q0/warp,4,1.735600084066391,0.0,True,8,10,graph_amortized_device
NVIDIA H200,float16,1,64,1,w2_f2_q0/fused_warp,4,1.899999938905239,,True,8,10,graph_amortized_device
NVIDIA H200,float16,1,64,1,w4_f4_q0/warp,4,1.6076000407338142,0.0,True,8,10,graph_amortized_device
NVIDIA H200,float16,1,64,1,w4_f4_q0/fused_warp,4,1.8184000626206398,,True,8,10,graph_amortized_device
NVIDIA H200,float16,1,64,1,w8_f8_q0/warp,4,1.637200079858303,0.0,True,8,10,graph_amortized_device
NVIDIA H200,float16,1,64,1,w8_f8_q0/fused_warp,4,1.8448000773787498,,True,8,10,graph_amortized_device
NVIDIA H200,float16,1,64,1,w0_f2_q1/warp,4,1.6464000567793846,0.0,True,8,10,graph_amortized_device
NVIDIA H200,float16,1,64,1,w0_f2_q1/fused_warp,4,1.8087999895215034,,True,8,10,graph_amortized_device
NVIDIA H200,float16,1,64,1,w0_f4_q1/warp,4,1.5907999128103256,0.0,True,8,10,graph_amortized_device
NVIDIA H200,float16,1,64,1,w0_f4_q1/fused_warp,4,1.8823999911546707,,True,8,10,graph_amortized_device
NVIDIA H200,float16,1,64,1,w0_f8_q1/warp,4,1.677200011909008,0.0,True,8,10,graph_amortized_device
NVIDIA H200,float16,1,64,1,w0_f8_q1/fused_warp,4,1.8588000908493996,,True,8,10,graph_amortized_device
NVIDIA H200,float16,1,64,1,dao,4,1.7788000404834747,0.0,True,8,10,graph_amortized_device
NVIDIA H200,float16,1,64,1,dao_plus_quant,4,3.202800080180168,,True,8,10,graph_amortized_device
NVIDIA H200,float16,1,64,1,w0_f0_q0/warp,4,1.5316000208258629,0.0,True,8,10,graph_amortized_device
NVIDIA H200,float16,1,64,1,w0_f0_q0/fused_warp,4,1.817999966442585,,True,8,10,graph_amortized_device
NVIDIA H200,float16,128,64,1,dao,0,1.9352000206708908,0.0,True,8,10,graph_amortized_device
NVIDIA H200,float16,128,64,1,dao_plus_quant,0,3.4276001155376434,,True,8,10,graph_amortized_device
NVIDIA H200,float16,128,64,1,w0_f0_q0/warp,0,1.7815999686717987,0.0,True,8,10,graph_amortized_device
NVIDIA H200,float16,128,64,1,w0_f0_q0/fused_warp,0,1.9899999722838402,,True,8,10,graph_amortized_device
NVIDIA H200,float16,128,64,1,w2_f2_q0/warp,0,1.7847999930381775,0.0,True,8,10,graph_amortized_device
NVIDIA H200,float16,128,64,1,w2_f2_q0/fused_warp,0,1.9972000271081924,,True,8,10,graph_amortized_device
NVIDIA H200,float16,128,64,1,w4_f4_q0/warp,0,1.7875999212265015,0.0,True,8,10,graph_amortized_device
NVIDIA H200,float16,128,64,1,w4_f4_q0/fused_warp,0,2.037600055336952,,True,8,10,graph_amortized_device
NVIDIA H200,float16,128,64,1,w8_f8_q0/warp,0,1.7319999635219574,0.0,True,8,10,graph_amortized_device
NVIDIA H200,float16,128,64,1,w8_f8_q0/fused_warp,0,1.969599910080433,,True,8,10,graph_amortized_device
NVIDIA H200,float16,128,64,1,w0_f2_q1/warp,0,1.8023999407887459,0.0,True,8,10,graph_amortized_device
NVIDIA H200,float16,128,64,1,w0_f2_q1/fused_warp,0,2.038799971342087,,True,8,10,graph_amortized_device
NVIDIA H200,float16,128,64,1,w0_f4_q1/warp,0,1.7316000536084175,0.0,True,8,10,graph_amortized_device
NVIDIA H200,float16,128,64,1,w0_f4_q1/fused_warp,0,2.017199993133545,,True,8,10,graph_amortized_device
NVIDIA H200,float16,128,64,1,w0_f8_q1/warp,0,1.8004000186920166,0.0,True,8,10,graph_amortized_device
NVIDIA H200,float16,128,64,1,w0_f8_q1/fused_warp,0,1.9700000062584877,,True,8,10,graph_amortized_device
NVIDIA H200,float16,128,64,1,dao,1,1.9112000241875648,0.0,True,8,10,graph_amortized_device
NVIDIA H200,float16,128,64,1,w0_f8_q1/fused_warp,1,1.9680000841617584,,True,8,10,graph_amortized_device
NVIDIA H200,float16,128,64,1,w0_f8_q1/warp,1,1.8036000430583954,0.0,True,8,10,graph_amortized_device
NVIDIA H200,float16,128,64,1,w0_f4_q1/fused_warp,1,2.022000029683113,,True,8,10,graph_amortized_device
NVIDIA H200,float16,128,64,1,w0_f4_q1/warp,1,1.7255999147891998,0.0,True,8,10,graph_amortized_device
NVIDIA H200,float16,128,64,1,w0_f2_q1/fused_warp,1,2.0371999591588974,,True,8,10,graph_amortized_device
NVIDIA H200,float16,128,64,1,w0_f2_q1/warp,1,1.807199977338314,0.0,True,8,10,graph_amortized_device
NVIDIA H200,float16,128,64,1,w8_f8_q0/fused_warp,1,1.9724000245332718,,True,8,10,graph_amortized_device
NVIDIA H200,float16,128,64,1,w8_f8_q0/warp,1,1.7335999757051468,0.0,True,8,10,graph_amortized_device
NVIDIA H200,float16,128,64,1,w4_f4_q0/fused_warp,1,2.038400061428547,,True,8,10,graph_amortized_device
NVIDIA H200,float16,128,64,1,w4_f4_q0/warp,1,1.7872000113129616,0.0,True,8,10,graph_amortized_device
NVIDIA H200,float16,128,64,1,w2_f2_q0/fused_warp,1,2.0072000101208687,,True,8,10,graph_amortized_device
NVIDIA H200,float16,128,64,1,w2_f2_q0/warp,1,1.791200041770935,0.0,True,8,10,graph_amortized_device
NVIDIA H200,float16,128,64,1,w0_f0_q0/fused_warp,1,1.9835999235510826,,True,8,10,graph_amortized_device
NVIDIA H200,float16,128,64,1,w0_f0_q0/warp,1,1.7696000635623932,0.0,True,8,10,graph_amortized_device
NVIDIA H200,float16,128,64,1,dao_plus_quant,1,3.352399915456772,,True,8,10,graph_amortized_device
NVIDIA H200,float16,128,64,1,w0_f0_q0/warp,2,1.7691999673843384,0.0,True,8,10,graph_amortized_device
NVIDIA H200,float16,128,64,1,w0_f0_q0/fused_warp,2,1.9843999296426773,,True,8,10,graph_amortized_device
NVIDIA H200,float16,128,64,1,w2_f2_q0/warp,2,1.8007999286055565,0.0,True,8,10,graph_amortized_device
NVIDIA H200,float16,128,64,1,w2_f2_q0/fused_warp,2,2.000799961388111,,True,8,10,graph_amortized_device
NVIDIA H200,float16,128,64,1,w4_f4_q0/warp,2,1.793999969959259,0.0,True,8,10,graph_amortized_device
NVIDIA H200,float16,128,64,1,w4_f4_q0/fused_warp,2,2.0400000736117363,,True,8,10,graph_amortized_device
NVIDIA H200,float16,128,64,1,w8_f8_q0/warp,2,1.7340000718832016,0.0,True,8,10,graph_amortized_device
NVIDIA H200,float16,128,64,1,w8_f8_q0/fused_warp,2,1.969200000166893,,True,8,10,graph_amortized_device
NVIDIA H200,float16,128,64,1,w0_f2_q1/warp,2,1.7572000622749329,0.0,True,8,10,graph_amortized_device
NVIDIA H200,float16,128,64,1,w0_f2_q1/fused_warp,2,2.0363999530673027,,True,8,10,graph_amortized_device
NVIDIA H200,float16,128,64,1,w0_f4_q1/warp,2,1.733200065791607,0.0,True,8,10,graph_amortized_device
NVIDIA H200,float16,128,64,1,w0_f4_q1/fused_warp,2,2.022000029683113,,True,8,10,graph_amortized_device
NVIDIA H200,float16,128,64,1,w0_f8_q1/warp,2,1.8004000186920166,0.0,True,8,10,graph_amortized_device
NVIDIA H200,float16,128,64,1,w0_f8_q1/fused_warp,2,1.9675999879837036,,True,8,10,graph_amortized_device
NVIDIA H200,float16,128,64,1,dao,2,1.918799988925457,0.0,True,8,10,graph_amortized_device
NVIDIA H200,float16,128,64,1,dao_plus_quant,2,3.3564001321792603,,True,8,10,graph_amortized_device
NVIDIA H200,float16,128,64,1,w0_f0_q0/warp,3,1.7683999612927437,0.0,True,8,10,graph_amortized_device
NVIDIA H200,float16,128,64,1,dao_plus_quant,3,3.3535998314619064,,True,8,10,graph_amortized_device
NVIDIA H200,float16,128,64,1,dao,3,1.9131999462842941,0.0,True,8,10,graph_amortized_device
NVIDIA H200,float16,128,64,1,w0_f8_q1/fused_warp,3,1.9759999588131905,,True,8,10,graph_amortized_device
NVIDIA H200,float16,128,64,1,w0_f8_q1/warp,3,1.7999999225139618,0.0,True,8,10,graph_amortized_device
NVIDIA H200,float16,128,64,1,w0_f4_q1/fused_warp,3,2.0160000771284103,,True,8,10,graph_amortized_device
NVIDIA H200,float16,128,64,1,w0_f4_q1/warp,3,1.7371999099850655,0.0,True,8,10,graph_amortized_device
NVIDIA H200,float16,128,64,1,w0_f2_q1/fused_warp,3,2.041199989616871,,True,8,10,graph_amortized_device
NVIDIA H200,float16,128,64,1,w0_f2_q1/warp,3,1.7599999904632568,0.0,True,8,10,graph_amortized_device
NVIDIA H200,float16,128,64,1,w8_f8_q0/fused_warp,3,1.9727999344468117,,True,8,10,graph_amortized_device
NVIDIA H200,float16,128,64,1,w8_f8_q0/warp,3,1.7260000109672546,0.0,True,8,10,graph_amortized_device
NVIDIA H200,float16,128,64,1,w4_f4_q0/fused_warp,3,2.0419999957084656,,True,8,10,graph_amortized_device
NVIDIA H200,float16,128,64,1,w4_f4_q0/warp,3,1.7867999151349068,0.0,True,8,10,graph_amortized_device
NVIDIA H200,float16,128,64,1,w2_f2_q0/fused_warp,3,1.9819999113678932,,True,8,10,graph_amortized_device
NVIDIA H200,float16,128,64,1,w2_f2_q0/warp,3,1.7947999760508537,0.0,True,8,10,graph_amortized_device
NVIDIA H200,float16,128,64,1,w0_f0_q0/fused_warp,3,1.9912000745534897,,True,8,10,graph_amortized_device
NVIDIA H200,float16,128,64,1,w2_f2_q0/warp,4,1.7936000600457191,0.0,True,8,10,graph_amortized_device
NVIDIA H200,float16,128,64,1,w2_f2_q0/fused_warp,4,1.998399943113327,,True,8,10,graph_amortized_device
NVIDIA H200,float16,128,64,1,w4_f4_q0/warp,4,1.7928000539541245,0.0,True,8,10,graph_amortized_device
NVIDIA H200,float16,128,64,1,w4_f4_q0/fused_warp,4,2.041199989616871,,True,8,10,graph_amortized_device
NVIDIA H200,float16,128,64,1,w8_f8_q0/warp,4,1.7219999805092812,0.0,True,8,10,graph_amortized_device
NVIDIA H200,float16,128,64,1,w8_f8_q0/fused_warp,4,1.969200000166893,,True,8,10,graph_amortized_device
NVIDIA H200,float16,128,64,1,w0_f2_q1/warp,4,1.8015999346971512,0.0,True,8,10,graph_amortized_device
NVIDIA H200,float16,128,64,1,w0_f2_q1/fused_warp,4,2.043999917805195,,True,8,10,graph_amortized_device
NVIDIA H200,float16,128,64,1,w0_f4_q1/warp,4,1.732799969613552,0.0,True,8,10,graph_amortized_device
NVIDIA H200,float16,128,64,1,w0_f4_q1/fused_warp,4,2.0152000710368156,,True,8,10,graph_amortized_device
NVIDIA H200,float16,128,64,1,w0_f8_q1/warp,4,1.8028000369668007,0.0,True,8,10,graph_amortized_device
NVIDIA H200,float16,128,64,1,w0_f8_q1/fused_warp,4,1.9672000780701637,,True,8,10,graph_amortized_device
NVIDIA H200,float16,128,64,1,dao,4,1.9120000302791595,0.0,True,8,10,graph_amortized_device
NVIDIA H200,float16,128,64,1,dao_plus_quant,4,3.355199843645096,,True,8,10,graph_amortized_device
NVIDIA H200,float16,128,64,1,w0_f0_q0/warp,4,1.8171999603509903,0.0,True,8,10,graph_amortized_device
NVIDIA H200,float16,128,64,1,w0_f0_q0/fused_warp,4,1.9915999844670296,,True,8,10,graph_amortized_device
NVIDIA H200,float16,16384,64,1,dao,0,11.653199791908264,0.0,True,8,10,graph_amortized_device
NVIDIA H200,float16,16384,64,1,dao_plus_quant,0,22.753599286079407,,True,8,10,graph_amortized_device
NVIDIA H200,float16,16384,64,1,w0_f0_q0/warp,0,3.1548000872135162,0.0,True,8,10,graph_amortized_device
NVIDIA H200,float16,16384,64,1,w0_f0_q0/fused_warp,0,4.080399870872498,,True,8,10,graph_amortized_device
NVIDIA H200,float16,16384,64,1,w2_f2_q0/warp,0,6.543199717998505,0.0,True,8,10,graph_amortized_device
NVIDIA H200,float16,16384,64,1,w2_f2_q0/fused_warp,0,6.905599683523178,,True,8,10,graph_amortized_device
NVIDIA H200,float16,16384,64,1,w4_f4_q0/warp,0,4.199200123548508,0.0,True,8,10,graph_amortized_device
NVIDIA H200,float16,16384,64,1,w4_f4_q0/fused_warp,0,4.52519990503788,,True,8,10,graph_amortized_device
NVIDIA H200,float16,16384,64,1,w8_f8_q0/warp,0,3.1488001346588135,0.0,True,8,10,graph_amortized_device
NVIDIA H200,float16,16384,64,1,w8_f8_q0/fused_warp,0,4.041200131177902,,True,8,10,graph_amortized_device
NVIDIA H200,float16,16384,64,1,w0_f2_q1/warp,0,3.1252000480890274,0.0,True,8,10,graph_amortized_device
NVIDIA H200,float16,16384,64,1,w0_f2_q1/fused_warp,0,6.939200311899185,,True,8,10,graph_amortized_device
NVIDIA H200,float16,16384,64,1,w0_f4_q1/warp,0,3.1272001564502716,0.0,True,8,10,graph_amortized_device
NVIDIA H200,float16,16384,64,1,w0_f4_q1/fused_warp,0,4.512400180101395,,True,8,10,graph_amortized_device
NVIDIA H200,float16,16384,64,1,w0_f8_q1/warp,0,3.1511999666690826,0.0,True,8,10,graph_amortized_device
NVIDIA H200,float16,16384,64,1,w0_f8_q1/fused_warp,0,4.059600085020065,,True,8,10,graph_amortized_device
NVIDIA H200,float16,16384,64,1,dao,1,11.650799959897995,0.0,True,8,10,graph_amortized_device
NVIDIA H200,float16,16384,64,1,w0_f8_q1/fused_warp,1,4.0564000606536865,,True,8,10,graph_amortized_device
NVIDIA H200,float16,16384,64,1,w0_f8_q1/warp,1,3.1463999301195145,0.0,True,8,10,graph_amortized_device
NVIDIA H200,float16,16384,64,1,w0_f4_q1/fused_warp,1,4.508800059556961,,True,8,10,graph_amortized_device
NVIDIA H200,float16,16384,64,1,w0_f4_q1/warp,1,3.123600035905838,0.0,True,8,10,graph_amortized_device
NVIDIA H200,float16,16384,64,1,w0_f2_q1/fused_warp,1,6.929600238800049,,True,8,10,graph_amortized_device
NVIDIA H200,float16,16384,64,1,w0_f2_q1/warp,1,3.1139999628067017,0.0,True,8,10,graph_amortized_device
NVIDIA H200,float16,16384,64,1,w8_f8_q0/fused_warp,1,4.045600071549416,,True,8,10,graph_amortized_device
NVIDIA H200,float16,16384,64,1,w8_f8_q0/warp,1,3.150000050663948,0.0,True,8,10,graph_amortized_device
NVIDIA H200,float16,16384,64,1,w4_f4_q0/fused_warp,1,4.523200169205666,,True,8,10,graph_amortized_device
NVIDIA H200,float16,16384,64,1,w4_f4_q0/warp,1,4.203600063920021,0.0,True,8,10,graph_amortized_device
NVIDIA H200,float16,16384,64,1,w2_f2_q0/fused_warp,1,6.904800236225128,,True,8,10,graph_amortized_device
NVIDIA H200,float16,16384,64,1,w2_f2_q0/warp,1,6.5420001745224,0.0,True,8,10,graph_amortized_device
NVIDIA H200,float16,16384,64,1,w0_f0_q0/fused_warp,1,4.079600051045418,,True,8,10,graph_amortized_device
NVIDIA H200,float16,16384,64,1,w0_f0_q0/warp,1,3.155599907040596,0.0,True,8,10,graph_amortized_device
NVIDIA H200,float16,16384,64,1,dao_plus_quant,1,22.749599814414978,,True,8,10,graph_amortized_device
NVIDIA H200,float16,16384,64,1,w0_f0_q0/warp,2,3.161200135946274,0.0,True,8,10,graph_amortized_device
NVIDIA H200,float16,16384,64,1,w0_f0_q0/fused_warp,2,4.083599895238876,,True,8,10,graph_amortized_device
NVIDIA H200,float16,16384,64,1,w2_f2_q0/warp,2,6.539999693632126,0.0,True,8,10,graph_amortized_device
NVIDIA H200,float16,16384,64,1,w2_f2_q0/fused_warp,2,6.905200332403183,,True,8,10,graph_amortized_device
NVIDIA H200,float16,16384,64,1,w4_f4_q0/warp,2,4.203600063920021,0.0,True,8,10,graph_amortized_device
NVIDIA H200,float16,16384,64,1,w4_f4_q0/fused_warp,2,4.521999880671501,,True,8,10,graph_amortized_device
NVIDIA H200,float16,16384,64,1,w8_f8_q0/warp,2,3.153200075030327,0.0,True,8,10,graph_amortized_device
NVIDIA H200,float16,16384,64,1,w8_f8_q0/fused_warp,2,4.039200022816658,,True,8,10,graph_amortized_device
NVIDIA H200,float16,16384,64,1,w0_f2_q1/warp,2,3.11879999935627,0.0,True,8,10,graph_amortized_device
NVIDIA H200,float16,16384,64,1,w0_f2_q1/fused_warp,2,6.933999806642532,,True,8,10,graph_amortized_device
NVIDIA H200,float16,16384,64,1,w0_f4_q1/warp,2,3.1220000237226486,0.0,True,8,10,graph_amortized_device
NVIDIA H200,float16,16384,64,1,w0_f4_q1/fused_warp,2,4.506799951195717,,True,8,10,graph_amortized_device
NVIDIA H200,float16,16384,64,1,w0_f8_q1/warp,2,3.1431999057531357,0.0,True,8,10,graph_amortized_device
NVIDIA H200,float16,16384,64,1,w0_f8_q1/fused_warp,2,4.0608000010252,,True,8,10,graph_amortized_device
NVIDIA H200,float16,16384,64,1,dao,2,11.63880005478859,0.0,True,8,10,graph_amortized_device
NVIDIA H200,float16,16384,64,1,dao_plus_quant,2,22.74879962205887,,True,8,10,graph_amortized_device
NVIDIA H200,float16,16384,64,1,w0_f0_q0/warp,3,3.165600076317787,0.0,True,8,10,graph_amortized_device
NVIDIA H200,float16,16384,64,1,dao_plus_quant,3,22.752399742603302,,True,8,10,graph_amortized_device
NVIDIA H200,float16,16384,64,1,dao,3,11.639600247144699,0.0,True,8,10,graph_amortized_device
NVIDIA H200,float16,16384,64,1,w0_f8_q1/fused_warp,3,4.055200144648552,,True,8,10,graph_amortized_device
NVIDIA H200,float16,16384,64,1,w0_f8_q1/warp,3,3.1440000981092453,0.0,True,8,10,graph_amortized_device
NVIDIA H200,float16,16384,64,1,w0_f4_q1/fused_warp,3,4.513199999928474,,True,8,10,graph_amortized_device
NVIDIA H200,float16,16384,64,1,w0_f4_q1/warp,3,3.1223999336361885,0.0,True,8,10,graph_amortized_device
NVIDIA H200,float16,16384,64,1,w0_f2_q1/fused_warp,3,6.932400166988373,,True,8,10,graph_amortized_device
NVIDIA H200,float16,16384,64,1,w0_f2_q1/warp,3,3.1139999628067017,0.0,True,8,10,graph_amortized_device
NVIDIA H200,float16,16384,64,1,w8_f8_q0/fused_warp,3,4.050000011920929,,True,8,10,graph_amortized_device
NVIDIA H200,float16,16384,64,1,w8_f8_q0/warp,3,3.1436000019311905,0.0,True,8,10,graph_amortized_device
NVIDIA H200,float16,16384,64,1,w4_f4_q0/fused_warp,3,4.5244000852108,,True,8,10,graph_amortized_device
NVIDIA H200,float16,16384,64,1,w4_f4_q0/warp,3,4.211200028657913,0.0,True,8,10,graph_amortized_device
NVIDIA H200,float16,16384,64,1,w2_f2_q0/fused_warp,3,6.908400356769562,,True,8,10,graph_amortized_device
NVIDIA H200,float16,16384,64,1,w2_f2_q0/warp,3,6.539999693632126,0.0,True,8,10,graph_amortized_device
NVIDIA H200,float16,16384,64,1,w0_f0_q0/fused_warp,3,4.078400135040283,,True,8,10,graph_amortized_device
NVIDIA H200,float16,16384,64,1,w2_f2_q0/warp,4,6.5407998859882355,0.0,True,8,10,graph_amortized_device
NVIDIA H200,float16,16384,64,1,w2_f2_q0/fused_warp,4,6.904400140047073,,True,8,10,graph_amortized_device
NVIDIA H200,float16,16384,64,1,w4_f4_q0/warp,4,4.198399931192398,0.0,True,8,10,graph_amortized_device
NVIDIA H200,float16,16384,64,1,w4_f4_q0/fused_warp,4,4.525600001215935,,True,8,10,graph_amortized_device
NVIDIA H200,float16,16384,64,1,w8_f8_q0/warp,4,3.1440000981092453,0.0,True,8,10,graph_amortized_device
NVIDIA H200,float16,16384,64,1,w8_f8_q0/fused_warp,4,4.04679998755455,,True,8,10,graph_amortized_device
NVIDIA H200,float16,16384,64,1,w0_f2_q1/warp,4,3.110799938440323,0.0,True,8,10,graph_amortized_device
NVIDIA H200,float16,16384,64,1,w0_f2_q1/fused_warp,4,6.932000070810318,,True,8,10,graph_amortized_device
NVIDIA H200,float16,16384,64,1,w0_f4_q1/warp,4,3.120799921452999,0.0,True,8,10,graph_amortized_device
NVIDIA H200,float16,16384,64,1,w0_f4_q1/fused_warp,4,4.509200155735016,,True,8,10,graph_amortized_device
NVIDIA H200,float16,16384,64,1,w0_f8_q1/warp,4,3.139999881386757,0.0,True,8,10,graph_amortized_device
NVIDIA H200,float16,16384,64,1,w0_f8_q1/fused_warp,4,4.055599868297577,,True,8,10,graph_amortized_device
NVIDIA H200,float16,16384,64,1,dao,4,11.641599982976913,0.0,True,8,10,graph_amortized_device
NVIDIA H200,float16,16384,64,1,dao_plus_quant,4,22.747600078582764,,True,8,10,graph_amortized_device
NVIDIA H200,float16,16384,64,1,w0_f0_q0/warp,4,3.1564000993967056,0.0,True,8,10,graph_amortized_device
NVIDIA H200,float16,16384,64,1,w0_f0_q0/fused_warp,4,4.082800075411797,,True,8,10,graph_amortized_device
NVIDIA H200,float16,131072,64,1,dao,0,81.07839822769165,0.0,True,8,10,graph_amortized_device
NVIDIA H200,float16,131072,64,1,dao_plus_quant,0,161.25719547271729,,True,8,10,graph_amortized_device
NVIDIA H200,float16,131072,64,1,w0_f0_q0/warp,0,13.992400467395782,0.0,True,8,10,graph_amortized_device
NVIDIA H200,float16,131072,64,1,w0_f0_q0/fused_warp,0,19.44960057735443,,True,8,10,graph_amortized_device
NVIDIA H200,float16,131072,64,1,w2_f2_q0/warp,0,41.44720137119293,0.0,True,8,10,graph_amortized_device
NVIDIA H200,float16,131072,64,1,w2_f2_q0/fused_warp,0,41.4463996887207,,True,8,10,graph_amortized_device
NVIDIA H200,float16,131072,64,1,w4_f4_q0/warp,0,21.835200488567352,0.0,True,8,10,graph_amortized_device
NVIDIA H200,float16,131072,64,1,w4_f4_q0/fused_warp,0,21.851199865341187,,True,8,10,graph_amortized_device
NVIDIA H200,float16,131072,64,1,w8_f8_q0/warp,0,13.99880051612854,0.0,True,8,10,graph_amortized_device
NVIDIA H200,float16,131072,64,1,w8_f8_q0/fused_warp,0,19.248799979686737,,True,8,10,graph_amortized_device
NVIDIA H200,float16,131072,64,1,w0_f2_q1/warp,0,14.10440057516098,0.0,True,8,10,graph_amortized_device
NVIDIA H200,float16,131072,64,1,w0_f2_q1/fused_warp,0,41.56399965286255,,True,8,10,graph_amortized_device
NVIDIA H200,float16,131072,64,1,w0_f4_q1/warp,0,13.935600221157074,0.0,True,8,10,graph_amortized_device
NVIDIA H200,float16,131072,64,1,w0_f4_q1/fused_warp,0,22.021600604057312,,True,8,10,graph_amortized_device
NVIDIA H200,float16,131072,64,1,w0_f8_q1/warp,0,14.02360051870346,0.0,True,8,10,graph_amortized_device
NVIDIA H200,float16,131072,64,1,w0_f8_q1/fused_warp,0,19.22599971294403,,True,8,10,graph_amortized_device
NVIDIA H200,float16,131072,64,1,dao,1,81.03880286216736,0.0,True,8,10,graph_amortized_device
NVIDIA H200,float16,131072,64,1,w0_f8_q1/fused_warp,1,19.22599971294403,,True,8,10,graph_amortized_device
NVIDIA H200,float16,131072,64,1,w0_f8_q1/warp,1,14.040400087833405,0.0,True,8,10,graph_amortized_device
NVIDIA H200,float16,131072,64,1,w0_f4_q1/fused_warp,1,21.99079990386963,,True,8,10,graph_amortized_device
NVIDIA H200,float16,131072,64,1,w0_f4_q1/warp,1,13.981600105762482,0.0,True,8,10,graph_amortized_device
NVIDIA H200,float16,131072,64,1,w0_f2_q1/fused_warp,1,41.59159958362579,,True,8,10,graph_amortized_device
NVIDIA H200,float16,131072,64,1,w0_f2_q1/warp,1,14.142000675201416,0.0,True,8,10,graph_amortized_device
NVIDIA H200,float16,131072,64,1,w8_f8_q0/fused_warp,1,19.32159960269928,,True,8,10,graph_amortized_device
NVIDIA H200,float16,131072,64,1,w8_f8_q0/warp,1,14.01440054178238,0.0,True,8,10,graph_amortized_device
NVIDIA H200,float16,131072,64,1,w4_f4_q0/fused_warp,1,21.84319943189621,,True,8,10,graph_amortized_device
NVIDIA H200,float16,131072,64,1,w4_f4_q0/warp,1,21.84399962425232,0.0,True,8,10,graph_amortized_device
NVIDIA H200,float16,131072,64,1,w2_f2_q0/fused_warp,1,41.357600688934326,,True,8,10,graph_amortized_device
NVIDIA H200,float16,131072,64,1,w2_f2_q0/warp,1,41.47799909114838,0.0,True,8,10,graph_amortized_device
NVIDIA H200,float16,131072,64,1,w0_f0_q0/fused_warp,1,19.50480043888092,,True,8,10,graph_amortized_device
NVIDIA H200,float16,131072,64,1,w0_f0_q0/warp,1,14.039599895477295,0.0,True,8,10,graph_amortized_device
NVIDIA H200,float16,131072,64,1,dao_plus_quant,1,161.2272024154663,,True,8,10,graph_amortized_device
NVIDIA H200,float16,131072,64,1,w0_f0_q0/warp,2,14.031200110912323,0.0,True,8,10,graph_amortized_device
NVIDIA H200,float16,131072,64,1,w0_f0_q0/fused_warp,2,19.475600123405457,,True,8,10,graph_amortized_device
NVIDIA H200,float16,131072,64,1,w2_f2_q0/warp,2,41.468000411987305,0.0,True,8,10,graph_amortized_device
NVIDIA H200,float16,131072,64,1,w2_f2_q0/fused_warp,2,41.38160049915314,,True,8,10,graph_amortized_device
NVIDIA H200,float16,131072,64,1,w4_f4_q0/warp,2,21.84000015258789,0.0,True,8,10,graph_amortized_device
NVIDIA H200,float16,131072,64,1,w4_f4_q0/fused_warp,2,21.879999339580536,,True,8,10,graph_amortized_device
NVIDIA H200,float16,131072,64,1,w8_f8_q0/warp,2,14.037999510765076,0.0,True,8,10,graph_amortized_device
NVIDIA H200,float16,131072,64,1,w8_f8_q0/fused_warp,2,19.31159943342209,,True,8,10,graph_amortized_device
NVIDIA H200,float16,131072,64,1,w0_f2_q1/warp,2,14.073599874973297,0.0,True,8,10,graph_amortized_device
NVIDIA H200,float16,131072,64,1,w0_f2_q1/fused_warp,2,41.61039888858795,,True,8,10,graph_amortized_device
NVIDIA H200,float16,131072,64,1,w0_f4_q1/warp,2,13.970799744129181,0.0,True,8,10,graph_amortized_device
NVIDIA H200,float16,131072,64,1,w0_f4_q1/fused_warp,2,22.044800221920013,,True,8,10,graph_amortized_device
NVIDIA H200,float16,131072,64,1,w0_f8_q1/warp,2,14.068399369716644,0.0,True,8,10,graph_amortized_device
NVIDIA H200,float16,131072,64,1,w0_f8_q1/fused_warp,2,19.279199838638306,,True,8,10,graph_amortized_device
NVIDIA H200,float16,131072,64,1,dao,2,81.06120228767395,0.0,True,8,10,graph_amortized_device
NVIDIA H200,float16,131072,64,1,dao_plus_quant,2,161.19680404663086,,True,8,10,graph_amortized_device
NVIDIA H200,float16,131072,64,1,w0_f0_q0/warp,3,14.023199677467346,0.0,True,8,10,graph_amortized_device
NVIDIA H200,float16,131072,64,1,dao_plus_quant,3,161.25400066375732,,True,8,10,graph_amortized_device
NVIDIA H200,float16,131072,64,1,dao,3,81.05239868164062,0.0,True,8,10,graph_amortized_device
NVIDIA H200,float16,131072,64,1,w0_f8_q1/fused_warp,3,19.21679973602295,,True,8,10,graph_amortized_device
NVIDIA H200,float16,131072,64,1,w0_f8_q1/warp,3,14.01360034942627,0.0,True,8,10,graph_amortized_device
NVIDIA H200,float16,131072,64,1,w0_f4_q1/fused_warp,3,22.01479971408844,,True,8,10,graph_amortized_device
NVIDIA H200,float16,131072,64,1,w0_f4_q1/warp,3,14.016400277614594,0.0,True,8,10,graph_amortized_device
NVIDIA H200,float16,131072,64,1,w0_f2_q1/fused_warp,3,41.64240062236786,,True,8,10,graph_amortized_device
NVIDIA H200,float16,131072,64,1,w0_f2_q1/warp,3,14.12000060081482,0.0,True,8,10,graph_amortized_device
NVIDIA H200,float16,131072,64,1,w8_f8_q0/fused_warp,3,19.32480037212372,,True,8,10,graph_amortized_device
NVIDIA H200,float16,131072,64,1,w8_f8_q0/warp,3,14.045199751853943,0.0,True,8,10,graph_amortized_device
NVIDIA H200,float16,131072,64,1,w4_f4_q0/fused_warp,3,21.829600632190704,,True,8,10,graph_amortized_device
NVIDIA H200,float16,131072,64,1,w4_f4_q0/warp,3,21.814000606536865,0.0,True,8,10,graph_amortized_device
NVIDIA H200,float16,131072,64,1,w2_f2_q0/fused_warp,3,41.390401124954224,,True,8,10,graph_amortized_device
NVIDIA H200,float16,131072,64,1,w2_f2_q0/warp,3,41.454800963401794,0.0,True,8,10,graph_amortized_device
NVIDIA H200,float16,131072,64,1,w0_f0_q0/fused_warp,3,19.534799456596375,,True,8,10,graph_amortized_device
NVIDIA H200,float16,131072,64,1,w2_f2_q0/warp,4,41.45039916038513,0.0,True,8,10,graph_amortized_device
NVIDIA H200,float16,131072,64,1,w2_f2_q0/fused_warp,4,41.4216011762619,,True,8,10,graph_amortized_device
NVIDIA H200,float16,131072,64,1,w4_f4_q0/warp,4,21.840800344944,0.0,True,8,10,graph_amortized_device
NVIDIA H200,float16,131072,64,1,w4_f4_q0/fused_warp,4,21.837200224399567,,True,8,10,graph_amortized_device
NVIDIA H200,float16,131072,64,1,w8_f8_q0/warp,4,14.023999869823456,0.0,True,8,10,graph_amortized_device
NVIDIA H200,float16,131072,64,1,w8_f8_q0/fused_warp,4,19.3915992975235,,True,8,10,graph_amortized_device
NVIDIA H200,float16,131072,64,1,w0_f2_q1/warp,4,14.132000505924225,0.0,True,8,10,graph_amortized_device
NVIDIA H200,float16,131072,64,1,w0_f2_q1/fused_warp,4,41.62999987602234,,True,8,10,graph_amortized_device
NVIDIA H200,float16,131072,64,1,w0_f4_q1/warp,4,14.01360034942627,0.0,True,8,10,graph_amortized_device
NVIDIA H200,float16,131072,64,1,w0_f4_q1/fused_warp,4,22.048400342464447,,True,8,10,graph_amortized_device
NVIDIA H200,float16,131072,64,1,w0_f8_q1/warp,4,14.002799987792969,0.0,True,8,10,graph_amortized_device
NVIDIA H200,float16,131072,64,1,w0_f8_q1/fused_warp,4,19.26639974117279,,True,8,10,graph_amortized_device
NVIDIA H200,float16,131072,64,1,dao,4,81.02160096168518,0.0,True,8,10,graph_amortized_device
NVIDIA H200,float16,131072,64,1,dao_plus_quant,4,161.25119924545288,,True,8,10,graph_amortized_device
NVIDIA H200,float16,131072,64,1,w0_f0_q0/warp,4,14.087599515914917,0.0,True,8,10,graph_amortized_device
NVIDIA H200,float16,131072,64,1,w0_f0_q0/fused_warp,4,19.675199687480927,,True,8,10,graph_amortized_device
NVIDIA H200,float16,1,128,1,dao,0,1.958400011062622,0.0,True,8,10,graph_amortized_device
NVIDIA H200,float16,1,128,1,dao_plus_quant,0,2.9743999242782593,,True,8,10,graph_amortized_device
NVIDIA H200,float16,1,128,1,w0_f0_q0/warp,0,1.6564000397920609,0.0,True,8,10,graph_amortized_device
NVIDIA H200,float16,1,128,1,w0_f0_q0/fused_warp,0,1.9651999697089195,,True,8,10,graph_amortized_device
NVIDIA H200,float16,1,128,1,w2_f2_q0/warp,0,1.7704000696539879,0.0,True,8,10,graph_amortized_device
NVIDIA H200,float16,1,128,1,w2_f2_q0/fused_warp,0,1.9088000059127808,,True,8,10,graph_amortized_device
NVIDIA H200,float16,1,128,1,w4_f4_q0/warp,0,1.6147999092936516,0.0,True,8,10,graph_amortized_device
NVIDIA H200,float16,1,128,1,w4_f4_q0/fused_warp,0,1.990400068461895,,True,8,10,graph_amortized_device
NVIDIA H200,float16,1,128,1,w8_f8_q0/warp,0,1.6688000410795212,0.0,True,8,10,graph_amortized_device
NVIDIA H200,float16,1,128,1,w8_f8_q0/fused_warp,0,1.9463999196887016,,True,8,10,graph_amortized_device
NVIDIA H200,float16,1,128,1,w0_f2_q1/warp,0,1.664000004529953,0.0,True,8,10,graph_amortized_device
NVIDIA H200,float16,1,128,1,w0_f2_q1/fused_warp,0,1.8820000812411308,,True,8,10,graph_amortized_device
NVIDIA H200,float16,1,128,1,w0_f4_q1/warp,0,1.7271999269723892,0.0,True,8,10,graph_amortized_device
NVIDIA H200,float16,1,128,1,w0_f4_q1/fused_warp,0,1.9996000453829765,,True,8,10,graph_amortized_device
NVIDIA H200,float16,1,128,1,w0_f8_q1/warp,0,1.6227999702095985,0.0,True,8,10,graph_amortized_device
NVIDIA H200,float16,1,128,1,w0_f8_q1/fused_warp,0,1.9091999158263206,,True,8,10,graph_amortized_device
NVIDIA H200,float16,1,128,1,dao,1,1.8915999680757523,0.0,True,8,10,graph_amortized_device
NVIDIA H200,float16,1,128,1,w0_f8_q1/fused_warp,1,1.905200071632862,,True,8,10,graph_amortized_device
NVIDIA H200,float16,1,128,1,w0_f8_q1/warp,1,1.6620000824332237,0.0,True,8,10,graph_amortized_device
NVIDIA H200,float16,1,128,1,w0_f4_q1/fused_warp,1,2.0020000636577606,,True,8,10,graph_amortized_device
NVIDIA H200,float16,1,128,1,w0_f4_q1/warp,1,1.7192000523209572,0.0,True,8,10,graph_amortized_device
NVIDIA H200,float16,1,128,1,w0_f2_q1/fused_warp,1,1.8828000873327255,,True,8,10,graph_amortized_device
NVIDIA H200,float16,1,128,1,w0_f2_q1/warp,1,1.6580000519752502,0.0,True,8,10,graph_amortized_device
NVIDIA H200,float16,1,128,1,w8_f8_q0/fused_warp,1,1.942400075495243,,True,8,10,graph_amortized_device
NVIDIA H200,float16,1,128,1,w8_f8_q0/warp,1,1.6607999801635742,0.0,True,8,10,graph_amortized_device
NVIDIA H200,float16,1,128,1,w4_f4_q0/fused_warp,1,1.990400068461895,,True,8,10,graph_amortized_device
NVIDIA H200,float16,1,128,1,w4_f4_q0/warp,1,1.6168000176548958,0.0,True,8,10,graph_amortized_device
NVIDIA H200,float16,1,128,1,w2_f2_q0/fused_warp,1,1.9068000838160515,,True,8,10,graph_amortized_device
NVIDIA H200,float16,1,128,1,w2_f2_q0/warp,1,1.7688000574707985,0.0,True,8,10,graph_amortized_device
NVIDIA H200,float16,1,128,1,w0_f0_q0/fused_warp,1,1.9708000123500824,,True,8,10,graph_amortized_device
NVIDIA H200,float16,1,128,1,w0_f0_q0/warp,1,1.6631999984383583,0.0,True,8,10,graph_amortized_device
NVIDIA H200,float16,1,128,1,dao_plus_quant,1,2.9767999425530434,,True,8,10,graph_amortized_device
NVIDIA H200,float16,1,128,1,w0_f0_q0/warp,2,1.664399914443493,0.0,True,8,10,graph_amortized_device
NVIDIA H200,float16,1,128,1,w0_f0_q0/fused_warp,2,1.9756000488996506,,True,8,10,graph_amortized_device
NVIDIA H200,float16,1,128,1,w2_f2_q0/warp,2,1.7691999673843384,0.0,True,8,10,graph_amortized_device
NVIDIA H200,float16,1,128,1,w2_f2_q0/fused_warp,2,1.905599981546402,,True,8,10,graph_amortized_device
NVIDIA H200,float16,1,128,1,w4_f4_q0/warp,2,1.6192000359296799,0.0,True,8,10,graph_amortized_device
NVIDIA H200,float16,1,128,1,w4_f4_q0/fused_warp,2,1.9967999309301376,,True,8,10,graph_amortized_device
NVIDIA H200,float16,1,128,1,w8_f8_q0/warp,2,1.664399914443493,0.0,True,8,10,graph_amortized_device
NVIDIA H200,float16,1,128,1,w8_f8_q0/fused_warp,2,1.9408000633120537,,True,8,10,graph_amortized_device
NVIDIA H200,float16,1,128,1,w0_f2_q1/warp,2,1.6635999083518982,0.0,True,8,10,graph_amortized_device
NVIDIA H200,float16,1,128,1,w0_f2_q1/fused_warp,2,1.8759999424219131,,True,8,10,graph_amortized_device
NVIDIA H200,float16,1,128,1,w0_f4_q1/warp,2,1.716800034046173,0.0,True,8,10,graph_amortized_device
NVIDIA H200,float16,1,128,1,w0_f4_q1/fused_warp,2,2.000799961388111,,True,8,10,graph_amortized_device
NVIDIA H200,float16,1,128,1,w0_f8_q1/warp,2,1.63199994713068,0.0,True,8,10,graph_amortized_device
NVIDIA H200,float16,1,128,1,w0_f8_q1/fused_warp,2,1.9192000851035118,,True,8,10,graph_amortized_device
NVIDIA H200,float16,1,128,1,dao,2,1.8944000825285912,0.0,True,8,10,graph_amortized_device
NVIDIA H200,float16,1,128,1,dao_plus_quant,2,2.9443999752402306,,True,8,10,graph_amortized_device
NVIDIA H200,float16,1,128,1,w0_f0_q0/warp,3,1.658800058066845,0.0,True,8,10,graph_amortized_device
NVIDIA H200,float16,1,128,1,dao_plus_quant,3,2.9764000326395035,,True,8,10,graph_amortized_device
NVIDIA H200,float16,1,128,1,dao,3,1.8912000581622124,0.0,True,8,10,graph_amortized_device
NVIDIA H200,float16,1,128,1,w0_f8_q1/fused_warp,3,1.907999999821186,,True,8,10,graph_amortized_device
NVIDIA H200,float16,1,128,1,w0_f8_q1/warp,3,1.637599989771843,0.0,True,8,10,graph_amortized_device
NVIDIA H200,float16,1,128,1,w0_f4_q1/fused_warp,3,2.00399998575449,,True,8,10,graph_amortized_device
NVIDIA H200,float16,1,128,1,w0_f4_q1/warp,3,1.7295999452471733,0.0,True,8,10,graph_amortized_device
NVIDIA H200,float16,1,128,1,w0_f2_q1/fused_warp,3,1.8756000325083733,,True,8,10,graph_amortized_device
NVIDIA H200,float16,1,128,1,w0_f2_q1/warp,3,1.6807999461889267,0.0,True,8,10,graph_amortized_device
NVIDIA H200,float16,1,128,1,w8_f8_q0/fused_warp,3,1.9408000633120537,,True,8,10,graph_amortized_device
NVIDIA H200,float16,1,128,1,w8_f8_q0/warp,3,1.6596000641584396,0.0,True,8,10,graph_amortized_device
NVIDIA H200,float16,1,128,1,w4_f4_q0/fused_warp,3,1.998399943113327,,True,8,10,graph_amortized_device
NVIDIA H200,float16,1,128,1,w4_f4_q0/warp,3,1.6184000298380852,0.0,True,8,10,graph_amortized_device
NVIDIA H200,float16,1,128,1,w2_f2_q0/fused_warp,3,1.905599981546402,,True,8,10,graph_amortized_device
NVIDIA H200,float16,1,128,1,w2_f2_q0/warp,3,1.7723999917507172,0.0,True,8,10,graph_amortized_device
NVIDIA H200,float16,1,128,1,w0_f0_q0/fused_warp,3,1.9680000841617584,,True,8,10,graph_amortized_device
NVIDIA H200,float16,1,128,1,w2_f2_q0/warp,4,1.7707999795675278,0.0,True,8,10,graph_amortized_device
NVIDIA H200,float16,1,128,1,w2_f2_q0/fused_warp,4,1.9039999693632126,,True,8,10,graph_amortized_device
NVIDIA H200,float16,1,128,1,w4_f4_q0/warp,4,1.6224000602960587,0.0,True,8,10,graph_amortized_device
NVIDIA H200,float16,1,128,1,w4_f4_q0/fused_warp,4,1.990400068461895,,True,8,10,graph_amortized_device
NVIDIA H200,float16,1,128,1,w8_f8_q0/warp,4,1.6631999984383583,0.0,True,8,10,graph_amortized_device
NVIDIA H200,float16,1,128,1,w8_f8_q0/fused_warp,4,1.9440000876784325,,True,8,10,graph_amortized_device
NVIDIA H200,float16,1,128,1,w0_f2_q1/warp,4,1.664399914443493,0.0,True,8,10,graph_amortized_device
NVIDIA H200,float16,1,128,1,w0_f2_q1/fused_warp,4,1.8907999619841576,,True,8,10,graph_amortized_device
NVIDIA H200,float16,1,128,1,w0_f4_q1/warp,4,1.727999933063984,0.0,True,8,10,graph_amortized_device
NVIDIA H200,float16,1,128,1,w0_f4_q1/fused_warp,4,2.0047999918460846,,True,8,10,graph_amortized_device
NVIDIA H200,float16,1,128,1,w0_f8_q1/warp,4,1.637200079858303,0.0,True,8,10,graph_amortized_device
NVIDIA H200,float16,1,128,1,w0_f8_q1/fused_warp,4,1.9228000193834305,,True,8,10,graph_amortized_device
NVIDIA H200,float16,1,128,1,dao,4,1.892399974167347,0.0,True,8,10,graph_amortized_device
NVIDIA H200,float16,1,128,1,dao_plus_quant,4,2.979999966919422,,True,8,10,graph_amortized_device
NVIDIA H200,float16,1,128,1,w0_f0_q0/warp,4,1.664399914443493,0.0,True,8,10,graph_amortized_device
NVIDIA H200,float16,1,128,1,w0_f0_q0/fused_warp,4,1.9643999636173248,,True,8,10,graph_amortized_device
NVIDIA H200,float16,128,128,1,dao,0,1.9948000088334084,0.0,True,8,10,graph_amortized_device
NVIDIA H200,float16,128,128,1,dao_plus_quant,0,3.431199863553047,,True,8,10,graph_amortized_device
NVIDIA H200,float16,128,128,1,w0_f0_q0/warp,0,1.7847999930381775,0.0,True,8,10,graph_amortized_device
NVIDIA H200,float16,128,128,1,w0_f0_q0/fused_warp,0,2.0795999094843864,,True,8,10,graph_amortized_device
NVIDIA H200,float16,128,128,1,w2_f2_q0/warp,0,1.8255999311804771,0.0,True,8,10,graph_amortized_device
NVIDIA H200,float16,128,128,1,w2_f2_q0/fused_warp,0,2.0371999591588974,,True,8,10,graph_amortized_device
NVIDIA H200,float16,128,128,1,w4_f4_q0/warp,0,1.8171999603509903,0.0,True,8,10,graph_amortized_device
NVIDIA H200,float16,128,128,1,w4_f4_q0/fused_warp,0,2.0255999639630318,,True,8,10,graph_amortized_device
NVIDIA H200,float16,128,128,1,w8_f8_q0/warp,0,1.841999962925911,0.0,True,8,10,graph_amortized_device
NVIDIA H200,float16,128,128,1,w8_f8_q0/fused_warp,0,2.0395999774336815,,True,8,10,graph_amortized_device
NVIDIA H200,float16,128,128,1,w0_f2_q1/warp,0,1.7588000744581223,0.0,True,8,10,graph_amortized_device
NVIDIA H200,float16,128,128,1,w0_f2_q1/fused_warp,0,2.0711999386548996,,True,8,10,graph_amortized_device
NVIDIA H200,float16,128,128,1,w0_f4_q1/warp,0,1.8268000334501266,0.0,True,8,10,graph_amortized_device
NVIDIA H200,float16,128,128,1,w0_f4_q1/fused_warp,0,2.0323999226093292,,True,8,10,graph_amortized_device
NVIDIA H200,float16,128,128,1,w0_f8_q1/warp,0,1.820800080895424,0.0,True,8,10,graph_amortized_device
NVIDIA H200,float16,128,128,1,w0_f8_q1/fused_warp,0,2.0392000675201416,,True,8,10,graph_amortized_device
NVIDIA H200,float16,128,128,1,dao,1,1.9899999722838402,0.0,True,8,10,graph_amortized_device
NVIDIA H200,float16,128,128,1,w0_f8_q1/fused_warp,1,2.0315999165177345,,True,8,10,graph_amortized_device
NVIDIA H200,float16,128,128,1,w0_f8_q1/warp,1,1.8112000077962875,0.0,True,8,10,graph_amortized_device
NVIDIA H200,float16,128,128,1,w0_f4_q1/fused_warp,1,2.03000009059906,,True,8,10,graph_amortized_device
NVIDIA H200,float16,128,128,1,w0_f4_q1/warp,1,1.8216000869870186,0.0,True,8,10,graph_amortized_device
NVIDIA H200,float16,128,128,1,w0_f2_q1/fused_warp,1,2.0640000700950623,,True,8,10,graph_amortized_device
NVIDIA H200,float16,128,128,1,w0_f2_q1/warp,1,1.7580000683665276,0.0,True,8,10,graph_amortized_device
NVIDIA H200,float16,128,128,1,w8_f8_q0/fused_warp,1,2.0584000274538994,,True,8,10,graph_amortized_device
NVIDIA H200,float16,128,128,1,w8_f8_q0/warp,1,1.8379999324679375,0.0,True,8,10,graph_amortized_device
NVIDIA H200,float16,128,128,1,w4_f4_q0/fused_warp,1,2.001599967479706,,True,8,10,graph_amortized_device
NVIDIA H200,float16,128,128,1,w4_f4_q0/warp,1,1.7988000065088272,0.0,True,8,10,graph_amortized_device
NVIDIA H200,float16,128,128,1,w2_f2_q0/fused_warp,1,2.038400061428547,,True,8,10,graph_amortized_device
NVIDIA H200,float16,128,128,1,w2_f2_q0/warp,1,1.8456000834703445,0.0,True,8,10,graph_amortized_device
NVIDIA H200,float16,128,128,1,w0_f0_q0/fused_warp,1,2.072400040924549,,True,8,10,graph_amortized_device
NVIDIA H200,float16,128,128,1,w0_f0_q0/warp,1,1.7947999760508537,0.0,True,8,10,graph_amortized_device
NVIDIA H200,float16,128,128,1,dao_plus_quant,1,3.434399887919426,,True,8,10,graph_amortized_device
NVIDIA H200,float16,128,128,1,w0_f0_q0/warp,2,1.7883999273180962,0.0,True,8,10,graph_amortized_device
NVIDIA H200,float16,128,128,1,w0_f0_q0/fused_warp,2,2.072400040924549,,True,8,10,graph_amortized_device
NVIDIA H200,float16,128,128,1,w2_f2_q0/warp,2,1.8247999250888824,0.0,True,8,10,graph_amortized_device
NVIDIA H200,float16,128,128,1,w2_f2_q0/fused_warp,2,2.0400000736117363,,True,8,10,graph_amortized_device
NVIDIA H200,float16,128,128,1,w4_f4_q0/warp,2,1.8131999298930168,0.0,True,8,10,graph_amortized_device
NVIDIA H200,float16,128,128,1,w4_f4_q0/fused_warp,2,2.017199993133545,,True,8,10,graph_amortized_device
NVIDIA H200,float16,128,128,1,w8_f8_q0/warp,2,1.839200034737587,0.0,True,8,10,graph_amortized_device
NVIDIA H200,float16,128,128,1,w8_f8_q0/fused_warp,2,2.0659999921917915,,True,8,10,graph_amortized_device
NVIDIA H200,float16,128,128,1,w0_f2_q1/warp,2,1.746400073170662,0.0,True,8,10,graph_amortized_device
NVIDIA H200,float16,128,128,1,w0_f2_q1/fused_warp,2,2.061999961733818,,True,8,10,graph_amortized_device
NVIDIA H200,float16,128,128,1,w0_f4_q1/warp,2,1.834000088274479,0.0,True,8,10,graph_amortized_device
NVIDIA H200,float16,128,128,1,w0_f4_q1/fused_warp,2,2.03079991042614,,True,8,10,graph_amortized_device
NVIDIA H200,float16,128,128,1,w0_f8_q1/warp,2,1.8063999712467194,0.0,True,8,10,graph_amortized_device
NVIDIA H200,float16,128,128,1,w0_f8_q1/fused_warp,2,2.03079991042614,,True,8,10,graph_amortized_device
NVIDIA H200,float16,128,128,1,dao,2,1.9967999309301376,0.0,True,8,10,graph_amortized_device
NVIDIA H200,float16,128,128,1,dao_plus_quant,2,3.4356001764535904,,True,8,10,graph_amortized_device
NVIDIA H200,float16,128,128,1,w0_f0_q0/warp,3,1.7875999212265015,0.0,True,8,10,graph_amortized_device
NVIDIA H200,float16,128,128,1,dao_plus_quant,3,3.4407999366521835,,True,8,10,graph_amortized_device
NVIDIA H200,float16,128,128,1,dao,3,1.998399943113327,0.0,True,8,10,graph_amortized_device
NVIDIA H200,float16,128,128,1,w0_f8_q1/fused_warp,3,2.0295999944210052,,True,8,10,graph_amortized_device
NVIDIA H200,float16,128,128,1,w0_f8_q1/warp,3,1.8079999834299088,0.0,True,8,10,graph_amortized_device
NVIDIA H200,float16,128,128,1,w0_f4_q1/fused_warp,3,2.0315999165177345,,True,8,10,graph_amortized_device
NVIDIA H200,float16,128,128,1,w0_f4_q1/warp,3,1.8379999324679375,0.0,True,8,10,graph_amortized_device
NVIDIA H200,float16,128,128,1,w0_f2_q1/fused_warp,3,2.070000022649765,,True,8,10,graph_amortized_device
NVIDIA H200,float16,128,128,1,w0_f2_q1/warp,3,1.7632000148296356,0.0,True,8,10,graph_amortized_device
NVIDIA H200,float16,128,128,1,w8_f8_q0/fused_warp,3,2.0552000030875206,,True,8,10,graph_amortized_device
NVIDIA H200,float16,128,128,1,w8_f8_q0/warp,3,1.8347999081015587,0.0,True,8,10,graph_amortized_device
NVIDIA H200,float16,128,128,1,w4_f4_q0/fused_warp,3,2.024799957871437,,True,8,10,graph_amortized_device
NVIDIA H200,float16,128,128,1,w4_f4_q0/warp,3,1.8216000869870186,0.0,True,8,10,graph_amortized_device
NVIDIA H200,float16,128,128,1,w2_f2_q0/fused_warp,3,2.036000043153763,,True,8,10,graph_amortized_device
NVIDIA H200,float16,128,128,1,w2_f2_q0/warp,3,1.8263999372720718,0.0,True,8,10,graph_amortized_device
NVIDIA H200,float16,128,128,1,w0_f0_q0/fused_warp,3,2.0791999995708466,,True,8,10,graph_amortized_device
NVIDIA H200,float16,128,128,1,w2_f2_q0/warp,4,1.8195999786257744,0.0,True,8,10,graph_amortized_device
NVIDIA H200,float16,128,128,1,w2_f2_q0/fused_warp,4,2.036000043153763,,True,8,10,graph_amortized_device
NVIDIA H200,float16,128,128,1,w4_f4_q0/warp,4,1.8163999542593956,0.0,True,8,10,graph_amortized_device
NVIDIA H200,float16,128,128,1,w4_f4_q0/fused_warp,4,2.0231999456882477,,True,8,10,graph_amortized_device
NVIDIA H200,float16,128,128,1,w8_f8_q0/warp,4,1.8408000469207764,0.0,True,8,10,graph_amortized_device
NVIDIA H200,float16,128,128,1,w8_f8_q0/fused_warp,4,2.0627999678254128,,True,8,10,graph_amortized_device
NVIDIA H200,float16,128,128,1,w0_f2_q1/warp,4,1.7607999965548515,0.0,True,8,10,graph_amortized_device
NVIDIA H200,float16,128,128,1,w0_f2_q1/fused_warp,4,2.062400057911873,,True,8,10,graph_amortized_device
NVIDIA H200,float16,128,128,1,w0_f4_q1/warp,4,1.8319999799132347,0.0,True,8,10,graph_amortized_device
NVIDIA H200,float16,128,128,1,w0_f4_q1/fused_warp,4,2.03079991042614,,True,8,10,graph_amortized_device
NVIDIA H200,float16,128,128,1,w0_f8_q1/warp,4,1.8123999238014221,0.0,True,8,10,graph_amortized_device
NVIDIA H200,float16,128,128,1,w0_f8_q1/fused_warp,4,2.0363999530673027,,True,8,10,graph_amortized_device
NVIDIA H200,float16,128,128,1,dao,4,1.995999924838543,0.0,True,8,10,graph_amortized_device
NVIDIA H200,float16,128,128,1,dao_plus_quant,4,3.4359999001026154,,True,8,10,graph_amortized_device
NVIDIA H200,float16,128,128,1,w0_f0_q0/warp,4,1.7896000295877457,0.0,True,8,10,graph_amortized_device
NVIDIA H200,float16,128,128,1,w0_f0_q0/fused_warp,4,2.078399993479252,,True,8,10,graph_amortized_device
NVIDIA H200,float16,16384,128,1,dao,0,11.714799702167511,0.0,True,8,10,graph_amortized_device
NVIDIA H200,float16,16384,128,1,dao_plus_quant,0,22.891999781131744,,True,8,10,graph_amortized_device
NVIDIA H200,float16,16384,128,1,w0_f0_q0/warp,0,4.241599887609482,0.0,True,8,10,graph_amortized_device
NVIDIA H200,float16,16384,128,1,w0_f0_q0/fused_warp,0,5.13480007648468,,True,8,10,graph_amortized_device
NVIDIA H200,float16,16384,128,1,w2_f2_q0/warp,0,6.693600118160248,0.0,True,8,10,graph_amortized_device
NVIDIA H200,float16,16384,128,1,w2_f2_q0/fused_warp,0,7.061599940061569,,True,8,10,graph_amortized_device
NVIDIA H200,float16,16384,128,1,w4_f4_q0/warp,0,4.380799829959869,0.0,True,8,10,graph_amortized_device
NVIDIA H200,float16,16384,128,1,w4_f4_q0/fused_warp,0,5.111600086092949,,True,8,10,graph_amortized_device
NVIDIA H200,float16,16384,128,1,w8_f8_q0/warp,0,3.7964001297950745,0.0,True,8,10,graph_amortized_device
NVIDIA H200,float16,16384,128,1,w8_f8_q0/fused_warp,0,5.109599977731705,,True,8,10,graph_amortized_device
NVIDIA H200,float16,16384,128,1,w0_f2_q1/warp,0,4.262800142168999,0.0,True,8,10,graph_amortized_device
NVIDIA H200,float16,16384,128,1,w0_f2_q1/fused_warp,0,7.029599696397781,,True,8,10,graph_amortized_device
NVIDIA H200,float16,16384,128,1,w0_f4_q1/warp,0,4.321200028061867,0.0,True,8,10,graph_amortized_device
NVIDIA H200,float16,16384,128,1,w0_f4_q1/fused_warp,0,5.065999925136566,,True,8,10,graph_amortized_device
NVIDIA H200,float16,16384,128,1,w0_f8_q1/warp,0,4.27200011909008,0.0,True,8,10,graph_amortized_device
NVIDIA H200,float16,16384,128,1,w0_f8_q1/fused_warp,0,5.113200098276138,,True,8,10,graph_amortized_device
NVIDIA H200,float16,16384,128,1,dao,1,11.710000038146973,0.0,True,8,10,graph_amortized_device
NVIDIA H200,float16,16384,128,1,w0_f8_q1/fused_warp,1,5.137600004673004,,True,8,10,graph_amortized_device
NVIDIA H200,float16,16384,128,1,w0_f8_q1/warp,1,4.27200011909008,0.0,True,8,10,graph_amortized_device
NVIDIA H200,float16,16384,128,1,w0_f4_q1/fused_warp,1,5.093200132250786,,True,8,10,graph_amortized_device
NVIDIA H200,float16,16384,128,1,w0_f4_q1/warp,1,4.259999841451645,0.0,True,8,10,graph_amortized_device
NVIDIA H200,float16,16384,128,1,w0_f2_q1/fused_warp,1,7.036799937486649,,True,8,10,graph_amortized_device
NVIDIA H200,float16,16384,128,1,w0_f2_q1/warp,1,4.288800060749054,0.0,True,8,10,graph_amortized_device
NVIDIA H200,float16,16384,128,1,w8_f8_q0/fused_warp,1,5.106399953365326,,True,8,10,graph_amortized_device
NVIDIA H200,float16,16384,128,1,w8_f8_q0/warp,1,3.795599937438965,0.0,True,8,10,graph_amortized_device
NVIDIA H200,float16,16384,128,1,w4_f4_q0/fused_warp,1,5.106399953365326,,True,8,10,graph_amortized_device
NVIDIA H200,float16,16384,128,1,w4_f4_q0/warp,1,4.341600090265274,0.0,True,8,10,graph_amortized_device
NVIDIA H200,float16,16384,128,1,w2_f2_q0/fused_warp,1,7.062000036239624,,True,8,10,graph_amortized_device
NVIDIA H200,float16,16384,128,1,w2_f2_q0/warp,1,6.6840000450611115,0.0,True,8,10,graph_amortized_device
NVIDIA H200,float16,16384,128,1,w0_f0_q0/fused_warp,1,5.120399966835976,,True,8,10,graph_amortized_device
NVIDIA H200,float16,16384,128,1,w0_f0_q0/warp,1,4.224399849772453,0.0,True,8,10,graph_amortized_device
NVIDIA H200,float16,16384,128,1,dao_plus_quant,1,22.892799973487854,,True,8,10,graph_amortized_device
NVIDIA H200,float16,16384,128,1,w0_f0_q0/warp,2,4.224000126123428,0.0,True,8,10,graph_amortized_device
NVIDIA H200,float16,16384,128,1,w0_f0_q0/fused_warp,2,5.118799954652786,,True,8,10,graph_amortized_device
NVIDIA H200,float16,16384,128,1,w2_f2_q0/warp,2,6.669999659061432,0.0,True,8,10,graph_amortized_device
NVIDIA H200,float16,16384,128,1,w2_f2_q0/fused_warp,2,7.047600299119949,,True,8,10,graph_amortized_device
NVIDIA H200,float16,16384,128,1,w4_f4_q0/warp,2,4.374799877405167,0.0,True,8,10,graph_amortized_device
NVIDIA H200,float16,16384,128,1,w4_f4_q0/fused_warp,2,5.1047999411821365,,True,8,10,graph_amortized_device
NVIDIA H200,float16,16384,128,1,w8_f8_q0/warp,2,3.7572000175714493,0.0,True,8,10,graph_amortized_device
NVIDIA H200,float16,16384,128,1,w8_f8_q0/fused_warp,2,5.104399845004082,,True,8,10,graph_amortized_device
NVIDIA H200,float16,16384,128,1,w0_f2_q1/warp,2,4.2635999619960785,0.0,True,8,10,graph_amortized_device
NVIDIA H200,float16,16384,128,1,w0_f2_q1/fused_warp,2,7.046400010585785,,True,8,10,graph_amortized_device
NVIDIA H200,float16,16384,128,1,w0_f4_q1/warp,2,4.251199960708618,0.0,True,8,10,graph_amortized_device
NVIDIA H200,float16,16384,128,1,w0_f4_q1/fused_warp,2,5.0728000700473785,,True,8,10,graph_amortized_device
NVIDIA H200,float16,16384,128,1,w0_f8_q1/warp,2,4.275599867105484,0.0,True,8,10,graph_amortized_device
NVIDIA H200,float16,16384,128,1,w0_f8_q1/fused_warp,2,5.188800022006035,,True,8,10,graph_amortized_device
NVIDIA H200,float16,16384,128,1,dao,2,11.711999773979187,0.0,True,8,10,graph_amortized_device
NVIDIA H200,float16,16384,128,1,dao_plus_quant,2,22.888000309467316,,True,8,10,graph_amortized_device
NVIDIA H200,float16,16384,128,1,w0_f0_q0/warp,3,4.2288001626729965,0.0,True,8,10,graph_amortized_device
NVIDIA H200,float16,16384,128,1,dao_plus_quant,3,22.89240062236786,,True,8,10,graph_amortized_device
NVIDIA H200,float16,16384,128,1,dao,3,11.703599989414215,0.0,True,8,10,graph_amortized_device
NVIDIA H200,float16,16384,128,1,w0_f8_q1/fused_warp,3,5.128400027751923,,True,8,10,graph_amortized_device
NVIDIA H200,float16,16384,128,1,w0_f8_q1/warp,3,4.278799891471863,0.0,True,8,10,graph_amortized_device
NVIDIA H200,float16,16384,128,1,w0_f4_q1/fused_warp,3,5.077999830245972,,True,8,10,graph_amortized_device
NVIDIA H200,float16,16384,128,1,w0_f4_q1/warp,3,4.254399985074997,0.0,True,8,10,graph_amortized_device
NVIDIA H200,float16,16384,128,1,w0_f2_q1/fused_warp,3,7.033199816942215,,True,8,10,graph_amortized_device
NVIDIA H200,float16,16384,128,1,w0_f2_q1/warp,3,4.267200082540512,0.0,True,8,10,graph_amortized_device
NVIDIA H200,float16,16384,128,1,w8_f8_q0/fused_warp,3,5.1183998584747314,,True,8,10,graph_amortized_device
NVIDIA H200,float16,16384,128,1,w8_f8_q0/warp,3,3.8091998547315598,0.0,True,8,10,graph_amortized_device
NVIDIA H200,float16,16384,128,1,w4_f4_q0/fused_warp,3,5.101599916815758,,True,8,10,graph_amortized_device
NVIDIA H200,float16,16384,128,1,w4_f4_q0/warp,3,4.395199939608574,0.0,True,8,10,graph_amortized_device
NVIDIA H200,float16,16384,128,1,w2_f2_q0/fused_warp,3,7.130800187587738,,True,8,10,graph_amortized_device
NVIDIA H200,float16,16384,128,1,w2_f2_q0/warp,3,6.671199947595596,0.0,True,8,10,graph_amortized_device
NVIDIA H200,float16,16384,128,1,w0_f0_q0/fused_warp,3,5.133999884128571,,True,8,10,graph_amortized_device
NVIDIA H200,float16,16384,128,1,w2_f2_q0/warp,4,6.671600043773651,0.0,True,8,10,graph_amortized_device
NVIDIA H200,float16,16384,128,1,w2_f2_q0/fused_warp,4,7.051199674606323,,True,8,10,graph_amortized_device
NVIDIA H200,float16,16384,128,1,w4_f4_q0/warp,4,4.293999820947647,0.0,True,8,10,graph_amortized_device
NVIDIA H200,float16,16384,128,1,w4_f4_q0/fused_warp,4,5.099999904632568,,True,8,10,graph_amortized_device
NVIDIA H200,float16,16384,128,1,w8_f8_q0/warp,4,3.7491999566555023,0.0,True,8,10,graph_amortized_device
NVIDIA H200,float16,16384,128,1,w8_f8_q0/fused_warp,4,5.099999904632568,,True,8,10,graph_amortized_device
NVIDIA H200,float16,16384,128,1,w0_f2_q1/warp,4,4.287600144743919,0.0,True,8,10,graph_amortized_device
NVIDIA H200,float16,16384,128,1,w0_f2_q1/fused_warp,4,7.0472002029418945,,True,8,10,graph_amortized_device
NVIDIA H200,float16,16384,128,1,w0_f4_q1/warp,4,4.2924001812934875,0.0,True,8,10,graph_amortized_device
NVIDIA H200,float16,16384,128,1,w0_f4_q1/fused_warp,4,5.085600167512894,,True,8,10,graph_amortized_device
NVIDIA H200,float16,16384,128,1,w0_f8_q1/warp,4,4.271199926733971,0.0,True,8,10,graph_amortized_device
NVIDIA H200,float16,16384,128,1,w0_f8_q1/fused_warp,4,5.163199827075005,,True,8,10,graph_amortized_device
NVIDIA H200,float16,16384,128,1,dao,4,11.713600158691406,0.0,True,8,10,graph_amortized_device
NVIDIA H200,float16,16384,128,1,dao_plus_quant,4,22.888800501823425,,True,8,10,graph_amortized_device
NVIDIA H200,float16,16384,128,1,w0_f0_q0/warp,4,4.236000031232834,0.0,True,8,10,graph_amortized_device
NVIDIA H200,float16,16384,128,1,w0_f0_q0/fused_warp,4,5.133999884128571,,True,8,10,graph_amortized_device
NVIDIA H200,float16,131072,128,1,dao,0,81.14920258522034,0.0,True,8,10,graph_amortized_device
NVIDIA H200,float16,131072,128,1,dao_plus_quant,0,161.52280569076538,,True,8,10,graph_amortized_device
NVIDIA H200,float16,131072,128,1,w0_f0_q0/warp,0,22.8192001581192,0.0,True,8,10,graph_amortized_device
NVIDIA H200,float16,131072,128,1,w0_f0_q0/fused_warp,0,28.057199716567993,,True,8,10,graph_amortized_device
NVIDIA H200,float16,131072,128,1,w2_f2_q0/warp,0,41.69119894504547,0.0,True,8,10,graph_amortized_device
NVIDIA H200,float16,131072,128,1,w2_f2_q0/fused_warp,0,41.88759922981262,,True,8,10,graph_amortized_device
NVIDIA H200,float16,131072,128,1,w4_f4_q0/warp,0,22.779199481010437,0.0,True,8,10,graph_amortized_device
NVIDIA H200,float16,131072,128,1,w4_f4_q0/fused_warp,0,28.191998600959778,,True,8,10,graph_amortized_device
NVIDIA H200,float16,131072,128,1,w8_f8_q0/warp,0,22.098800539970398,0.0,True,8,10,graph_amortized_device
NVIDIA H200,float16,131072,128,1,w8_f8_q0/fused_warp,0,28.499600291252136,,True,8,10,graph_amortized_device
NVIDIA H200,float16,131072,128,1,w0_f2_q1/warp,0,22.818399965763092,0.0,True,8,10,graph_amortized_device
NVIDIA H200,float16,131072,128,1,w0_f2_q1/fused_warp,0,41.8971985578537,,True,8,10,graph_amortized_device
NVIDIA H200,float16,131072,128,1,w0_f4_q1/warp,0,22.848400473594666,0.0,True,8,10,graph_amortized_device
NVIDIA H200,float16,131072,128,1,w0_f4_q1/fused_warp,0,28.161999583244324,,True,8,10,graph_amortized_device
NVIDIA H200,float16,131072,128,1,w0_f8_q1/warp,0,22.820399701595306,0.0,True,8,10,graph_amortized_device
NVIDIA H200,float16,131072,128,1,w0_f8_q1/fused_warp,0,28.385600447654724,,True,8,10,graph_amortized_device
NVIDIA H200,float16,131072,128,1,dao,1,81.06920123100281,0.0,True,8,10,graph_amortized_device
NVIDIA H200,float16,131072,128,1,w0_f8_q1/fused_warp,1,28.38680148124695,,True,8,10,graph_amortized_device
NVIDIA H200,float16,131072,128,1,w0_f8_q1/warp,1,22.75400012731552,0.0,True,8,10,graph_amortized_device
NVIDIA H200,float16,131072,128,1,w0_f4_q1/fused_warp,1,28.127598762512207,,True,8,10,graph_amortized_device
NVIDIA H200,float16,131072,128,1,w0_f4_q1/warp,1,22.818399965763092,0.0,True,8,10,graph_amortized_device
NVIDIA H200,float16,131072,128,1,w0_f2_q1/fused_warp,1,41.90880060195923,,True,8,10,graph_amortized_device
NVIDIA H200,float16,131072,128,1,w0_f2_q1/warp,1,22.79680073261261,0.0,True,8,10,graph_amortized_device
NVIDIA H200,float16,131072,128,1,w8_f8_q0/fused_warp,1,28.465598821640015,,True,8,10,graph_amortized_device
NVIDIA H200,float16,131072,128,1,w8_f8_q0/warp,1,22.11039960384369,0.0,True,8,10,graph_amortized_device
NVIDIA H200,float16,131072,128,1,w4_f4_q0/fused_warp,1,28.21280062198639,,True,8,10,graph_amortized_device
NVIDIA H200,float16,131072,128,1,w4_f4_q0/warp,1,22.79680073261261,0.0,True,8,10,graph_amortized_device
NVIDIA H200,float16,131072,128,1,w2_f2_q0/fused_warp,1,41.85999929904938,,True,8,10,graph_amortized_device
NVIDIA H200,float16,131072,128,1,w2_f2_q0/warp,1,41.63680076599121,0.0,True,8,10,graph_amortized_device
NVIDIA H200,float16,131072,128,1,w0_f0_q0/fused_warp,1,28.120800852775574,,True,8,10,graph_amortized_device
NVIDIA H200,float16,131072,128,1,w0_f0_q0/warp,1,22.764000296592712,0.0,True,8,10,graph_amortized_device
NVIDIA H200,float16,131072,128,1,dao_plus_quant,1,161.42679452896118,,True,8,10,graph_amortized_device
NVIDIA H200,float16,131072,128,1,w0_f0_q0/warp,2,22.74080067873001,0.0,True,8,10,graph_amortized_device
NVIDIA H200,float16,131072,128,1,w0_f0_q0/fused_warp,2,28.097200393676758,,True,8,10,graph_amortized_device
NVIDIA H200,float16,131072,128,1,w2_f2_q0/warp,2,41.678398847579956,0.0,True,8,10,graph_amortized_device
NVIDIA H200,float16,131072,128,1,w2_f2_q0/fused_warp,2,41.90720021724701,,True,8,10,graph_amortized_device
NVIDIA H200,float16,131072,128,1,w4_f4_q0/warp,2,22.895599901676178,0.0,True,8,10,graph_amortized_device
NVIDIA H200,float16,131072,128,1,w4_f4_q0/fused_warp,2,28.249600529670715,,True,8,10,graph_amortized_device
NVIDIA H200,float16,131072,128,1,w8_f8_q0/warp,2,22.167199850082397,0.0,True,8,10,graph_amortized_device
NVIDIA H200,float16,131072,128,1,w8_f8_q0/fused_warp,2,28.444400429725647,,True,8,10,graph_amortized_device
NVIDIA H200,float16,131072,128,1,w0_f2_q1/warp,2,22.89000004529953,0.0,True,8,10,graph_amortized_device
NVIDIA H200,float16,131072,128,1,w0_f2_q1/fused_warp,2,42.24199950695038,,True,8,10,graph_amortized_device
NVIDIA H200,float16,131072,128,1,w0_f4_q1/warp,2,22.98319935798645,0.0,True,8,10,graph_amortized_device
NVIDIA H200,float16,131072,128,1,w0_f4_q1/fused_warp,2,28.15600037574768,,True,8,10,graph_amortized_device
NVIDIA H200,float16,131072,128,1,w0_f8_q1/warp,2,22.912399470806122,0.0,True,8,10,graph_amortized_device
NVIDIA H200,float16,131072,128,1,w0_f8_q1/fused_warp,2,28.367599844932556,,True,8,10,graph_amortized_device
NVIDIA H200,float16,131072,128,1,dao,2,81.7192018032074,0.0,True,8,10,graph_amortized_device
NVIDIA H200,float16,131072,128,1,dao_plus_quant,2,162.89199590682983,,True,8,10,graph_amortized_device
NVIDIA H200,float16,131072,128,1,w0_f0_q0/warp,3,22.968800365924835,0.0,True,8,10,graph_amortized_device
NVIDIA H200,float16,131072,128,1,dao_plus_quant,3,162.9852056503296,,True,8,10,graph_amortized_device
NVIDIA H200,float16,131072,128,1,dao,3,81.84639811515808,0.0,True,8,10,graph_amortized_device
NVIDIA H200,float16,131072,128,1,w0_f8_q1/fused_warp,3,28.451600670814514,,True,8,10,graph_amortized_device
NVIDIA H200,float16,131072,128,1,w0_f8_q1/warp,3,22.90640026330948,0.0,True,8,10,graph_amortized_device
NVIDIA H200,float16,131072,128,1,w0_f4_q1/fused_warp,3,28.19719910621643,,True,8,10,graph_amortized_device
NVIDIA H200,float16,131072,128,1,w0_f4_q1/warp,3,22.962400317192078,0.0,True,8,10,graph_amortized_device
NVIDIA H200,float16,131072,128,1,w0_f2_q1/fused_warp,3,42.26880073547363,,True,8,10,graph_amortized_device
NVIDIA H200,float16,131072,128,1,w0_f2_q1/warp,3,22.904400527477264,0.0,True,8,10,graph_amortized_device
NVIDIA H200,float16,131072,128,1,w8_f8_q0/fused_warp,3,28.53119969367981,,True,8,10,graph_amortized_device
NVIDIA H200,float16,131072,128,1,w8_f8_q0/warp,3,22.175200283527374,0.0,True,8,10,graph_amortized_device
NVIDIA H200,float16,131072,128,1,w4_f4_q0/fused_warp,3,28.2943993806839,,True,8,10,graph_amortized_device
NVIDIA H200,float16,131072,128,1,w4_f4_q0/warp,3,22.83319979906082,0.0,True,8,10,graph_amortized_device
NVIDIA H200,float16,131072,128,1,w2_f2_q0/fused_warp,3,41.98159873485565,,True,8,10,graph_amortized_device
NVIDIA H200,float16,131072,128,1,w2_f2_q0/warp,3,41.69999957084656,0.0,True,8,10,graph_amortized_device
NVIDIA H200,float16,131072,128,1,w0_f0_q0/fused_warp,3,28.189200162887573,,True,8,10,graph_amortized_device
NVIDIA H200,float16,131072,128,1,w2_f2_q0/warp,4,41.70520007610321,0.0,True,8,10,graph_amortized_device
NVIDIA H200,float16,131072,128,1,w2_f2_q0/fused_warp,4,41.99039936065674,,True,8,10,graph_amortized_device
NVIDIA H200,float16,131072,128,1,w4_f4_q0/warp,4,22.837600111961365,0.0,True,8,10,graph_amortized_device
NVIDIA H200,float16,131072,128,1,w4_f4_q0/fused_warp,4,28.344398736953735,,True,8,10,graph_amortized_device
NVIDIA H200,float16,131072,128,1,w8_f8_q0/warp,4,22.15840071439743,0.0,True,8,10,graph_amortized_device
NVIDIA H200,float16,131072,128,1,w8_f8_q0/fused_warp,4,28.493601083755493,,True,8,10,graph_amortized_device
NVIDIA H200,float16,131072,128,1,w0_f2_q1/warp,4,22.839200496673584,0.0,True,8,10,graph_amortized_device
NVIDIA H200,float16,131072,128,1,w0_f2_q1/fused_warp,4,42.01200008392334,,True,8,10,graph_amortized_device
NVIDIA H200,float16,131072,128,1,w0_f4_q1/warp,4,22.848400473594666,0.0,True,8,10,graph_amortized_device
NVIDIA H200,float16,131072,128,1,w0_f4_q1/fused_warp,4,28.26400101184845,,True,8,10,graph_amortized_device
NVIDIA H200,float16,131072,128,1,w0_f8_q1/warp,4,22.857600450515747,0.0,True,8,10,graph_amortized_device
NVIDIA H200,float16,131072,128,1,w0_f8_q1/fused_warp,4,28.453201055526733,,True,8,10,graph_amortized_device
NVIDIA H200,float16,131072,128,1,dao,4,81.23040199279785,0.0,True,8,10,graph_amortized_device
NVIDIA H200,float16,131072,128,1,dao_plus_quant,4,161.83680295944214,,True,8,10,graph_amortized_device
NVIDIA H200,float16,131072,128,1,w0_f0_q0/warp,4,22.80759960412979,0.0,True,8,10,graph_amortized_device
NVIDIA H200,float16,131072,128,1,w0_f0_q0/fused_warp,4,28.203201293945312,,True,8,10,graph_amortized_device
NVIDIA H200,float16,1,256,1,dao,0,1.9071999937295914,0.0,True,8,10,graph_amortized_device
NVIDIA H200,float16,1,256,1,dao_plus_quant,0,3.1279999762773514,,True,8,10,graph_amortized_device
NVIDIA H200,float16,1,256,1,w0_f0_q0/warp,0,1.6767999157309532,0.0,True,8,10,graph_amortized_device
NVIDIA H200,float16,1,256,1,w0_f0_q0/fused_warp,0,2.056399919092655,,True,8,10,graph_amortized_device
NVIDIA H200,float16,1,256,1,w2_f2_q0/warp,0,1.8459999933838844,0.0,True,8,10,graph_amortized_device
NVIDIA H200,float16,1,256,1,w2_f2_q0/fused_warp,0,1.974399946630001,,True,8,10,graph_amortized_device
NVIDIA H200,float16,1,256,1,w4_f4_q0/warp,0,1.6688000410795212,0.0,True,8,10,graph_amortized_device
NVIDIA H200,float16,1,256,1,w4_f4_q0/fused_warp,0,2.0687999203801155,,True,8,10,graph_amortized_device
NVIDIA H200,float16,1,256,1,w8_f8_q0/warp,0,1.7324000597000122,0.0,True,8,10,graph_amortized_device
NVIDIA H200,float16,1,256,1,w8_f8_q0/fused_warp,0,2.0099999383091927,,True,8,10,graph_amortized_device
NVIDIA H200,float16,1,256,1,w0_f2_q1/warp,0,1.6912000253796577,0.0,True,8,10,graph_amortized_device
NVIDIA H200,float16,1,256,1,w0_f2_q1/fused_warp,0,2.0368000492453575,,True,8,10,graph_amortized_device
NVIDIA H200,float16,1,256,1,w0_f4_q1/warp,0,1.775600016117096,0.0,True,8,10,graph_amortized_device
NVIDIA H200,float16,1,256,1,w0_f4_q1/fused_warp,0,2.054399996995926,,True,8,10,graph_amortized_device
NVIDIA H200,float16,1,256,1,w0_f8_q1/warp,0,1.6912000253796577,0.0,True,8,10,graph_amortized_device
NVIDIA H200,float16,1,256,1,w0_f8_q1/fused_warp,0,2.00360007584095,,True,8,10,graph_amortized_device
NVIDIA H200,float16,1,256,1,dao,1,1.8828000873327255,0.0,True,8,10,graph_amortized_device
NVIDIA H200,float16,1,256,1,w0_f8_q1/fused_warp,1,2.0055999979376793,,True,8,10,graph_amortized_device
NVIDIA H200,float16,1,256,1,w0_f8_q1/warp,1,1.6915999352931976,0.0,True,8,10,graph_amortized_device
NVIDIA H200,float16,1,256,1,w0_f4_q1/fused_warp,1,2.0368000492453575,,True,8,10,graph_amortized_device
NVIDIA H200,float16,1,256,1,w0_f4_q1/warp,1,1.7723999917507172,0.0,True,8,10,graph_amortized_device
NVIDIA H200,float16,1,256,1,w0_f2_q1/fused_warp,1,2.0363999530673027,,True,8,10,graph_amortized_device
NVIDIA H200,float16,1,256,1,w0_f2_q1/warp,1,1.6936000436544418,0.0,True,8,10,graph_amortized_device
NVIDIA H200,float16,1,256,1,w8_f8_q0/fused_warp,1,2.005999907851219,,True,8,10,graph_amortized_device
NVIDIA H200,float16,1,256,1,w8_f8_q0/warp,1,1.7300000414252281,0.0,True,8,10,graph_amortized_device
NVIDIA H200,float16,1,256,1,w4_f4_q0/fused_warp,1,2.067600004374981,,True,8,10,graph_amortized_device
NVIDIA H200,float16,1,256,1,w4_f4_q0/warp,1,1.6731999814510345,0.0,True,8,10,graph_amortized_device
NVIDIA H200,float16,1,256,1,w2_f2_q0/fused_warp,1,1.990400068461895,,True,8,10,graph_amortized_device
NVIDIA H200,float16,1,256,1,w2_f2_q0/warp,1,1.8371999263763428,0.0,True,8,10,graph_amortized_device
NVIDIA H200,float16,1,256,1,w0_f0_q0/fused_warp,1,2.05719992518425,,True,8,10,graph_amortized_device
NVIDIA H200,float16,1,256,1,w0_f0_q0/warp,1,1.6780000180006027,0.0,True,8,10,graph_amortized_device
NVIDIA H200,float16,1,256,1,dao_plus_quant,1,3.128400072455406,,True,8,10,graph_amortized_device
NVIDIA H200,float16,1,256,1,w0_f0_q0/warp,2,1.6836000606417656,0.0,True,8,10,graph_amortized_device
NVIDIA H200,float16,1,256,1,w0_f0_q0/fused_warp,2,2.059599943459034,,True,8,10,graph_amortized_device
NVIDIA H200,float16,1,256,1,w2_f2_q0/warp,2,1.8300000578165054,0.0,True,8,10,graph_amortized_device
NVIDIA H200,float16,1,256,1,w2_f2_q0/fused_warp,2,1.9864000380039215,,True,8,10,graph_amortized_device
NVIDIA H200,float16,1,256,1,w4_f4_q0/warp,2,1.6723999753594398,0.0,True,8,10,graph_amortized_device
NVIDIA H200,float16,1,256,1,w4_f4_q0/fused_warp,2,2.070000022649765,,True,8,10,graph_amortized_device
NVIDIA H200,float16,1,256,1,w8_f8_q0/warp,2,1.7295999452471733,0.0,True,8,10,graph_amortized_device
NVIDIA H200,float16,1,256,1,w8_f8_q0/fused_warp,2,2.014799974858761,,True,8,10,graph_amortized_device
NVIDIA H200,float16,1,256,1,w0_f2_q1/warp,2,1.6992000862956047,0.0,True,8,10,graph_amortized_device
NVIDIA H200,float16,1,256,1,w0_f2_q1/fused_warp,2,2.037999965250492,,True,8,10,graph_amortized_device
NVIDIA H200,float16,1,256,1,w0_f4_q1/warp,2,1.7723999917507172,0.0,True,8,10,graph_amortized_device
NVIDIA H200,float16,1,256,1,w0_f4_q1/fused_warp,2,2.0339999347925186,,True,8,10,graph_amortized_device
NVIDIA H200,float16,1,256,1,w0_f8_q1/warp,2,1.693199947476387,0.0,True,8,10,graph_amortized_device
NVIDIA H200,float16,1,256,1,w0_f8_q1/fused_warp,2,2.008800022304058,,True,8,10,graph_amortized_device
NVIDIA H200,float16,1,256,1,dao,2,1.8704000860452652,0.0,True,8,10,graph_amortized_device
NVIDIA H200,float16,1,256,1,dao_plus_quant,2,3.1247999519109726,,True,8,10,graph_amortized_device
NVIDIA H200,float16,1,256,1,w0_f0_q0/warp,3,1.6871999949216843,0.0,True,8,10,graph_amortized_device
NVIDIA H200,float16,1,256,1,dao_plus_quant,3,3.125600144267082,,True,8,10,graph_amortized_device
NVIDIA H200,float16,1,256,1,dao,3,1.8716000020503998,0.0,True,8,10,graph_amortized_device
NVIDIA H200,float16,1,256,1,w0_f8_q1/fused_warp,3,2.0152000710368156,,True,8,10,graph_amortized_device
NVIDIA H200,float16,1,256,1,w0_f8_q1/warp,3,1.6955999657511711,0.0,True,8,10,graph_amortized_device
NVIDIA H200,float16,1,256,1,w0_f4_q1/fused_warp,3,2.05680001527071,,True,8,10,graph_amortized_device
NVIDIA H200,float16,1,256,1,w0_f4_q1/warp,3,1.7704000696539879,0.0,True,8,10,graph_amortized_device
NVIDIA H200,float16,1,256,1,w0_f2_q1/fused_warp,3,2.03000009059906,,True,8,10,graph_amortized_device
NVIDIA H200,float16,1,256,1,w0_f2_q1/warp,3,1.7015999183058739,0.0,True,8,10,graph_amortized_device
NVIDIA H200,float16,1,256,1,w8_f8_q0/fused_warp,3,2.008800022304058,,True,8,10,graph_amortized_device
NVIDIA H200,float16,1,256,1,w8_f8_q0/warp,3,1.7247999086976051,0.0,True,8,10,graph_amortized_device
NVIDIA H200,float16,1,256,1,w4_f4_q0/fused_warp,3,2.065199986100197,,True,8,10,graph_amortized_device
NVIDIA H200,float16,1,256,1,w4_f4_q0/warp,3,1.677599921822548,0.0,True,8,10,graph_amortized_device
NVIDIA H200,float16,1,256,1,w2_f2_q0/fused_warp,3,1.988000050187111,,True,8,10,graph_amortized_device
NVIDIA H200,float16,1,256,1,w2_f2_q0/warp,3,1.83119997382164,0.0,True,8,10,graph_amortized_device
NVIDIA H200,float16,1,256,1,w0_f0_q0/fused_warp,3,2.0524000748991966,,True,8,10,graph_amortized_device
NVIDIA H200,float16,1,256,1,w2_f2_q0/warp,4,1.8355999141931534,0.0,True,8,10,graph_amortized_device
NVIDIA H200,float16,1,256,1,w2_f2_q0/fused_warp,4,1.985199935734272,,True,8,10,graph_amortized_device
NVIDIA H200,float16,1,256,1,w4_f4_q0/warp,4,1.674799993634224,0.0,True,8,10,graph_amortized_device
NVIDIA H200,float16,1,256,1,w4_f4_q0/fused_warp,4,2.067199908196926,,True,8,10,graph_amortized_device
NVIDIA H200,float16,1,256,1,w8_f8_q0/warp,4,1.7300000414252281,0.0,True,8,10,graph_amortized_device
NVIDIA H200,float16,1,256,1,w8_f8_q0/fused_warp,4,2.0052000880241394,,True,8,10,graph_amortized_device
NVIDIA H200,float16,1,256,1,w0_f2_q1/warp,4,1.693199947476387,0.0,True,8,10,graph_amortized_device
NVIDIA H200,float16,1,256,1,w0_f2_q1/fused_warp,4,2.0347999408841133,,True,8,10,graph_amortized_device
NVIDIA H200,float16,1,256,1,w0_f4_q1/warp,4,1.7723999917507172,0.0,True,8,10,graph_amortized_device
NVIDIA H200,float16,1,256,1,w0_f4_q1/fused_warp,4,2.0447999238967896,,True,8,10,graph_amortized_device
NVIDIA H200,float16,1,256,1,w0_f8_q1/warp,4,1.6995999962091446,0.0,True,8,10,graph_amortized_device
NVIDIA H200,float16,1,256,1,w0_f8_q1/fused_warp,4,1.982799917459488,,True,8,10,graph_amortized_device
NVIDIA H200,float16,1,256,1,dao,4,1.879199966788292,0.0,True,8,10,graph_amortized_device
NVIDIA H200,float16,1,256,1,dao_plus_quant,4,3.126800060272217,,True,8,10,graph_amortized_device
NVIDIA H200,float16,1,256,1,w0_f0_q0/warp,4,1.6736000776290894,0.0,True,8,10,graph_amortized_device
NVIDIA H200,float16,1,256,1,w0_f0_q0/fused_warp,4,2.0579999312758446,,True,8,10,graph_amortized_device
NVIDIA H200,float16,128,256,1,dao,0,2.062400057911873,0.0,True,8,10,graph_amortized_device
NVIDIA H200,float16,128,256,1,dao_plus_quant,0,3.537999838590622,,True,8,10,graph_amortized_device
NVIDIA H200,float16,128,256,1,w0_f0_q0/warp,0,1.8716000020503998,0.0,True,8,10,graph_amortized_device
NVIDIA H200,float16,128,256,1,w0_f0_q0/fused_warp,0,2.1484000608325005,,True,8,10,graph_amortized_device
NVIDIA H200,float16,128,256,1,w2_f2_q0/warp,0,1.8936000764369965,0.0,True,8,10,graph_amortized_device
NVIDIA H200,float16,128,256,1,w2_f2_q0/fused_warp,0,2.187200076878071,,True,8,10,graph_amortized_device
NVIDIA H200,float16,128,256,1,w4_f4_q0/warp,0,1.8667999655008316,0.0,True,8,10,graph_amortized_device
NVIDIA H200,float16,128,256,1,w4_f4_q0/fused_warp,0,2.115200087428093,,True,8,10,graph_amortized_device
NVIDIA H200,float16,128,256,1,w8_f8_q0/warp,0,1.9624000415205956,0.0,True,8,10,graph_amortized_device
NVIDIA H200,float16,128,256,1,w8_f8_q0/fused_warp,0,2.2360000759363174,,True,8,10,graph_amortized_device
NVIDIA H200,float16,128,256,1,w0_f2_q1/warp,0,1.8751999363303185,0.0,True,8,10,graph_amortized_device
NVIDIA H200,float16,128,256,1,w0_f2_q1/fused_warp,0,2.154799923300743,,True,8,10,graph_amortized_device
NVIDIA H200,float16,128,256,1,w0_f4_q1/warp,0,1.8476000055670738,0.0,True,8,10,graph_amortized_device
NVIDIA H200,float16,128,256,1,w0_f4_q1/fused_warp,0,2.1511999890208244,,True,8,10,graph_amortized_device
NVIDIA H200,float16,128,256,1,w0_f8_q1/warp,0,1.9287999719381332,0.0,True,8,10,graph_amortized_device
NVIDIA H200,float16,128,256,1,w0_f8_q1/fused_warp,0,2.2007999941706657,,True,8,10,graph_amortized_device
NVIDIA H200,float16,128,256,1,dao,1,2.053599990904331,0.0,True,8,10,graph_amortized_device
NVIDIA H200,float16,128,256,1,w0_f8_q1/fused_warp,1,2.195199951529503,,True,8,10,graph_amortized_device
NVIDIA H200,float16,128,256,1,w0_f8_q1/warp,1,1.9252000376582146,0.0,True,8,10,graph_amortized_device
NVIDIA H200,float16,128,256,1,w0_f4_q1/fused_warp,1,2.1487999707460403,,True,8,10,graph_amortized_device
NVIDIA H200,float16,128,256,1,w0_f4_q1/warp,1,1.850000023841858,0.0,True,8,10,graph_amortized_device
NVIDIA H200,float16,128,256,1,w0_f2_q1/fused_warp,1,2.1568000316619873,,True,8,10,graph_amortized_device
NVIDIA H200,float16,128,256,1,w0_f2_q1/warp,1,1.878800056874752,0.0,True,8,10,graph_amortized_device
NVIDIA H200,float16,128,256,1,w8_f8_q0/fused_warp,1,2.2328000515699387,,True,8,10,graph_amortized_device
NVIDIA H200,float16,128,256,1,w8_f8_q0/warp,1,1.9608000293374062,0.0,True,8,10,graph_amortized_device
NVIDIA H200,float16,128,256,1,w4_f4_q0/fused_warp,1,2.094000019133091,,True,8,10,graph_amortized_device
NVIDIA H200,float16,128,256,1,w4_f4_q0/warp,1,1.8704000860452652,0.0,True,8,10,graph_amortized_device
NVIDIA H200,float16,128,256,1,w2_f2_q0/fused_warp,1,2.1959999576210976,,True,8,10,graph_amortized_device
NVIDIA H200,float16,128,256,1,w2_f2_q0/warp,1,1.8983999267220497,0.0,True,8,10,graph_amortized_device
NVIDIA H200,float16,128,256,1,w0_f0_q0/fused_warp,1,2.149599976837635,,True,8,10,graph_amortized_device
NVIDIA H200,float16,128,256,1,w0_f0_q0/warp,1,1.8751999363303185,0.0,True,8,10,graph_amortized_device
NVIDIA H200,float16,128,256,1,dao_plus_quant,1,3.5411998629570007,,True,8,10,graph_amortized_device
NVIDIA H200,float16,128,256,1,w0_f0_q0/warp,2,1.8743999302387238,0.0,True,8,10,graph_amortized_device
NVIDIA H200,float16,128,256,1,w0_f0_q0/fused_warp,2,2.1479999646544456,,True,8,10,graph_amortized_device
NVIDIA H200,float16,128,256,1,w2_f2_q0/warp,2,1.8983999267220497,0.0,True,8,10,graph_amortized_device
NVIDIA H200,float16,128,256,1,w2_f2_q0/fused_warp,2,2.1932000294327736,,True,8,10,graph_amortized_device
NVIDIA H200,float16,128,256,1,w4_f4_q0/warp,2,1.865600049495697,0.0,True,8,10,graph_amortized_device
NVIDIA H200,float16,128,256,1,w4_f4_q0/fused_warp,2,2.115599997341633,,True,8,10,graph_amortized_device
NVIDIA H200,float16,128,256,1,w8_f8_q0/warp,2,1.9648000597953796,0.0,True,8,10,graph_amortized_device
NVIDIA H200,float16,128,256,1,w8_f8_q0/fused_warp,2,2.237600088119507,,True,8,10,graph_amortized_device
NVIDIA H200,float16,128,256,1,w0_f2_q1/warp,2,1.8740000203251839,0.0,True,8,10,graph_amortized_device
NVIDIA H200,float16,128,256,1,w0_f2_q1/fused_warp,2,2.1592000499367714,,True,8,10,graph_amortized_device
NVIDIA H200,float16,128,256,1,w0_f4_q1/warp,2,1.8611999228596687,0.0,True,8,10,graph_amortized_device
NVIDIA H200,float16,128,256,1,w0_f4_q1/fused_warp,2,2.1511999890208244,,True,8,10,graph_amortized_device
NVIDIA H200,float16,128,256,1,w0_f8_q1/warp,2,1.9223999232053757,0.0,True,8,10,graph_amortized_device
NVIDIA H200,float16,128,256,1,w0_f8_q1/fused_warp,2,2.1956000477075577,,True,8,10,graph_amortized_device
NVIDIA H200,float16,128,256,1,dao,2,2.061600051820278,0.0,True,8,10,graph_amortized_device
NVIDIA H200,float16,128,256,1,dao_plus_quant,2,3.5367999225854874,,True,8,10,graph_amortized_device
NVIDIA H200,float16,128,256,1,w0_f0_q0/warp,3,1.8704000860452652,0.0,True,8,10,graph_amortized_device
NVIDIA H200,float16,128,256,1,dao_plus_quant,3,3.5360001027584076,,True,8,10,graph_amortized_device
NVIDIA H200,float16,128,256,1,dao,3,2.0611999556422234,0.0,True,8,10,graph_amortized_device
NVIDIA H200,float16,128,256,1,w0_f8_q1/fused_warp,3,2.1988000720739365,,True,8,10,graph_amortized_device
NVIDIA H200,float16,128,256,1,w0_f8_q1/warp,3,1.9244000315666199,0.0,True,8,10,graph_amortized_device
NVIDIA H200,float16,128,256,1,w0_f4_q1/fused_warp,3,2.152400091290474,,True,8,10,graph_amortized_device
NVIDIA H200,float16,128,256,1,w0_f4_q1/warp,3,1.8467999994754791,0.0,True,8,10,graph_amortized_device
NVIDIA H200,float16,128,256,1,w0_f2_q1/fused_warp,3,2.16240007430315,,True,8,10,graph_amortized_device
NVIDIA H200,float16,128,256,1,w0_f2_q1/warp,3,1.873599924147129,0.0,True,8,10,graph_amortized_device
NVIDIA H200,float16,128,256,1,w8_f8_q0/fused_warp,3,2.2407999262213707,,True,8,10,graph_amortized_device
NVIDIA H200,float16,128,256,1,w8_f8_q0/warp,3,1.966400071978569,0.0,True,8,10,graph_amortized_device
NVIDIA H200,float16,128,256,1,w4_f4_q0/fused_warp,3,2.1112000569701195,,True,8,10,graph_amortized_device
NVIDIA H200,float16,128,256,1,w4_f4_q0/warp,3,1.8556000664830208,0.0,True,8,10,graph_amortized_device
NVIDIA H200,float16,128,256,1,w2_f2_q0/fused_warp,3,2.187200076878071,,True,8,10,graph_amortized_device
NVIDIA H200,float16,128,256,1,w2_f2_q0/warp,3,1.9020000472664833,0.0,True,8,10,graph_amortized_device
NVIDIA H200,float16,128,256,1,w0_f0_q0/fused_warp,3,2.1531999111175537,,True,8,10,graph_amortized_device
NVIDIA H200,float16,128,256,1,w2_f2_q0/warp,4,1.892399974167347,0.0,True,8,10,graph_amortized_device
NVIDIA H200,float16,128,256,1,w2_f2_q0/fused_warp,4,2.1911999210715294,,True,8,10,graph_amortized_device
NVIDIA H200,float16,128,256,1,w4_f4_q0/warp,4,1.8716000020503998,0.0,True,8,10,graph_amortized_device
NVIDIA H200,float16,128,256,1,w4_f4_q0/fused_warp,4,2.096400037407875,,True,8,10,graph_amortized_device
NVIDIA H200,float16,128,256,1,w8_f8_q0/warp,4,1.9635999575257301,0.0,True,8,10,graph_amortized_device
NVIDIA H200,float16,128,256,1,w8_f8_q0/fused_warp,4,2.245599962770939,,True,8,10,graph_amortized_device
NVIDIA H200,float16,128,256,1,w0_f2_q1/warp,4,1.876400038599968,0.0,True,8,10,graph_amortized_device
NVIDIA H200,float16,128,256,1,w0_f2_q1/fused_warp,4,2.1584000438451767,,True,8,10,graph_amortized_device
NVIDIA H200,float16,128,256,1,w0_f4_q1/warp,4,1.849599927663803,0.0,True,8,10,graph_amortized_device
NVIDIA H200,float16,128,256,1,w0_f4_q1/fused_warp,4,2.152400091290474,,True,8,10,graph_amortized_device
NVIDIA H200,float16,128,256,1,w0_f8_q1/warp,4,1.9311999902129173,0.0,True,8,10,graph_amortized_device
NVIDIA H200,float16,128,256,1,w0_f8_q1/fused_warp,4,2.199600078165531,,True,8,10,graph_amortized_device
NVIDIA H200,float16,128,256,1,dao,4,2.0579999312758446,0.0,True,8,10,graph_amortized_device
NVIDIA H200,float16,128,256,1,dao_plus_quant,4,3.5367999225854874,,True,8,10,graph_amortized_device
NVIDIA H200,float16,128,256,1,w0_f0_q0/warp,4,1.8743999302387238,0.0,True,8,10,graph_amortized_device
NVIDIA H200,float16,128,256,1,w0_f0_q0/fused_warp,4,2.149200066924095,,True,8,10,graph_amortized_device
NVIDIA H200,float16,16384,256,1,dao,0,11.792399734258652,0.0,True,8,10,graph_amortized_device
NVIDIA H200,float16,16384,256,1,dao_plus_quant,0,23.3815997838974,,True,8,10,graph_amortized_device
NVIDIA H200,float16,16384,256,1,w0_f0_q0/warp,0,5.267199873924255,0.0,True,8,10,graph_amortized_device
NVIDIA H200,float16,16384,256,1,w0_f0_q0/fused_warp,0,7.293599843978882,,True,8,10,graph_amortized_device
NVIDIA H200,float16,16384,256,1,w2_f2_q0/warp,0,6.941600143909454,0.0,True,8,10,graph_amortized_device
NVIDIA H200,float16,16384,256,1,w2_f2_q0/fused_warp,0,7.445999979972839,,True,8,10,graph_amortized_device
NVIDIA H200,float16,16384,256,1,w4_f4_q0/warp,0,5.289199948310852,0.0,True,8,10,graph_amortized_device
NVIDIA H200,float16,16384,256,1,w4_f4_q0/fused_warp,0,7.335600256919861,,True,8,10,graph_amortized_device
NVIDIA H200,float16,16384,256,1,w8_f8_q0/warp,0,5.347200110554695,0.0,True,8,10,graph_amortized_device
NVIDIA H200,float16,16384,256,1,w8_f8_q0/fused_warp,0,7.481999695301056,,True,8,10,graph_amortized_device
NVIDIA H200,float16,16384,256,1,w0_f2_q1/warp,0,5.302400141954422,0.0,True,8,10,graph_amortized_device
NVIDIA H200,float16,16384,256,1,w0_f2_q1/fused_warp,0,7.428000122308731,,True,8,10,graph_amortized_device
NVIDIA H200,float16,16384,256,1,w0_f4_q1/warp,0,5.33440001308918,0.0,True,8,10,graph_amortized_device
NVIDIA H200,float16,16384,256,1,w0_f4_q1/fused_warp,0,7.329600304365158,,True,8,10,graph_amortized_device
NVIDIA H200,float16,16384,256,1,w0_f8_q1/warp,0,5.354800075292587,0.0,True,8,10,graph_amortized_device
NVIDIA H200,float16,16384,256,1,w0_f8_q1/fused_warp,0,7.4139997363090515,,True,8,10,graph_amortized_device
NVIDIA H200,float16,16384,256,1,dao,1,11.82119995355606,0.0,True,8,10,graph_amortized_device
NVIDIA H200,float16,16384,256,1,w0_f8_q1/fused_warp,1,7.391200214624405,,True,8,10,graph_amortized_device
NVIDIA H200,float16,16384,256,1,w0_f8_q1/warp,1,5.313999950885773,0.0,True,8,10,graph_amortized_device
NVIDIA H200,float16,16384,256,1,w0_f4_q1/fused_warp,1,7.333599776029587,,True,8,10,graph_amortized_device
NVIDIA H200,float16,16384,256,1,w0_f4_q1/warp,1,5.377599969506264,0.0,True,8,10,graph_amortized_device
NVIDIA H200,float16,16384,256,1,w0_f2_q1/fused_warp,1,7.426799833774567,,True,8,10,graph_amortized_device
NVIDIA H200,float16,16384,256,1,w0_f2_q1/warp,1,5.36159984767437,0.0,True,8,10,graph_amortized_device
NVIDIA H200,float16,16384,256,1,w8_f8_q0/fused_warp,1,7.473199814558029,,True,8,10,graph_amortized_device
NVIDIA H200,float16,16384,256,1,w8_f8_q0/warp,1,5.318000167608261,0.0,True,8,10,graph_amortized_device
NVIDIA H200,float16,16384,256,1,w4_f4_q0/fused_warp,1,7.321999967098236,,True,8,10,graph_amortized_device
NVIDIA H200,float16,16384,256,1,w4_f4_q0/warp,1,5.272400006651878,0.0,True,8,10,graph_amortized_device
NVIDIA H200,float16,16384,256,1,w2_f2_q0/fused_warp,1,7.460799813270569,,True,8,10,graph_amortized_device
NVIDIA H200,float16,16384,256,1,w2_f2_q0/warp,1,7.012400031089783,0.0,True,8,10,graph_amortized_device
NVIDIA H200,float16,16384,256,1,w0_f0_q0/fused_warp,1,7.287599891424179,,True,8,10,graph_amortized_device
NVIDIA H200,float16,16384,256,1,w0_f0_q0/warp,1,5.285999923944473,0.0,True,8,10,graph_amortized_device
NVIDIA H200,float16,16384,256,1,dao_plus_quant,1,23.30639958381653,,True,8,10,graph_amortized_device
NVIDIA H200,float16,16384,256,1,w0_f0_q0/warp,2,5.277999863028526,0.0,True,8,10,graph_amortized_device
NVIDIA H200,float16,16384,256,1,w0_f0_q0/fused_warp,2,7.304800301790237,,True,8,10,graph_amortized_device
NVIDIA H200,float16,16384,256,1,w2_f2_q0/warp,2,6.936000287532806,0.0,True,8,10,graph_amortized_device
NVIDIA H200,float16,16384,256,1,w2_f2_q0/fused_warp,2,7.445999979972839,,True,8,10,graph_amortized_device
NVIDIA H200,float16,16384,256,1,w4_f4_q0/warp,2,5.323600023984909,0.0,True,8,10,graph_amortized_device
NVIDIA H200,float16,16384,256,1,w4_f4_q0/fused_warp,2,7.333999872207642,,True,8,10,graph_amortized_device
NVIDIA H200,float16,16384,256,1,w8_f8_q0/warp,2,5.324799939990044,0.0,True,8,10,graph_amortized_device
NVIDIA H200,float16,16384,256,1,w8_f8_q0/fused_warp,2,7.435200363397598,,True,8,10,graph_amortized_device
NVIDIA H200,float16,16384,256,1,w0_f2_q1/warp,2,5.316000059247017,0.0,True,8,10,graph_amortized_device
NVIDIA H200,float16,16384,256,1,w0_f2_q1/fused_warp,2,7.433199882507324,,True,8,10,graph_amortized_device
NVIDIA H200,float16,16384,256,1,w0_f4_q1/warp,2,5.327999964356422,0.0,True,8,10,graph_amortized_device
NVIDIA H200,float16,16384,256,1,w0_f4_q1/fused_warp,2,7.32479989528656,,True,8,10,graph_amortized_device
NVIDIA H200,float16,16384,256,1,w0_f8_q1/warp,2,5.3063999861478806,0.0,True,8,10,graph_amortized_device
NVIDIA H200,float16,16384,256,1,w0_f8_q1/fused_warp,2,7.39160031080246,,True,8,10,graph_amortized_device
NVIDIA H200,float16,16384,256,1,dao,2,11.826799809932709,0.0,True,8,10,graph_amortized_device
NVIDIA H200,float16,16384,256,1,dao_plus_quant,2,23.32720011472702,,True,8,10,graph_amortized_device
NVIDIA H200,float16,16384,256,1,w0_f0_q0/warp,3,5.262399837374687,0.0,True,8,10,graph_amortized_device
NVIDIA H200,float16,16384,256,1,dao_plus_quant,3,23.358799517154694,,True,8,10,graph_amortized_device
NVIDIA H200,float16,16384,256,1,dao,3,11.776799708604813,0.0,True,8,10,graph_amortized_device
NVIDIA H200,float16,16384,256,1,w0_f8_q1/fused_warp,3,7.373200356960297,,True,8,10,graph_amortized_device
NVIDIA H200,float16,16384,256,1,w0_f8_q1/warp,3,5.328400060534477,0.0,True,8,10,graph_amortized_device
NVIDIA H200,float16,16384,256,1,w0_f4_q1/fused_warp,3,7.332000136375427,,True,8,10,graph_amortized_device
NVIDIA H200,float16,16384,256,1,w0_f4_q1/warp,3,5.3491998463869095,0.0,True,8,10,graph_amortized_device
NVIDIA H200,float16,16384,256,1,w0_f2_q1/fused_warp,3,7.41799995303154,,True,8,10,graph_amortized_device
NVIDIA H200,float16,16384,256,1,w0_f2_q1/warp,3,5.3252000361680984,0.0,True,8,10,graph_amortized_device
NVIDIA H200,float16,16384,256,1,w8_f8_q0/fused_warp,3,7.48319998383522,,True,8,10,graph_amortized_device
NVIDIA H200,float16,16384,256,1,w8_f8_q0/warp,3,5.330000072717667,0.0,True,8,10,graph_amortized_device
NVIDIA H200,float16,16384,256,1,w4_f4_q0/fused_warp,3,7.322800159454346,,True,8,10,graph_amortized_device
NVIDIA H200,float16,16384,256,1,w4_f4_q0/warp,3,5.272800102829933,0.0,True,8,10,graph_amortized_device
NVIDIA H200,float16,16384,256,1,w2_f2_q0/fused_warp,3,7.468400150537491,,True,8,10,graph_amortized_device
NVIDIA H200,float16,16384,256,1,w2_f2_q0/warp,3,6.982000172138214,0.0,True,8,10,graph_amortized_device
NVIDIA H200,float16,16384,256,1,w0_f0_q0/fused_warp,3,7.298000156879425,,True,8,10,graph_amortized_device
NVIDIA H200,float16,16384,256,1,w2_f2_q0/warp,4,7.000400125980377,0.0,True,8,10,graph_amortized_device
NVIDIA H200,float16,16384,256,1,w2_f2_q0/fused_warp,4,7.445999979972839,,True,8,10,graph_amortized_device
NVIDIA H200,float16,16384,256,1,w4_f4_q0/warp,4,5.29399998486042,0.0,True,8,10,graph_amortized_device
NVIDIA H200,float16,16384,256,1,w4_f4_q0/fused_warp,4,7.326799631118774,,True,8,10,graph_amortized_device
NVIDIA H200,float16,16384,256,1,w8_f8_q0/warp,4,5.328800156712532,0.0,True,8,10,graph_amortized_device
NVIDIA H200,float16,16384,256,1,w8_f8_q0/fused_warp,4,7.502800226211548,,True,8,10,graph_amortized_device
NVIDIA H200,float16,16384,256,1,w0_f2_q1/warp,4,5.2880000323057175,0.0,True,8,10,graph_amortized_device
NVIDIA H200,float16,16384,256,1,w0_f2_q1/fused_warp,4,7.414799928665161,,True,8,10,graph_amortized_device
NVIDIA H200,float16,16384,256,1,w0_f4_q1/warp,4,5.380000174045563,0.0,True,8,10,graph_amortized_device
NVIDIA H200,float16,16384,256,1,w0_f4_q1/fused_warp,4,7.329600304365158,,True,8,10,graph_amortized_device
NVIDIA H200,float16,16384,256,1,w0_f8_q1/warp,4,5.3224001079797745,0.0,True,8,10,graph_amortized_device
NVIDIA H200,float16,16384,256,1,w0_f8_q1/fused_warp,4,7.423599809408188,,True,8,10,graph_amortized_device
NVIDIA H200,float16,16384,256,1,dao,4,11.79720014333725,0.0,True,8,10,graph_amortized_device
NVIDIA H200,float16,16384,256,1,dao_plus_quant,4,23.32960069179535,,True,8,10,graph_amortized_device
NVIDIA H200,float16,16384,256,1,w0_f0_q0/warp,4,5.318399891257286,0.0,True,8,10,graph_amortized_device
NVIDIA H200,float16,16384,256,1,w0_f0_q0/fused_warp,4,7.308799773454666,,True,8,10,graph_amortized_device
NVIDIA H200,float16,131072,256,1,dao,0,81.18000030517578,0.0,True,8,10,graph_amortized_device
NVIDIA H200,float16,131072,256,1,dao_plus_quant,0,162.14359998703003,,True,8,10,graph_amortized_device
NVIDIA H200,float16,131072,256,1,w0_f0_q0/warp,0,36.41799986362457,0.0,True,8,10,graph_amortized_device
NVIDIA H200,float16,131072,256,1,w0_f0_q0/fused_warp,0,47.76679873466492,,True,8,10,graph_amortized_device
NVIDIA H200,float16,131072,256,1,w2_f2_q0/warp,0,42.30400025844574,0.0,True,8,10,graph_amortized_device
NVIDIA H200,float16,131072,256,1,w2_f2_q0/fused_warp,0,47.84800112247467,,True,8,10,graph_amortized_device
NVIDIA H200,float16,131072,256,1,w4_f4_q0/warp,0,36.408400535583496,0.0,True,8,10,graph_amortized_device
NVIDIA H200,float16,131072,256,1,w4_f4_q0/fused_warp,0,47.83479869365692,,True,8,10,graph_amortized_device
NVIDIA H200,float16,131072,256,1,w8_f8_q0/warp,0,36.888399720191956,0.0,True,8,10,graph_amortized_device
NVIDIA H200,float16,131072,256,1,w8_f8_q0/fused_warp,0,47.75359928607941,,True,8,10,graph_amortized_device
NVIDIA H200,float16,131072,256,1,w0_f2_q1/warp,0,36.43440008163452,0.0,True,8,10,graph_amortized_device
NVIDIA H200,float16,131072,256,1,w0_f2_q1/fused_warp,0,47.87040054798126,,True,8,10,graph_amortized_device
NVIDIA H200,float16,131072,256,1,w0_f4_q1/warp,0,36.31399869918823,0.0,True,8,10,graph_amortized_device
NVIDIA H200,float16,131072,256,1,w0_f4_q1/fused_warp,0,47.795599699020386,,True,8,10,graph_amortized_device
NVIDIA H200,float16,131072,256,1,w0_f8_q1/warp,0,36.45560145378113,0.0,True,8,10,graph_amortized_device
NVIDIA H200,float16,131072,256,1,w0_f8_q1/fused_warp,0,47.74999916553497,,True,8,10,graph_amortized_device
NVIDIA H200,float16,131072,256,1,dao,1,81.10039830207825,0.0,True,8,10,graph_amortized_device
NVIDIA H200,float16,131072,256,1,w0_f8_q1/fused_warp,1,47.78760075569153,,True,8,10,graph_amortized_device
NVIDIA H200,float16,131072,256,1,w0_f8_q1/warp,1,36.466801166534424,0.0,True,8,10,graph_amortized_device
NVIDIA H200,float16,131072,256,1,w0_f4_q1/fused_warp,1,47.83200025558472,,True,8,10,graph_amortized_device
NVIDIA H200,float16,131072,256,1,w0_f4_q1/warp,1,36.36839985847473,0.0,True,8,10,graph_amortized_device
NVIDIA H200,float16,131072,256,1,w0_f2_q1/fused_warp,1,47.89919853210449,,True,8,10,graph_amortized_device
NVIDIA H200,float16,131072,256,1,w0_f2_q1/warp,1,36.44320070743561,0.0,True,8,10,graph_amortized_device
NVIDIA H200,float16,131072,256,1,w8_f8_q0/fused_warp,1,47.80319929122925,,True,8,10,graph_amortized_device
NVIDIA H200,float16,131072,256,1,w8_f8_q0/warp,1,36.96559965610504,0.0,True,8,10,graph_amortized_device
NVIDIA H200,float16,131072,256,1,w4_f4_q0/fused_warp,1,47.90999889373779,,True,8,10,graph_amortized_device
NVIDIA H200,float16,131072,256,1,w4_f4_q0/warp,1,36.464399099349976,0.0,True,8,10,graph_amortized_device
NVIDIA H200,float16,131072,256,1,w2_f2_q0/fused_warp,1,47.808799147605896,,True,8,10,graph_amortized_device
NVIDIA H200,float16,131072,256,1,w2_f2_q0/warp,1,42.29719936847687,0.0,True,8,10,graph_amortized_device
NVIDIA H200,float16,131072,256,1,w0_f0_q0/fused_warp,1,47.83479869365692,,True,8,10,graph_amortized_device
NVIDIA H200,float16,131072,256,1,w0_f0_q0/warp,1,36.40559911727905,0.0,True,8,10,graph_amortized_device
NVIDIA H200,float16,131072,256,1,dao_plus_quant,1,162.29560375213623,,True,8,10,graph_amortized_device
NVIDIA H200,float16,131072,256,1,w0_f0_q0/warp,2,36.40640079975128,0.0,True,8,10,graph_amortized_device
NVIDIA H200,float16,131072,256,1,w0_f0_q0/fused_warp,2,47.84640073776245,,True,8,10,graph_amortized_device
NVIDIA H200,float16,131072,256,1,w2_f2_q0/warp,2,42.31239855289459,0.0,True,8,10,graph_amortized_device
NVIDIA H200,float16,131072,256,1,w2_f2_q0/fused_warp,2,47.89679944515228,,True,8,10,graph_amortized_device
NVIDIA H200,float16,131072,256,1,w4_f4_q0/warp,2,36.426401138305664,0.0,True,8,10,graph_amortized_device
NVIDIA H200,float16,131072,256,1,w4_f4_q0/fused_warp,2,47.84759879112244,,True,8,10,graph_amortized_device
NVIDIA H200,float16,131072,256,1,w8_f8_q0/warp,2,36.970001459121704,0.0,True,8,10,graph_amortized_device
NVIDIA H200,float16,131072,256,1,w8_f8_q0/fused_warp,2,47.77880012989044,,True,8,10,graph_amortized_device
NVIDIA H200,float16,131072,256,1,w0_f2_q1/warp,2,36.49959862232208,0.0,True,8,10,graph_amortized_device
NVIDIA H200,float16,131072,256,1,w0_f2_q1/fused_warp,2,47.933998703956604,,True,8,10,graph_amortized_device
NVIDIA H200,float16,131072,256,1,w0_f4_q1/warp,2,36.36080026626587,0.0,True,8,10,graph_amortized_device
NVIDIA H200,float16,131072,256,1,w0_f4_q1/fused_warp,2,47.79840111732483,,True,8,10,graph_amortized_device
NVIDIA H200,float16,131072,256,1,w0_f8_q1/warp,2,36.41760051250458,0.0,True,8,10,graph_amortized_device
NVIDIA H200,float16,131072,256,1,w0_f8_q1/fused_warp,2,47.770801186561584,,True,8,10,graph_amortized_device
NVIDIA H200,float16,131072,256,1,dao,2,81.07560276985168,0.0,True,8,10,graph_amortized_device
NVIDIA H200,float16,131072,256,1,dao_plus_quant,2,162.03960180282593,,True,8,10,graph_amortized_device
NVIDIA H200,float16,131072,256,1,w0_f0_q0/warp,3,36.41200065612793,0.0,True,8,10,graph_amortized_device
NVIDIA H200,float16,131072,256,1,dao_plus_quant,3,162.0535969734192,,True,8,10,graph_amortized_device
NVIDIA H200,float16,131072,256,1,dao,3,81.11439943313599,0.0,True,8,10,graph_amortized_device
NVIDIA H200,float16,131072,256,1,w0_f8_q1/fused_warp,3,47.88680076599121,,True,8,10,graph_amortized_device
NVIDIA H200,float16,131072,256,1,w0_f8_q1/warp,3,36.531201004981995,0.0,True,8,10,graph_amortized_device
NVIDIA H200,float16,131072,256,1,w0_f4_q1/fused_warp,3,47.94439971446991,,True,8,10,graph_amortized_device
NVIDIA H200,float16,131072,256,1,w0_f4_q1/warp,3,36.40600144863129,0.0,True,8,10,graph_amortized_device
NVIDIA H200,float16,131072,256,1,w0_f2_q1/fused_warp,3,48.007598519325256,,True,8,10,graph_amortized_device
NVIDIA H200,float16,131072,256,1,w0_f2_q1/warp,3,36.48599982261658,0.0,True,8,10,graph_amortized_device
NVIDIA H200,float16,131072,256,1,w8_f8_q0/fused_warp,3,47.88359999656677,,True,8,10,graph_amortized_device
NVIDIA H200,float16,131072,256,1,w8_f8_q0/warp,3,36.99199855327606,0.0,True,8,10,graph_amortized_device
NVIDIA H200,float16,131072,256,1,w4_f4_q0/fused_warp,3,47.96839952468872,,True,8,10,graph_amortized_device
NVIDIA H200,float16,131072,256,1,w4_f4_q0/warp,3,36.5119993686676,0.0,True,8,10,graph_amortized_device
NVIDIA H200,float16,131072,256,1,w2_f2_q0/fused_warp,3,47.96920120716095,,True,8,10,graph_amortized_device
NVIDIA H200,float16,131072,256,1,w2_f2_q0/warp,3,42.340001463890076,0.0,True,8,10,graph_amortized_device
NVIDIA H200,float16,131072,256,1,w0_f0_q0/fused_warp,3,48.00960123538971,,True,8,10,graph_amortized_device
NVIDIA H200,float16,131072,256,1,w2_f2_q0/warp,4,42.31239855289459,0.0,True,8,10,graph_amortized_device
NVIDIA H200,float16,131072,256,1,w2_f2_q0/fused_warp,4,47.969600558280945,,True,8,10,graph_amortized_device
NVIDIA H200,float16,131072,256,1,w4_f4_q0/warp,4,36.41600012779236,0.0,True,8,10,graph_amortized_device
NVIDIA H200,float16,131072,256,1,w4_f4_q0/fused_warp,4,47.97559976577759,,True,8,10,graph_amortized_device
NVIDIA H200,float16,131072,256,1,w8_f8_q0/warp,4,36.98840141296387,0.0,True,8,10,graph_amortized_device
NVIDIA H200,float16,131072,256,1,w8_f8_q0/fused_warp,4,48.03439974784851,,True,8,10,graph_amortized_device
NVIDIA H200,float16,131072,256,1,w0_f2_q1/warp,4,36.53799891471863,0.0,True,8,10,graph_amortized_device
NVIDIA H200,float16,131072,256,1,w0_f2_q1/fused_warp,4,48.05000126361847,,True,8,10,graph_amortized_device
NVIDIA H200,float16,131072,256,1,w0_f4_q1/warp,4,36.33959889411926,0.0,True,8,10,graph_amortized_device
NVIDIA H200,float16,131072,256,1,w0_f4_q1/fused_warp,4,47.884801030159,,True,8,10,graph_amortized_device
NVIDIA H200,float16,131072,256,1,w0_f8_q1/warp,4,36.48279905319214,0.0,True,8,10,graph_amortized_device
NVIDIA H200,float16,131072,256,1,w0_f8_q1/fused_warp,4,47.97840118408203,,True,8,10,graph_amortized_device
NVIDIA H200,float16,131072,256,1,dao,4,81.2171995639801,0.0,True,8,10,graph_amortized_device
NVIDIA H200,float16,131072,256,1,dao_plus_quant,4,162.335205078125,,True,8,10,graph_amortized_device
NVIDIA H200,float16,131072,256,1,w0_f0_q0/warp,4,36.427998542785645,0.0,True,8,10,graph_amortized_device
NVIDIA H200,float16,131072,256,1,w0_f0_q0/fused_warp,4,47.86039888858795,,True,8,10,graph_amortized_device
NVIDIA H200,float16,1,512,1,dao,0,1.9872000440955162,0.0,True,8,10,graph_amortized_device
NVIDIA H200,float16,1,512,1,dao_plus_quant,0,3.190400078892708,,True,8,10,graph_amortized_device
NVIDIA H200,float16,1,512,1,w0_f0_q0/warp,0,1.8371999263763428,0.0,True,8,10,graph_amortized_device
NVIDIA H200,float16,1,512,1,w0_f0_q0/fused_warp,0,2.226799912750721,,True,8,10,graph_amortized_device
NVIDIA H200,float16,1,512,1,w2_f2_q0/warp,0,1.9047999754548073,0.0,True,8,10,graph_amortized_device
NVIDIA H200,float16,1,512,1,w2_f2_q0/fused_warp,0,2.160000056028366,,True,8,10,graph_amortized_device
NVIDIA H200,float16,1,512,1,w4_f4_q0/warp,0,1.8843999132514,0.0,True,8,10,graph_amortized_device
NVIDIA H200,float16,1,512,1,w4_f4_q0/fused_warp,0,2.204800024628639,,True,8,10,graph_amortized_device
NVIDIA H200,float16,1,512,1,w8_f8_q0/warp,0,1.820399984717369,0.0,True,8,10,graph_amortized_device
NVIDIA H200,float16,1,512,1,w8_f8_q0/fused_warp,0,2.2228000685572624,,True,8,10,graph_amortized_device
NVIDIA H200,float16,1,512,1,w0_f2_q1/warp,0,1.8303999677300453,0.0,True,8,10,graph_amortized_device
NVIDIA H200,float16,1,512,1,w0_f2_q1/fused_warp,0,2.212800085544586,,True,8,10,graph_amortized_device
NVIDIA H200,float16,1,512,1,w0_f4_q1/warp,0,1.9044000655412674,0.0,True,8,10,graph_amortized_device
NVIDIA H200,float16,1,512,1,w0_f4_q1/fused_warp,0,2.1983999758958817,,True,8,10,graph_amortized_device
NVIDIA H200,float16,1,512,1,w0_f8_q1/warp,0,1.8540000542998314,0.0,True,8,10,graph_amortized_device
NVIDIA H200,float16,1,512,1,w0_f8_q1/fused_warp,0,2.2568000480532646,,True,8,10,graph_amortized_device
NVIDIA H200,float16,1,512,1,dao,1,1.91079992800951,0.0,True,8,10,graph_amortized_device
NVIDIA H200,float16,1,512,1,w0_f8_q1/fused_warp,1,2.25639995187521,,True,8,10,graph_amortized_device
NVIDIA H200,float16,1,512,1,w0_f8_q1/warp,1,1.8519999459385872,0.0,True,8,10,graph_amortized_device
NVIDIA H200,float16,1,512,1,w0_f4_q1/fused_warp,1,2.1959999576210976,,True,8,10,graph_amortized_device
NVIDIA H200,float16,1,512,1,w0_f4_q1/warp,1,1.9099999219179153,0.0,True,8,10,graph_amortized_device
NVIDIA H200,float16,1,512,1,w0_f2_q1/fused_warp,1,2.213199995458126,,True,8,10,graph_amortized_device
NVIDIA H200,float16,1,512,1,w0_f2_q1/warp,1,1.8300000578165054,0.0,True,8,10,graph_amortized_device
NVIDIA H200,float16,1,512,1,w8_f8_q0/fused_warp,1,2.226400002837181,,True,8,10,graph_amortized_device
NVIDIA H200,float16,1,512,1,w8_f8_q0/warp,1,1.817600056529045,0.0,True,8,10,graph_amortized_device
NVIDIA H200,float16,1,512,1,w4_f4_q0/fused_warp,1,2.2007999941706657,,True,8,10,graph_amortized_device
NVIDIA H200,float16,1,512,1,w4_f4_q0/warp,1,1.8823999911546707,0.0,True,8,10,graph_amortized_device
NVIDIA H200,float16,1,512,1,w2_f2_q0/fused_warp,1,2.1795999258756638,,True,8,10,graph_amortized_device
NVIDIA H200,float16,1,512,1,w2_f2_q0/warp,1,1.8983999267220497,0.0,True,8,10,graph_amortized_device
NVIDIA H200,float16,1,512,1,w0_f0_q0/fused_warp,1,2.224400080740452,,True,8,10,graph_amortized_device
NVIDIA H200,float16,1,512,1,w0_f0_q0/warp,1,1.8387999385595322,0.0,True,8,10,graph_amortized_device
NVIDIA H200,float16,1,512,1,dao_plus_quant,1,3.187999874353409,,True,8,10,graph_amortized_device
NVIDIA H200,float16,1,512,1,w0_f0_q0/warp,2,1.8379999324679375,0.0,True,8,10,graph_amortized_device
NVIDIA H200,float16,1,512,1,w0_f0_q0/fused_warp,2,2.228800021111965,,True,8,10,graph_amortized_device
NVIDIA H200,float16,1,512,1,w2_f2_q0/warp,2,1.8944000825285912,0.0,True,8,10,graph_amortized_device
NVIDIA H200,float16,1,512,1,w2_f2_q0/fused_warp,2,2.1743999794125557,,True,8,10,graph_amortized_device
NVIDIA H200,float16,1,512,1,w4_f4_q0/warp,2,1.8704000860452652,0.0,True,8,10,graph_amortized_device
NVIDIA H200,float16,1,512,1,w4_f4_q0/fused_warp,2,2.2012000903487206,,True,8,10,graph_amortized_device
NVIDIA H200,float16,1,512,1,w8_f8_q0/warp,2,1.8239999189972878,0.0,True,8,10,graph_amortized_device
NVIDIA H200,float16,1,512,1,w8_f8_q0/fused_warp,2,2.224400080740452,,True,8,10,graph_amortized_device
NVIDIA H200,float16,1,512,1,w0_f2_q1/warp,2,1.833599992096424,0.0,True,8,10,graph_amortized_device
NVIDIA H200,float16,1,512,1,w0_f2_q1/fused_warp,2,2.2180000320076942,,True,8,10,graph_amortized_device
NVIDIA H200,float16,1,512,1,w0_f4_q1/warp,2,1.9068000838160515,0.0,True,8,10,graph_amortized_device
NVIDIA H200,float16,1,512,1,w0_f4_q1/fused_warp,2,2.1832000464200974,,True,8,10,graph_amortized_device
NVIDIA H200,float16,1,512,1,w0_f8_q1/warp,2,1.8611999228596687,0.0,True,8,10,graph_amortized_device
NVIDIA H200,float16,1,512,1,w0_f8_q1/fused_warp,2,2.25639995187521,,True,8,10,graph_amortized_device
NVIDIA H200,float16,1,512,1,dao,2,1.9096000120043755,0.0,True,8,10,graph_amortized_device
NVIDIA H200,float16,1,512,1,dao_plus_quant,2,3.2368000596761703,,True,8,10,graph_amortized_device
NVIDIA H200,float16,1,512,1,w0_f0_q0/warp,3,1.8371999263763428,0.0,True,8,10,graph_amortized_device
NVIDIA H200,float16,1,512,1,dao_plus_quant,3,3.184400126338005,,True,8,10,graph_amortized_device
NVIDIA H200,float16,1,512,1,dao,3,1.905599981546402,0.0,True,8,10,graph_amortized_device
NVIDIA H200,float16,1,512,1,w0_f8_q1/fused_warp,3,2.2600000724196434,,True,8,10,graph_amortized_device
NVIDIA H200,float16,1,512,1,w0_f8_q1/warp,3,1.8592000007629395,0.0,True,8,10,graph_amortized_device
NVIDIA H200,float16,1,512,1,w0_f4_q1/fused_warp,3,2.1988000720739365,,True,8,10,graph_amortized_device
NVIDIA H200,float16,1,512,1,w0_f4_q1/warp,3,1.9063999876379967,0.0,True,8,10,graph_amortized_device
NVIDIA H200,float16,1,512,1,w0_f2_q1/fused_warp,3,2.2148000076413155,,True,8,10,graph_amortized_device
NVIDIA H200,float16,1,512,1,w0_f2_q1/warp,3,1.8371999263763428,0.0,True,8,10,graph_amortized_device
NVIDIA H200,float16,1,512,1,w8_f8_q0/fused_warp,3,2.2275999188423157,,True,8,10,graph_amortized_device
NVIDIA H200,float16,1,512,1,w8_f8_q0/warp,3,1.8168000504374504,0.0,True,8,10,graph_amortized_device
NVIDIA H200,float16,1,512,1,w4_f4_q0/fused_warp,3,2.204800024628639,,True,8,10,graph_amortized_device
NVIDIA H200,float16,1,512,1,w4_f4_q0/warp,3,1.8880000337958336,0.0,True,8,10,graph_amortized_device
NVIDIA H200,float16,1,512,1,w2_f2_q0/fused_warp,3,2.178400009870529,,True,8,10,graph_amortized_device
NVIDIA H200,float16,1,512,1,w2_f2_q0/warp,3,1.8955999985337257,0.0,True,8,10,graph_amortized_device
NVIDIA H200,float16,1,512,1,w0_f0_q0/fused_warp,3,2.2252000868320465,,True,8,10,graph_amortized_device
NVIDIA H200,float16,1,512,1,w2_f2_q0/warp,4,1.8996000289916992,0.0,True,8,10,graph_amortized_device
NVIDIA H200,float16,1,512,1,w2_f2_q0/fused_warp,4,2.1776000037789345,,True,8,10,graph_amortized_device
NVIDIA H200,float16,1,512,1,w4_f4_q0/warp,4,1.879199966788292,0.0,True,8,10,graph_amortized_device
NVIDIA H200,float16,1,512,1,w4_f4_q0/fused_warp,4,2.1991999819874763,,True,8,10,graph_amortized_device
NVIDIA H200,float16,1,512,1,w8_f8_q0/warp,4,1.8007999286055565,0.0,True,8,10,graph_amortized_device
NVIDIA H200,float16,1,512,1,w8_f8_q0/fused_warp,4,2.2275999188423157,,True,8,10,graph_amortized_device
NVIDIA H200,float16,1,512,1,w0_f2_q1/warp,4,1.8324000760912895,0.0,True,8,10,graph_amortized_device
NVIDIA H200,float16,1,512,1,w0_f2_q1/fused_warp,4,2.2167999297380447,,True,8,10,graph_amortized_device
NVIDIA H200,float16,1,512,1,w0_f4_q1/warp,4,1.9088000059127808,0.0,True,8,10,graph_amortized_device
NVIDIA H200,float16,1,512,1,w0_f4_q1/fused_warp,4,2.199600078165531,,True,8,10,graph_amortized_device
NVIDIA H200,float16,1,512,1,w0_f8_q1/warp,4,1.8532000482082367,0.0,True,8,10,graph_amortized_device
NVIDIA H200,float16,1,512,1,w0_f8_q1/fused_warp,4,2.2592000663280487,,True,8,10,graph_amortized_device
NVIDIA H200,float16,1,512,1,dao,4,1.9096000120043755,0.0,True,8,10,graph_amortized_device
NVIDIA H200,float16,1,512,1,dao_plus_quant,4,3.185199946165085,,True,8,10,graph_amortized_device
NVIDIA H200,float16,1,512,1,w0_f0_q0/warp,4,1.8324000760912895,0.0,True,8,10,graph_amortized_device
NVIDIA H200,float16,1,512,1,w0_f0_q0/fused_warp,4,2.231599949300289,,True,8,10,graph_amortized_device
NVIDIA H200,float16,128,512,1,dao,0,2.0136000588536263,0.0,True,8,10,graph_amortized_device
NVIDIA H200,float16,128,512,1,dao_plus_quant,0,3.553200140595436,,True,8,10,graph_amortized_device
NVIDIA H200,float16,128,512,1,w0_f0_q0/warp,0,2.0239999517798424,0.0,True,8,10,graph_amortized_device
NVIDIA H200,float16,128,512,1,w0_f0_q0/fused_warp,0,2.36239992082119,,True,8,10,graph_amortized_device
NVIDIA H200,float16,128,512,1,w2_f2_q0/warp,0,2.0176000893115997,0.0,True,8,10,graph_amortized_device
NVIDIA H200,float16,128,512,1,w2_f2_q0/fused_warp,0,2.2856000810861588,,True,8,10,graph_amortized_device
NVIDIA H200,float16,128,512,1,w4_f4_q0/warp,0,2.0468000322580338,0.0,True,8,10,graph_amortized_device
NVIDIA H200,float16,128,512,1,w4_f4_q0/fused_warp,0,2.3072000592947006,,True,8,10,graph_amortized_device
NVIDIA H200,float16,128,512,1,w8_f8_q0/warp,0,2.271600067615509,0.0,True,8,10,graph_amortized_device
NVIDIA H200,float16,128,512,1,w8_f8_q0/fused_warp,0,2.6071999222040176,,True,8,10,graph_amortized_device
NVIDIA H200,float16,128,512,1,w0_f2_q1/warp,0,1.9964000210165977,0.0,True,8,10,graph_amortized_device
NVIDIA H200,float16,128,512,1,w0_f2_q1/fused_warp,0,2.3391999304294586,,True,8,10,graph_amortized_device
NVIDIA H200,float16,128,512,1,w0_f4_q1/warp,0,2.0600000396370888,0.0,True,8,10,graph_amortized_device
NVIDIA H200,float16,128,512,1,w0_f4_q1/fused_warp,0,2.3175999522209167,,True,8,10,graph_amortized_device
NVIDIA H200,float16,128,512,1,w0_f8_q1/warp,0,2.0476000383496284,0.0,True,8,10,graph_amortized_device
NVIDIA H200,float16,128,512,1,w0_f8_q1/fused_warp,0,2.528800070285797,,True,8,10,graph_amortized_device
NVIDIA H200,float16,128,512,1,dao,1,2.0152000710368156,0.0,True,8,10,graph_amortized_device
NVIDIA H200,float16,128,512,1,w0_f8_q1/fused_warp,1,2.521600015461445,,True,8,10,graph_amortized_device
NVIDIA H200,float16,128,512,1,w0_f8_q1/warp,1,2.0524000748991966,0.0,True,8,10,graph_amortized_device
NVIDIA H200,float16,128,512,1,w0_f4_q1/fused_warp,1,2.324399910867214,,True,8,10,graph_amortized_device
NVIDIA H200,float16,128,512,1,w0_f4_q1/warp,1,2.0587999373674393,0.0,True,8,10,graph_amortized_device
NVIDIA H200,float16,128,512,1,w0_f2_q1/fused_warp,1,2.3344000801444054,,True,8,10,graph_amortized_device
NVIDIA H200,float16,128,512,1,w0_f2_q1/warp,1,1.995999924838543,0.0,True,8,10,graph_amortized_device
NVIDIA H200,float16,128,512,1,w8_f8_q0/fused_warp,1,2.606000006198883,,True,8,10,graph_amortized_device
NVIDIA H200,float16,128,512,1,w8_f8_q0/warp,1,2.2655999287962914,0.0,True,8,10,graph_amortized_device
NVIDIA H200,float16,128,512,1,w4_f4_q0/fused_warp,1,2.3024000227451324,,True,8,10,graph_amortized_device
NVIDIA H200,float16,128,512,1,w4_f4_q0/warp,1,2.0455999299883842,0.0,True,8,10,graph_amortized_device
NVIDIA H200,float16,128,512,1,w2_f2_q0/fused_warp,1,2.2887999191880226,,True,8,10,graph_amortized_device
NVIDIA H200,float16,128,512,1,w2_f2_q0/warp,1,2.0155999809503555,0.0,True,8,10,graph_amortized_device
NVIDIA H200,float16,128,512,1,w0_f0_q0/fused_warp,1,2.358799986541271,,True,8,10,graph_amortized_device
NVIDIA H200,float16,128,512,1,w0_f0_q0/warp,1,2.0204000174999237,0.0,True,8,10,graph_amortized_device
NVIDIA H200,float16,128,512,1,dao_plus_quant,1,3.5571999847888947,,True,8,10,graph_amortized_device
NVIDIA H200,float16,128,512,1,w0_f0_q0/warp,2,2.0207999274134636,0.0,True,8,10,graph_amortized_device
NVIDIA H200,float16,128,512,1,w0_f0_q0/fused_warp,2,2.361599914729595,,True,8,10,graph_amortized_device
NVIDIA H200,float16,128,512,1,w2_f2_q0/warp,2,2.019199915230274,0.0,True,8,10,graph_amortized_device
NVIDIA H200,float16,128,512,1,w2_f2_q0/fused_warp,2,2.287999913096428,,True,8,10,graph_amortized_device
NVIDIA H200,float16,128,512,1,w4_f4_q0/warp,2,2.040800079703331,0.0,True,8,10,graph_amortized_device
NVIDIA H200,float16,128,512,1,w4_f4_q0/fused_warp,2,2.298000082373619,,True,8,10,graph_amortized_device
NVIDIA H200,float16,128,512,1,w8_f8_q0/warp,2,2.2676000371575356,0.0,True,8,10,graph_amortized_device
NVIDIA H200,float16,128,512,1,w8_f8_q0/fused_warp,2,2.6043999940156937,,True,8,10,graph_amortized_device
NVIDIA H200,float16,128,512,1,w0_f2_q1/warp,2,1.992800086736679,0.0,True,8,10,graph_amortized_device
NVIDIA H200,float16,128,512,1,w0_f2_q1/fused_warp,2,2.3367999121546745,,True,8,10,graph_amortized_device
NVIDIA H200,float16,128,512,1,w0_f4_q1/warp,2,2.0640000700950623,0.0,True,8,10,graph_amortized_device
NVIDIA H200,float16,128,512,1,w0_f4_q1/fused_warp,2,2.3215999826788902,,True,8,10,graph_amortized_device
NVIDIA H200,float16,128,512,1,w0_f8_q1/warp,2,2.048799954354763,0.0,True,8,10,graph_amortized_device
NVIDIA H200,float16,128,512,1,w0_f8_q1/fused_warp,2,2.521600015461445,,True,8,10,graph_amortized_device
NVIDIA H200,float16,128,512,1,dao,2,2.0183999091386795,0.0,True,8,10,graph_amortized_device
NVIDIA H200,float16,128,512,1,dao_plus_quant,2,3.553200140595436,,True,8,10,graph_amortized_device
NVIDIA H200,float16,128,512,1,w0_f0_q0/warp,3,2.0183999091386795,0.0,True,8,10,graph_amortized_device
NVIDIA H200,float16,128,512,1,dao_plus_quant,3,3.553999960422516,,True,8,10,graph_amortized_device
NVIDIA H200,float16,128,512,1,dao,3,2.0155999809503555,0.0,True,8,10,graph_amortized_device
NVIDIA H200,float16,128,512,1,w0_f8_q1/fused_warp,3,2.529199980199337,,True,8,10,graph_amortized_device
NVIDIA H200,float16,128,512,1,w0_f8_q1/warp,3,2.054000087082386,0.0,True,8,10,graph_amortized_device
NVIDIA H200,float16,128,512,1,w0_f4_q1/fused_warp,3,2.3175999522209167,,True,8,10,graph_amortized_device
NVIDIA H200,float16,128,512,1,w0_f4_q1/warp,3,2.067199908196926,0.0,True,8,10,graph_amortized_device
NVIDIA H200,float16,128,512,1,w0_f2_q1/fused_warp,3,2.343600057065487,,True,8,10,graph_amortized_device
NVIDIA H200,float16,128,512,1,w0_f2_q1/warp,3,1.9883999601006508,0.0,True,8,10,graph_amortized_device
NVIDIA H200,float16,128,512,1,w8_f8_q0/fused_warp,3,2.606399916112423,,True,8,10,graph_amortized_device
NVIDIA H200,float16,128,512,1,w8_f8_q0/warp,3,2.2803999483585358,0.0,True,8,10,graph_amortized_device
NVIDIA H200,float16,128,512,1,w4_f4_q0/fused_warp,3,2.303599938750267,,True,8,10,graph_amortized_device
NVIDIA H200,float16,128,512,1,w4_f4_q0/warp,3,2.040800079703331,0.0,True,8,10,graph_amortized_device
NVIDIA H200,float16,128,512,1,w2_f2_q0/fused_warp,3,2.2840000689029694,,True,8,10,graph_amortized_device
NVIDIA H200,float16,128,512,1,w2_f2_q0/warp,3,2.0215999335050583,0.0,True,8,10,graph_amortized_device
NVIDIA H200,float16,128,512,1,w0_f0_q0/fused_warp,3,2.3560000583529472,,True,8,10,graph_amortized_device
NVIDIA H200,float16,128,512,1,w2_f2_q0/warp,4,2.013999968767166,0.0,True,8,10,graph_amortized_device
NVIDIA H200,float16,128,512,1,w2_f2_q0/fused_warp,4,2.285199984908104,,True,8,10,graph_amortized_device
NVIDIA H200,float16,128,512,1,w4_f4_q0/warp,4,2.0452000200748444,0.0,True,8,10,graph_amortized_device
NVIDIA H200,float16,128,512,1,w4_f4_q0/fused_warp,4,2.3204000666737556,,True,8,10,graph_amortized_device
NVIDIA H200,float16,128,512,1,w8_f8_q0/warp,4,2.269200049340725,0.0,True,8,10,graph_amortized_device
NVIDIA H200,float16,128,512,1,w8_f8_q0/fused_warp,4,2.5971999391913414,,True,8,10,graph_amortized_device
NVIDIA H200,float16,128,512,1,w0_f2_q1/warp,4,1.9912000745534897,0.0,True,8,10,graph_amortized_device
NVIDIA H200,float16,128,512,1,w0_f2_q1/fused_warp,4,2.338000014424324,,True,8,10,graph_amortized_device
NVIDIA H200,float16,128,512,1,w0_f4_q1/warp,4,2.0600000396370888,0.0,True,8,10,graph_amortized_device
NVIDIA H200,float16,128,512,1,w0_f4_q1/fused_warp,4,2.3207999765872955,,True,8,10,graph_amortized_device
NVIDIA H200,float16,128,512,1,w0_f8_q1/warp,4,2.049200050532818,0.0,True,8,10,graph_amortized_device
NVIDIA H200,float16,128,512,1,w0_f8_q1/fused_warp,4,2.5307999923825264,,True,8,10,graph_amortized_device
NVIDIA H200,float16,128,512,1,dao,4,2.014799974858761,0.0,True,8,10,graph_amortized_device
NVIDIA H200,float16,128,512,1,dao_plus_quant,4,3.5544000566005707,,True,8,10,graph_amortized_device
NVIDIA H200,float16,128,512,1,w0_f0_q0/warp,4,2.022800035774708,0.0,True,8,10,graph_amortized_device
NVIDIA H200,float16,128,512,1,w0_f0_q0/fused_warp,4,2.3631999269127846,,True,8,10,graph_amortized_device
NVIDIA H200,float16,16384,512,1,dao,0,12.419600039720535,0.0,True,8,10,graph_amortized_device
NVIDIA H200,float16,16384,512,1,dao_plus_quant,0,27.34839916229248,,True,8,10,graph_amortized_device
NVIDIA H200,float16,16384,512,1,w0_f0_q0/warp,0,10.726799815893173,0.0,True,8,10,graph_amortized_device
NVIDIA H200,float16,16384,512,1,w0_f0_q0/fused_warp,0,11.761199682950974,,True,8,10,graph_amortized_device
NVIDIA H200,float16,16384,512,1,w2_f2_q0/warp,0,10.690400004386902,0.0,True,8,10,graph_amortized_device
NVIDIA H200,float16,16384,512,1,w2_f2_q0/fused_warp,0,11.814399808645248,,True,8,10,graph_amortized_device
NVIDIA H200,float16,16384,512,1,w4_f4_q0/warp,0,10.77599972486496,0.0,True,8,10,graph_amortized_device
NVIDIA H200,float16,16384,512,1,w4_f4_q0/fused_warp,0,11.624400317668915,,True,8,10,graph_amortized_device
NVIDIA H200,float16,16384,512,1,w8_f8_q0/warp,0,10.797999799251556,0.0,True,8,10,graph_amortized_device
NVIDIA H200,float16,16384,512,1,w8_f8_q0/fused_warp,0,11.910799890756607,,True,8,10,graph_amortized_device
NVIDIA H200,float16,16384,512,1,w0_f2_q1/warp,0,10.812799632549286,0.0,True,8,10,graph_amortized_device
NVIDIA H200,float16,16384,512,1,w0_f2_q1/fused_warp,0,11.824800074100494,,True,8,10,graph_amortized_device
NVIDIA H200,float16,16384,512,1,w0_f4_q1/warp,0,10.701200366020203,0.0,True,8,10,graph_amortized_device
NVIDIA H200,float16,16384,512,1,w0_f4_q1/fused_warp,0,11.797600239515305,,True,8,10,graph_amortized_device
NVIDIA H200,float16,16384,512,1,w0_f8_q1/warp,0,10.720399767160416,0.0,True,8,10,graph_amortized_device
NVIDIA H200,float16,16384,512,1,w0_f8_q1/fused_warp,0,11.918800324201584,,True,8,10,graph_amortized_device
NVIDIA H200,float16,16384,512,1,dao,1,12.427599728107452,0.0,True,8,10,graph_amortized_device
NVIDIA H200,float16,16384,512,1,w0_f8_q1/fused_warp,1,11.977200210094452,,True,8,10,graph_amortized_device
NVIDIA H200,float16,16384,512,1,w0_f8_q1/warp,1,10.767199844121933,0.0,True,8,10,graph_amortized_device
NVIDIA H200,float16,16384,512,1,w0_f4_q1/fused_warp,1,11.884800344705582,,True,8,10,graph_amortized_device
NVIDIA H200,float16,16384,512,1,w0_f4_q1/warp,1,10.695599764585495,0.0,True,8,10,graph_amortized_device
NVIDIA H200,float16,16384,512,1,w0_f2_q1/fused_warp,1,11.802799999713898,,True,8,10,graph_amortized_device
NVIDIA H200,float16,16384,512,1,w0_f2_q1/warp,1,10.796000063419342,0.0,True,8,10,graph_amortized_device
NVIDIA H200,float16,16384,512,1,w8_f8_q0/fused_warp,1,11.927200108766556,,True,8,10,graph_amortized_device
NVIDIA H200,float16,16384,512,1,w8_f8_q0/warp,1,10.75960025191307,0.0,True,8,10,graph_amortized_device
NVIDIA H200,float16,16384,512,1,w4_f4_q0/fused_warp,1,11.60999983549118,,True,8,10,graph_amortized_device
NVIDIA H200,float16,16384,512,1,w4_f4_q0/warp,1,10.747600346803665,0.0,True,8,10,graph_amortized_device
NVIDIA H200,float16,16384,512,1,w2_f2_q0/fused_warp,1,11.79559975862503,,True,8,10,graph_amortized_device
NVIDIA H200,float16,16384,512,1,w2_f2_q0/warp,1,10.726000368595123,0.0,True,8,10,graph_amortized_device
NVIDIA H200,float16,16384,512,1,w0_f0_q0/fused_warp,1,11.631999909877777,,True,8,10,graph_amortized_device
NVIDIA H200,float16,16384,512,1,w0_f0_q0/warp,1,10.700800269842148,0.0,True,8,10,graph_amortized_device
NVIDIA H200,float16,16384,512,1,dao_plus_quant,1,27.35919952392578,,True,8,10,graph_amortized_device
NVIDIA H200,float16,16384,512,1,w0_f0_q0/warp,2,10.678800195455551,0.0,True,8,10,graph_amortized_device
NVIDIA H200,float16,16384,512,1,w0_f0_q0/fused_warp,2,11.642000079154968,,True,8,10,graph_amortized_device
NVIDIA H200,float16,16384,512,1,w2_f2_q0/warp,2,10.69519966840744,0.0,True,8,10,graph_amortized_device
NVIDIA H200,float16,16384,512,1,w2_f2_q0/fused_warp,2,11.829199641942978,,True,8,10,graph_amortized_device
NVIDIA H200,float16,16384,512,1,w4_f4_q0/warp,2,10.769200325012207,0.0,True,8,10,graph_amortized_device
NVIDIA H200,float16,16384,512,1,w4_f4_q0/fused_warp,2,11.58519983291626,,True,8,10,graph_amortized_device
NVIDIA H200,float16,16384,512,1,w8_f8_q0/warp,2,10.76280027627945,0.0,True,8,10,graph_amortized_device
NVIDIA H200,float16,16384,512,1,w8_f8_q0/fused_warp,2,11.926399916410446,,True,8,10,graph_amortized_device
NVIDIA H200,float16,16384,512,1,w0_f2_q1/warp,2,10.784800350666046,0.0,True,8,10,graph_amortized_device
NVIDIA H200,float16,16384,512,1,w0_f2_q1/fused_warp,2,11.850400269031525,,True,8,10,graph_amortized_device
NVIDIA H200,float16,16384,512,1,w0_f4_q1/warp,2,10.74879989027977,0.0,True,8,10,graph_amortized_device
NVIDIA H200,float16,16384,512,1,w0_f4_q1/fused_warp,2,11.829599738121033,,True,8,10,graph_amortized_device
NVIDIA H200,float16,16384,512,1,w0_f8_q1/warp,2,10.744000226259232,0.0,True,8,10,graph_amortized_device
NVIDIA H200,float16,16384,512,1,w0_f8_q1/fused_warp,2,11.892399936914444,,True,8,10,graph_amortized_device
NVIDIA H200,float16,16384,512,1,dao,2,12.42239996790886,0.0,True,8,10,graph_amortized_device
NVIDIA H200,float16,16384,512,1,dao_plus_quant,2,27.335599064826965,,True,8,10,graph_amortized_device
NVIDIA H200,float16,16384,512,1,w0_f0_q0/warp,3,10.706000030040741,0.0,True,8,10,graph_amortized_device
NVIDIA H200,float16,16384,512,1,dao_plus_quant,3,27.30480134487152,,True,8,10,graph_amortized_device
NVIDIA H200,float16,16384,512,1,dao,3,12.42239996790886,0.0,True,8,10,graph_amortized_device
NVIDIA H200,float16,16384,512,1,w0_f8_q1/fused_warp,3,11.91679984331131,,True,8,10,graph_amortized_device
NVIDIA H200,float16,16384,512,1,w0_f8_q1/warp,3,10.789600014686584,0.0,True,8,10,graph_amortized_device
NVIDIA H200,float16,16384,512,1,w0_f4_q1/fused_warp,3,11.778800189495087,,True,8,10,graph_amortized_device
NVIDIA H200,float16,16384,512,1,w0_f4_q1/warp,3,10.697200149297714,0.0,True,8,10,graph_amortized_device
NVIDIA H200,float16,16384,512,1,w0_f2_q1/fused_warp,3,11.80799975991249,,True,8,10,graph_amortized_device
NVIDIA H200,float16,16384,512,1,w0_f2_q1/warp,3,10.794000327587128,0.0,True,8,10,graph_amortized_device
NVIDIA H200,float16,16384,512,1,w8_f8_q0/fused_warp,3,11.921200156211853,,True,8,10,graph_amortized_device
NVIDIA H200,float16,16384,512,1,w8_f8_q0/warp,3,10.754399746656418,0.0,True,8,10,graph_amortized_device
NVIDIA H200,float16,16384,512,1,w4_f4_q0/fused_warp,3,11.591199785470963,,True,8,10,graph_amortized_device
NVIDIA H200,float16,16384,512,1,w4_f4_q0/warp,3,10.741200298070908,0.0,True,8,10,graph_amortized_device
NVIDIA H200,float16,16384,512,1,w2_f2_q0/fused_warp,3,11.814799904823303,,True,8,10,graph_amortized_device
NVIDIA H200,float16,16384,512,1,w2_f2_q0/warp,3,10.664799809455872,0.0,True,8,10,graph_amortized_device
NVIDIA H200,float16,16384,512,1,w0_f0_q0/fused_warp,3,11.658000200986862,,True,8,10,graph_amortized_device
NVIDIA H200,float16,16384,512,1,w2_f2_q0/warp,4,10.682400315999985,0.0,True,8,10,graph_amortized_device
NVIDIA H200,float16,16384,512,1,w2_f2_q0/fused_warp,4,11.883600056171417,,True,8,10,graph_amortized_device
NVIDIA H200,float16,16384,512,1,w4_f4_q0/warp,4,10.76200008392334,0.0,True,8,10,graph_amortized_device
NVIDIA H200,float16,16384,512,1,w4_f4_q0/fused_warp,4,11.632400006055832,,True,8,10,graph_amortized_device
NVIDIA H200,float16,16384,512,1,w8_f8_q0/warp,4,10.78839972615242,0.0,True,8,10,graph_amortized_device
NVIDIA H200,float16,16384,512,1,w8_f8_q0/fused_warp,4,11.94159984588623,,True,8,10,graph_amortized_device
NVIDIA H200,float16,16384,512,1,w0_f2_q1/warp,4,10.792800039052963,0.0,True,8,10,graph_amortized_device
NVIDIA H200,float16,16384,512,1,w0_f2_q1/fused_warp,4,11.911199986934662,,True,8,10,graph_amortized_device
NVIDIA H200,float16,16384,512,1,w0_f4_q1/warp,4,10.729999840259552,0.0,True,8,10,graph_amortized_device
NVIDIA H200,float16,16384,512,1,w0_f4_q1/fused_warp,4,11.823199689388275,,True,8,10,graph_amortized_device
NVIDIA H200,float16,16384,512,1,w0_f8_q1/warp,4,10.830400139093399,0.0,True,8,10,graph_amortized_device
NVIDIA H200,float16,16384,512,1,w0_f8_q1/fused_warp,4,11.93000003695488,,True,8,10,graph_amortized_device
NVIDIA H200,float16,16384,512,1,dao,4,12.424799799919128,0.0,True,8,10,graph_amortized_device
NVIDIA H200,float16,16384,512,1,dao_plus_quant,4,27.307599782943726,,True,8,10,graph_amortized_device
NVIDIA H200,float16,16384,512,1,w0_f0_q0/warp,4,10.666800290346146,0.0,True,8,10,graph_amortized_device
NVIDIA H200,float16,16384,512,1,w0_f0_q0/fused_warp,4,11.65200024843216,,True,8,10,graph_amortized_device
NVIDIA H200,float16,131072,512,1,dao,0,81.9267988204956,0.0,True,8,10,graph_amortized_device
NVIDIA H200,float16,131072,512,1,dao_plus_quant,0,216.26319885253906,,True,8,10,graph_amortized_device
NVIDIA H200,float16,131072,512,1,w0_f0_q0/warp,0,70.28480172157288,0.0,True,8,10,graph_amortized_device
NVIDIA H200,float16,131072,512,1,w0_f0_q0/fused_warp,0,78.18520069122314,,True,8,10,graph_amortized_device
NVIDIA H200,float16,131072,512,1,w2_f2_q0/warp,0,70.17679810523987,0.0,True,8,10,graph_amortized_device
NVIDIA H200,float16,131072,512,1,w2_f2_q0/fused_warp,0,78.24519872665405,,True,8,10,graph_amortized_device
NVIDIA H200,float16,131072,512,1,w4_f4_q0/warp,0,70.33439874649048,0.0,True,8,10,graph_amortized_device
NVIDIA H200,float16,131072,512,1,w4_f4_q0/fused_warp,0,81.5999984741211,,True,8,10,graph_amortized_device
NVIDIA H200,float16,131072,512,1,w8_f8_q0/warp,0,72.49000072479248,0.0,True,8,10,graph_amortized_device
NVIDIA H200,float16,131072,512,1,w8_f8_q0/fused_warp,0,82.63239860534668,,True,8,10,graph_amortized_device
NVIDIA H200,float16,131072,512,1,w0_f2_q1/warp,0,72.58639931678772,0.0,True,8,10,graph_amortized_device
NVIDIA H200,float16,131072,512,1,w0_f2_q1/fused_warp,0,85.38600206375122,,True,8,10,graph_amortized_device
NVIDIA H200,float16,131072,512,1,w0_f4_q1/warp,0,72.54080176353455,0.0,True,8,10,graph_amortized_device
NVIDIA H200,float16,131072,512,1,w0_f4_q1/fused_warp,0,85.4636013507843,,True,8,10,graph_amortized_device
NVIDIA H200,float16,131072,512,1,w0_f8_q1/warp,0,72.8987991809845,0.0,True,8,10,graph_amortized_device
NVIDIA H200,float16,131072,512,1,w0_f8_q1/fused_warp,0,86.03519797325134,,True,8,10,graph_amortized_device
NVIDIA H200,float16,131072,512,1,dao,1,82.66519904136658,0.0,True,8,10,graph_amortized_device
NVIDIA H200,float16,131072,512,1,w0_f8_q1/fused_warp,1,83.56080055236816,,True,8,10,graph_amortized_device
NVIDIA H200,float16,131072,512,1,w0_f8_q1/warp,1,71.64720296859741,0.0,True,8,10,graph_amortized_device
NVIDIA H200,float16,131072,512,1,w0_f4_q1/fused_warp,1,83.64920020103455,,True,8,10,graph_amortized_device
NVIDIA H200,float16,131072,512,1,w0_f4_q1/warp,1,71.61480188369751,0.0,True,8,10,graph_amortized_device
NVIDIA H200,float16,131072,512,1,w0_f2_q1/fused_warp,1,83.90960097312927,,True,8,10,graph_amortized_device
NVIDIA H200,float16,131072,512,1,w0_f2_q1/warp,1,72.08560109138489,0.0,True,8,10,graph_amortized_device
NVIDIA H200,float16,131072,512,1,w8_f8_q0/fused_warp,1,82.19000101089478,,True,8,10,graph_amortized_device
NVIDIA H200,float16,131072,512,1,w8_f8_q0/warp,1,72.56720066070557,0.0,True,8,10,graph_amortized_device
NVIDIA H200,float16,131072,512,1,w4_f4_q0/fused_warp,1,82.16480016708374,,True,8,10,graph_amortized_device
NVIDIA H200,float16,131072,512,1,w4_f4_q0/warp,1,71.94719910621643,0.0,True,8,10,graph_amortized_device
NVIDIA H200,float16,131072,512,1,w2_f2_q0/fused_warp,1,82.2156012058258,,True,8,10,graph_amortized_device
NVIDIA H200,float16,131072,512,1,w2_f2_q0/warp,1,72.07080125808716,0.0,True,8,10,graph_amortized_device
NVIDIA H200,float16,131072,512,1,w0_f0_q0/fused_warp,1,82.17319846153259,,True,8,10,graph_amortized_device
NVIDIA H200,float16,131072,512,1,w0_f0_q0/warp,1,72.15520143508911,0.0,True,8,10,graph_amortized_device
NVIDIA H200,float16,131072,512,1,dao_plus_quant,1,221.71080112457275,,True,8,10,graph_amortized_device
NVIDIA H200,float16,131072,512,1,w0_f0_q0/warp,2,71.5395987033844,0.0,True,8,10,graph_amortized_device
NVIDIA H200,float16,131072,512,1,w0_f0_q0/fused_warp,2,81.02239966392517,,True,8,10,graph_amortized_device
NVIDIA H200,float16,131072,512,1,w2_f2_q0/warp,2,71.2768018245697,0.0,True,8,10,graph_amortized_device
NVIDIA H200,float16,131072,512,1,w2_f2_q0/fused_warp,2,80.43400049209595,,True,8,10,graph_amortized_device
NVIDIA H200,float16,131072,512,1,w4_f4_q0/warp,2,71.19399905204773,0.0,True,8,10,graph_amortized_device
NVIDIA H200,float16,131072,512,1,w4_f4_q0/fused_warp,2,80.44480085372925,,True,8,10,graph_amortized_device
NVIDIA H200,float16,131072,512,1,w8_f8_q0/warp,2,72.66160249710083,0.0,True,8,10,graph_amortized_device
NVIDIA H200,float16,131072,512,1,w8_f8_q0/fused_warp,2,83.72120261192322,,True,8,10,graph_amortized_device
NVIDIA H200,float16,131072,512,1,w0_f2_q1/warp,2,73.29559922218323,0.0,True,8,10,graph_amortized_device
NVIDIA H200,float16,131072,512,1,w0_f2_q1/fused_warp,2,86.69840097427368,,True,8,10,graph_amortized_device
NVIDIA H200,float16,131072,512,1,w0_f4_q1/warp,2,72.8655993938446,0.0,True,8,10,graph_amortized_device
NVIDIA H200,float16,131072,512,1,w0_f4_q1/fused_warp,2,86.06759905815125,,True,8,10,graph_amortized_device
NVIDIA H200,float16,131072,512,1,w0_f8_q1/warp,2,72.88200259208679,0.0,True,8,10,graph_amortized_device
NVIDIA H200,float16,131072,512,1,w0_f8_q1/fused_warp,2,85.99680066108704,,True,8,10,graph_amortized_device
NVIDIA H200,float16,131072,512,1,dao,2,82.16599822044373,0.0,True,8,10,graph_amortized_device
NVIDIA H200,float16,131072,512,1,dao_plus_quant,2,220.49760818481445,,True,8,10,graph_amortized_device
NVIDIA H200,float16,131072,512,1,w0_f0_q0/warp,3,71.28360271453857,0.0,True,8,10,graph_amortized_device
NVIDIA H200,float16,131072,512,1,dao_plus_quant,3,217.6827907562256,,True,8,10,graph_amortized_device
NVIDIA H200,float16,131072,512,1,dao,3,81.96319937705994,0.0,True,8,10,graph_amortized_device
NVIDIA H200,float16,131072,512,1,w0_f8_q1/fused_warp,3,80.92079758644104,,True,8,10,graph_amortized_device
NVIDIA H200,float16,131072,512,1,w0_f8_q1/warp,3,70.57999968528748,0.0,True,8,10,graph_amortized_device
NVIDIA H200,float16,131072,512,1,w0_f4_q1/fused_warp,3,80.9063971042633,,True,8,10,graph_amortized_device
NVIDIA H200,float16,131072,512,1,w0_f4_q1/warp,3,70.44600248336792,0.0,True,8,10,graph_amortized_device
NVIDIA H200,float16,131072,512,1,w0_f2_q1/fused_warp,3,82.19000101089478,,True,8,10,graph_amortized_device
NVIDIA H200,float16,131072,512,1,w0_f2_q1/warp,3,72.05520272254944,0.0,True,8,10,graph_amortized_device
NVIDIA H200,float16,131072,512,1,w8_f8_q0/fused_warp,3,82.26839900016785,,True,8,10,graph_amortized_device
NVIDIA H200,float16,131072,512,1,w8_f8_q0/warp,3,72.65719771385193,0.0,True,8,10,graph_amortized_device
NVIDIA H200,float16,131072,512,1,w4_f4_q0/fused_warp,3,82.42080211639404,,True,8,10,graph_amortized_device
NVIDIA H200,float16,131072,512,1,w4_f4_q0/warp,3,72.2100019454956,0.0,True,8,10,graph_amortized_device
NVIDIA H200,float16,131072,512,1,w2_f2_q0/fused_warp,3,83.45159888267517,,True,8,10,graph_amortized_device
NVIDIA H200,float16,131072,512,1,w2_f2_q0/warp,3,72.85959720611572,0.0,True,8,10,graph_amortized_device
NVIDIA H200,float16,131072,512,1,w0_f0_q0/fused_warp,3,83.36439728736877,,True,8,10,graph_amortized_device
NVIDIA H200,float16,131072,512,1,w2_f2_q0/warp,4,72.70479798316956,0.0,True,8,10,graph_amortized_device
NVIDIA H200,float16,131072,512,1,w2_f2_q0/fused_warp,4,84.01479721069336,,True,8,10,graph_amortized_device
NVIDIA H200,float16,131072,512,1,w4_f4_q0/warp,4,73.26639890670776,0.0,True,8,10,graph_amortized_device
NVIDIA H200,float16,131072,512,1,w4_f4_q0/fused_warp,4,84.64000225067139,,True,8,10,graph_amortized_device
NVIDIA H200,float16,131072,512,1,w8_f8_q0/warp,4,73.4171986579895,0.0,True,8,10,graph_amortized_device
NVIDIA H200,float16,131072,512,1,w8_f8_q0/fused_warp,4,84.54639911651611,,True,8,10,graph_amortized_device
NVIDIA H200,float16,131072,512,1,w0_f2_q1/warp,4,73.28519821166992,0.0,True,8,10,graph_amortized_device
NVIDIA H200,float16,131072,512,1,w0_f2_q1/fused_warp,4,86.38039827346802,,True,8,10,graph_amortized_device
NVIDIA H200,float16,131072,512,1,w0_f4_q1/warp,4,72.81839847564697,0.0,True,8,10,graph_amortized_device
NVIDIA H200,float16,131072,512,1,w0_f4_q1/fused_warp,4,84.84399914741516,,True,8,10,graph_amortized_device
NVIDIA H200,float16,131072,512,1,w0_f8_q1/warp,4,72.32720255851746,0.0,True,8,10,graph_amortized_device
NVIDIA H200,float16,131072,512,1,w0_f8_q1/fused_warp,4,84.85999703407288,,True,8,10,graph_amortized_device
NVIDIA H200,float16,131072,512,1,dao,4,82.0792019367218,0.0,True,8,10,graph_amortized_device
NVIDIA H200,float16,131072,512,1,dao_plus_quant,4,220.2023983001709,,True,8,10,graph_amortized_device
NVIDIA H200,float16,131072,512,1,w0_f0_q0/warp,4,71.21760249137878,0.0,True,8,10,graph_amortized_device
NVIDIA H200,float16,131072,512,1,w0_f0_q0/fused_warp,4,79.90319728851318,,True,8,10,graph_amortized_device
NVIDIA H200,float16,1,1024,1,dao,0,2.1004000678658485,0.0,True,8,10,graph_amortized_device
NVIDIA H200,float16,1,1024,1,dao_plus_quant,0,3.3932000398635864,,True,8,10,graph_amortized_device
NVIDIA H200,float16,1,1024,1,w0_f0_q0/warp,0,3.5316001623868942,0.0,True,8,10,graph_amortized_device
NVIDIA H200,float16,1,1024,1,w0_f0_q0/fused_warp,0,2.7111999690532684,,True,8,10,graph_amortized_device
NVIDIA H200,float16,1,1024,1,w2_f2_q0/warp,0,3.4756001085042953,0.0,True,8,10,graph_amortized_device
NVIDIA H200,float16,1,1024,1,w2_f2_q0/fused_warp,0,2.7211999520659447,,True,8,10,graph_amortized_device
NVIDIA H200,float16,1,1024,1,w4_f4_q0/warp,0,3.4807998687028885,0.0,True,8,10,graph_amortized_device
NVIDIA H200,float16,1,1024,1,w4_f4_q0/fused_warp,0,2.730399928987026,,True,8,10,graph_amortized_device
NVIDIA H200,float16,1,1024,1,w8_f8_q0/warp,0,3.5208001732826233,0.0,True,8,10,graph_amortized_device
NVIDIA H200,float16,1,1024,1,w8_f8_q0/fused_warp,0,2.677999995648861,,True,8,10,graph_amortized_device
NVIDIA H200,float16,1,1024,1,w0_f2_q1/warp,0,3.48999984562397,0.0,True,8,10,graph_amortized_device
NVIDIA H200,float16,1,1024,1,w0_f2_q1/fused_warp,0,2.7076000347733498,,True,8,10,graph_amortized_device
NVIDIA H200,float16,1,1024,1,w0_f4_q1/warp,0,3.5119999200105667,0.0,True,8,10,graph_amortized_device
NVIDIA H200,float16,1,1024,1,w0_f4_q1/fused_warp,0,2.64040008187294,,True,8,10,graph_amortized_device
NVIDIA H200,float16,1,1024,1,w0_f8_q1/warp,0,3.521599993109703,0.0,True,8,10,graph_amortized_device
NVIDIA H200,float16,1,1024,1,w0_f8_q1/fused_warp,0,2.7024000883102417,,True,8,10,graph_amortized_device
NVIDIA H200,float16,1,1024,1,dao,1,2.104000002145767,0.0,True,8,10,graph_amortized_device
NVIDIA H200,float16,1,1024,1,w0_f8_q1/fused_warp,1,2.7111999690532684,,True,8,10,graph_amortized_device
NVIDIA H200,float16,1,1024,1,w0_f8_q1/warp,1,3.518800064921379,0.0,True,8,10,graph_amortized_device
NVIDIA H200,float16,1,1024,1,w0_f4_q1/fused_warp,1,2.6359999552369118,,True,8,10,graph_amortized_device
NVIDIA H200,float16,1,1024,1,w0_f4_q1/warp,1,3.5147998481988907,0.0,True,8,10,graph_amortized_device
NVIDIA H200,float16,1,1024,1,w0_f2_q1/fused_warp,1,2.7063999325037003,,True,8,10,graph_amortized_device
NVIDIA H200,float16,1,1024,1,w0_f2_q1/warp,1,3.4867998212575912,0.0,True,8,10,graph_amortized_device
NVIDIA H200,float16,1,1024,1,w8_f8_q0/fused_warp,1,2.6768000796437263,,True,8,10,graph_amortized_device
NVIDIA H200,float16,1,1024,1,w8_f8_q0/warp,1,3.5224001854658127,0.0,True,8,10,graph_amortized_device
NVIDIA H200,float16,1,1024,1,w4_f4_q0/fused_warp,1,2.733200043439865,,True,8,10,graph_amortized_device
NVIDIA H200,float16,1,1024,1,w4_f4_q0/warp,1,3.482000157237053,0.0,True,8,10,graph_amortized_device
NVIDIA H200,float16,1,1024,1,w2_f2_q0/fused_warp,1,2.7211999520659447,,True,8,10,graph_amortized_device
NVIDIA H200,float16,1,1024,1,w2_f2_q0/warp,1,3.4775998443365097,0.0,True,8,10,graph_amortized_device
NVIDIA H200,float16,1,1024,1,w0_f0_q0/fused_warp,1,2.714800089597702,,True,8,10,graph_amortized_device
NVIDIA H200,float16,1,1024,1,w0_f0_q0/warp,1,3.5360001027584076,0.0,True,8,10,graph_amortized_device
NVIDIA H200,float16,1,1024,1,dao_plus_quant,1,3.3907998353242874,,True,8,10,graph_amortized_device
NVIDIA H200,float16,1,1024,1,w0_f0_q0/warp,2,3.5383999347686768,0.0,True,8,10,graph_amortized_device
NVIDIA H200,float16,1,1024,1,w0_f0_q0/fused_warp,2,2.714800089597702,,True,8,10,graph_amortized_device
NVIDIA H200,float16,1,1024,1,w2_f2_q0/warp,2,3.4731999039649963,0.0,True,8,10,graph_amortized_device
NVIDIA H200,float16,1,1024,1,w2_f2_q0/fused_warp,2,2.7248000726103783,,True,8,10,graph_amortized_device
NVIDIA H200,float16,1,1024,1,w4_f4_q0/warp,2,3.482399880886078,0.0,True,8,10,graph_amortized_device
NVIDIA H200,float16,1,1024,1,w4_f4_q0/fused_warp,2,2.73400004953146,,True,8,10,graph_amortized_device
NVIDIA H200,float16,1,1024,1,w8_f8_q0/warp,2,3.527599945664406,0.0,True,8,10,graph_amortized_device
NVIDIA H200,float16,1,1024,1,w8_f8_q0/fused_warp,2,2.675200067460537,,True,8,10,graph_amortized_device
NVIDIA H200,float16,1,1024,1,w0_f2_q1/warp,2,3.4919999539852142,0.0,True,8,10,graph_amortized_device
NVIDIA H200,float16,1,1024,1,w0_f2_q1/fused_warp,2,2.7031999081373215,,True,8,10,graph_amortized_device
NVIDIA H200,float16,1,1024,1,w0_f4_q1/warp,2,3.5068001598119736,0.0,True,8,10,graph_amortized_device
NVIDIA H200,float16,1,1024,1,w0_f4_q1/fused_warp,2,2.635600045323372,,True,8,10,graph_amortized_device
NVIDIA H200,float16,1,1024,1,w0_f8_q1/warp,2,3.524399921298027,0.0,True,8,10,graph_amortized_device
NVIDIA H200,float16,1,1024,1,w0_f8_q1/fused_warp,2,2.7055999264121056,,True,8,10,graph_amortized_device
NVIDIA H200,float16,1,1024,1,dao,2,2.0959999412298203,0.0,True,8,10,graph_amortized_device
NVIDIA H200,float16,1,1024,1,dao_plus_quant,2,3.3900000154972076,,True,8,10,graph_amortized_device
NVIDIA H200,float16,1,1024,1,w0_f0_q0/warp,3,3.5392001271247864,0.0,True,8,10,graph_amortized_device
NVIDIA H200,float16,1,1024,1,dao_plus_quant,3,3.3907998353242874,,True,8,10,graph_amortized_device
NVIDIA H200,float16,1,1024,1,dao,3,2.0983999595046043,0.0,True,8,10,graph_amortized_device
NVIDIA H200,float16,1,1024,1,w0_f8_q1/fused_warp,3,2.707199938595295,,True,8,10,graph_amortized_device
NVIDIA H200,float16,1,1024,1,w0_f8_q1/warp,3,3.5264000296592712,0.0,True,8,10,graph_amortized_device
NVIDIA H200,float16,1,1024,1,w0_f4_q1/fused_warp,3,2.6364000514149666,,True,8,10,graph_amortized_device
NVIDIA H200,float16,1,1024,1,w0_f4_q1/warp,3,3.5075999796390533,0.0,True,8,10,graph_amortized_device
NVIDIA H200,float16,1,1024,1,w0_f2_q1/fused_warp,3,2.712400071322918,,True,8,10,graph_amortized_device
NVIDIA H200,float16,1,1024,1,w0_f2_q1/warp,3,3.492400050163269,0.0,True,8,10,graph_amortized_device
NVIDIA H200,float16,1,1024,1,w8_f8_q0/fused_warp,3,2.6788000017404556,,True,8,10,graph_amortized_device
NVIDIA H200,float16,1,1024,1,w8_f8_q0/warp,3,3.522000089287758,0.0,True,8,10,graph_amortized_device
NVIDIA H200,float16,1,1024,1,w4_f4_q0/fused_warp,3,2.730800025165081,,True,8,10,graph_amortized_device
NVIDIA H200,float16,1,1024,1,w4_f4_q0/warp,3,3.4839998930692673,0.0,True,8,10,graph_amortized_device
NVIDIA H200,float16,1,1024,1,w2_f2_q0/fused_warp,3,2.725600078701973,,True,8,10,graph_amortized_device
NVIDIA H200,float16,1,1024,1,w2_f2_q0/warp,3,3.471200168132782,0.0,True,8,10,graph_amortized_device
NVIDIA H200,float16,1,1024,1,w0_f0_q0/fused_warp,3,2.714800089597702,,True,8,10,graph_amortized_device
NVIDIA H200,float16,1,1024,1,w2_f2_q0/warp,4,3.4752000123262405,0.0,True,8,10,graph_amortized_device
NVIDIA H200,float16,1,1024,1,w2_f2_q0/fused_warp,4,2.7219999581575394,,True,8,10,graph_amortized_device
NVIDIA H200,float16,1,1024,1,w4_f4_q0/warp,4,3.4811999648809433,0.0,True,8,10,graph_amortized_device
NVIDIA H200,float16,1,1024,1,w4_f4_q0/fused_warp,4,2.711999975144863,,True,8,10,graph_amortized_device
NVIDIA H200,float16,1,1024,1,w8_f8_q0/warp,4,3.5227999091148376,0.0,True,8,10,graph_amortized_device
NVIDIA H200,float16,1,1024,1,w8_f8_q0/fused_warp,4,2.6812000200152397,,True,8,10,graph_amortized_device
NVIDIA H200,float16,1,1024,1,w0_f2_q1/warp,4,3.4944001585245132,0.0,True,8,10,graph_amortized_device
NVIDIA H200,float16,1,1024,1,w0_f2_q1/fused_warp,4,2.7031999081373215,,True,8,10,graph_amortized_device
NVIDIA H200,float16,1,1024,1,w0_f4_q1/warp,4,3.5100001841783524,0.0,True,8,10,graph_amortized_device
NVIDIA H200,float16,1,1024,1,w0_f4_q1/fused_warp,4,2.638399973511696,,True,8,10,graph_amortized_device
NVIDIA H200,float16,1,1024,1,w0_f8_q1/warp,4,3.5236001014709473,0.0,True,8,10,graph_amortized_device
NVIDIA H200,float16,1,1024,1,w0_f8_q1/fused_warp,4,2.7087999507784843,,True,8,10,graph_amortized_device
NVIDIA H200,float16,1,1024,1,dao,4,2.0999999716877937,0.0,True,8,10,graph_amortized_device
NVIDIA H200,float16,1,1024,1,dao_plus_quant,4,3.3900000154972076,,True,8,10,graph_amortized_device
NVIDIA H200,float16,1,1024,1,w0_f0_q0/warp,4,3.5284001380205154,0.0,True,8,10,graph_amortized_device
NVIDIA H200,float16,1,1024,1,w0_f0_q0/fused_warp,4,2.7103999629616737,,True,8,10,graph_amortized_device
NVIDIA H200,float16,128,1024,1,dao,0,2.208000048995018,0.0,True,8,10,graph_amortized_device
NVIDIA H200,float16,128,1024,1,dao_plus_quant,0,3.8208000361919403,,True,8,10,graph_amortized_device
NVIDIA H200,float16,128,1024,1,w0_f0_q0/warp,0,3.9395999163389206,0.0,True,8,10,graph_amortized_device
NVIDIA H200,float16,128,1024,1,w0_f0_q0/fused_warp,0,3.365600109100342,,True,8,10,graph_amortized_device
NVIDIA H200,float16,128,1024,1,w2_f2_q0/warp,0,3.6988001316785812,0.0,True,8,10,graph_amortized_device
NVIDIA H200,float16,128,1024,1,w2_f2_q0/fused_warp,0,2.7960000559687614,,True,8,10,graph_amortized_device
NVIDIA H200,float16,128,1024,1,w4_f4_q0/warp,0,3.936000168323517,0.0,True,8,10,graph_amortized_device
NVIDIA H200,float16,128,1024,1,w4_f4_q0/fused_warp,0,3.402800112962723,,True,8,10,graph_amortized_device
NVIDIA H200,float16,128,1024,1,w8_f8_q0/warp,0,4.359599947929382,0.0,True,8,10,graph_amortized_device
NVIDIA H200,float16,128,1024,1,w8_f8_q0/fused_warp,0,4.377200081944466,,True,8,10,graph_amortized_device
NVIDIA H200,float16,128,1024,1,w0_f2_q1/warp,0,3.9271999150514603,0.0,True,8,10,graph_amortized_device
NVIDIA H200,float16,128,1024,1,w0_f2_q1/fused_warp,0,2.7796000242233276,,True,8,10,graph_amortized_device
NVIDIA H200,float16,128,1024,1,w0_f4_q1/warp,0,3.9480000734329224,0.0,True,8,10,graph_amortized_device
NVIDIA H200,float16,128,1024,1,w0_f4_q1/fused_warp,0,2.7955999597907066,,True,8,10,graph_amortized_device
NVIDIA H200,float16,128,1024,1,w0_f8_q1/warp,0,3.893600031733513,0.0,True,8,10,graph_amortized_device
NVIDIA H200,float16,128,1024,1,w0_f8_q1/fused_warp,0,3.3748000860214233,,True,8,10,graph_amortized_device
NVIDIA H200,float16,128,1024,1,dao,1,2.2088000550866127,0.0,True,8,10,graph_amortized_device
NVIDIA H200,float16,128,1024,1,w0_f8_q1/fused_warp,1,3.3716000616550446,,True,8,10,graph_amortized_device
NVIDIA H200,float16,128,1024,1,w0_f8_q1/warp,1,3.895600140094757,0.0,True,8,10,graph_amortized_device
NVIDIA H200,float16,128,1024,1,w0_f4_q1/fused_warp,1,2.7912000194191933,,True,8,10,graph_amortized_device
NVIDIA H200,float16,128,1024,1,w0_f4_q1/warp,1,3.946800157427788,0.0,True,8,10,graph_amortized_device
NVIDIA H200,float16,128,1024,1,w0_f2_q1/fused_warp,1,2.7672000229358673,,True,8,10,graph_amortized_device
NVIDIA H200,float16,128,1024,1,w0_f2_q1/warp,1,3.919599950313568,0.0,True,8,10,graph_amortized_device
NVIDIA H200,float16,128,1024,1,w8_f8_q0/fused_warp,1,4.4043999165296555,,True,8,10,graph_amortized_device
NVIDIA H200,float16,128,1024,1,w8_f8_q0/warp,1,4.337599873542786,0.0,True,8,10,graph_amortized_device
NVIDIA H200,float16,128,1024,1,w4_f4_q0/fused_warp,1,3.401999920606613,,True,8,10,graph_amortized_device
NVIDIA H200,float16,128,1024,1,w4_f4_q0/warp,1,3.9367999881505966,0.0,True,8,10,graph_amortized_device
NVIDIA H200,float16,128,1024,1,w2_f2_q0/fused_warp,1,2.794400043785572,,True,8,10,graph_amortized_device
NVIDIA H200,float16,128,1024,1,w2_f2_q0/warp,1,3.7011999636888504,0.0,True,8,10,graph_amortized_device
NVIDIA H200,float16,128,1024,1,w0_f0_q0/fused_warp,1,3.3668000251054764,,True,8,10,graph_amortized_device
NVIDIA H200,float16,128,1024,1,w0_f0_q0/warp,1,3.946800157427788,0.0,True,8,10,graph_amortized_device
NVIDIA H200,float16,128,1024,1,dao_plus_quant,1,3.819200024008751,,True,8,10,graph_amortized_device
NVIDIA H200,float16,128,1024,1,w0_f0_q0/warp,2,3.9443999528884888,0.0,True,8,10,graph_amortized_device
NVIDIA H200,float16,128,1024,1,w0_f0_q0/fused_warp,2,3.370799869298935,,True,8,10,graph_amortized_device
NVIDIA H200,float16,128,1024,1,w2_f2_q0/warp,2,3.7036001682281494,0.0,True,8,10,graph_amortized_device
NVIDIA H200,float16,128,1024,1,w2_f2_q0/fused_warp,2,2.7960000559687614,,True,8,10,graph_amortized_device
NVIDIA H200,float16,128,1024,1,w4_f4_q0/warp,2,3.9267998188734055,0.0,True,8,10,graph_amortized_device
NVIDIA H200,float16,128,1024,1,w4_f4_q0/fused_warp,2,3.404799848794937,,True,8,10,graph_amortized_device
NVIDIA H200,float16,128,1024,1,w8_f8_q0/warp,2,4.339199885725975,0.0,True,8,10,graph_amortized_device
NVIDIA H200,float16,128,1024,1,w8_f8_q0/fused_warp,2,4.3935999274253845,,True,8,10,graph_amortized_device
NVIDIA H200,float16,128,1024,1,w0_f2_q1/warp,2,3.9236001670360565,0.0,True,8,10,graph_amortized_device
NVIDIA H200,float16,128,1024,1,w0_f2_q1/fused_warp,2,2.776000089943409,,True,8,10,graph_amortized_device
NVIDIA H200,float16,128,1024,1,w0_f4_q1/warp,2,3.951599821448326,0.0,True,8,10,graph_amortized_device
NVIDIA H200,float16,128,1024,1,w0_f4_q1/fused_warp,2,2.792399935424328,,True,8,10,graph_amortized_device
NVIDIA H200,float16,128,1024,1,w0_f8_q1/warp,2,3.8915999233722687,0.0,True,8,10,graph_amortized_device
NVIDIA H200,float16,128,1024,1,w0_f8_q1/fused_warp,2,3.3764000982046127,,True,8,10,graph_amortized_device
NVIDIA H200,float16,128,1024,1,dao,2,2.2151999175548553,0.0,True,8,10,graph_amortized_device
NVIDIA H200,float16,128,1024,1,dao_plus_quant,2,3.824799880385399,,True,8,10,graph_amortized_device
NVIDIA H200,float16,128,1024,1,w0_f0_q0/warp,3,3.9475999772548676,0.0,True,8,10,graph_amortized_device
NVIDIA H200,float16,128,1024,1,dao_plus_quant,3,3.8199998438358307,,True,8,10,graph_amortized_device
NVIDIA H200,float16,128,1024,1,dao,3,2.208399958908558,0.0,True,8,10,graph_amortized_device
NVIDIA H200,float16,128,1024,1,w0_f8_q1/fused_warp,3,3.3799998462200165,,True,8,10,graph_amortized_device
NVIDIA H200,float16,128,1024,1,w0_f8_q1/warp,3,3.877200186252594,0.0,True,8,10,graph_amortized_device
NVIDIA H200,float16,128,1024,1,w0_f4_q1/fused_warp,3,2.7955999597907066,,True,8,10,graph_amortized_device
NVIDIA H200,float16,128,1024,1,w0_f4_q1/warp,3,3.95440012216568,0.0,True,8,10,graph_amortized_device
NVIDIA H200,float16,128,1024,1,w0_f2_q1/fused_warp,3,2.783600054681301,,True,8,10,graph_amortized_device
NVIDIA H200,float16,128,1024,1,w0_f2_q1/warp,3,3.9216000586748123,0.0,True,8,10,graph_amortized_device
NVIDIA H200,float16,128,1024,1,w8_f8_q0/fused_warp,3,4.397200047969818,,True,8,10,graph_amortized_device
NVIDIA H200,float16,128,1024,1,w8_f8_q0/warp,3,4.340000078082085,0.0,True,8,10,graph_amortized_device
NVIDIA H200,float16,128,1024,1,w4_f4_q0/fused_warp,3,3.404400125145912,,True,8,10,graph_amortized_device
NVIDIA H200,float16,128,1024,1,w4_f4_q0/warp,3,3.937999904155731,0.0,True,8,10,graph_amortized_device
NVIDIA H200,float16,128,1024,1,w2_f2_q0/fused_warp,3,2.7984000742435455,,True,8,10,graph_amortized_device
NVIDIA H200,float16,128,1024,1,w2_f2_q0/warp,3,3.7007998675107956,0.0,True,8,10,graph_amortized_device
NVIDIA H200,float16,128,1024,1,w0_f0_q0/fused_warp,3,3.3659998327493668,,True,8,10,graph_amortized_device
NVIDIA H200,float16,128,1024,1,w2_f2_q0/warp,4,3.6952000111341476,0.0,True,8,10,graph_amortized_device
NVIDIA H200,float16,128,1024,1,w2_f2_q0/fused_warp,4,2.797600068151951,,True,8,10,graph_amortized_device
NVIDIA H200,float16,128,1024,1,w4_f4_q0/warp,4,3.933599963784218,0.0,True,8,10,graph_amortized_device
NVIDIA H200,float16,128,1024,1,w4_f4_q0/fused_warp,4,3.4060001373291016,,True,8,10,graph_amortized_device
NVIDIA H200,float16,128,1024,1,w8_f8_q0/warp,4,4.350399971008301,0.0,True,8,10,graph_amortized_device
NVIDIA H200,float16,128,1024,1,w8_f8_q0/fused_warp,4,4.385200142860413,,True,8,10,graph_amortized_device
NVIDIA H200,float16,128,1024,1,w0_f2_q1/warp,4,3.9243999868631363,0.0,True,8,10,graph_amortized_device
NVIDIA H200,float16,128,1024,1,w0_f2_q1/fused_warp,4,2.7799999341368675,,True,8,10,graph_amortized_device
NVIDIA H200,float16,128,1024,1,w0_f4_q1/warp,4,3.940799832344055,0.0,True,8,10,graph_amortized_device
NVIDIA H200,float16,128,1024,1,w0_f4_q1/fused_warp,4,2.7963999658823013,,True,8,10,graph_amortized_device
NVIDIA H200,float16,128,1024,1,w0_f8_q1/warp,4,3.9023999124765396,0.0,True,8,10,graph_amortized_device
NVIDIA H200,float16,128,1024,1,w0_f8_q1/fused_warp,4,3.3748000860214233,,True,8,10,graph_amortized_device
NVIDIA H200,float16,128,1024,1,dao,4,2.2035999223589897,0.0,True,8,10,graph_amortized_device
NVIDIA H200,float16,128,1024,1,dao_plus_quant,4,3.8176000118255615,,True,8,10,graph_amortized_device
NVIDIA H200,float16,128,1024,1,w0_f0_q0/warp,4,3.937999904155731,0.0,True,8,10,graph_amortized_device
NVIDIA H200,float16,128,1024,1,w0_f0_q0/fused_warp,4,3.3748000860214233,,True,8,10,graph_amortized_device
NVIDIA H200,float16,16384,1024,1,dao,0,33.87959897518158,0.0,True,8,10,graph_amortized_device
NVIDIA H200,float16,16384,1024,1,dao_plus_quant,0,70.99239826202393,,True,8,10,graph_amortized_device
NVIDIA H200,float16,16384,1024,1,w0_f0_q0/warp,0,25.539198517799377,0.0,True,8,10,graph_amortized_device
NVIDIA H200,float16,16384,1024,1,w0_f0_q0/fused_warp,0,24.712400138378143,,True,8,10,graph_amortized_device
NVIDIA H200,float16,16384,1024,1,w2_f2_q0/warp,0,25.381198525428772,0.0,True,8,10,graph_amortized_device
NVIDIA H200,float16,16384,1024,1,w2_f2_q0/fused_warp,0,24.430400133132935,,True,8,10,graph_amortized_device
NVIDIA H200,float16,16384,1024,1,w4_f4_q0/warp,0,25.60119926929474,0.0,True,8,10,graph_amortized_device
NVIDIA H200,float16,16384,1024,1,w4_f4_q0/fused_warp,0,24.648399651050568,,True,8,10,graph_amortized_device
NVIDIA H200,float16,16384,1024,1,w8_f8_q0/warp,0,26.402398943901062,0.0,True,8,10,graph_amortized_device
NVIDIA H200,float16,16384,1024,1,w8_f8_q0/fused_warp,0,25.850000977516174,,True,8,10,graph_amortized_device
NVIDIA H200,float16,16384,1024,1,w0_f2_q1/warp,0,25.536400079727173,0.0,True,8,10,graph_amortized_device
NVIDIA H200,float16,16384,1024,1,w0_f2_q1/fused_warp,0,23.382799327373505,,True,8,10,graph_amortized_device
NVIDIA H200,float16,16384,1024,1,w0_f4_q1/warp,0,25.594401359558105,0.0,True,8,10,graph_amortized_device
NVIDIA H200,float16,16384,1024,1,w0_f4_q1/fused_warp,0,23.29680025577545,,True,8,10,graph_amortized_device
NVIDIA H200,float16,16384,1024,1,w0_f8_q1/warp,0,25.586000084877014,0.0,True,8,10,graph_amortized_device
NVIDIA H200,float16,16384,1024,1,w0_f8_q1/fused_warp,0,23.260000348091125,,True,8,10,graph_amortized_device
NVIDIA H200,float16,16384,1024,1,dao,1,33.78480076789856,0.0,True,8,10,graph_amortized_device
NVIDIA H200,float16,16384,1024,1,w0_f8_q1/fused_warp,1,23.22400063276291,,True,8,10,graph_amortized_device
NVIDIA H200,float16,16384,1024,1,w0_f8_q1/warp,1,25.54599940776825,0.0,True,8,10,graph_amortized_device
NVIDIA H200,float16,16384,1024,1,w0_f4_q1/fused_warp,1,23.253999650478363,,True,8,10,graph_amortized_device
NVIDIA H200,float16,16384,1024,1,w0_f4_q1/warp,1,25.558799505233765,0.0,True,8,10,graph_amortized_device
NVIDIA H200,float16,16384,1024,1,w0_f2_q1/fused_warp,1,23.35280030965805,,True,8,10,graph_amortized_device
NVIDIA H200,float16,16384,1024,1,w0_f2_q1/warp,1,25.509199500083923,0.0,True,8,10,graph_amortized_device
NVIDIA H200,float16,16384,1024,1,w8_f8_q0/fused_warp,1,25.7532000541687,,True,8,10,graph_amortized_device
NVIDIA H200,float16,16384,1024,1,w8_f8_q0/warp,1,26.287999749183655,0.0,True,8,10,graph_amortized_device
NVIDIA H200,float16,16384,1024,1,w4_f4_q0/fused_warp,1,24.691200256347656,,True,8,10,graph_amortized_device
NVIDIA H200,float16,16384,1024,1,w4_f4_q0/warp,1,25.540000200271606,0.0,True,8,10,graph_amortized_device
NVIDIA H200,float16,16384,1024,1,w2_f2_q0/fused_warp,1,24.368800222873688,,True,8,10,graph_amortized_device
NVIDIA H200,float16,16384,1024,1,w2_f2_q0/warp,1,25.37440061569214,0.0,True,8,10,graph_amortized_device
NVIDIA H200,float16,16384,1024,1,w0_f0_q0/fused_warp,1,24.590399861335754,,True,8,10,graph_amortized_device
NVIDIA H200,float16,16384,1024,1,w0_f0_q0/warp,1,25.593599677085876,0.0,True,8,10,graph_amortized_device
NVIDIA H200,float16,16384,1024,1,dao_plus_quant,1,70.9388017654419,,True,8,10,graph_amortized_device
NVIDIA H200,float16,16384,1024,1,w0_f0_q0/warp,2,25.53119957447052,0.0,True,8,10,graph_amortized_device
NVIDIA H200,float16,16384,1024,1,w0_f0_q0/fused_warp,2,24.53240007162094,,True,8,10,graph_amortized_device
NVIDIA H200,float16,16384,1024,1,w2_f2_q0/warp,2,25.311198830604553,0.0,True,8,10,graph_amortized_device
NVIDIA H200,float16,16384,1024,1,w2_f2_q0/fused_warp,2,24.410000443458557,,True,8,10,graph_amortized_device
NVIDIA H200,float16,16384,1024,1,w4_f4_q0/warp,2,25.515198707580566,0.0,True,8,10,graph_amortized_device
NVIDIA H200,float16,16384,1024,1,w4_f4_q0/fused_warp,2,24.564799666404724,,True,8,10,graph_amortized_device
NVIDIA H200,float16,16384,1024,1,w8_f8_q0/warp,2,26.367199420928955,0.0,True,8,10,graph_amortized_device
NVIDIA H200,float16,16384,1024,1,w8_f8_q0/fused_warp,2,25.742799043655396,,True,8,10,graph_amortized_device
NVIDIA H200,float16,16384,1024,1,w0_f2_q1/warp,2,25.515198707580566,0.0,True,8,10,graph_amortized_device
NVIDIA H200,float16,16384,1024,1,w0_f2_q1/fused_warp,2,23.28439950942993,,True,8,10,graph_amortized_device
NVIDIA H200,float16,16384,1024,1,w0_f4_q1/warp,2,25.637999176979065,0.0,True,8,10,graph_amortized_device
NVIDIA H200,float16,16384,1024,1,w0_f4_q1/fused_warp,2,23.299600183963776,,True,8,10,graph_amortized_device
NVIDIA H200,float16,16384,1024,1,w0_f8_q1/warp,2,25.561600923538208,0.0,True,8,10,graph_amortized_device
NVIDIA H200,float16,16384,1024,1,w0_f8_q1/fused_warp,2,23.187999427318573,,True,8,10,graph_amortized_device
NVIDIA H200,float16,16384,1024,1,dao,2,33.72560143470764,0.0,True,8,10,graph_amortized_device
NVIDIA H200,float16,16384,1024,1,dao_plus_quant,2,70.82279920578003,,True,8,10,graph_amortized_device
NVIDIA H200,float16,16384,1024,1,w0_f0_q0/warp,3,25.499600172042847,0.0,True,8,10,graph_amortized_device
NVIDIA H200,float16,16384,1024,1,dao_plus_quant,3,70.89759707450867,,True,8,10,graph_amortized_device
NVIDIA H200,float16,16384,1024,1,dao,3,33.76440107822418,0.0,True,8,10,graph_amortized_device
NVIDIA H200,float16,16384,1024,1,w0_f8_q1/fused_warp,3,23.170000314712524,,True,8,10,graph_amortized_device
NVIDIA H200,float16,16384,1024,1,w0_f8_q1/warp,3,25.58479905128479,0.0,True,8,10,graph_amortized_device
NVIDIA H200,float16,16384,1024,1,w0_f4_q1/fused_warp,3,23.276400566101074,,True,8,10,graph_amortized_device
NVIDIA H200,float16,16384,1024,1,w0_f4_q1/warp,3,25.528401136398315,0.0,True,8,10,graph_amortized_device
NVIDIA H200,float16,16384,1024,1,w0_f2_q1/fused_warp,3,23.318399488925934,,True,8,10,graph_amortized_device
NVIDIA H200,float16,16384,1024,1,w0_f2_q1/warp,3,25.4364013671875,0.0,True,8,10,graph_amortized_device
NVIDIA H200,float16,16384,1024,1,w8_f8_q0/fused_warp,3,25.81680119037628,,True,8,10,graph_amortized_device
NVIDIA H200,float16,16384,1024,1,w8_f8_q0/warp,3,26.280400156974792,0.0,True,8,10,graph_amortized_device
NVIDIA H200,float16,16384,1024,1,w4_f4_q0/fused_warp,3,24.594800174236298,,True,8,10,graph_amortized_device
NVIDIA H200,float16,16384,1024,1,w4_f4_q0/warp,3,25.411999225616455,0.0,True,8,10,graph_amortized_device
NVIDIA H200,float16,16384,1024,1,w2_f2_q0/fused_warp,3,24.39360022544861,,True,8,10,graph_amortized_device
NVIDIA H200,float16,16384,1024,1,w2_f2_q0/warp,3,25.298801064491272,0.0,True,8,10,graph_amortized_device
NVIDIA H200,float16,16384,1024,1,w0_f0_q0/fused_warp,3,24.708400666713715,,True,8,10,graph_amortized_device
NVIDIA H200,float16,16384,1024,1,w2_f2_q0/warp,4,25.508800148963928,0.0,True,8,10,graph_amortized_device
NVIDIA H200,float16,16384,1024,1,w2_f2_q0/fused_warp,4,24.48039948940277,,True,8,10,graph_amortized_device
NVIDIA H200,float16,16384,1024,1,w4_f4_q0/warp,4,25.63839852809906,0.0,True,8,10,graph_amortized_device
NVIDIA H200,float16,16384,1024,1,w4_f4_q0/fused_warp,4,24.712400138378143,,True,8,10,graph_amortized_device
NVIDIA H200,float16,16384,1024,1,w8_f8_q0/warp,4,26.48800015449524,0.0,True,8,10,graph_amortized_device
NVIDIA H200,float16,16384,1024,1,w8_f8_q0/fused_warp,4,25.907200574874878,,True,8,10,graph_amortized_device
NVIDIA H200,float16,16384,1024,1,w0_f2_q1/warp,4,25.674399733543396,0.0,True,8,10,graph_amortized_device
NVIDIA H200,float16,16384,1024,1,w0_f2_q1/fused_warp,4,23.381200432777405,,True,8,10,graph_amortized_device
NVIDIA H200,float16,16384,1024,1,w0_f4_q1/warp,4,25.67560076713562,0.0,True,8,10,graph_amortized_device
NVIDIA H200,float16,16384,1024,1,w0_f4_q1/fused_warp,4,23.4047994017601,,True,8,10,graph_amortized_device
NVIDIA H200,float16,16384,1024,1,w0_f8_q1/warp,4,25.763198733329773,0.0,True,8,10,graph_amortized_device
NVIDIA H200,float16,16384,1024,1,w0_f8_q1/fused_warp,4,23.328399658203125,,True,8,10,graph_amortized_device
NVIDIA H200,float16,16384,1024,1,dao,4,33.89959931373596,0.0,True,8,10,graph_amortized_device
NVIDIA H200,float16,16384,1024,1,dao_plus_quant,4,71.11960053443909,,True,8,10,graph_amortized_device
NVIDIA H200,float16,16384,1024,1,w0_f0_q0/warp,4,25.653600692749023,0.0,True,8,10,graph_amortized_device
NVIDIA H200,float16,16384,1024,1,w0_f0_q0/fused_warp,4,24.706000089645386,,True,8,10,graph_amortized_device
NVIDIA H200,float16,131072,1024,1,dao,0,249.6056079864502,0.0,True,8,10,graph_amortized_device
NVIDIA H200,float16,131072,1024,1,dao_plus_quant,0,537.6607894897461,,True,8,10,graph_amortized_device
NVIDIA H200,float16,131072,1024,1,w0_f0_q0/warp,0,169.2147970199585,0.0,True,8,10,graph_amortized_device
NVIDIA H200,float16,131072,1024,1,w0_f0_q0/fused_warp,0,169.78600025177002,,True,8,10,graph_amortized_device
NVIDIA H200,float16,131072,1024,1,w2_f2_q0/warp,0,167.5995945930481,0.0,True,8,10,graph_amortized_device
NVIDIA H200,float16,131072,1024,1,w2_f2_q0/fused_warp,0,170.66400051116943,,True,8,10,graph_amortized_device
NVIDIA H200,float16,131072,1024,1,w4_f4_q0/warp,0,174.04279708862305,0.0,True,8,10,graph_amortized_device
NVIDIA H200,float16,131072,1024,1,w4_f4_q0/fused_warp,0,174.9832034111023,,True,8,10,graph_amortized_device
NVIDIA H200,float16,131072,1024,1,w8_f8_q0/warp,0,180.513596534729,0.0,True,8,10,graph_amortized_device
NVIDIA H200,float16,131072,1024,1,w8_f8_q0/fused_warp,0,179.12919521331787,,True,8,10,graph_amortized_device
NVIDIA H200,float16,131072,1024,1,w0_f2_q1/warp,0,173.1884002685547,0.0,True,8,10,graph_amortized_device
NVIDIA H200,float16,131072,1024,1,w0_f2_q1/fused_warp,0,162.5648021697998,,True,8,10,graph_amortized_device
NVIDIA H200,float16,131072,1024,1,w0_f4_q1/warp,0,172.8279948234558,0.0,True,8,10,graph_amortized_device
NVIDIA H200,float16,131072,1024,1,w0_f4_q1/fused_warp,0,162.96919584274292,,True,8,10,graph_amortized_device
NVIDIA H200,float16,131072,1024,1,w0_f8_q1/warp,0,173.27560186386108,0.0,True,8,10,graph_amortized_device
NVIDIA H200,float16,131072,1024,1,w0_f8_q1/fused_warp,0,162.56840229034424,,True,8,10,graph_amortized_device
NVIDIA H200,float16,131072,1024,1,dao,1,255.647611618042,0.0,True,8,10,graph_amortized_device
NVIDIA H200,float16,131072,1024,1,w0_f8_q1/fused_warp,1,161.81639432907104,,True,8,10,graph_amortized_device
NVIDIA H200,float16,131072,1024,1,w0_f8_q1/warp,1,170.7260012626648,0.0,True,8,10,graph_amortized_device
NVIDIA H200,float16,131072,1024,1,w0_f4_q1/fused_warp,1,161.42120361328125,,True,8,10,graph_amortized_device
NVIDIA H200,float16,131072,1024,1,w0_f4_q1/warp,1,172.80080318450928,0.0,True,8,10,graph_amortized_device
NVIDIA H200,float16,131072,1024,1,w0_f2_q1/fused_warp,1,163.58400583267212,,True,8,10,graph_amortized_device
NVIDIA H200,float16,131072,1024,1,w0_f2_q1/warp,1,174.27799701690674,0.0,True,8,10,graph_amortized_device
NVIDIA H200,float16,131072,1024,1,w8_f8_q0/fused_warp,1,177.8491973876953,,True,8,10,graph_amortized_device
NVIDIA H200,float16,131072,1024,1,w8_f8_q0/warp,1,179.33679819107056,0.0,True,8,10,graph_amortized_device
NVIDIA H200,float16,131072,1024,1,w4_f4_q0/fused_warp,1,173.66280555725098,,True,8,10,graph_amortized_device
NVIDIA H200,float16,131072,1024,1,w4_f4_q0/warp,1,172.82320261001587,0.0,True,8,10,graph_amortized_device
NVIDIA H200,float16,131072,1024,1,w2_f2_q0/fused_warp,1,174.76119995117188,,True,8,10,graph_amortized_device
NVIDIA H200,float16,131072,1024,1,w2_f2_q0/warp,1,172.55359888076782,0.0,True,8,10,graph_amortized_device
NVIDIA H200,float16,131072,1024,1,w0_f0_q0/fused_warp,1,175.6500005722046,,True,8,10,graph_amortized_device
NVIDIA H200,float16,131072,1024,1,w0_f0_q0/warp,1,175.28640031814575,0.0,True,8,10,graph_amortized_device
NVIDIA H200,float16,131072,1024,1,dao_plus_quant,1,546.861982345581,,True,8,10,graph_amortized_device
NVIDIA H200,float16,131072,1024,1,w0_f0_q0/warp,2,170.65999507904053,0.0,True,8,10,graph_amortized_device
NVIDIA H200,float16,131072,1024,1,w0_f0_q0/fused_warp,2,171.2823987007141,,True,8,10,graph_amortized_device
NVIDIA H200,float16,131072,1024,1,w2_f2_q0/warp,2,170.11719942092896,0.0,True,8,10,graph_amortized_device
NVIDIA H200,float16,131072,1024,1,w2_f2_q0/fused_warp,2,173.79640340805054,,True,8,10,graph_amortized_device
NVIDIA H200,float16,131072,1024,1,w4_f4_q0/warp,2,175.5020022392273,0.0,True,8,10,graph_amortized_device
NVIDIA H200,float16,131072,1024,1,w4_f4_q0/fused_warp,2,176.5339970588684,,True,8,10,graph_amortized_device
NVIDIA H200,float16,131072,1024,1,w8_f8_q0/warp,2,182.06039667129517,0.0,True,8,10,graph_amortized_device
NVIDIA H200,float16,131072,1024,1,w8_f8_q0/fused_warp,2,180.03040552139282,,True,8,10,graph_amortized_device
NVIDIA H200,float16,131072,1024,1,w0_f2_q1/warp,2,174.18960332870483,0.0,True,8,10,graph_amortized_device
NVIDIA H200,float16,131072,1024,1,w0_f2_q1/fused_warp,2,173.8700032234192,,True,8,10,graph_amortized_device
NVIDIA H200,float16,131072,1024,1,w0_f4_q1/warp,2,201.3995885848999,0.0,True,8,10,graph_amortized_device
NVIDIA H200,float16,131072,1024,1,w0_f4_q1/fused_warp,2,206.8511962890625,,True,8,10,graph_amortized_device
NVIDIA H200,float16,131072,1024,1,w0_f8_q1/warp,2,224.31159019470215,0.0,True,8,10,graph_amortized_device
NVIDIA H200,float16,131072,1024,1,w0_f8_q1/fused_warp,2,211.1948013305664,,True,8,10,graph_amortized_device
NVIDIA H200,float16,131072,1024,1,dao,2,318.04559230804443,0.0,True,8,10,graph_amortized_device
NVIDIA H200,float16,131072,1024,1,dao_plus_quant,2,566.075611114502,,True,8,10,graph_amortized_device
NVIDIA H200,float16,131072,1024,1,w0_f0_q0/warp,3,172.56200313568115,0.0,True,8,10,graph_amortized_device
NVIDIA H200,float16,131072,1024,1,dao_plus_quant,3,541.1736011505127,,True,8,10,graph_amortized_device
NVIDIA H200,float16,131072,1024,1,dao,3,251.2484073638916,0.0,True,8,10,graph_amortized_device
NVIDIA H200,float16,131072,1024,1,w0_f8_q1/fused_warp,3,160.19799709320068,,True,8,10,graph_amortized_device
NVIDIA H200,float16,131072,1024,1,w0_f8_q1/warp,3,170.4875946044922,0.0,True,8,10,graph_amortized_device
NVIDIA H200,float16,131072,1024,1,w0_f4_q1/fused_warp,3,161.64920330047607,,True,8,10,graph_amortized_device
NVIDIA H200,float16,131072,1024,1,w0_f4_q1/warp,3,172.7776050567627,0.0,True,8,10,graph_amortized_device
NVIDIA H200,float16,131072,1024,1,w0_f2_q1/fused_warp,3,163.62839937210083,,True,8,10,graph_amortized_device
NVIDIA H200,float16,131072,1024,1,w0_f2_q1/warp,3,174.01599884033203,0.0,True,8,10,graph_amortized_device
NVIDIA H200,float16,131072,1024,1,w8_f8_q0/fused_warp,3,179.18479442596436,,True,8,10,graph_amortized_device
NVIDIA H200,float16,131072,1024,1,w8_f8_q0/warp,3,180.68439960479736,0.0,True,8,10,graph_amortized_device
NVIDIA H200,float16,131072,1024,1,w4_f4_q0/fused_warp,3,175.92320442199707,,True,8,10,graph_amortized_device
NVIDIA H200,float16,131072,1024,1,w4_f4_q0/warp,3,175.00640153884888,0.0,True,8,10,graph_amortized_device
NVIDIA H200,float16,131072,1024,1,w2_f2_q0/fused_warp,3,175.87679624557495,,True,8,10,graph_amortized_device
NVIDIA H200,float16,131072,1024,1,w2_f2_q0/warp,3,173.34280014038086,0.0,True,8,10,graph_amortized_device
NVIDIA H200,float16,131072,1024,1,w0_f0_q0/fused_warp,3,175.99120140075684,,True,8,10,graph_amortized_device
NVIDIA H200,float16,131072,1024,1,w2_f2_q0/warp,4,172.4784016609192,0.0,True,8,10,graph_amortized_device
NVIDIA H200,float16,131072,1024,1,w2_f2_q0/fused_warp,4,176.26359462738037,,True,8,10,graph_amortized_device
NVIDIA H200,float16,131072,1024,1,w4_f4_q0/warp,4,175.30239820480347,0.0,True,8,10,graph_amortized_device
NVIDIA H200,float16,131072,1024,1,w4_f4_q0/fused_warp,4,176.31839513778687,,True,8,10,graph_amortized_device
NVIDIA H200,float16,131072,1024,1,w8_f8_q0/warp,4,181.7296028137207,0.0,True,8,10,graph_amortized_device
NVIDIA H200,float16,131072,1024,1,w8_f8_q0/fused_warp,4,179.52040433883667,,True,8,10,graph_amortized_device
NVIDIA H200,float16,131072,1024,1,w0_f2_q1/warp,4,174.02679920196533,0.0,True,8,10,graph_amortized_device
NVIDIA H200,float16,131072,1024,1,w0_f2_q1/fused_warp,4,163.68279457092285,,True,8,10,graph_amortized_device
NVIDIA H200,float16,131072,1024,1,w0_f4_q1/warp,4,174.11880493164062,0.0,True,8,10,graph_amortized_device
NVIDIA H200,float16,131072,1024,1,w0_f4_q1/fused_warp,4,163.919997215271,,True,8,10,graph_amortized_device
NVIDIA H200,float16,131072,1024,1,w0_f8_q1/warp,4,175.24479627609253,0.0,True,8,10,graph_amortized_device
NVIDIA H200,float16,131072,1024,1,w0_f8_q1/fused_warp,4,174.33160543441772,,True,8,10,graph_amortized_device
NVIDIA H200,float16,131072,1024,1,dao,4,269.23439502716064,0.0,True,8,10,graph_amortized_device
NVIDIA H200,float16,131072,1024,1,dao_plus_quant,4,548.825216293335,,True,8,10,graph_amortized_device
NVIDIA H200,float16,131072,1024,1,w0_f0_q0/warp,4,170.43999433517456,0.0,True,8,10,graph_amortized_device
NVIDIA H200,float16,131072,1024,1,w0_f0_q0/fused_warp,4,171.07199430465698,,True,8,10,graph_amortized_device
NVIDIA H200,bfloat16,1,64,1,dao,0,1.9192000851035118,0.0,True,8,10,graph_amortized_device
NVIDIA H200,bfloat16,1,64,1,dao_plus_quant,0,3.0479999259114265,,True,8,10,graph_amortized_device
NVIDIA H200,bfloat16,1,64,1,w0_f0_q0/warp,0,1.6195999458432198,0.0,True,8,10,graph_amortized_device
NVIDIA H200,bfloat16,1,64,1,w0_f0_q0/fused_warp,0,1.9484000280499458,,True,8,10,graph_amortized_device
NVIDIA H200,bfloat16,1,64,1,w2_f2_q0/warp,0,1.6635999083518982,0.0,True,8,10,graph_amortized_device
NVIDIA H200,bfloat16,1,64,1,w2_f2_q0/fused_warp,0,1.903199963271618,,True,8,10,graph_amortized_device
NVIDIA H200,bfloat16,1,64,1,w4_f4_q0/warp,0,1.7087999731302261,0.0,True,8,10,graph_amortized_device
NVIDIA H200,bfloat16,1,64,1,w4_f4_q0/fused_warp,0,1.9192000851035118,,True,8,10,graph_amortized_device
NVIDIA H200,bfloat16,1,64,1,w8_f8_q0/warp,0,1.602800004184246,0.0,True,8,10,graph_amortized_device
NVIDIA H200,bfloat16,1,64,1,w8_f8_q0/fused_warp,0,1.9543999806046486,,True,8,10,graph_amortized_device
NVIDIA H200,bfloat16,1,64,1,w0_f2_q1/warp,0,1.6171999275684357,0.0,True,8,10,graph_amortized_device
NVIDIA H200,bfloat16,1,64,1,w0_f2_q1/fused_warp,0,1.9204000011086464,,True,8,10,graph_amortized_device
NVIDIA H200,bfloat16,1,64,1,w0_f4_q1/warp,0,1.6992000862956047,0.0,True,8,10,graph_amortized_device
NVIDIA H200,bfloat16,1,64,1,w0_f4_q1/fused_warp,0,1.908399909734726,,True,8,10,graph_amortized_device
NVIDIA H200,bfloat16,1,64,1,w0_f8_q1/warp,0,1.6364000737667084,0.0,True,8,10,graph_amortized_device
NVIDIA H200,bfloat16,1,64,1,w0_f8_q1/fused_warp,0,1.9711999222636223,,True,8,10,graph_amortized_device
NVIDIA H200,bfloat16,1,64,1,dao,1,1.8395999446511269,0.0,True,8,10,graph_amortized_device
NVIDIA H200,bfloat16,1,64,1,w0_f8_q1/fused_warp,1,1.9487999379634857,,True,8,10,graph_amortized_device
NVIDIA H200,bfloat16,1,64,1,w0_f8_q1/warp,1,1.6383999958634377,0.0,True,8,10,graph_amortized_device
NVIDIA H200,bfloat16,1,64,1,w0_f4_q1/fused_warp,1,1.9071999937295914,,True,8,10,graph_amortized_device
NVIDIA H200,bfloat16,1,64,1,w0_f4_q1/warp,1,1.6928000375628471,0.0,True,8,10,graph_amortized_device
NVIDIA H200,bfloat16,1,64,1,w0_f2_q1/fused_warp,1,1.929599978029728,,True,8,10,graph_amortized_device
NVIDIA H200,bfloat16,1,64,1,w0_f2_q1/warp,1,1.616000011563301,0.0,True,8,10,graph_amortized_device
NVIDIA H200,bfloat16,1,64,1,w8_f8_q0/fused_warp,1,1.95080004632473,,True,8,10,graph_amortized_device
NVIDIA H200,bfloat16,1,64,1,w8_f8_q0/warp,1,1.6063999384641647,0.0,True,8,10,graph_amortized_device
NVIDIA H200,bfloat16,1,64,1,w4_f4_q0/fused_warp,1,1.9176000729203224,,True,8,10,graph_amortized_device
NVIDIA H200,bfloat16,1,64,1,w4_f4_q0/warp,1,1.6467999666929245,0.0,True,8,10,graph_amortized_device
NVIDIA H200,bfloat16,1,64,1,w2_f2_q0/fused_warp,1,1.881599985063076,,True,8,10,graph_amortized_device
NVIDIA H200,bfloat16,1,64,1,w2_f2_q0/warp,1,1.6783999279141426,0.0,True,8,10,graph_amortized_device
NVIDIA H200,bfloat16,1,64,1,w0_f0_q0/fused_warp,1,1.9471999257802963,,True,8,10,graph_amortized_device
NVIDIA H200,bfloat16,1,64,1,w0_f0_q0/warp,1,1.6195999458432198,0.0,True,8,10,graph_amortized_device
NVIDIA H200,bfloat16,1,64,1,dao_plus_quant,1,3.0519999563694,,True,8,10,graph_amortized_device
NVIDIA H200,bfloat16,1,64,1,w0_f0_q0/warp,2,1.6203999519348145,0.0,True,8,10,graph_amortized_device
NVIDIA H200,bfloat16,1,64,1,w0_f0_q0/fused_warp,2,1.942799985408783,,True,8,10,graph_amortized_device
NVIDIA H200,bfloat16,1,64,1,w2_f2_q0/warp,2,1.677599921822548,0.0,True,8,10,graph_amortized_device
NVIDIA H200,bfloat16,1,64,1,w2_f2_q0/fused_warp,2,1.894799992442131,,True,8,10,graph_amortized_device
NVIDIA H200,bfloat16,1,64,1,w4_f4_q0/warp,2,1.6680000349879265,0.0,True,8,10,graph_amortized_device
NVIDIA H200,bfloat16,1,64,1,w4_f4_q0/fused_warp,2,1.921599917113781,,True,8,10,graph_amortized_device
NVIDIA H200,bfloat16,1,64,1,w8_f8_q0/warp,2,1.6132000833749771,0.0,True,8,10,graph_amortized_device
NVIDIA H200,bfloat16,1,64,1,w8_f8_q0/fused_warp,2,1.9967999309301376,,True,8,10,graph_amortized_device
NVIDIA H200,bfloat16,1,64,1,w0_f2_q1/warp,2,1.6567999497056007,0.0,True,8,10,graph_amortized_device
NVIDIA H200,bfloat16,1,64,1,w0_f2_q1/fused_warp,2,1.9300000742077827,,True,8,10,graph_amortized_device
NVIDIA H200,bfloat16,1,64,1,w0_f4_q1/warp,2,1.6915999352931976,0.0,True,8,10,graph_amortized_device
NVIDIA H200,bfloat16,1,64,1,w0_f4_q1/fused_warp,2,1.902800053358078,,True,8,10,graph_amortized_device
NVIDIA H200,bfloat16,1,64,1,w0_f8_q1/warp,2,1.6392000019550323,0.0,True,8,10,graph_amortized_device
NVIDIA H200,bfloat16,1,64,1,w0_f8_q1/fused_warp,2,1.966799981892109,,True,8,10,graph_amortized_device
NVIDIA H200,bfloat16,1,64,1,dao,2,1.8319999799132347,0.0,True,8,10,graph_amortized_device
NVIDIA H200,bfloat16,1,64,1,dao_plus_quant,2,3.0503999441862106,,True,8,10,graph_amortized_device
NVIDIA H200,bfloat16,1,64,1,w0_f0_q0/warp,3,1.6168000176548958,0.0,True,8,10,graph_amortized_device
NVIDIA H200,bfloat16,1,64,1,dao_plus_quant,3,3.046800009906292,,True,8,10,graph_amortized_device
NVIDIA H200,bfloat16,1,64,1,dao,3,1.8324000760912895,0.0,True,8,10,graph_amortized_device
NVIDIA H200,bfloat16,1,64,1,w0_f8_q1/fused_warp,3,1.9500000402331352,,True,8,10,graph_amortized_device
NVIDIA H200,bfloat16,1,64,1,w0_f8_q1/warp,3,1.6147999092936516,0.0,True,8,10,graph_amortized_device
NVIDIA H200,bfloat16,1,64,1,w0_f4_q1/fused_warp,3,1.9091999158263206,,True,8,10,graph_amortized_device
NVIDIA H200,bfloat16,1,64,1,w0_f4_q1/warp,3,1.6815999522805214,0.0,True,8,10,graph_amortized_device
NVIDIA H200,bfloat16,1,64,1,w0_f2_q1/fused_warp,3,1.9260000437498093,,True,8,10,graph_amortized_device
NVIDIA H200,bfloat16,1,64,1,w0_f2_q1/warp,3,1.6208000481128693,0.0,True,8,10,graph_amortized_device
NVIDIA H200,bfloat16,1,64,1,w8_f8_q0/fused_warp,3,1.9516000524163246,,True,8,10,graph_amortized_device
NVIDIA H200,bfloat16,1,64,1,w8_f8_q0/warp,3,1.5987999737262726,0.0,True,8,10,graph_amortized_device
NVIDIA H200,bfloat16,1,64,1,w4_f4_q0/fused_warp,3,1.9171999767422676,,True,8,10,graph_amortized_device
NVIDIA H200,bfloat16,1,64,1,w4_f4_q0/warp,3,1.6696000471711159,0.0,True,8,10,graph_amortized_device
NVIDIA H200,bfloat16,1,64,1,w2_f2_q0/fused_warp,3,1.897599920630455,,True,8,10,graph_amortized_device
NVIDIA H200,bfloat16,1,64,1,w2_f2_q0/warp,3,1.6723999753594398,0.0,True,8,10,graph_amortized_device
NVIDIA H200,bfloat16,1,64,1,w0_f0_q0/fused_warp,3,1.947999931871891,,True,8,10,graph_amortized_device
NVIDIA H200,bfloat16,1,64,1,w2_f2_q0/warp,4,1.6780000180006027,0.0,True,8,10,graph_amortized_device
NVIDIA H200,bfloat16,1,64,1,w2_f2_q0/fused_warp,4,1.8991999328136444,,True,8,10,graph_amortized_device
NVIDIA H200,bfloat16,1,64,1,w4_f4_q0/warp,4,1.661200076341629,0.0,True,8,10,graph_amortized_device
NVIDIA H200,bfloat16,1,64,1,w4_f4_q0/fused_warp,4,1.916000060737133,,True,8,10,graph_amortized_device
NVIDIA H200,bfloat16,1,64,1,w8_f8_q0/warp,4,1.5979999676346779,0.0,True,8,10,graph_amortized_device
NVIDIA H200,bfloat16,1,64,1,w8_f8_q0/fused_warp,4,1.945200003683567,,True,8,10,graph_amortized_device
NVIDIA H200,bfloat16,1,64,1,w0_f2_q1/warp,4,1.6195999458432198,0.0,True,8,10,graph_amortized_device
NVIDIA H200,bfloat16,1,64,1,w0_f2_q1/fused_warp,4,1.9220000132918358,,True,8,10,graph_amortized_device
NVIDIA H200,bfloat16,1,64,1,w0_f4_q1/warp,4,1.690799929201603,0.0,True,8,10,graph_amortized_device
NVIDIA H200,bfloat16,1,64,1,w0_f4_q1/fused_warp,4,1.902800053358078,,True,8,10,graph_amortized_device
NVIDIA H200,bfloat16,1,64,1,w0_f8_q1/warp,4,1.6388000920414925,0.0,True,8,10,graph_amortized_device
NVIDIA H200,bfloat16,1,64,1,w0_f8_q1/fused_warp,4,1.966799981892109,,True,8,10,graph_amortized_device
NVIDIA H200,bfloat16,1,64,1,dao,4,1.8435999751091003,0.0,True,8,10,graph_amortized_device
NVIDIA H200,bfloat16,1,64,1,dao_plus_quant,4,3.0484000220894814,,True,8,10,graph_amortized_device
NVIDIA H200,bfloat16,1,64,1,w0_f0_q0/warp,4,1.611199975013733,0.0,True,8,10,graph_amortized_device
NVIDIA H200,bfloat16,1,64,1,w0_f0_q0/fused_warp,4,1.9471999257802963,,True,8,10,graph_amortized_device
NVIDIA H200,bfloat16,128,64,1,dao,0,1.966799981892109,0.0,True,8,10,graph_amortized_device
NVIDIA H200,bfloat16,128,64,1,dao_plus_quant,0,3.4148000180721283,,True,8,10,graph_amortized_device
NVIDIA H200,bfloat16,128,64,1,w0_f0_q0/warp,0,1.7588000744581223,0.0,True,8,10,graph_amortized_device
NVIDIA H200,bfloat16,128,64,1,w0_f0_q0/fused_warp,0,2.051199972629547,,True,8,10,graph_amortized_device
NVIDIA H200,bfloat16,128,64,1,w2_f2_q0/warp,0,1.8079999834299088,0.0,True,8,10,graph_amortized_device
NVIDIA H200,bfloat16,128,64,1,w2_f2_q0/fused_warp,0,2.0260000601410866,,True,8,10,graph_amortized_device
NVIDIA H200,bfloat16,128,64,1,w4_f4_q0/warp,0,1.7867999151349068,0.0,True,8,10,graph_amortized_device
NVIDIA H200,bfloat16,128,64,1,w4_f4_q0/fused_warp,0,1.992800086736679,,True,8,10,graph_amortized_device
NVIDIA H200,bfloat16,128,64,1,w8_f8_q0/warp,0,1.8015999346971512,0.0,True,8,10,graph_amortized_device
NVIDIA H200,bfloat16,128,64,1,w8_f8_q0/fused_warp,0,2.0304000005126,,True,8,10,graph_amortized_device
NVIDIA H200,bfloat16,128,64,1,w0_f2_q1/warp,0,1.7424000427126884,0.0,True,8,10,graph_amortized_device
NVIDIA H200,bfloat16,128,64,1,w0_f2_q1/fused_warp,0,2.067199908196926,,True,8,10,graph_amortized_device
NVIDIA H200,bfloat16,128,64,1,w0_f4_q1/warp,0,1.799600012600422,0.0,True,8,10,graph_amortized_device
NVIDIA H200,bfloat16,128,64,1,w0_f4_q1/fused_warp,0,2.0131999626755714,,True,8,10,graph_amortized_device
NVIDIA H200,bfloat16,128,64,1,w0_f8_q1/warp,0,1.7359999939799309,0.0,True,8,10,graph_amortized_device
NVIDIA H200,bfloat16,128,64,1,w0_f8_q1/fused_warp,0,1.9936000928282738,,True,8,10,graph_amortized_device
NVIDIA H200,bfloat16,128,64,1,dao,1,1.9511999562382698,0.0,True,8,10,graph_amortized_device
NVIDIA H200,bfloat16,128,64,1,w0_f8_q1/fused_warp,1,2.0336000248789787,,True,8,10,graph_amortized_device
NVIDIA H200,bfloat16,128,64,1,w0_f8_q1/warp,1,1.7379999160766602,0.0,True,8,10,graph_amortized_device
NVIDIA H200,bfloat16,128,64,1,w0_f4_q1/fused_warp,1,2.0152000710368156,,True,8,10,graph_amortized_device
NVIDIA H200,bfloat16,128,64,1,w0_f4_q1/warp,1,1.7880000174045563,0.0,True,8,10,graph_amortized_device
NVIDIA H200,bfloat16,128,64,1,w0_f2_q1/fused_warp,1,2.065199986100197,,True,8,10,graph_amortized_device
NVIDIA H200,bfloat16,128,64,1,w0_f2_q1/warp,1,1.7376000061631203,0.0,True,8,10,graph_amortized_device
NVIDIA H200,bfloat16,128,64,1,w8_f8_q0/fused_warp,1,2.036000043153763,,True,8,10,graph_amortized_device
NVIDIA H200,bfloat16,128,64,1,w8_f8_q0/warp,1,1.8023999407887459,0.0,True,8,10,graph_amortized_device
NVIDIA H200,bfloat16,128,64,1,w4_f4_q0/fused_warp,1,1.990400068461895,,True,8,10,graph_amortized_device
NVIDIA H200,bfloat16,128,64,1,w4_f4_q0/warp,1,1.8052000552415848,0.0,True,8,10,graph_amortized_device
NVIDIA H200,bfloat16,128,64,1,w2_f2_q0/fused_warp,1,2.0255999639630318,,True,8,10,graph_amortized_device
NVIDIA H200,bfloat16,128,64,1,w2_f2_q0/warp,1,1.810000091791153,0.0,True,8,10,graph_amortized_device
NVIDIA H200,bfloat16,128,64,1,w0_f0_q0/fused_warp,1,2.0468000322580338,,True,8,10,graph_amortized_device
NVIDIA H200,bfloat16,128,64,1,w0_f0_q0/warp,1,1.7788000404834747,0.0,True,8,10,graph_amortized_device
NVIDIA H200,bfloat16,128,64,1,dao_plus_quant,1,3.4139998257160187,,True,8,10,graph_amortized_device
NVIDIA H200,bfloat16,128,64,1,w0_f0_q0/warp,2,1.7588000744581223,0.0,True,8,10,graph_amortized_device
NVIDIA H200,bfloat16,128,64,1,w0_f0_q0/fused_warp,2,2.054000087082386,,True,8,10,graph_amortized_device
NVIDIA H200,bfloat16,128,64,1,w2_f2_q0/warp,2,1.8211999908089638,0.0,True,8,10,graph_amortized_device
NVIDIA H200,bfloat16,128,64,1,w2_f2_q0/fused_warp,2,2.0292000845074654,,True,8,10,graph_amortized_device
NVIDIA H200,bfloat16,128,64,1,w4_f4_q0/warp,2,1.8055999651551247,0.0,True,8,10,graph_amortized_device
NVIDIA H200,bfloat16,128,64,1,w4_f4_q0/fused_warp,2,1.9943999126553535,,True,8,10,graph_amortized_device
NVIDIA H200,bfloat16,128,64,1,w8_f8_q0/warp,2,1.8063999712467194,0.0,True,8,10,graph_amortized_device
NVIDIA H200,bfloat16,128,64,1,w8_f8_q0/fused_warp,2,2.0336000248789787,,True,8,10,graph_amortized_device
NVIDIA H200,bfloat16,128,64,1,w0_f2_q1/warp,2,1.7664000391960144,0.0,True,8,10,graph_amortized_device
NVIDIA H200,bfloat16,128,64,1,w0_f2_q1/fused_warp,2,2.061999961733818,,True,8,10,graph_amortized_device
NVIDIA H200,bfloat16,128,64,1,w0_f4_q1/warp,2,1.7883999273180962,0.0,True,8,10,graph_amortized_device
NVIDIA H200,bfloat16,128,64,1,w0_f4_q1/fused_warp,2,2.0131999626755714,,True,8,10,graph_amortized_device
NVIDIA H200,bfloat16,128,64,1,w0_f8_q1/warp,2,1.7343999817967415,0.0,True,8,10,graph_amortized_device
NVIDIA H200,bfloat16,128,64,1,w0_f8_q1/fused_warp,2,2.0295999944210052,,True,8,10,graph_amortized_device
NVIDIA H200,bfloat16,128,64,1,dao,2,1.9516000524163246,0.0,True,8,10,graph_amortized_device
NVIDIA H200,bfloat16,128,64,1,dao_plus_quant,2,3.4139998257160187,,True,8,10,graph_amortized_device
NVIDIA H200,bfloat16,128,64,1,w0_f0_q0/warp,3,1.7580000683665276,0.0,True,8,10,graph_amortized_device
NVIDIA H200,bfloat16,128,64,1,dao_plus_quant,3,3.413200005888939,,True,8,10,graph_amortized_device
NVIDIA H200,bfloat16,128,64,1,dao,3,1.9527999684214592,0.0,True,8,10,graph_amortized_device
NVIDIA H200,bfloat16,128,64,1,w0_f8_q1/fused_warp,3,2.0075999200344086,,True,8,10,graph_amortized_device
NVIDIA H200,bfloat16,128,64,1,w0_f8_q1/warp,3,1.7371999099850655,0.0,True,8,10,graph_amortized_device
NVIDIA H200,bfloat16,128,64,1,w0_f4_q1/fused_warp,3,2.0136000588536263,,True,8,10,graph_amortized_device
NVIDIA H200,bfloat16,128,64,1,w0_f4_q1/warp,3,1.7891999334096909,0.0,True,8,10,graph_amortized_device
NVIDIA H200,bfloat16,128,64,1,w0_f2_q1/fused_warp,3,2.0664000883698463,,True,8,10,graph_amortized_device
NVIDIA H200,bfloat16,128,64,1,w0_f2_q1/warp,3,1.7368000000715256,0.0,True,8,10,graph_amortized_device
NVIDIA H200,bfloat16,128,64,1,w8_f8_q0/fused_warp,3,2.0320000126957893,,True,8,10,graph_amortized_device
NVIDIA H200,bfloat16,128,64,1,w8_f8_q0/warp,3,1.8092000856995583,0.0,True,8,10,graph_amortized_device
NVIDIA H200,bfloat16,128,64,1,w4_f4_q0/fused_warp,3,1.990400068461895,,True,8,10,graph_amortized_device
NVIDIA H200,bfloat16,128,64,1,w4_f4_q0/warp,3,1.8036000430583954,0.0,True,8,10,graph_amortized_device
NVIDIA H200,bfloat16,128,64,1,w2_f2_q0/fused_warp,3,2.0287999883294106,,True,8,10,graph_amortized_device
NVIDIA H200,bfloat16,128,64,1,w2_f2_q0/warp,3,1.8255999311804771,0.0,True,8,10,graph_amortized_device
NVIDIA H200,bfloat16,128,64,1,w0_f0_q0/fused_warp,3,2.0600000396370888,,True,8,10,graph_amortized_device
NVIDIA H200,bfloat16,128,64,1,w2_f2_q0/warp,4,1.810000091791153,0.0,True,8,10,graph_amortized_device
NVIDIA H200,bfloat16,128,64,1,w2_f2_q0/fused_warp,4,2.0295999944210052,,True,8,10,graph_amortized_device
NVIDIA H200,bfloat16,128,64,1,w4_f4_q0/warp,4,1.8063999712467194,0.0,True,8,10,graph_amortized_device
NVIDIA H200,bfloat16,128,64,1,w4_f4_q0/fused_warp,4,1.9920000806450844,,True,8,10,graph_amortized_device
NVIDIA H200,bfloat16,128,64,1,w8_f8_q0/warp,4,1.8015999346971512,0.0,True,8,10,graph_amortized_device
NVIDIA H200,bfloat16,128,64,1,w8_f8_q0/fused_warp,4,2.0284000784158707,,True,8,10,graph_amortized_device
NVIDIA H200,bfloat16,128,64,1,w0_f2_q1/warp,4,1.7255999147891998,0.0,True,8,10,graph_amortized_device
NVIDIA H200,bfloat16,128,64,1,w0_f2_q1/fused_warp,4,2.0664000883698463,,True,8,10,graph_amortized_device
NVIDIA H200,bfloat16,128,64,1,w0_f4_q1/warp,4,1.7983999103307724,0.0,True,8,10,graph_amortized_device
NVIDIA H200,bfloat16,128,64,1,w0_f4_q1/fused_warp,4,2.012000046670437,,True,8,10,graph_amortized_device
NVIDIA H200,bfloat16,128,64,1,w0_f8_q1/warp,4,1.7427999526262283,0.0,True,8,10,graph_amortized_device
NVIDIA H200,bfloat16,128,64,1,w0_f8_q1/fused_warp,4,2.0323999226093292,,True,8,10,graph_amortized_device
NVIDIA H200,bfloat16,128,64,1,dao,4,1.95080004632473,0.0,True,8,10,graph_amortized_device
NVIDIA H200,bfloat16,128,64,1,dao_plus_quant,4,3.4095998853445053,,True,8,10,graph_amortized_device
NVIDIA H200,bfloat16,128,64,1,w0_f0_q0/warp,4,1.7632000148296356,0.0,True,8,10,graph_amortized_device
NVIDIA H200,bfloat16,128,64,1,w0_f0_q0/fused_warp,4,2.0508000627160072,,True,8,10,graph_amortized_device
NVIDIA H200,bfloat16,16384,64,1,dao,0,11.698000133037567,0.0,True,8,10,graph_amortized_device
NVIDIA H200,bfloat16,16384,64,1,dao_plus_quant,0,22.698399424552917,,True,8,10,graph_amortized_device
NVIDIA H200,bfloat16,16384,64,1,w0_f0_q0/warp,0,3.14520001411438,0.0,True,8,10,graph_amortized_device
NVIDIA H200,bfloat16,16384,64,1,w0_f0_q0/fused_warp,0,4.096800088882446,,True,8,10,graph_amortized_device
NVIDIA H200,bfloat16,16384,64,1,w2_f2_q0/warp,0,6.592000275850296,0.0,True,8,10,graph_amortized_device
NVIDIA H200,bfloat16,16384,64,1,w2_f2_q0/fused_warp,0,6.878399848937988,,True,8,10,graph_amortized_device
NVIDIA H200,bfloat16,16384,64,1,w4_f4_q0/warp,0,4.126400128006935,0.0,True,8,10,graph_amortized_device
NVIDIA H200,bfloat16,16384,64,1,w4_f4_q0/fused_warp,0,4.540799930691719,,True,8,10,graph_amortized_device
NVIDIA H200,bfloat16,16384,64,1,w8_f8_q0/warp,0,3.137199953198433,0.0,True,8,10,graph_amortized_device
NVIDIA H200,bfloat16,16384,64,1,w8_f8_q0/fused_warp,0,4.06000018119812,,True,8,10,graph_amortized_device
NVIDIA H200,bfloat16,16384,64,1,w0_f2_q1/warp,0,3.084000013768673,0.0,True,8,10,graph_amortized_device
NVIDIA H200,bfloat16,16384,64,1,w0_f2_q1/fused_warp,0,6.890399754047394,,True,8,10,graph_amortized_device
NVIDIA H200,bfloat16,16384,64,1,w0_f4_q1/warp,0,3.115599974989891,0.0,True,8,10,graph_amortized_device
NVIDIA H200,bfloat16,16384,64,1,w0_f4_q1/fused_warp,0,4.549999907612801,,True,8,10,graph_amortized_device
NVIDIA H200,bfloat16,16384,64,1,w0_f8_q1/warp,0,3.09200007468462,0.0,True,8,10,graph_amortized_device
NVIDIA H200,bfloat16,16384,64,1,w0_f8_q1/fused_warp,0,4.040800034999847,,True,8,10,graph_amortized_device
NVIDIA H200,bfloat16,16384,64,1,dao,1,11.6907998919487,0.0,True,8,10,graph_amortized_device
NVIDIA H200,bfloat16,16384,64,1,w0_f8_q1/fused_warp,1,4.04760017991066,,True,8,10,graph_amortized_device
NVIDIA H200,bfloat16,16384,64,1,w0_f8_q1/warp,1,3.0856000259518623,0.0,True,8,10,graph_amortized_device
NVIDIA H200,bfloat16,16384,64,1,w0_f4_q1/fused_warp,1,4.535600170493126,,True,8,10,graph_amortized_device
NVIDIA H200,bfloat16,16384,64,1,w0_f4_q1/warp,1,3.110799938440323,0.0,True,8,10,graph_amortized_device
NVIDIA H200,bfloat16,16384,64,1,w0_f2_q1/fused_warp,1,6.894399970769882,,True,8,10,graph_amortized_device
NVIDIA H200,bfloat16,16384,64,1,w0_f2_q1/warp,1,3.0980000272393227,0.0,True,8,10,graph_amortized_device
NVIDIA H200,bfloat16,16384,64,1,w8_f8_q0/fused_warp,1,4.04600016772747,,True,8,10,graph_amortized_device
NVIDIA H200,bfloat16,16384,64,1,w8_f8_q0/warp,1,3.129199892282486,0.0,True,8,10,graph_amortized_device
NVIDIA H200,bfloat16,16384,64,1,w4_f4_q0/fused_warp,1,4.527200013399124,,True,8,10,graph_amortized_device
NVIDIA H200,bfloat16,16384,64,1,w4_f4_q0/warp,1,4.169199988245964,0.0,True,8,10,graph_amortized_device
NVIDIA H200,bfloat16,16384,64,1,w2_f2_q0/fused_warp,1,6.87279999256134,,True,8,10,graph_amortized_device
NVIDIA H200,bfloat16,16384,64,1,w2_f2_q0/warp,1,6.578399986028671,0.0,True,8,10,graph_amortized_device
NVIDIA H200,bfloat16,16384,64,1,w0_f0_q0/fused_warp,1,4.089599847793579,,True,8,10,graph_amortized_device
NVIDIA H200,bfloat16,16384,64,1,w0_f0_q0/warp,1,3.1415998935699463,0.0,True,8,10,graph_amortized_device
NVIDIA H200,bfloat16,16384,64,1,dao_plus_quant,1,22.711199522018433,,True,8,10,graph_amortized_device
NVIDIA H200,bfloat16,16384,64,1,w0_f0_q0/warp,2,3.1459998339414597,0.0,True,8,10,graph_amortized_device
NVIDIA H200,bfloat16,16384,64,1,w0_f0_q0/fused_warp,2,4.075999930500984,,True,8,10,graph_amortized_device
NVIDIA H200,bfloat16,16384,64,1,w2_f2_q0/warp,2,6.576000154018402,0.0,True,8,10,graph_amortized_device
NVIDIA H200,bfloat16,16384,64,1,w2_f2_q0/fused_warp,2,6.871599704027176,,True,8,10,graph_amortized_device
NVIDIA H200,bfloat16,16384,64,1,w4_f4_q0/warp,2,4.125199839472771,0.0,True,8,10,graph_amortized_device
NVIDIA H200,bfloat16,16384,64,1,w4_f4_q0/fused_warp,2,4.52519990503788,,True,8,10,graph_amortized_device
NVIDIA H200,bfloat16,16384,64,1,w8_f8_q0/warp,2,3.136799857020378,0.0,True,8,10,graph_amortized_device
NVIDIA H200,bfloat16,16384,64,1,w8_f8_q0/fused_warp,2,4.063599929213524,,True,8,10,graph_amortized_device
NVIDIA H200,bfloat16,16384,64,1,w0_f2_q1/warp,2,3.1228000298142433,0.0,True,8,10,graph_amortized_device
NVIDIA H200,bfloat16,16384,64,1,w0_f2_q1/fused_warp,2,6.893199682235718,,True,8,10,graph_amortized_device
NVIDIA H200,bfloat16,16384,64,1,w0_f4_q1/warp,2,3.10479998588562,0.0,True,8,10,graph_amortized_device
NVIDIA H200,bfloat16,16384,64,1,w0_f4_q1/fused_warp,2,4.534799978137016,,True,8,10,graph_amortized_device
NVIDIA H200,bfloat16,16384,64,1,w0_f8_q1/warp,2,3.097200021147728,0.0,True,8,10,graph_amortized_device
NVIDIA H200,bfloat16,16384,64,1,w0_f8_q1/fused_warp,2,4.04600016772747,,True,8,10,graph_amortized_device
NVIDIA H200,bfloat16,16384,64,1,dao,2,11.6907998919487,0.0,True,8,10,graph_amortized_device
NVIDIA H200,bfloat16,16384,64,1,dao_plus_quant,2,22.713999450206757,,True,8,10,graph_amortized_device
NVIDIA H200,bfloat16,16384,64,1,w0_f0_q0/warp,3,3.1431999057531357,0.0,True,8,10,graph_amortized_device
NVIDIA H200,bfloat16,16384,64,1,dao_plus_quant,3,22.703200578689575,,True,8,10,graph_amortized_device
NVIDIA H200,bfloat16,16384,64,1,dao,3,11.689600348472595,0.0,True,8,10,graph_amortized_device
NVIDIA H200,bfloat16,16384,64,1,w0_f8_q1/fused_warp,3,4.035999998450279,,True,8,10,graph_amortized_device
NVIDIA H200,bfloat16,16384,64,1,w0_f8_q1/warp,3,3.086799941956997,0.0,True,8,10,graph_amortized_device
NVIDIA H200,bfloat16,16384,64,1,w0_f4_q1/fused_warp,3,4.536399990320206,,True,8,10,graph_amortized_device
NVIDIA H200,bfloat16,16384,64,1,w0_f4_q1/warp,3,3.1139999628067017,0.0,True,8,10,graph_amortized_device
NVIDIA H200,bfloat16,16384,64,1,w0_f2_q1/fused_warp,3,6.891199946403503,,True,8,10,graph_amortized_device
NVIDIA H200,bfloat16,16384,64,1,w0_f2_q1/warp,3,3.0988000333309174,0.0,True,8,10,graph_amortized_device
NVIDIA H200,bfloat16,16384,64,1,w8_f8_q0/fused_warp,3,4.042400047183037,,True,8,10,graph_amortized_device
NVIDIA H200,bfloat16,16384,64,1,w8_f8_q0/warp,3,3.1220000237226486,0.0,True,8,10,graph_amortized_device
NVIDIA H200,bfloat16,16384,64,1,w4_f4_q0/fused_warp,3,4.5263998210430145,,True,8,10,graph_amortized_device
NVIDIA H200,bfloat16,16384,64,1,w4_f4_q0/warp,3,4.1255999356508255,0.0,True,8,10,graph_amortized_device
NVIDIA H200,bfloat16,16384,64,1,w2_f2_q0/fused_warp,3,6.876800209283829,,True,8,10,graph_amortized_device
NVIDIA H200,bfloat16,16384,64,1,w2_f2_q0/warp,3,6.577599793672562,0.0,True,8,10,graph_amortized_device
NVIDIA H200,bfloat16,16384,64,1,w0_f0_q0/fused_warp,3,4.107600077986717,,True,8,10,graph_amortized_device
NVIDIA H200,bfloat16,16384,64,1,w2_f2_q0/warp,4,6.578399986028671,0.0,True,8,10,graph_amortized_device
NVIDIA H200,bfloat16,16384,64,1,w2_f2_q0/fused_warp,4,6.871599704027176,,True,8,10,graph_amortized_device
NVIDIA H200,bfloat16,16384,64,1,w4_f4_q0/warp,4,4.126400128006935,0.0,True,8,10,graph_amortized_device
NVIDIA H200,bfloat16,16384,64,1,w4_f4_q0/fused_warp,4,4.526799917221069,,True,8,10,graph_amortized_device
NVIDIA H200,bfloat16,16384,64,1,w8_f8_q0/warp,4,3.147599846124649,0.0,True,8,10,graph_amortized_device
NVIDIA H200,bfloat16,16384,64,1,w8_f8_q0/fused_warp,4,4.042400047183037,,True,8,10,graph_amortized_device
NVIDIA H200,bfloat16,16384,64,1,w0_f2_q1/warp,4,3.0899999663233757,0.0,True,8,10,graph_amortized_device
NVIDIA H200,bfloat16,16384,64,1,w0_f2_q1/fused_warp,4,6.892400234937668,,True,8,10,graph_amortized_device
NVIDIA H200,bfloat16,16384,64,1,w0_f4_q1/warp,4,3.1136000528931618,0.0,True,8,10,graph_amortized_device
NVIDIA H200,bfloat16,16384,64,1,w0_f4_q1/fused_warp,4,4.540000110864639,,True,8,10,graph_amortized_device
NVIDIA H200,bfloat16,16384,64,1,w0_f8_q1/warp,4,3.0820000916719437,0.0,True,8,10,graph_amortized_device
NVIDIA H200,bfloat16,16384,64,1,w0_f8_q1/fused_warp,4,4.039999842643738,,True,8,10,graph_amortized_device
NVIDIA H200,bfloat16,16384,64,1,dao,4,11.686799675226212,0.0,True,8,10,graph_amortized_device
NVIDIA H200,bfloat16,16384,64,1,dao_plus_quant,4,22.711600363254547,,True,8,10,graph_amortized_device
NVIDIA H200,bfloat16,16384,64,1,w0_f0_q0/warp,4,3.139999881386757,0.0,True,8,10,graph_amortized_device
NVIDIA H200,bfloat16,16384,64,1,w0_f0_q0/fused_warp,4,4.0936000645160675,,True,8,10,graph_amortized_device
NVIDIA H200,bfloat16,131072,64,1,dao,0,81.11159801483154,0.0,True,8,10,graph_amortized_device
NVIDIA H200,bfloat16,131072,64,1,dao_plus_quant,0,161.2104058265686,,True,8,10,graph_amortized_device
NVIDIA H200,bfloat16,131072,64,1,w0_f0_q0/warp,0,14.255200326442719,0.0,True,8,10,graph_amortized_device
NVIDIA H200,bfloat16,131072,64,1,w0_f0_q0/fused_warp,0,19.46839988231659,,True,8,10,graph_amortized_device
NVIDIA H200,bfloat16,131072,64,1,w2_f2_q0/warp,0,41.48400127887726,0.0,True,8,10,graph_amortized_device
NVIDIA H200,bfloat16,131072,64,1,w2_f2_q0/fused_warp,0,41.45039916038513,,True,8,10,graph_amortized_device
NVIDIA H200,bfloat16,131072,64,1,w4_f4_q0/warp,0,21.81520015001297,0.0,True,8,10,graph_amortized_device
NVIDIA H200,bfloat16,131072,64,1,w4_f4_q0/fused_warp,0,21.747200191020966,,True,8,10,graph_amortized_device
NVIDIA H200,bfloat16,131072,64,1,w8_f8_q0/warp,0,14.233200252056122,0.0,True,8,10,graph_amortized_device
NVIDIA H200,bfloat16,131072,64,1,w8_f8_q0/fused_warp,0,19.565600156784058,,True,8,10,graph_amortized_device
NVIDIA H200,bfloat16,131072,64,1,w0_f2_q1/warp,0,14.070799946784973,0.0,True,8,10,graph_amortized_device
NVIDIA H200,bfloat16,131072,64,1,w0_f2_q1/fused_warp,0,41.40959978103638,,True,8,10,graph_amortized_device
NVIDIA H200,bfloat16,131072,64,1,w0_f4_q1/warp,0,14.155599474906921,0.0,True,8,10,graph_amortized_device
NVIDIA H200,bfloat16,131072,64,1,w0_f4_q1/fused_warp,0,21.764400601387024,,True,8,10,graph_amortized_device
NVIDIA H200,bfloat16,131072,64,1,w0_f8_q1/warp,0,14.032800495624542,0.0,True,8,10,graph_amortized_device
NVIDIA H200,bfloat16,131072,64,1,w0_f8_q1/fused_warp,0,19.710800051689148,,True,8,10,graph_amortized_device
NVIDIA H200,bfloat16,131072,64,1,dao,1,81.03479743003845,0.0,True,8,10,graph_amortized_device
NVIDIA H200,bfloat16,131072,64,1,w0_f8_q1/fused_warp,1,19.72319930791855,,True,8,10,graph_amortized_device
NVIDIA H200,bfloat16,131072,64,1,w0_f8_q1/warp,1,14.010000228881836,0.0,True,8,10,graph_amortized_device
NVIDIA H200,bfloat16,131072,64,1,w0_f4_q1/fused_warp,1,21.74759954214096,,True,8,10,graph_amortized_device
NVIDIA H200,bfloat16,131072,64,1,w0_f4_q1/warp,1,14.140400290489197,0.0,True,8,10,graph_amortized_device
NVIDIA H200,bfloat16,131072,64,1,w0_f2_q1/fused_warp,1,41.510000824928284,,True,8,10,graph_amortized_device
NVIDIA H200,bfloat16,131072,64,1,w0_f2_q1/warp,1,14.051200449466705,0.0,True,8,10,graph_amortized_device
NVIDIA H200,bfloat16,131072,64,1,w8_f8_q0/fused_warp,1,19.557200372219086,,True,8,10,graph_amortized_device
NVIDIA H200,bfloat16,131072,64,1,w8_f8_q0/warp,1,14.228799939155579,0.0,True,8,10,graph_amortized_device
NVIDIA H200,bfloat16,131072,64,1,w4_f4_q0/fused_warp,1,21.735599637031555,,True,8,10,graph_amortized_device
NVIDIA H200,bfloat16,131072,64,1,w4_f4_q0/warp,1,21.79040014743805,0.0,True,8,10,graph_amortized_device
NVIDIA H200,bfloat16,131072,64,1,w2_f2_q0/fused_warp,1,41.43519997596741,,True,8,10,graph_amortized_device
NVIDIA H200,bfloat16,131072,64,1,w2_f2_q0/warp,1,41.46119952201843,0.0,True,8,10,graph_amortized_device
NVIDIA H200,bfloat16,131072,64,1,w0_f0_q0/fused_warp,1,19.464799761772156,,True,8,10,graph_amortized_device
NVIDIA H200,bfloat16,131072,64,1,w0_f0_q0/warp,1,14.217600226402283,0.0,True,8,10,graph_amortized_device
NVIDIA H200,bfloat16,131072,64,1,dao_plus_quant,1,161.21959686279297,,True,8,10,graph_amortized_device
NVIDIA H200,bfloat16,131072,64,1,w0_f0_q0/warp,2,14.244000613689423,0.0,True,8,10,graph_amortized_device
NVIDIA H200,bfloat16,131072,64,1,w0_f0_q0/fused_warp,2,19.56080049276352,,True,8,10,graph_amortized_device
NVIDIA H200,bfloat16,131072,64,1,w2_f2_q0/warp,2,41.47079885005951,0.0,True,8,10,graph_amortized_device
NVIDIA H200,bfloat16,131072,64,1,w2_f2_q0/fused_warp,2,41.46519899368286,,True,8,10,graph_amortized_device
NVIDIA H200,bfloat16,131072,64,1,w4_f4_q0/warp,2,21.77319973707199,0.0,True,8,10,graph_amortized_device
NVIDIA H200,bfloat16,131072,64,1,w4_f4_q0/fused_warp,2,21.762800216674805,,True,8,10,graph_amortized_device
NVIDIA H200,bfloat16,131072,64,1,w8_f8_q0/warp,2,14.225199818611145,0.0,True,8,10,graph_amortized_device
NVIDIA H200,bfloat16,131072,64,1,w8_f8_q0/fused_warp,2,19.576799869537354,,True,8,10,graph_amortized_device
NVIDIA H200,bfloat16,131072,64,1,w0_f2_q1/warp,2,14.096799492835999,0.0,True,8,10,graph_amortized_device
NVIDIA H200,bfloat16,131072,64,1,w0_f2_q1/fused_warp,2,41.4220005273819,,True,8,10,graph_amortized_device
NVIDIA H200,bfloat16,131072,64,1,w0_f4_q1/warp,2,14.18360024690628,0.0,True,8,10,graph_amortized_device
NVIDIA H200,bfloat16,131072,64,1,w0_f4_q1/fused_warp,2,21.759599447250366,,True,8,10,graph_amortized_device
NVIDIA H200,bfloat16,131072,64,1,w0_f8_q1/warp,2,14.01119977235794,0.0,True,8,10,graph_amortized_device
NVIDIA H200,bfloat16,131072,64,1,w0_f8_q1/fused_warp,2,19.753600656986237,,True,8,10,graph_amortized_device
NVIDIA H200,bfloat16,131072,64,1,dao,2,81.66159987449646,0.0,True,8,10,graph_amortized_device
NVIDIA H200,bfloat16,131072,64,1,dao_plus_quant,2,161.1732006072998,,True,8,10,graph_amortized_device
NVIDIA H200,bfloat16,131072,64,1,w0_f0_q0/warp,3,14.253200590610504,0.0,True,8,10,graph_amortized_device
NVIDIA H200,bfloat16,131072,64,1,dao_plus_quant,3,161.03800535202026,,True,8,10,graph_amortized_device
NVIDIA H200,bfloat16,131072,64,1,dao,3,80.9611976146698,0.0,True,8,10,graph_amortized_device
NVIDIA H200,bfloat16,131072,64,1,w0_f8_q1/fused_warp,3,19.76799964904785,,True,8,10,graph_amortized_device
NVIDIA H200,bfloat16,131072,64,1,w0_f8_q1/warp,3,13.991600275039673,0.0,True,8,10,graph_amortized_device
NVIDIA H200,bfloat16,131072,64,1,w0_f4_q1/fused_warp,3,21.802400052547455,,True,8,10,graph_amortized_device
NVIDIA H200,bfloat16,131072,64,1,w0_f4_q1/warp,3,14.18440043926239,0.0,True,8,10,graph_amortized_device
NVIDIA H200,bfloat16,131072,64,1,w0_f2_q1/fused_warp,3,41.57919883728027,,True,8,10,graph_amortized_device
NVIDIA H200,bfloat16,131072,64,1,w0_f2_q1/warp,3,14.14400041103363,0.0,True,8,10,graph_amortized_device
NVIDIA H200,bfloat16,131072,64,1,w8_f8_q0/fused_warp,3,19.643600285053253,,True,8,10,graph_amortized_device
NVIDIA H200,bfloat16,131072,64,1,w8_f8_q0/warp,3,14.239999651908875,0.0,True,8,10,graph_amortized_device
NVIDIA H200,bfloat16,131072,64,1,w4_f4_q0/fused_warp,3,21.834799647331238,,True,8,10,graph_amortized_device
NVIDIA H200,bfloat16,131072,64,1,w4_f4_q0/warp,3,21.85080051422119,0.0,True,8,10,graph_amortized_device
NVIDIA H200,bfloat16,131072,64,1,w2_f2_q0/fused_warp,3,41.58799946308136,,True,8,10,graph_amortized_device
NVIDIA H200,bfloat16,131072,64,1,w2_f2_q0/warp,3,41.59199893474579,0.0,True,8,10,graph_amortized_device
NVIDIA H200,bfloat16,131072,64,1,w0_f0_q0/fused_warp,3,19.540399312973022,,True,8,10,graph_amortized_device
NVIDIA H200,bfloat16,131072,64,1,w2_f2_q0/warp,4,41.60839915275574,0.0,True,8,10,graph_amortized_device
NVIDIA H200,bfloat16,131072,64,1,w2_f2_q0/fused_warp,4,41.59879982471466,,True,8,10,graph_amortized_device
NVIDIA H200,bfloat16,131072,64,1,w4_f4_q0/warp,4,21.849200129508972,0.0,True,8,10,graph_amortized_device
NVIDIA H200,bfloat16,131072,64,1,w4_f4_q0/fused_warp,4,21.836000680923462,,True,8,10,graph_amortized_device
NVIDIA H200,bfloat16,131072,64,1,w8_f8_q0/warp,4,14.235199987888336,0.0,True,8,10,graph_amortized_device
NVIDIA H200,bfloat16,131072,64,1,w8_f8_q0/fused_warp,4,19.57480013370514,,True,8,10,graph_amortized_device
NVIDIA H200,bfloat16,131072,64,1,w0_f2_q1/warp,4,14.099200069904327,0.0,True,8,10,graph_amortized_device
NVIDIA H200,bfloat16,131072,64,1,w0_f2_q1/fused_warp,4,41.56759977340698,,True,8,10,graph_amortized_device
NVIDIA H200,bfloat16,131072,64,1,w0_f4_q1/warp,4,14.146000146865845,0.0,True,8,10,graph_amortized_device
NVIDIA H200,bfloat16,131072,64,1,w0_f4_q1/fused_warp,4,21.834400296211243,,True,8,10,graph_amortized_device
NVIDIA H200,bfloat16,131072,64,1,w0_f8_q1/warp,4,14.027200639247894,0.0,True,8,10,graph_amortized_device
NVIDIA H200,bfloat16,131072,64,1,w0_f8_q1/fused_warp,4,19.71839964389801,,True,8,10,graph_amortized_device
NVIDIA H200,bfloat16,131072,64,1,dao,4,81.30959868431091,0.0,True,8,10,graph_amortized_device
NVIDIA H200,bfloat16,131072,64,1,dao_plus_quant,4,161.8224024772644,,True,8,10,graph_amortized_device
NVIDIA H200,bfloat16,131072,64,1,w0_f0_q0/warp,4,14.229199290275574,0.0,True,8,10,graph_amortized_device
NVIDIA H200,bfloat16,131072,64,1,w0_f0_q0/fused_warp,4,19.585999846458435,,True,8,10,graph_amortized_device
NVIDIA H200,bfloat16,1,128,1,dao,0,1.815200038254261,0.0,True,8,10,graph_amortized_device
NVIDIA H200,bfloat16,1,128,1,dao_plus_quant,0,3.254000097513199,,True,8,10,graph_amortized_device
NVIDIA H200,bfloat16,1,128,1,w0_f0_q0/warp,0,1.7007999122142792,0.0,True,8,10,graph_amortized_device
NVIDIA H200,bfloat16,1,128,1,w0_f0_q0/fused_warp,0,1.9195999950170517,,True,8,10,graph_amortized_device
NVIDIA H200,bfloat16,1,128,1,w2_f2_q0/warp,0,1.7108000814914703,0.0,True,8,10,graph_amortized_device
NVIDIA H200,bfloat16,1,128,1,w2_f2_q0/fused_warp,0,2.0020000636577606,,True,8,10,graph_amortized_device
NVIDIA H200,bfloat16,1,128,1,w4_f4_q0/warp,0,1.7368000000715256,0.0,True,8,10,graph_amortized_device
NVIDIA H200,bfloat16,1,128,1,w4_f4_q0/fused_warp,0,1.8988000229001045,,True,8,10,graph_amortized_device
NVIDIA H200,bfloat16,1,128,1,w8_f8_q0/warp,0,1.6147999092936516,0.0,True,8,10,graph_amortized_device
NVIDIA H200,bfloat16,1,128,1,w8_f8_q0/fused_warp,0,2.019600011408329,,True,8,10,graph_amortized_device
NVIDIA H200,bfloat16,1,128,1,w0_f2_q1/warp,0,1.6707999631762505,0.0,True,8,10,graph_amortized_device
NVIDIA H200,bfloat16,1,128,1,w0_f2_q1/fused_warp,0,1.8912000581622124,,True,8,10,graph_amortized_device
NVIDIA H200,bfloat16,1,128,1,w0_f4_q1/warp,0,1.7271999269723892,0.0,True,8,10,graph_amortized_device
NVIDIA H200,bfloat16,1,128,1,w0_f4_q1/fused_warp,0,1.9703999161720276,,True,8,10,graph_amortized_device
NVIDIA H200,bfloat16,1,128,1,w0_f8_q1/warp,0,1.6736000776290894,0.0,True,8,10,graph_amortized_device
NVIDIA H200,bfloat16,1,128,1,w0_f8_q1/fused_warp,0,2.0075999200344086,,True,8,10,graph_amortized_device
NVIDIA H200,bfloat16,1,128,1,dao,1,1.7815999686717987,0.0,True,8,10,graph_amortized_device
NVIDIA H200,bfloat16,1,128,1,w0_f8_q1/fused_warp,1,2.0096000283956528,,True,8,10,graph_amortized_device
NVIDIA H200,bfloat16,1,128,1,w0_f8_q1/warp,1,1.6728000715374947,0.0,True,8,10,graph_amortized_device
NVIDIA H200,bfloat16,1,128,1,w0_f4_q1/fused_warp,1,1.9732000306248665,,True,8,10,graph_amortized_device
NVIDIA H200,bfloat16,1,128,1,w0_f4_q1/warp,1,1.780799962580204,0.0,True,8,10,graph_amortized_device
NVIDIA H200,bfloat16,1,128,1,w0_f2_q1/fused_warp,1,1.9104000180959702,,True,8,10,graph_amortized_device
NVIDIA H200,bfloat16,1,128,1,w0_f2_q1/warp,1,1.6631999984383583,0.0,True,8,10,graph_amortized_device
NVIDIA H200,bfloat16,1,128,1,w8_f8_q0/fused_warp,1,2.0104000344872475,,True,8,10,graph_amortized_device
NVIDIA H200,bfloat16,1,128,1,w8_f8_q0/warp,1,1.6340000554919243,0.0,True,8,10,graph_amortized_device
NVIDIA H200,bfloat16,1,128,1,w4_f4_q0/fused_warp,1,1.905599981546402,,True,8,10,graph_amortized_device
NVIDIA H200,bfloat16,1,128,1,w4_f4_q0/warp,1,1.7128000035881996,0.0,True,8,10,graph_amortized_device
NVIDIA H200,bfloat16,1,128,1,w2_f2_q0/fused_warp,1,2.001200057566166,,True,8,10,graph_amortized_device
NVIDIA H200,bfloat16,1,128,1,w2_f2_q0/warp,1,1.7071999609470367,0.0,True,8,10,graph_amortized_device
NVIDIA H200,bfloat16,1,128,1,w0_f0_q0/fused_warp,1,1.916000060737133,,True,8,10,graph_amortized_device
NVIDIA H200,bfloat16,1,128,1,w0_f0_q0/warp,1,1.6971999779343605,0.0,True,8,10,graph_amortized_device
NVIDIA H200,bfloat16,1,128,1,dao_plus_quant,1,3.2531999051570892,,True,8,10,graph_amortized_device
NVIDIA H200,bfloat16,1,128,1,w0_f0_q0/warp,2,1.7047999426722527,0.0,True,8,10,graph_amortized_device
NVIDIA H200,bfloat16,1,128,1,w0_f0_q0/fused_warp,2,1.918799988925457,,True,8,10,graph_amortized_device
NVIDIA H200,bfloat16,1,128,1,w2_f2_q0/warp,2,1.709200069308281,0.0,True,8,10,graph_amortized_device
NVIDIA H200,bfloat16,1,128,1,w2_f2_q0/fused_warp,2,1.9972000271081924,,True,8,10,graph_amortized_device
NVIDIA H200,bfloat16,1,128,1,w4_f4_q0/warp,2,1.738400012254715,0.0,True,8,10,graph_amortized_device
NVIDIA H200,bfloat16,1,128,1,w4_f4_q0/fused_warp,2,1.9060000777244568,,True,8,10,graph_amortized_device
NVIDIA H200,bfloat16,1,128,1,w8_f8_q0/warp,2,1.629599928855896,0.0,True,8,10,graph_amortized_device
NVIDIA H200,bfloat16,1,128,1,w8_f8_q0/fused_warp,2,2.001599967479706,,True,8,10,graph_amortized_device
NVIDIA H200,bfloat16,1,128,1,w0_f2_q1/warp,2,1.6656000167131424,0.0,True,8,10,graph_amortized_device
NVIDIA H200,bfloat16,1,128,1,w0_f2_q1/fused_warp,2,1.9088000059127808,,True,8,10,graph_amortized_device
NVIDIA H200,bfloat16,1,128,1,w0_f4_q1/warp,2,1.7232000827789307,0.0,True,8,10,graph_amortized_device
NVIDIA H200,bfloat16,1,128,1,w0_f4_q1/fused_warp,2,1.9683999940752983,,True,8,10,graph_amortized_device
NVIDIA H200,bfloat16,1,128,1,w0_f8_q1/warp,2,1.6699999570846558,0.0,True,8,10,graph_amortized_device
NVIDIA H200,bfloat16,1,128,1,w0_f8_q1/fused_warp,2,2.0128000527620316,,True,8,10,graph_amortized_device
NVIDIA H200,bfloat16,1,128,1,dao,2,1.783199980854988,0.0,True,8,10,graph_amortized_device
NVIDIA H200,bfloat16,1,128,1,dao_plus_quant,2,3.2547999173402786,,True,8,10,graph_amortized_device
NVIDIA H200,bfloat16,1,128,1,w0_f0_q0/warp,3,1.7023999243974686,0.0,True,8,10,graph_amortized_device
NVIDIA H200,bfloat16,1,128,1,dao_plus_quant,3,3.2575998455286026,,True,8,10,graph_amortized_device
NVIDIA H200,bfloat16,1,128,1,dao,3,1.759600080549717,0.0,True,8,10,graph_amortized_device
NVIDIA H200,bfloat16,1,128,1,w0_f8_q1/fused_warp,3,2.0047999918460846,,True,8,10,graph_amortized_device
NVIDIA H200,bfloat16,1,128,1,w0_f8_q1/warp,3,1.6564000397920609,0.0,True,8,10,graph_amortized_device
NVIDIA H200,bfloat16,1,128,1,w0_f4_q1/fused_warp,3,1.9783999770879745,,True,8,10,graph_amortized_device
NVIDIA H200,bfloat16,1,128,1,w0_f4_q1/warp,3,1.7076000571250916,0.0,True,8,10,graph_amortized_device
NVIDIA H200,bfloat16,1,128,1,w0_f2_q1/fused_warp,3,1.9063999876379967,,True,8,10,graph_amortized_device
NVIDIA H200,bfloat16,1,128,1,w0_f2_q1/warp,3,1.6855999827384949,0.0,True,8,10,graph_amortized_device
NVIDIA H200,bfloat16,1,128,1,w8_f8_q0/fused_warp,3,1.995600014925003,,True,8,10,graph_amortized_device
NVIDIA H200,bfloat16,1,128,1,w8_f8_q0/warp,3,1.6327999532222748,0.0,True,8,10,graph_amortized_device
NVIDIA H200,bfloat16,1,128,1,w4_f4_q0/fused_warp,3,1.8988000229001045,,True,8,10,graph_amortized_device
NVIDIA H200,bfloat16,1,128,1,w4_f4_q0/warp,3,1.7160000279545784,0.0,True,8,10,graph_amortized_device
NVIDIA H200,bfloat16,1,128,1,w2_f2_q0/fused_warp,3,1.9948000088334084,,True,8,10,graph_amortized_device
NVIDIA H200,bfloat16,1,128,1,w2_f2_q0/warp,3,1.7052000388503075,0.0,True,8,10,graph_amortized_device
NVIDIA H200,bfloat16,1,128,1,w0_f0_q0/fused_warp,3,1.913600042462349,,True,8,10,graph_amortized_device
NVIDIA H200,bfloat16,1,128,1,w2_f2_q0/warp,4,1.7123999074101448,0.0,True,8,10,graph_amortized_device
NVIDIA H200,bfloat16,1,128,1,w2_f2_q0/fused_warp,4,1.9951999187469482,,True,8,10,graph_amortized_device
NVIDIA H200,bfloat16,1,128,1,w4_f4_q0/warp,4,1.717199943959713,0.0,True,8,10,graph_amortized_device
NVIDIA H200,bfloat16,1,128,1,w4_f4_q0/fused_warp,4,1.8944000825285912,,True,8,10,graph_amortized_device
NVIDIA H200,bfloat16,1,128,1,w8_f8_q0/warp,4,1.616000011563301,0.0,True,8,10,graph_amortized_device
NVIDIA H200,bfloat16,1,128,1,w8_f8_q0/fused_warp,4,2.014400064945221,,True,8,10,graph_amortized_device
NVIDIA H200,bfloat16,1,128,1,w0_f2_q1/warp,4,1.6496000811457634,0.0,True,8,10,graph_amortized_device
NVIDIA H200,bfloat16,1,128,1,w0_f2_q1/fused_warp,4,1.9047999754548073,,True,8,10,graph_amortized_device
NVIDIA H200,bfloat16,1,128,1,w0_f4_q1/warp,4,1.7208000645041466,0.0,True,8,10,graph_amortized_device
NVIDIA H200,bfloat16,1,128,1,w0_f4_q1/fused_warp,4,1.9727999344468117,,True,8,10,graph_amortized_device
NVIDIA H200,bfloat16,1,128,1,w0_f8_q1/warp,4,1.6707999631762505,0.0,True,8,10,graph_amortized_device
NVIDIA H200,bfloat16,1,128,1,w0_f8_q1/fused_warp,4,2.012000046670437,,True,8,10,graph_amortized_device
NVIDIA H200,bfloat16,1,128,1,dao,4,1.7656000331044197,0.0,True,8,10,graph_amortized_device
NVIDIA H200,bfloat16,1,128,1,dao_plus_quant,4,3.2531999051570892,,True,8,10,graph_amortized_device
NVIDIA H200,bfloat16,1,128,1,w0_f0_q0/warp,4,1.7007999122142792,0.0,True,8,10,graph_amortized_device
NVIDIA H200,bfloat16,1,128,1,w0_f0_q0/fused_warp,4,1.9139999523758888,,True,8,10,graph_amortized_device
NVIDIA H200,bfloat16,128,128,1,dao,0,1.9943999126553535,0.0,True,8,10,graph_amortized_device
NVIDIA H200,bfloat16,128,128,1,dao_plus_quant,0,3.4988000988960266,,True,8,10,graph_amortized_device
NVIDIA H200,bfloat16,128,128,1,w0_f0_q0/warp,0,1.836399920284748,0.0,True,8,10,graph_amortized_device
NVIDIA H200,bfloat16,128,128,1,w0_f0_q0/fused_warp,0,2.0555999130010605,,True,8,10,graph_amortized_device
NVIDIA H200,bfloat16,128,128,1,w2_f2_q0/warp,0,1.8583999946713448,0.0,True,8,10,graph_amortized_device
NVIDIA H200,bfloat16,128,128,1,w2_f2_q0/fused_warp,0,2.1320000290870667,,True,8,10,graph_amortized_device
NVIDIA H200,bfloat16,128,128,1,w4_f4_q0/warp,0,1.8200000748038292,0.0,True,8,10,graph_amortized_device
NVIDIA H200,bfloat16,128,128,1,w4_f4_q0/fused_warp,0,2.0479999482631683,,True,8,10,graph_amortized_device
NVIDIA H200,bfloat16,128,128,1,w8_f8_q0/warp,0,1.8556000664830208,0.0,True,8,10,graph_amortized_device
NVIDIA H200,bfloat16,128,128,1,w8_f8_q0/fused_warp,0,2.104800008237362,,True,8,10,graph_amortized_device
NVIDIA H200,bfloat16,128,128,1,w0_f2_q1/warp,0,1.8271999433636665,0.0,True,8,10,graph_amortized_device
NVIDIA H200,bfloat16,128,128,1,w0_f2_q1/fused_warp,0,2.088399976491928,,True,8,10,graph_amortized_device
NVIDIA H200,bfloat16,128,128,1,w0_f4_q1/warp,0,1.7920000478625298,0.0,True,8,10,graph_amortized_device
NVIDIA H200,bfloat16,128,128,1,w0_f4_q1/fused_warp,0,2.1004000678658485,,True,8,10,graph_amortized_device
NVIDIA H200,bfloat16,128,128,1,w0_f8_q1/warp,0,1.873599924147129,0.0,True,8,10,graph_amortized_device
NVIDIA H200,bfloat16,128,128,1,w0_f8_q1/fused_warp,0,2.0659999921917915,,True,8,10,graph_amortized_device
NVIDIA H200,bfloat16,128,128,1,dao,1,1.9627999514341354,0.0,True,8,10,graph_amortized_device
NVIDIA H200,bfloat16,128,128,1,w0_f8_q1/fused_warp,1,2.067999914288521,,True,8,10,graph_amortized_device
NVIDIA H200,bfloat16,128,128,1,w0_f8_q1/warp,1,1.8864000216126442,0.0,True,8,10,graph_amortized_device
NVIDIA H200,bfloat16,128,128,1,w0_f4_q1/fused_warp,1,2.2172000259160995,,True,8,10,graph_amortized_device
NVIDIA H200,bfloat16,128,128,1,w0_f4_q1/warp,1,1.8387999385595322,0.0,True,8,10,graph_amortized_device
NVIDIA H200,bfloat16,128,128,1,w0_f2_q1/fused_warp,1,2.1191999316215515,,True,8,10,graph_amortized_device
NVIDIA H200,bfloat16,128,128,1,w0_f2_q1/warp,1,1.8252000212669373,0.0,True,8,10,graph_amortized_device
NVIDIA H200,bfloat16,128,128,1,w8_f8_q0/fused_warp,1,2.110400050878525,,True,8,10,graph_amortized_device
NVIDIA H200,bfloat16,128,128,1,w8_f8_q0/warp,1,1.8583999946713448,0.0,True,8,10,graph_amortized_device
NVIDIA H200,bfloat16,128,128,1,w4_f4_q0/fused_warp,1,2.054000087082386,,True,8,10,graph_amortized_device
NVIDIA H200,bfloat16,128,128,1,w4_f4_q0/warp,1,1.8104000017046928,0.0,True,8,10,graph_amortized_device
NVIDIA H200,bfloat16,128,128,1,w2_f2_q0/fused_warp,1,2.131599932909012,,True,8,10,graph_amortized_device
NVIDIA H200,bfloat16,128,128,1,w2_f2_q0/warp,1,1.8564000725746155,0.0,True,8,10,graph_amortized_device
NVIDIA H200,bfloat16,128,128,1,w0_f0_q0/fused_warp,1,2.0552000030875206,,True,8,10,graph_amortized_device
NVIDIA H200,bfloat16,128,128,1,w0_f0_q0/warp,1,1.8316000699996948,0.0,True,8,10,graph_amortized_device
NVIDIA H200,bfloat16,128,128,1,dao_plus_quant,1,3.5020001232624054,,True,8,10,graph_amortized_device
NVIDIA H200,bfloat16,128,128,1,w0_f0_q0/warp,2,1.8308000639081001,0.0,True,8,10,graph_amortized_device
NVIDIA H200,bfloat16,128,128,1,w0_f0_q0/fused_warp,2,2.0479999482631683,,True,8,10,graph_amortized_device
NVIDIA H200,bfloat16,128,128,1,w2_f2_q0/warp,2,1.8564000725746155,0.0,True,8,10,graph_amortized_device
NVIDIA H200,bfloat16,128,128,1,w2_f2_q0/fused_warp,2,2.1291999146342278,,True,8,10,graph_amortized_device
NVIDIA H200,bfloat16,128,128,1,w4_f4_q0/warp,2,1.8120000138878822,0.0,True,8,10,graph_amortized_device
NVIDIA H200,bfloat16,128,128,1,w4_f4_q0/fused_warp,2,2.0495999604463577,,True,8,10,graph_amortized_device
NVIDIA H200,bfloat16,128,128,1,w8_f8_q0/warp,2,1.8595999106764793,0.0,True,8,10,graph_amortized_device
NVIDIA H200,bfloat16,128,128,1,w8_f8_q0/fused_warp,2,2.1031999960541725,,True,8,10,graph_amortized_device
NVIDIA H200,bfloat16,128,128,1,w0_f2_q1/warp,2,1.8107999116182327,0.0,True,8,10,graph_amortized_device
NVIDIA H200,bfloat16,128,128,1,w0_f2_q1/fused_warp,2,2.0959999412298203,,True,8,10,graph_amortized_device
NVIDIA H200,bfloat16,128,128,1,w0_f4_q1/warp,2,1.7839999869465828,0.0,True,8,10,graph_amortized_device
NVIDIA H200,bfloat16,128,128,1,w0_f4_q1/fused_warp,2,2.099600061774254,,True,8,10,graph_amortized_device
NVIDIA H200,bfloat16,128,128,1,w0_f8_q1/warp,2,1.8664000555872917,0.0,True,8,10,graph_amortized_device
NVIDIA H200,bfloat16,128,128,1,w0_f8_q1/fused_warp,2,2.072799950838089,,True,8,10,graph_amortized_device
NVIDIA H200,bfloat16,128,128,1,dao,2,1.9656000658869743,0.0,True,8,10,graph_amortized_device
NVIDIA H200,bfloat16,128,128,1,dao_plus_quant,2,3.502799943089485,,True,8,10,graph_amortized_device
NVIDIA H200,bfloat16,128,128,1,w0_f0_q0/warp,3,1.8276000395417213,0.0,True,8,10,graph_amortized_device
NVIDIA H200,bfloat16,128,128,1,dao_plus_quant,3,3.497999906539917,,True,8,10,graph_amortized_device
NVIDIA H200,bfloat16,128,128,1,dao,3,1.9624000415205956,0.0,True,8,10,graph_amortized_device
NVIDIA H200,bfloat16,128,128,1,w0_f8_q1/fused_warp,3,2.067999914288521,,True,8,10,graph_amortized_device
NVIDIA H200,bfloat16,128,128,1,w0_f8_q1/warp,3,1.8640000373125076,0.0,True,8,10,graph_amortized_device
NVIDIA H200,bfloat16,128,128,1,w0_f4_q1/fused_warp,3,2.093599922955036,,True,8,10,graph_amortized_device
NVIDIA H200,bfloat16,128,128,1,w0_f4_q1/warp,3,1.7983999103307724,0.0,True,8,10,graph_amortized_device
NVIDIA H200,bfloat16,128,128,1,w0_f2_q1/fused_warp,3,2.0972000434994698,,True,8,10,graph_amortized_device
NVIDIA H200,bfloat16,128,128,1,w0_f2_q1/warp,3,1.7804000526666641,0.0,True,8,10,graph_amortized_device
NVIDIA H200,bfloat16,128,128,1,w8_f8_q0/fused_warp,3,2.1091999486088753,,True,8,10,graph_amortized_device
NVIDIA H200,bfloat16,128,128,1,w8_f8_q0/warp,3,1.8600000068545341,0.0,True,8,10,graph_amortized_device
NVIDIA H200,bfloat16,128,128,1,w4_f4_q0/fused_warp,3,2.0552000030875206,,True,8,10,graph_amortized_device
NVIDIA H200,bfloat16,128,128,1,w4_f4_q0/warp,3,1.812800019979477,0.0,True,8,10,graph_amortized_device
NVIDIA H200,bfloat16,128,128,1,w2_f2_q0/fused_warp,3,2.1304000169038773,,True,8,10,graph_amortized_device
NVIDIA H200,bfloat16,128,128,1,w2_f2_q0/warp,3,1.8583999946713448,0.0,True,8,10,graph_amortized_device
NVIDIA H200,bfloat16,128,128,1,w0_f0_q0/fused_warp,3,2.037999965250492,,True,8,10,graph_amortized_device
NVIDIA H200,bfloat16,128,128,1,w2_f2_q0/warp,4,1.854800060391426,0.0,True,8,10,graph_amortized_device
NVIDIA H200,bfloat16,128,128,1,w2_f2_q0/fused_warp,4,2.131599932909012,,True,8,10,graph_amortized_device
NVIDIA H200,bfloat16,128,128,1,w4_f4_q0/warp,4,1.817600056529045,0.0,True,8,10,graph_amortized_device
NVIDIA H200,bfloat16,128,128,1,w4_f4_q0/fused_warp,4,2.0532000809907913,,True,8,10,graph_amortized_device
NVIDIA H200,bfloat16,128,128,1,w8_f8_q0/warp,4,1.8580000847578049,0.0,True,8,10,graph_amortized_device
NVIDIA H200,bfloat16,128,128,1,w8_f8_q0/fused_warp,4,2.104000002145767,,True,8,10,graph_amortized_device
NVIDIA H200,bfloat16,128,128,1,w0_f2_q1/warp,4,1.8255999311804771,0.0,True,8,10,graph_amortized_device
NVIDIA H200,bfloat16,128,128,1,w0_f2_q1/fused_warp,4,2.0983999595046043,,True,8,10,graph_amortized_device
NVIDIA H200,bfloat16,128,128,1,w0_f4_q1/warp,4,1.7599999904632568,0.0,True,8,10,graph_amortized_device
NVIDIA H200,bfloat16,128,128,1,w0_f4_q1/fused_warp,4,2.0999999716877937,,True,8,10,graph_amortized_device
NVIDIA H200,bfloat16,128,128,1,w0_f8_q1/warp,4,1.865999959409237,0.0,True,8,10,graph_amortized_device
NVIDIA H200,bfloat16,128,128,1,w0_f8_q1/fused_warp,4,2.179200015962124,,True,8,10,graph_amortized_device
NVIDIA H200,bfloat16,128,128,1,dao,4,2.019600011408329,0.0,True,8,10,graph_amortized_device
NVIDIA H200,bfloat16,128,128,1,dao_plus_quant,4,3.502799943089485,,True,8,10,graph_amortized_device
NVIDIA H200,bfloat16,128,128,1,w0_f0_q0/warp,4,1.833599992096424,0.0,True,8,10,graph_amortized_device
NVIDIA H200,bfloat16,128,128,1,w0_f0_q0/fused_warp,4,2.05719992518425,,True,8,10,graph_amortized_device
NVIDIA H200,bfloat16,16384,128,1,dao,0,11.687199771404266,0.0,True,8,10,graph_amortized_device
NVIDIA H200,bfloat16,16384,128,1,dao_plus_quant,0,22.844399511814117,,True,8,10,graph_amortized_device
NVIDIA H200,bfloat16,16384,128,1,w0_f0_q0/warp,0,4.307200014591217,0.0,True,8,10,graph_amortized_device
NVIDIA H200,bfloat16,16384,128,1,w0_f0_q0/fused_warp,0,5.224800109863281,,True,8,10,graph_amortized_device
NVIDIA H200,bfloat16,16384,128,1,w2_f2_q0/warp,0,6.626400351524353,0.0,True,8,10,graph_amortized_device
NVIDIA H200,bfloat16,16384,128,1,w2_f2_q0/fused_warp,0,7.051999866962433,,True,8,10,graph_amortized_device
NVIDIA H200,bfloat16,16384,128,1,w4_f4_q0/warp,0,4.370399937033653,0.0,True,8,10,graph_amortized_device
NVIDIA H200,bfloat16,16384,128,1,w4_f4_q0/fused_warp,0,5.183999985456467,,True,8,10,graph_amortized_device
NVIDIA H200,bfloat16,16384,128,1,w8_f8_q0/warp,0,3.877599909901619,0.0,True,8,10,graph_amortized_device
NVIDIA H200,bfloat16,16384,128,1,w8_f8_q0/fused_warp,0,5.119999870657921,,True,8,10,graph_amortized_device
NVIDIA H200,bfloat16,16384,128,1,w0_f2_q1/warp,0,4.259999841451645,0.0,True,8,10,graph_amortized_device
NVIDIA H200,bfloat16,16384,128,1,w0_f2_q1/fused_warp,0,7.07160010933876,,True,8,10,graph_amortized_device
NVIDIA H200,bfloat16,16384,128,1,w0_f4_q1/warp,0,4.357999935746193,0.0,True,8,10,graph_amortized_device
NVIDIA H200,bfloat16,16384,128,1,w0_f4_q1/fused_warp,0,5.167999863624573,,True,8,10,graph_amortized_device
NVIDIA H200,bfloat16,16384,128,1,w0_f8_q1/warp,0,4.285600036382675,0.0,True,8,10,graph_amortized_device
NVIDIA H200,bfloat16,16384,128,1,w0_f8_q1/fused_warp,0,5.144000053405762,,True,8,10,graph_amortized_device
NVIDIA H200,bfloat16,16384,128,1,dao,1,11.67920008301735,0.0,True,8,10,graph_amortized_device
NVIDIA H200,bfloat16,16384,128,1,w0_f8_q1/fused_warp,1,5.133999884128571,,True,8,10,graph_amortized_device
NVIDIA H200,bfloat16,16384,128,1,w0_f8_q1/warp,1,4.28519994020462,0.0,True,8,10,graph_amortized_device
NVIDIA H200,bfloat16,16384,128,1,w0_f4_q1/fused_warp,1,5.160799995064735,,True,8,10,graph_amortized_device
NVIDIA H200,bfloat16,16384,128,1,w0_f4_q1/warp,1,4.2663998901844025,0.0,True,8,10,graph_amortized_device
NVIDIA H200,bfloat16,16384,128,1,w0_f2_q1/fused_warp,1,7.053200155496597,,True,8,10,graph_amortized_device
NVIDIA H200,bfloat16,16384,128,1,w0_f2_q1/warp,1,4.25960011780262,0.0,True,8,10,graph_amortized_device
NVIDIA H200,bfloat16,16384,128,1,w8_f8_q0/fused_warp,1,5.1180001348257065,,True,8,10,graph_amortized_device
NVIDIA H200,bfloat16,16384,128,1,w8_f8_q0/warp,1,3.959599882364273,0.0,True,8,10,graph_amortized_device
NVIDIA H200,bfloat16,16384,128,1,w4_f4_q0/fused_warp,1,5.185199901461601,,True,8,10,graph_amortized_device
NVIDIA H200,bfloat16,16384,128,1,w4_f4_q0/warp,1,4.362399876117706,0.0,True,8,10,graph_amortized_device
NVIDIA H200,bfloat16,16384,128,1,w2_f2_q0/fused_warp,1,7.045599818229675,,True,8,10,graph_amortized_device
NVIDIA H200,bfloat16,16384,128,1,w2_f2_q0/warp,1,6.625200062990189,0.0,True,8,10,graph_amortized_device
NVIDIA H200,bfloat16,16384,128,1,w0_f0_q0/fused_warp,1,5.225199833512306,,True,8,10,graph_amortized_device
NVIDIA H200,bfloat16,16384,128,1,w0_f0_q0/warp,1,4.322399944067001,0.0,True,8,10,graph_amortized_device
NVIDIA H200,bfloat16,16384,128,1,dao_plus_quant,1,22.832800447940826,,True,8,10,graph_amortized_device
NVIDIA H200,bfloat16,16384,128,1,w0_f0_q0/warp,2,4.301999881863594,0.0,True,8,10,graph_amortized_device
NVIDIA H200,bfloat16,16384,128,1,w0_f0_q0/fused_warp,2,5.220400169491768,,True,8,10,graph_amortized_device
NVIDIA H200,bfloat16,16384,128,1,w2_f2_q0/warp,2,6.62200003862381,0.0,True,8,10,graph_amortized_device
NVIDIA H200,bfloat16,16384,128,1,w2_f2_q0/fused_warp,2,7.0288002490997314,,True,8,10,graph_amortized_device
NVIDIA H200,bfloat16,16384,128,1,w4_f4_q0/warp,2,4.345199838280678,0.0,True,8,10,graph_amortized_device
NVIDIA H200,bfloat16,16384,128,1,w4_f4_q0/fused_warp,2,5.183599889278412,,True,8,10,graph_amortized_device
NVIDIA H200,bfloat16,16384,128,1,w8_f8_q0/warp,2,3.885199874639511,0.0,True,8,10,graph_amortized_device
NVIDIA H200,bfloat16,16384,128,1,w8_f8_q0/fused_warp,2,5.125999823212624,,True,8,10,graph_amortized_device
NVIDIA H200,bfloat16,16384,128,1,w0_f2_q1/warp,2,4.32559996843338,0.0,True,8,10,graph_amortized_device
NVIDIA H200,bfloat16,16384,128,1,w0_f2_q1/fused_warp,2,7.0528000593185425,,True,8,10,graph_amortized_device
NVIDIA H200,bfloat16,16384,128,1,w0_f4_q1/warp,2,4.273999854922295,0.0,True,8,10,graph_amortized_device
NVIDIA H200,bfloat16,16384,128,1,w0_f4_q1/fused_warp,2,5.162400007247925,,True,8,10,graph_amortized_device
NVIDIA H200,bfloat16,16384,128,1,w0_f8_q1/warp,2,4.293999820947647,0.0,True,8,10,graph_amortized_device
NVIDIA H200,bfloat16,16384,128,1,w0_f8_q1/fused_warp,2,5.151600018143654,,True,8,10,graph_amortized_device
NVIDIA H200,bfloat16,16384,128,1,dao,2,11.753600090742111,0.0,True,8,10,graph_amortized_device
NVIDIA H200,bfloat16,16384,128,1,dao_plus_quant,2,22.83480018377304,,True,8,10,graph_amortized_device
NVIDIA H200,bfloat16,16384,128,1,w0_f0_q0/warp,3,4.3060000985860825,0.0,True,8,10,graph_amortized_device
NVIDIA H200,bfloat16,16384,128,1,dao_plus_quant,3,22.8192001581192,,True,8,10,graph_amortized_device
NVIDIA H200,bfloat16,16384,128,1,dao,3,11.67519986629486,0.0,True,8,10,graph_amortized_device
NVIDIA H200,bfloat16,16384,128,1,w0_f8_q1/fused_warp,3,5.127599835395813,,True,8,10,graph_amortized_device
NVIDIA H200,bfloat16,16384,128,1,w0_f8_q1/warp,3,4.282800108194351,0.0,True,8,10,graph_amortized_device
NVIDIA H200,bfloat16,16384,128,1,w0_f4_q1/fused_warp,3,5.177599936723709,,True,8,10,graph_amortized_device
NVIDIA H200,bfloat16,16384,128,1,w0_f4_q1/warp,3,4.279199987649918,0.0,True,8,10,graph_amortized_device
NVIDIA H200,bfloat16,16384,128,1,w0_f2_q1/fused_warp,3,7.0528000593185425,,True,8,10,graph_amortized_device
NVIDIA H200,bfloat16,16384,128,1,w0_f2_q1/warp,3,4.394000023603439,0.0,True,8,10,graph_amortized_device
NVIDIA H200,bfloat16,16384,128,1,w8_f8_q0/fused_warp,3,5.127599835395813,,True,8,10,graph_amortized_device
NVIDIA H200,bfloat16,16384,128,1,w8_f8_q0/warp,3,3.8927998393774033,0.0,True,8,10,graph_amortized_device
NVIDIA H200,bfloat16,16384,128,1,w4_f4_q0/fused_warp,3,5.184800177812576,,True,8,10,graph_amortized_device
NVIDIA H200,bfloat16,16384,128,1,w4_f4_q0/warp,3,4.416000097990036,0.0,True,8,10,graph_amortized_device
NVIDIA H200,bfloat16,16384,128,1,w2_f2_q0/fused_warp,3,7.040800154209137,,True,8,10,graph_amortized_device
NVIDIA H200,bfloat16,16384,128,1,w2_f2_q0/warp,3,6.6211998462677,0.0,True,8,10,graph_amortized_device
NVIDIA H200,bfloat16,16384,128,1,w0_f0_q0/fused_warp,3,5.231200158596039,,True,8,10,graph_amortized_device
NVIDIA H200,bfloat16,16384,128,1,w2_f2_q0/warp,4,6.622400134801865,0.0,True,8,10,graph_amortized_device
NVIDIA H200,bfloat16,16384,128,1,w2_f2_q0/fused_warp,4,7.03359991312027,,True,8,10,graph_amortized_device
NVIDIA H200,bfloat16,16384,128,1,w4_f4_q0/warp,4,4.335999861359596,0.0,True,8,10,graph_amortized_device
NVIDIA H200,bfloat16,16384,128,1,w4_f4_q0/fused_warp,4,5.1736000925302505,,True,8,10,graph_amortized_device
NVIDIA H200,bfloat16,16384,128,1,w8_f8_q0/warp,4,3.8924001157283783,0.0,True,8,10,graph_amortized_device
NVIDIA H200,bfloat16,16384,128,1,w8_f8_q0/fused_warp,4,5.138799920678139,,True,8,10,graph_amortized_device
NVIDIA H200,bfloat16,16384,128,1,w0_f2_q1/warp,4,4.259999841451645,0.0,True,8,10,graph_amortized_device
NVIDIA H200,bfloat16,16384,128,1,w0_f2_q1/fused_warp,4,7.054000347852707,,True,8,10,graph_amortized_device
NVIDIA H200,bfloat16,16384,128,1,w0_f4_q1/warp,4,4.2660001665353775,0.0,True,8,10,graph_amortized_device
NVIDIA H200,bfloat16,16384,128,1,w0_f4_q1/fused_warp,4,5.167600139975548,,True,8,10,graph_amortized_device
NVIDIA H200,bfloat16,16384,128,1,w0_f8_q1/warp,4,4.281599819660187,0.0,True,8,10,graph_amortized_device
NVIDIA H200,bfloat16,16384,128,1,w0_f8_q1/fused_warp,4,5.161599814891815,,True,8,10,graph_amortized_device
NVIDIA H200,bfloat16,16384,128,1,dao,4,11.685200035572052,0.0,True,8,10,graph_amortized_device
NVIDIA H200,bfloat16,16384,128,1,dao_plus_quant,4,22.83719927072525,,True,8,10,graph_amortized_device
NVIDIA H200,bfloat16,16384,128,1,w0_f0_q0/warp,4,4.323599860072136,0.0,True,8,10,graph_amortized_device
NVIDIA H200,bfloat16,16384,128,1,w0_f0_q0/fused_warp,4,5.228399857878685,,True,8,10,graph_amortized_device
NVIDIA H200,bfloat16,131072,128,1,dao,0,81.19999766349792,0.0,True,8,10,graph_amortized_device
NVIDIA H200,bfloat16,131072,128,1,dao_plus_quant,0,161.5123987197876,,True,8,10,graph_amortized_device
NVIDIA H200,bfloat16,131072,128,1,w0_f0_q0/warp,0,22.818799316883087,0.0,True,8,10,graph_amortized_device
NVIDIA H200,bfloat16,131072,128,1,w0_f0_q0/fused_warp,0,28.624799847602844,,True,8,10,graph_amortized_device
NVIDIA H200,bfloat16,131072,128,1,w2_f2_q0/warp,0,41.71440005302429,0.0,True,8,10,graph_amortized_device
NVIDIA H200,bfloat16,131072,128,1,w2_f2_q0/fused_warp,0,41.96160137653351,,True,8,10,graph_amortized_device
NVIDIA H200,bfloat16,131072,128,1,w4_f4_q0/warp,0,22.789999842643738,0.0,True,8,10,graph_amortized_device
NVIDIA H200,bfloat16,131072,128,1,w4_f4_q0/fused_warp,0,28.68039906024933,,True,8,10,graph_amortized_device
NVIDIA H200,bfloat16,131072,128,1,w8_f8_q0/warp,0,22.30439931154251,0.0,True,8,10,graph_amortized_device
NVIDIA H200,bfloat16,131072,128,1,w8_f8_q0/fused_warp,0,28.7555992603302,,True,8,10,graph_amortized_device
NVIDIA H200,bfloat16,131072,128,1,w0_f2_q1/warp,0,22.80600070953369,0.0,True,8,10,graph_amortized_device
NVIDIA H200,bfloat16,131072,128,1,w0_f2_q1/fused_warp,0,41.917601227760315,,True,8,10,graph_amortized_device
NVIDIA H200,bfloat16,131072,128,1,w0_f4_q1/warp,0,22.831200063228607,0.0,True,8,10,graph_amortized_device
NVIDIA H200,bfloat16,131072,128,1,w0_f4_q1/fused_warp,0,28.670400381088257,,True,8,10,graph_amortized_device
NVIDIA H200,bfloat16,131072,128,1,w0_f8_q1/warp,0,22.801199555397034,0.0,True,8,10,graph_amortized_device
NVIDIA H200,bfloat16,131072,128,1,w0_f8_q1/fused_warp,0,28.87440025806427,,True,8,10,graph_amortized_device
NVIDIA H200,bfloat16,131072,128,1,dao,1,81.13160133361816,0.0,True,8,10,graph_amortized_device
NVIDIA H200,bfloat16,131072,128,1,w0_f8_q1/fused_warp,1,28.89080047607422,,True,8,10,graph_amortized_device
NVIDIA H200,bfloat16,131072,128,1,w0_f8_q1/warp,1,22.8083997964859,0.0,True,8,10,graph_amortized_device
NVIDIA H200,bfloat16,131072,128,1,w0_f4_q1/fused_warp,1,28.648000955581665,,True,8,10,graph_amortized_device
NVIDIA H200,bfloat16,131072,128,1,w0_f4_q1/warp,1,22.84560054540634,0.0,True,8,10,graph_amortized_device
NVIDIA H200,bfloat16,131072,128,1,w0_f2_q1/fused_warp,1,41.901201009750366,,True,8,10,graph_amortized_device
NVIDIA H200,bfloat16,131072,128,1,w0_f2_q1/warp,1,22.801199555397034,0.0,True,8,10,graph_amortized_device
NVIDIA H200,bfloat16,131072,128,1,w8_f8_q0/fused_warp,1,28.773200511932373,,True,8,10,graph_amortized_device
NVIDIA H200,bfloat16,131072,128,1,w8_f8_q0/warp,1,22.327999770641327,0.0,True,8,10,graph_amortized_device
NVIDIA H200,bfloat16,131072,128,1,w4_f4_q0/fused_warp,1,28.722798824310303,,True,8,10,graph_amortized_device
NVIDIA H200,bfloat16,131072,128,1,w4_f4_q0/warp,1,22.788000106811523,0.0,True,8,10,graph_amortized_device
NVIDIA H200,bfloat16,131072,128,1,w2_f2_q0/fused_warp,1,41.94920063018799,,True,8,10,graph_amortized_device
NVIDIA H200,bfloat16,131072,128,1,w2_f2_q0/warp,1,41.705599427223206,0.0,True,8,10,graph_amortized_device
NVIDIA H200,bfloat16,131072,128,1,w0_f0_q0/fused_warp,1,28.64679992198944,,True,8,10,graph_amortized_device
NVIDIA H200,bfloat16,131072,128,1,w0_f0_q0/warp,1,22.804799675941467,0.0,True,8,10,graph_amortized_device
NVIDIA H200,bfloat16,131072,128,1,dao_plus_quant,1,161.4143967628479,,True,8,10,graph_amortized_device
NVIDIA H200,bfloat16,131072,128,1,w0_f0_q0/warp,2,22.792400419712067,0.0,True,8,10,graph_amortized_device
NVIDIA H200,bfloat16,131072,128,1,w0_f0_q0/fused_warp,2,28.653600811958313,,True,8,10,graph_amortized_device
NVIDIA H200,bfloat16,131072,128,1,w2_f2_q0/warp,2,42.04559922218323,0.0,True,8,10,graph_amortized_device
NVIDIA H200,bfloat16,131072,128,1,w2_f2_q0/fused_warp,2,42.24439859390259,,True,8,10,graph_amortized_device
NVIDIA H200,bfloat16,131072,128,1,w4_f4_q0/warp,2,22.790800034999847,0.0,True,8,10,graph_amortized_device
NVIDIA H200,bfloat16,131072,128,1,w4_f4_q0/fused_warp,2,28.67000102996826,,True,8,10,graph_amortized_device
NVIDIA H200,bfloat16,131072,128,1,w8_f8_q0/warp,2,22.33079969882965,0.0,True,8,10,graph_amortized_device
NVIDIA H200,bfloat16,131072,128,1,w8_f8_q0/fused_warp,2,28.78440022468567,,True,8,10,graph_amortized_device
NVIDIA H200,bfloat16,131072,128,1,w0_f2_q1/warp,2,22.735600173473358,0.0,True,8,10,graph_amortized_device
NVIDIA H200,bfloat16,131072,128,1,w0_f2_q1/fused_warp,2,41.87439978122711,,True,8,10,graph_amortized_device
NVIDIA H200,bfloat16,131072,128,1,w0_f4_q1/warp,2,22.841599583625793,0.0,True,8,10,graph_amortized_device
NVIDIA H200,bfloat16,131072,128,1,w0_f4_q1/fused_warp,2,28.660398721694946,,True,8,10,graph_amortized_device
NVIDIA H200,bfloat16,131072,128,1,w0_f8_q1/warp,2,22.82640039920807,0.0,True,8,10,graph_amortized_device
NVIDIA H200,bfloat16,131072,128,1,w0_f8_q1/fused_warp,2,28.90479862689972,,True,8,10,graph_amortized_device
NVIDIA H200,bfloat16,131072,128,1,dao,2,81.36919736862183,0.0,True,8,10,graph_amortized_device
NVIDIA H200,bfloat16,131072,128,1,dao_plus_quant,2,161.88839673995972,,True,8,10,graph_amortized_device
NVIDIA H200,bfloat16,131072,128,1,w0_f0_q0/warp,3,22.835999727249146,0.0,True,8,10,graph_amortized_device
NVIDIA H200,bfloat16,131072,128,1,dao_plus_quant,3,161.9163990020752,,True,8,10,graph_amortized_device
NVIDIA H200,bfloat16,131072,128,1,dao,3,81.42200112342834,0.0,True,8,10,graph_amortized_device
NVIDIA H200,bfloat16,131072,128,1,w0_f8_q1/fused_warp,3,28.908398747444153,,True,8,10,graph_amortized_device
NVIDIA H200,bfloat16,131072,128,1,w0_f8_q1/warp,3,22.841599583625793,0.0,True,8,10,graph_amortized_device
NVIDIA H200,bfloat16,131072,128,1,w0_f4_q1/fused_warp,3,28.665199875831604,,True,8,10,graph_amortized_device
NVIDIA H200,bfloat16,131072,128,1,w0_f4_q1/warp,3,22.88520038127899,0.0,True,8,10,graph_amortized_device
NVIDIA H200,bfloat16,131072,128,1,w0_f2_q1/fused_warp,3,42.00960099697113,,True,8,10,graph_amortized_device
NVIDIA H200,bfloat16,131072,128,1,w0_f2_q1/warp,3,22.813600301742554,0.0,True,8,10,graph_amortized_device
NVIDIA H200,bfloat16,131072,128,1,w8_f8_q0/fused_warp,3,28.816398978233337,,True,8,10,graph_amortized_device
NVIDIA H200,bfloat16,131072,128,1,w8_f8_q0/warp,3,22.42240011692047,0.0,True,8,10,graph_amortized_device
NVIDIA H200,bfloat16,131072,128,1,w4_f4_q0/fused_warp,3,28.724399209022522,,True,8,10,graph_amortized_device
NVIDIA H200,bfloat16,131072,128,1,w4_f4_q0/warp,3,22.844000160694122,0.0,True,8,10,graph_amortized_device
NVIDIA H200,bfloat16,131072,128,1,w2_f2_q0/fused_warp,3,42.055198550224304,,True,8,10,graph_amortized_device
NVIDIA H200,bfloat16,131072,128,1,w2_f2_q0/warp,3,41.733598709106445,0.0,True,8,10,graph_amortized_device
NVIDIA H200,bfloat16,131072,128,1,w0_f0_q0/fused_warp,3,28.653600811958313,,True,8,10,graph_amortized_device
NVIDIA H200,bfloat16,131072,128,1,w2_f2_q0/warp,4,41.665199398994446,0.0,True,8,10,graph_amortized_device
NVIDIA H200,bfloat16,131072,128,1,w2_f2_q0/fused_warp,4,41.94839894771576,,True,8,10,graph_amortized_device
NVIDIA H200,bfloat16,131072,128,1,w4_f4_q0/warp,4,22.756800055503845,0.0,True,8,10,graph_amortized_device
NVIDIA H200,bfloat16,131072,128,1,w4_f4_q0/fused_warp,4,28.765198588371277,,True,8,10,graph_amortized_device
NVIDIA H200,bfloat16,131072,128,1,w8_f8_q0/warp,4,22.310400009155273,0.0,True,8,10,graph_amortized_device
NVIDIA H200,bfloat16,131072,128,1,w8_f8_q0/fused_warp,4,28.907999396324158,,True,8,10,graph_amortized_device
NVIDIA H200,bfloat16,131072,128,1,w0_f2_q1/warp,4,22.777199745178223,0.0,True,8,10,graph_amortized_device
NVIDIA H200,bfloat16,131072,128,1,w0_f2_q1/fused_warp,4,41.88480079174042,,True,8,10,graph_amortized_device
NVIDIA H200,bfloat16,131072,128,1,w0_f4_q1/warp,4,22.843199968338013,0.0,True,8,10,graph_amortized_device
NVIDIA H200,bfloat16,131072,128,1,w0_f4_q1/fused_warp,4,28.72759997844696,,True,8,10,graph_amortized_device
NVIDIA H200,bfloat16,131072,128,1,w0_f8_q1/warp,4,22.793200612068176,0.0,True,8,10,graph_amortized_device
NVIDIA H200,bfloat16,131072,128,1,w0_f8_q1/fused_warp,4,28.93120050430298,,True,8,10,graph_amortized_device
NVIDIA H200,bfloat16,131072,128,1,dao,4,81.12199902534485,0.0,True,8,10,graph_amortized_device
NVIDIA H200,bfloat16,131072,128,1,dao_plus_quant,4,161.3387942314148,,True,8,10,graph_amortized_device
NVIDIA H200,bfloat16,131072,128,1,w0_f0_q0/warp,4,22.804799675941467,0.0,True,8,10,graph_amortized_device
NVIDIA H200,bfloat16,131072,128,1,w0_f0_q0/fused_warp,4,28.7308007478714,,True,8,10,graph_amortized_device
NVIDIA H200,bfloat16,1,256,1,dao,0,1.9592000171542168,0.0,True,8,10,graph_amortized_device
NVIDIA H200,bfloat16,1,256,1,dao_plus_quant,0,3.085999935865402,,True,8,10,graph_amortized_device
NVIDIA H200,bfloat16,1,256,1,w0_f0_q0/warp,0,1.6752000898122787,0.0,True,8,10,graph_amortized_device
NVIDIA H200,bfloat16,1,256,1,w0_f0_q0/fused_warp,0,2.0532000809907913,,True,8,10,graph_amortized_device
NVIDIA H200,bfloat16,1,256,1,w2_f2_q0/warp,0,1.8403999507427216,0.0,True,8,10,graph_amortized_device
NVIDIA H200,bfloat16,1,256,1,w2_f2_q0/fused_warp,0,2.008800022304058,,True,8,10,graph_amortized_device
NVIDIA H200,bfloat16,1,256,1,w4_f4_q0/warp,0,1.6780000180006027,0.0,True,8,10,graph_amortized_device
NVIDIA H200,bfloat16,1,256,1,w4_f4_q0/fused_warp,0,2.093599922955036,,True,8,10,graph_amortized_device
NVIDIA H200,bfloat16,1,256,1,w8_f8_q0/warp,0,1.6844000667333603,0.0,True,8,10,graph_amortized_device
NVIDIA H200,bfloat16,1,256,1,w8_f8_q0/fused_warp,0,2.088399976491928,,True,8,10,graph_amortized_device
NVIDIA H200,bfloat16,1,256,1,w0_f2_q1/warp,0,1.7211999744176865,0.0,True,8,10,graph_amortized_device
NVIDIA H200,bfloat16,1,256,1,w0_f2_q1/fused_warp,0,1.9843999296426773,,True,8,10,graph_amortized_device
NVIDIA H200,bfloat16,1,256,1,w0_f4_q1/warp,0,1.7820000648498535,0.0,True,8,10,graph_amortized_device
NVIDIA H200,bfloat16,1,256,1,w0_f4_q1/fused_warp,0,2.101599983870983,,True,8,10,graph_amortized_device
NVIDIA H200,bfloat16,1,256,1,w0_f8_q1/warp,0,1.6995999962091446,0.0,True,8,10,graph_amortized_device
NVIDIA H200,bfloat16,1,256,1,w0_f8_q1/fused_warp,0,2.0627999678254128,,True,8,10,graph_amortized_device
NVIDIA H200,bfloat16,1,256,1,dao,1,1.9255999475717545,0.0,True,8,10,graph_amortized_device
NVIDIA H200,bfloat16,1,256,1,w0_f8_q1/fused_warp,1,2.075600065290928,,True,8,10,graph_amortized_device
NVIDIA H200,bfloat16,1,256,1,w0_f8_q1/warp,1,1.6928000375628471,0.0,True,8,10,graph_amortized_device
NVIDIA H200,bfloat16,1,256,1,w0_f4_q1/fused_warp,1,2.0980000495910645,,True,8,10,graph_amortized_device
NVIDIA H200,bfloat16,1,256,1,w0_f4_q1/warp,1,1.7775999382138252,0.0,True,8,10,graph_amortized_device
NVIDIA H200,bfloat16,1,256,1,w0_f2_q1/fused_warp,1,1.9791999831795692,,True,8,10,graph_amortized_device
NVIDIA H200,bfloat16,1,256,1,w0_f2_q1/warp,1,1.722400076687336,0.0,True,8,10,graph_amortized_device
NVIDIA H200,bfloat16,1,256,1,w8_f8_q0/fused_warp,1,2.0975999534130096,,True,8,10,graph_amortized_device
NVIDIA H200,bfloat16,1,256,1,w8_f8_q0/warp,1,1.6868000850081444,0.0,True,8,10,graph_amortized_device
NVIDIA H200,bfloat16,1,256,1,w4_f4_q0/fused_warp,1,2.093599922955036,,True,8,10,graph_amortized_device
NVIDIA H200,bfloat16,1,256,1,w4_f4_q0/warp,1,1.6831999644637108,0.0,True,8,10,graph_amortized_device
NVIDIA H200,bfloat16,1,256,1,w2_f2_q0/fused_warp,1,2.008800022304058,,True,8,10,graph_amortized_device
NVIDIA H200,bfloat16,1,256,1,w2_f2_q0/warp,1,1.8368000164628029,0.0,True,8,10,graph_amortized_device
NVIDIA H200,bfloat16,1,256,1,w0_f0_q0/fused_warp,1,2.0711999386548996,,True,8,10,graph_amortized_device
NVIDIA H200,bfloat16,1,256,1,w0_f0_q0/warp,1,1.6796000301837921,0.0,True,8,10,graph_amortized_device
NVIDIA H200,bfloat16,1,256,1,dao_plus_quant,1,3.0820000916719437,,True,8,10,graph_amortized_device
NVIDIA H200,bfloat16,1,256,1,w0_f0_q0/warp,2,1.679999940097332,0.0,True,8,10,graph_amortized_device
NVIDIA H200,bfloat16,1,256,1,w0_f0_q0/fused_warp,2,2.074800059199333,,True,8,10,graph_amortized_device
NVIDIA H200,bfloat16,1,256,1,w2_f2_q0/warp,2,1.839200034737587,0.0,True,8,10,graph_amortized_device
NVIDIA H200,bfloat16,1,256,1,w2_f2_q0/fused_warp,2,2.0083999261260033,,True,8,10,graph_amortized_device
NVIDIA H200,bfloat16,1,256,1,w4_f4_q0/warp,2,1.682800054550171,0.0,True,8,10,graph_amortized_device
NVIDIA H200,bfloat16,1,256,1,w4_f4_q0/fused_warp,2,2.0919999107718468,,True,8,10,graph_amortized_device
NVIDIA H200,bfloat16,1,256,1,w8_f8_q0/warp,2,1.679999940097332,0.0,True,8,10,graph_amortized_device
NVIDIA H200,bfloat16,1,256,1,w8_f8_q0/fused_warp,2,2.0948000252246857,,True,8,10,graph_amortized_device
NVIDIA H200,bfloat16,1,256,1,w0_f2_q1/warp,2,1.717199943959713,0.0,True,8,10,graph_amortized_device
NVIDIA H200,bfloat16,1,256,1,w0_f2_q1/fused_warp,2,1.9807999953627586,,True,8,10,graph_amortized_device
NVIDIA H200,bfloat16,1,256,1,w0_f4_q1/warp,2,1.7804000526666641,0.0,True,8,10,graph_amortized_device
NVIDIA H200,bfloat16,1,256,1,w0_f4_q1/fused_warp,2,2.096799947321415,,True,8,10,graph_amortized_device
NVIDIA H200,bfloat16,1,256,1,w0_f8_q1/warp,2,1.6963999718427658,0.0,True,8,10,graph_amortized_device
NVIDIA H200,bfloat16,1,256,1,w0_f8_q1/fused_warp,2,2.0827999338507652,,True,8,10,graph_amortized_device
NVIDIA H200,bfloat16,1,256,1,dao,2,1.9200000911951065,0.0,True,8,10,graph_amortized_device
NVIDIA H200,bfloat16,1,256,1,dao_plus_quant,2,3.075600042939186,,True,8,10,graph_amortized_device
NVIDIA H200,bfloat16,1,256,1,w0_f0_q0/warp,3,1.685200072824955,0.0,True,8,10,graph_amortized_device
NVIDIA H200,bfloat16,1,256,1,dao_plus_quant,3,3.0851999297738075,,True,8,10,graph_amortized_device
NVIDIA H200,bfloat16,1,256,1,dao,3,1.9284000620245934,0.0,True,8,10,graph_amortized_device
NVIDIA H200,bfloat16,1,256,1,w0_f8_q1/fused_warp,3,2.077599987387657,,True,8,10,graph_amortized_device
NVIDIA H200,bfloat16,1,256,1,w0_f8_q1/warp,3,1.7707999795675278,0.0,True,8,10,graph_amortized_device
NVIDIA H200,bfloat16,1,256,1,w0_f4_q1/fused_warp,3,2.0983999595046043,,True,8,10,graph_amortized_device
NVIDIA H200,bfloat16,1,256,1,w0_f4_q1/warp,3,1.7751999199390411,0.0,True,8,10,graph_amortized_device
NVIDIA H200,bfloat16,1,256,1,w0_f2_q1/fused_warp,3,1.987599954009056,,True,8,10,graph_amortized_device
NVIDIA H200,bfloat16,1,256,1,w0_f2_q1/warp,3,1.7128000035881996,0.0,True,8,10,graph_amortized_device
NVIDIA H200,bfloat16,1,256,1,w8_f8_q0/fused_warp,3,2.0983999595046043,,True,8,10,graph_amortized_device
NVIDIA H200,bfloat16,1,256,1,w8_f8_q0/warp,3,1.679999940097332,0.0,True,8,10,graph_amortized_device
NVIDIA H200,bfloat16,1,256,1,w4_f4_q0/fused_warp,3,2.1004000678658485,,True,8,10,graph_amortized_device
NVIDIA H200,bfloat16,1,256,1,w4_f4_q0/warp,3,1.6836000606417656,0.0,True,8,10,graph_amortized_device
NVIDIA H200,bfloat16,1,256,1,w2_f2_q0/fused_warp,3,2.0096000283956528,,True,8,10,graph_amortized_device
NVIDIA H200,bfloat16,1,256,1,w2_f2_q0/warp,3,1.8347999081015587,0.0,True,8,10,graph_amortized_device
NVIDIA H200,bfloat16,1,256,1,w0_f0_q0/fused_warp,3,2.051999978721142,,True,8,10,graph_amortized_device
NVIDIA H200,bfloat16,1,256,1,w2_f2_q0/warp,4,1.8332000821828842,0.0,True,8,10,graph_amortized_device
NVIDIA H200,bfloat16,1,256,1,w2_f2_q0/fused_warp,4,2.0028000697493553,,True,8,10,graph_amortized_device
NVIDIA H200,bfloat16,1,256,1,w4_f4_q0/warp,4,1.679999940097332,0.0,True,8,10,graph_amortized_device
NVIDIA H200,bfloat16,1,256,1,w4_f4_q0/fused_warp,4,2.096400037407875,,True,8,10,graph_amortized_device
NVIDIA H200,bfloat16,1,256,1,w8_f8_q0/warp,4,1.6883999109268188,0.0,True,8,10,graph_amortized_device
NVIDIA H200,bfloat16,1,256,1,w8_f8_q0/fused_warp,4,2.06959992647171,,True,8,10,graph_amortized_device
NVIDIA H200,bfloat16,1,256,1,w0_f2_q1/warp,4,1.714400015771389,0.0,True,8,10,graph_amortized_device
NVIDIA H200,bfloat16,1,256,1,w0_f2_q1/fused_warp,4,1.9856000319123268,,True,8,10,graph_amortized_device
NVIDIA H200,bfloat16,1,256,1,w0_f4_q1/warp,4,1.77839994430542,0.0,True,8,10,graph_amortized_device
NVIDIA H200,bfloat16,1,256,1,w0_f4_q1/fused_warp,4,2.075600065290928,,True,8,10,graph_amortized_device
NVIDIA H200,bfloat16,1,256,1,w0_f8_q1/warp,4,1.6952000558376312,0.0,True,8,10,graph_amortized_device
NVIDIA H200,bfloat16,1,256,1,w0_f8_q1/fused_warp,4,2.0555999130010605,,True,8,10,graph_amortized_device
NVIDIA H200,bfloat16,1,256,1,dao,4,1.9220000132918358,0.0,True,8,10,graph_amortized_device
NVIDIA H200,bfloat16,1,256,1,dao_plus_quant,4,3.0851999297738075,,True,8,10,graph_amortized_device
NVIDIA H200,bfloat16,1,256,1,w0_f0_q0/warp,4,1.677599921822548,0.0,True,8,10,graph_amortized_device
NVIDIA H200,bfloat16,1,256,1,w0_f0_q0/fused_warp,4,2.06959992647171,,True,8,10,graph_amortized_device
NVIDIA H200,bfloat16,128,256,1,dao,0,2.0083999261260033,0.0,True,8,10,graph_amortized_device
NVIDIA H200,bfloat16,128,256,1,dao_plus_quant,0,3.567599877715111,,True,8,10,graph_amortized_device
NVIDIA H200,bfloat16,128,256,1,w0_f0_q0/warp,0,1.8964000046253204,0.0,True,8,10,graph_amortized_device
NVIDIA H200,bfloat16,128,256,1,w0_f0_q0/fused_warp,0,2.104800008237362,,True,8,10,graph_amortized_device
NVIDIA H200,bfloat16,128,256,1,w2_f2_q0/warp,0,1.9023999571800232,0.0,True,8,10,graph_amortized_device
NVIDIA H200,bfloat16,128,256,1,w2_f2_q0/fused_warp,0,2.2196000441908836,,True,8,10,graph_amortized_device
NVIDIA H200,bfloat16,128,256,1,w4_f4_q0/warp,0,1.8719999119639397,0.0,True,8,10,graph_amortized_device
NVIDIA H200,bfloat16,128,256,1,w4_f4_q0/fused_warp,0,2.115599997341633,,True,8,10,graph_amortized_device
NVIDIA H200,bfloat16,128,256,1,w8_f8_q0/warp,0,1.9616000354290009,0.0,True,8,10,graph_amortized_device
NVIDIA H200,bfloat16,128,256,1,w8_f8_q0/fused_warp,0,2.2576000541448593,,True,8,10,graph_amortized_device
NVIDIA H200,bfloat16,128,256,1,w0_f2_q1/warp,0,1.849599927663803,0.0,True,8,10,graph_amortized_device
NVIDIA H200,bfloat16,128,256,1,w0_f2_q1/fused_warp,0,2.1751999855041504,,True,8,10,graph_amortized_device
NVIDIA H200,bfloat16,128,256,1,w0_f4_q1/warp,0,1.8727999180555344,0.0,True,8,10,graph_amortized_device
NVIDIA H200,bfloat16,128,256,1,w0_f4_q1/fused_warp,0,2.1568000316619873,,True,8,10,graph_amortized_device
NVIDIA H200,bfloat16,128,256,1,w0_f8_q1/warp,0,1.9236000254750252,0.0,True,8,10,graph_amortized_device
NVIDIA H200,bfloat16,128,256,1,w0_f8_q1/fused_warp,0,2.219199948012829,,True,8,10,graph_amortized_device
NVIDIA H200,bfloat16,128,256,1,dao,1,2.0028000697493553,0.0,True,8,10,graph_amortized_device
NVIDIA H200,bfloat16,128,256,1,w0_f8_q1/fused_warp,1,2.2167999297380447,,True,8,10,graph_amortized_device
NVIDIA H200,bfloat16,128,256,1,w0_f8_q1/warp,1,1.9231999292969704,0.0,True,8,10,graph_amortized_device
NVIDIA H200,bfloat16,128,256,1,w0_f4_q1/fused_warp,1,2.1560000255703926,,True,8,10,graph_amortized_device
NVIDIA H200,bfloat16,128,256,1,w0_f4_q1/warp,1,1.8775999546051025,0.0,True,8,10,graph_amortized_device
NVIDIA H200,bfloat16,128,256,1,w0_f2_q1/fused_warp,1,2.1764000877738,,True,8,10,graph_amortized_device
NVIDIA H200,bfloat16,128,256,1,w0_f2_q1/warp,1,1.850000023841858,0.0,True,8,10,graph_amortized_device
NVIDIA H200,bfloat16,128,256,1,w8_f8_q0/fused_warp,1,2.2603999823331833,,True,8,10,graph_amortized_device
NVIDIA H200,bfloat16,128,256,1,w8_f8_q0/warp,1,1.9680000841617584,0.0,True,8,10,graph_amortized_device
NVIDIA H200,bfloat16,128,256,1,w4_f4_q0/fused_warp,1,2.120799943804741,,True,8,10,graph_amortized_device
NVIDIA H200,bfloat16,128,256,1,w4_f4_q0/warp,1,1.868399977684021,0.0,True,8,10,graph_amortized_device
NVIDIA H200,bfloat16,128,256,1,w2_f2_q0/fused_warp,1,2.2175999358296394,,True,8,10,graph_amortized_device
NVIDIA H200,bfloat16,128,256,1,w2_f2_q0/warp,1,1.908399909734726,0.0,True,8,10,graph_amortized_device
NVIDIA H200,bfloat16,128,256,1,w0_f0_q0/fused_warp,1,2.128800004720688,,True,8,10,graph_amortized_device
NVIDIA H200,bfloat16,128,256,1,w0_f0_q0/warp,1,1.8931999802589417,0.0,True,8,10,graph_amortized_device
NVIDIA H200,bfloat16,128,256,1,dao_plus_quant,1,3.5656001418828964,,True,8,10,graph_amortized_device
NVIDIA H200,bfloat16,128,256,1,w0_f0_q0/warp,2,1.8931999802589417,0.0,True,8,10,graph_amortized_device
NVIDIA H200,bfloat16,128,256,1,w0_f0_q0/fused_warp,2,2.1196000277996063,,True,8,10,graph_amortized_device
NVIDIA H200,bfloat16,128,256,1,w2_f2_q0/warp,2,1.9091999158263206,0.0,True,8,10,graph_amortized_device
NVIDIA H200,bfloat16,128,256,1,w2_f2_q0/fused_warp,2,2.223999984562397,,True,8,10,graph_amortized_device
NVIDIA H200,bfloat16,128,256,1,w4_f4_q0/warp,2,1.8624000251293182,0.0,True,8,10,graph_amortized_device
NVIDIA H200,bfloat16,128,256,1,w4_f4_q0/fused_warp,2,2.1164000034332275,,True,8,10,graph_amortized_device
NVIDIA H200,bfloat16,128,256,1,w8_f8_q0/warp,2,1.9672000780701637,0.0,True,8,10,graph_amortized_device
NVIDIA H200,bfloat16,128,256,1,w8_f8_q0/fused_warp,2,2.2592000663280487,,True,8,10,graph_amortized_device
NVIDIA H200,bfloat16,128,256,1,w0_f2_q1/warp,2,1.8295999616384506,0.0,True,8,10,graph_amortized_device
NVIDIA H200,bfloat16,128,256,1,w0_f2_q1/fused_warp,2,2.1719999611377716,,True,8,10,graph_amortized_device
NVIDIA H200,bfloat16,128,256,1,w0_f4_q1/warp,2,1.8743999302387238,0.0,True,8,10,graph_amortized_device
NVIDIA H200,bfloat16,128,256,1,w0_f4_q1/fused_warp,2,2.157199941575527,,True,8,10,graph_amortized_device
NVIDIA H200,bfloat16,128,256,1,w0_f8_q1/warp,2,1.9176000729203224,0.0,True,8,10,graph_amortized_device
NVIDIA H200,bfloat16,128,256,1,w0_f8_q1/fused_warp,2,2.21560001373291,,True,8,10,graph_amortized_device
NVIDIA H200,bfloat16,128,256,1,dao,2,2.009199932217598,0.0,True,8,10,graph_amortized_device
NVIDIA H200,bfloat16,128,256,1,dao_plus_quant,2,3.566800057888031,,True,8,10,graph_amortized_device
NVIDIA H200,bfloat16,128,256,1,w0_f0_q0/warp,3,1.889600045979023,0.0,True,8,10,graph_amortized_device
NVIDIA H200,bfloat16,128,256,1,dao_plus_quant,3,3.5631999373435974,,True,8,10,graph_amortized_device
NVIDIA H200,bfloat16,128,256,1,dao,3,2.011599950492382,0.0,True,8,10,graph_amortized_device
NVIDIA H200,bfloat16,128,256,1,w0_f8_q1/fused_warp,3,2.2204000502824783,,True,8,10,graph_amortized_device
NVIDIA H200,bfloat16,128,256,1,w0_f8_q1/warp,3,1.921599917113781,0.0,True,8,10,graph_amortized_device
NVIDIA H200,bfloat16,128,256,1,w0_f4_q1/fused_warp,3,2.1592000499367714,,True,8,10,graph_amortized_device
NVIDIA H200,bfloat16,128,256,1,w0_f4_q1/warp,3,1.8756000325083733,0.0,True,8,10,graph_amortized_device
NVIDIA H200,bfloat16,128,256,1,w0_f2_q1/fused_warp,3,2.181199938058853,,True,8,10,graph_amortized_device
NVIDIA H200,bfloat16,128,256,1,w0_f2_q1/warp,3,1.828400045633316,0.0,True,8,10,graph_amortized_device
NVIDIA H200,bfloat16,128,256,1,w8_f8_q0/fused_warp,3,2.258400060236454,,True,8,10,graph_amortized_device
NVIDIA H200,bfloat16,128,256,1,w8_f8_q0/warp,3,1.969200000166893,0.0,True,8,10,graph_amortized_device
NVIDIA H200,bfloat16,128,256,1,w4_f4_q0/fused_warp,3,2.117599919438362,,True,8,10,graph_amortized_device
NVIDIA H200,bfloat16,128,256,1,w4_f4_q0/warp,3,1.8635999411344528,0.0,True,8,10,graph_amortized_device
NVIDIA H200,bfloat16,128,256,1,w2_f2_q0/fused_warp,3,2.21599992364645,,True,8,10,graph_amortized_device
NVIDIA H200,bfloat16,128,256,1,w2_f2_q0/warp,3,1.905599981546402,0.0,True,8,10,graph_amortized_device
NVIDIA H200,bfloat16,128,256,1,w0_f0_q0/fused_warp,3,2.120400033891201,,True,8,10,graph_amortized_device
NVIDIA H200,bfloat16,128,256,1,w2_f2_q0/warp,4,1.9096000120043755,0.0,True,8,10,graph_amortized_device
NVIDIA H200,bfloat16,128,256,1,w2_f2_q0/fused_warp,4,2.2167999297380447,,True,8,10,graph_amortized_device
NVIDIA H200,bfloat16,128,256,1,w4_f4_q0/warp,4,1.8651999533176422,0.0,True,8,10,graph_amortized_device
NVIDIA H200,bfloat16,128,256,1,w4_f4_q0/fused_warp,4,2.1159999072551727,,True,8,10,graph_amortized_device
NVIDIA H200,bfloat16,128,256,1,w8_f8_q0/warp,4,1.969599910080433,0.0,True,8,10,graph_amortized_device
NVIDIA H200,bfloat16,128,256,1,w8_f8_q0/fused_warp,4,2.2600000724196434,,True,8,10,graph_amortized_device
NVIDIA H200,bfloat16,128,256,1,w0_f2_q1/warp,4,1.8476000055670738,0.0,True,8,10,graph_amortized_device
NVIDIA H200,bfloat16,128,256,1,w0_f2_q1/fused_warp,4,2.17679999768734,,True,8,10,graph_amortized_device
NVIDIA H200,bfloat16,128,256,1,w0_f4_q1/warp,4,1.8503999337553978,0.0,True,8,10,graph_amortized_device
NVIDIA H200,bfloat16,128,256,1,w0_f4_q1/fused_warp,4,2.157199941575527,,True,8,10,graph_amortized_device
NVIDIA H200,bfloat16,128,256,1,w0_f8_q1/warp,4,1.9207999110221863,0.0,True,8,10,graph_amortized_device
NVIDIA H200,bfloat16,128,256,1,w0_f8_q1/fused_warp,4,2.21599992364645,,True,8,10,graph_amortized_device
NVIDIA H200,bfloat16,128,256,1,dao,4,2.0044000819325447,0.0,True,8,10,graph_amortized_device
NVIDIA H200,bfloat16,128,256,1,dao_plus_quant,4,3.564000129699707,,True,8,10,graph_amortized_device
NVIDIA H200,bfloat16,128,256,1,w0_f0_q0/warp,4,1.8936000764369965,0.0,True,8,10,graph_amortized_device
NVIDIA H200,bfloat16,128,256,1,w0_f0_q0/fused_warp,4,2.118000015616417,,True,8,10,graph_amortized_device
NVIDIA H200,bfloat16,16384,256,1,dao,0,11.806000024080276,0.0,True,8,10,graph_amortized_device
NVIDIA H200,bfloat16,16384,256,1,dao_plus_quant,0,23.349599540233612,,True,8,10,graph_amortized_device
NVIDIA H200,bfloat16,16384,256,1,w0_f0_q0/warp,0,5.502400174736977,0.0,True,8,10,graph_amortized_device
NVIDIA H200,bfloat16,16384,256,1,w0_f0_q0/fused_warp,0,7.532799988985062,,True,8,10,graph_amortized_device
NVIDIA H200,bfloat16,16384,256,1,w2_f2_q0/warp,0,6.853599846363068,0.0,True,8,10,graph_amortized_device
NVIDIA H200,bfloat16,16384,256,1,w2_f2_q0/fused_warp,0,7.6976001262664795,,True,8,10,graph_amortized_device
NVIDIA H200,bfloat16,16384,256,1,w4_f4_q0/warp,0,5.513999983668327,0.0,True,8,10,graph_amortized_device
NVIDIA H200,bfloat16,16384,256,1,w4_f4_q0/fused_warp,0,7.504399865865707,,True,8,10,graph_amortized_device
NVIDIA H200,bfloat16,16384,256,1,w8_f8_q0/warp,0,5.496399849653244,0.0,True,8,10,graph_amortized_device
NVIDIA H200,bfloat16,16384,256,1,w8_f8_q0/fused_warp,0,7.613600045442581,,True,8,10,graph_amortized_device
NVIDIA H200,bfloat16,16384,256,1,w0_f2_q1/warp,0,5.541199818253517,0.0,True,8,10,graph_amortized_device
NVIDIA H200,bfloat16,16384,256,1,w0_f2_q1/fused_warp,0,7.670799642801285,,True,8,10,graph_amortized_device
NVIDIA H200,bfloat16,16384,256,1,w0_f4_q1/warp,0,5.471599847078323,0.0,True,8,10,graph_amortized_device
NVIDIA H200,bfloat16,16384,256,1,w0_f4_q1/fused_warp,0,7.505200058221817,,True,8,10,graph_amortized_device
NVIDIA H200,bfloat16,16384,256,1,w0_f8_q1/warp,0,5.503600090742111,0.0,True,8,10,graph_amortized_device
NVIDIA H200,bfloat16,16384,256,1,w0_f8_q1/fused_warp,0,7.632800191640854,,True,8,10,graph_amortized_device
NVIDIA H200,bfloat16,16384,256,1,dao,1,11.828000098466873,0.0,True,8,10,graph_amortized_device
NVIDIA H200,bfloat16,16384,256,1,w0_f8_q1/fused_warp,1,7.644800096750259,,True,8,10,graph_amortized_device
NVIDIA H200,bfloat16,16384,256,1,w0_f8_q1/warp,1,5.504399910569191,0.0,True,8,10,graph_amortized_device
NVIDIA H200,bfloat16,16384,256,1,w0_f4_q1/fused_warp,1,7.492800056934357,,True,8,10,graph_amortized_device
NVIDIA H200,bfloat16,16384,256,1,w0_f4_q1/warp,1,5.483600124716759,0.0,True,8,10,graph_amortized_device
NVIDIA H200,bfloat16,16384,256,1,w0_f2_q1/fused_warp,1,7.668399810791016,,True,8,10,graph_amortized_device
NVIDIA H200,bfloat16,16384,256,1,w0_f2_q1/warp,1,5.498399958014488,0.0,True,8,10,graph_amortized_device
NVIDIA H200,bfloat16,16384,256,1,w8_f8_q0/fused_warp,1,7.686799764633179,,True,8,10,graph_amortized_device
NVIDIA H200,bfloat16,16384,256,1,w8_f8_q0/warp,1,5.494799837470055,0.0,True,8,10,graph_amortized_device
NVIDIA H200,bfloat16,16384,256,1,w4_f4_q0/fused_warp,1,7.516399770975113,,True,8,10,graph_amortized_device
NVIDIA H200,bfloat16,16384,256,1,w4_f4_q0/warp,1,5.5268000811338425,0.0,True,8,10,graph_amortized_device
NVIDIA H200,bfloat16,16384,256,1,w2_f2_q0/fused_warp,1,7.643599808216095,,True,8,10,graph_amortized_device
NVIDIA H200,bfloat16,16384,256,1,w2_f2_q0/warp,1,6.866399943828583,0.0,True,8,10,graph_amortized_device
NVIDIA H200,bfloat16,16384,256,1,w0_f0_q0/fused_warp,1,7.5227998197078705,,True,8,10,graph_amortized_device
NVIDIA H200,bfloat16,16384,256,1,w0_f0_q0/warp,1,5.542000010609627,0.0,True,8,10,graph_amortized_device
NVIDIA H200,bfloat16,16384,256,1,dao_plus_quant,1,23.362399637699127,,True,8,10,graph_amortized_device
NVIDIA H200,bfloat16,16384,256,1,w0_f0_q0/warp,2,5.474400147795677,0.0,True,8,10,graph_amortized_device
NVIDIA H200,bfloat16,16384,256,1,w0_f0_q0/fused_warp,2,7.539600133895874,,True,8,10,graph_amortized_device
NVIDIA H200,bfloat16,16384,256,1,w2_f2_q0/warp,2,6.831199675798416,0.0,True,8,10,graph_amortized_device
NVIDIA H200,bfloat16,16384,256,1,w2_f2_q0/fused_warp,2,7.655200362205505,,True,8,10,graph_amortized_device
NVIDIA H200,bfloat16,16384,256,1,w4_f4_q0/warp,2,5.558000132441521,0.0,True,8,10,graph_amortized_device
NVIDIA H200,bfloat16,16384,256,1,w4_f4_q0/fused_warp,2,7.511600106954575,,True,8,10,graph_amortized_device
NVIDIA H200,bfloat16,16384,256,1,w8_f8_q0/warp,2,5.533599853515625,0.0,True,8,10,graph_amortized_device
NVIDIA H200,bfloat16,16384,256,1,w8_f8_q0/fused_warp,2,7.704000174999237,,True,8,10,graph_amortized_device
NVIDIA H200,bfloat16,16384,256,1,w0_f2_q1/warp,2,5.4976001381874084,0.0,True,8,10,graph_amortized_device
NVIDIA H200,bfloat16,16384,256,1,w0_f2_q1/fused_warp,2,7.661200314760208,,True,8,10,graph_amortized_device
NVIDIA H200,bfloat16,16384,256,1,w0_f4_q1/warp,2,5.465599894523621,0.0,True,8,10,graph_amortized_device
NVIDIA H200,bfloat16,16384,256,1,w0_f4_q1/fused_warp,2,7.491999864578247,,True,8,10,graph_amortized_device
NVIDIA H200,bfloat16,16384,256,1,w0_f8_q1/warp,2,5.488000065088272,0.0,True,8,10,graph_amortized_device
NVIDIA H200,bfloat16,16384,256,1,w0_f8_q1/fused_warp,2,7.641199976205826,,True,8,10,graph_amortized_device
NVIDIA H200,bfloat16,16384,256,1,dao,2,11.816400289535522,0.0,True,8,10,graph_amortized_device
NVIDIA H200,bfloat16,16384,256,1,dao_plus_quant,2,23.319600522518158,,True,8,10,graph_amortized_device
NVIDIA H200,bfloat16,16384,256,1,w0_f0_q0/warp,3,5.551600083708763,0.0,True,8,10,graph_amortized_device
NVIDIA H200,bfloat16,16384,256,1,dao_plus_quant,3,23.38480055332184,,True,8,10,graph_amortized_device
NVIDIA H200,bfloat16,16384,256,1,dao,3,11.805599927902222,0.0,True,8,10,graph_amortized_device
NVIDIA H200,bfloat16,16384,256,1,w0_f8_q1/fused_warp,3,7.621999830007553,,True,8,10,graph_amortized_device
NVIDIA H200,bfloat16,16384,256,1,w0_f8_q1/warp,3,5.502799898386002,0.0,True,8,10,graph_amortized_device
NVIDIA H200,bfloat16,16384,256,1,w0_f4_q1/fused_warp,3,7.488799840211868,,True,8,10,graph_amortized_device
NVIDIA H200,bfloat16,16384,256,1,w0_f4_q1/warp,3,5.476799979805946,0.0,True,8,10,graph_amortized_device
NVIDIA H200,bfloat16,16384,256,1,w0_f2_q1/fused_warp,3,7.664799690246582,,True,8,10,graph_amortized_device
NVIDIA H200,bfloat16,16384,256,1,w0_f2_q1/warp,3,5.535599961876869,0.0,True,8,10,graph_amortized_device
NVIDIA H200,bfloat16,16384,256,1,w8_f8_q0/fused_warp,3,7.6315999031066895,,True,8,10,graph_amortized_device
NVIDIA H200,bfloat16,16384,256,1,w8_f8_q0/warp,3,5.504800006747246,0.0,True,8,10,graph_amortized_device
NVIDIA H200,bfloat16,16384,256,1,w4_f4_q0/fused_warp,3,7.492800056934357,,True,8,10,graph_amortized_device
NVIDIA H200,bfloat16,16384,256,1,w4_f4_q0/warp,3,5.536000058054924,0.0,True,8,10,graph_amortized_device
NVIDIA H200,bfloat16,16384,256,1,w2_f2_q0/fused_warp,3,7.636799663305283,,True,8,10,graph_amortized_device
NVIDIA H200,bfloat16,16384,256,1,w2_f2_q0/warp,3,6.8379998207092285,0.0,True,8,10,graph_amortized_device
NVIDIA H200,bfloat16,16384,256,1,w0_f0_q0/fused_warp,3,7.522399723529816,,True,8,10,graph_amortized_device
NVIDIA H200,bfloat16,16384,256,1,w2_f2_q0/warp,4,6.859999895095825,0.0,True,8,10,graph_amortized_device
NVIDIA H200,bfloat16,16384,256,1,w2_f2_q0/fused_warp,4,7.6392002403736115,,True,8,10,graph_amortized_device
NVIDIA H200,bfloat16,16384,256,1,w4_f4_q0/warp,4,5.538799986243248,0.0,True,8,10,graph_amortized_device
NVIDIA H200,bfloat16,16384,256,1,w4_f4_q0/fused_warp,4,7.508400082588196,,True,8,10,graph_amortized_device
NVIDIA H200,bfloat16,16384,256,1,w8_f8_q0/warp,4,5.5907998234033585,0.0,True,8,10,graph_amortized_device
NVIDIA H200,bfloat16,16384,256,1,w8_f8_q0/fused_warp,4,7.671599835157394,,True,8,10,graph_amortized_device
NVIDIA H200,bfloat16,16384,256,1,w0_f2_q1/warp,4,5.4604001343250275,0.0,True,8,10,graph_amortized_device
NVIDIA H200,bfloat16,16384,256,1,w0_f2_q1/fused_warp,4,7.667999714612961,,True,8,10,graph_amortized_device
NVIDIA H200,bfloat16,16384,256,1,w0_f4_q1/warp,4,5.503999814391136,0.0,True,8,10,graph_amortized_device
NVIDIA H200,bfloat16,16384,256,1,w0_f4_q1/fused_warp,4,7.489199936389923,,True,8,10,graph_amortized_device
NVIDIA H200,bfloat16,16384,256,1,w0_f8_q1/warp,4,5.480000004172325,0.0,True,8,10,graph_amortized_device
NVIDIA H200,bfloat16,16384,256,1,w0_f8_q1/fused_warp,4,7.639600336551666,,True,8,10,graph_amortized_device
NVIDIA H200,bfloat16,16384,256,1,dao,4,11.845999956130981,0.0,True,8,10,graph_amortized_device
NVIDIA H200,bfloat16,16384,256,1,dao_plus_quant,4,23.308800160884857,,True,8,10,graph_amortized_device
NVIDIA H200,bfloat16,16384,256,1,w0_f0_q0/warp,4,5.547599866986275,0.0,True,8,10,graph_amortized_device
NVIDIA H200,bfloat16,16384,256,1,w0_f0_q0/fused_warp,4,7.544799894094467,,True,8,10,graph_amortized_device
NVIDIA H200,bfloat16,131072,256,1,dao,0,81.18399977684021,0.0,True,8,10,graph_amortized_device
NVIDIA H200,bfloat16,131072,256,1,dao_plus_quant,0,162.1716022491455,,True,8,10,graph_amortized_device
NVIDIA H200,bfloat16,131072,256,1,w0_f0_q0/warp,0,37.69440054893494,0.0,True,8,10,graph_amortized_device
NVIDIA H200,bfloat16,131072,256,1,w0_f0_q0/fused_warp,0,48.89279901981354,,True,8,10,graph_amortized_device
NVIDIA H200,bfloat16,131072,256,1,w2_f2_q0/warp,0,42.340800166130066,0.0,True,8,10,graph_amortized_device
NVIDIA H200,bfloat16,131072,256,1,w2_f2_q0/fused_warp,0,48.938000202178955,,True,8,10,graph_amortized_device
NVIDIA H200,bfloat16,131072,256,1,w4_f4_q0/warp,0,37.72520124912262,0.0,True,8,10,graph_amortized_device
NVIDIA H200,bfloat16,131072,256,1,w4_f4_q0/fused_warp,0,48.863598704338074,,True,8,10,graph_amortized_device
NVIDIA H200,bfloat16,131072,256,1,w8_f8_q0/warp,0,37.778401374816895,0.0,True,8,10,graph_amortized_device
NVIDIA H200,bfloat16,131072,256,1,w8_f8_q0/fused_warp,0,48.84839951992035,,True,8,10,graph_amortized_device
NVIDIA H200,bfloat16,131072,256,1,w0_f2_q1/warp,0,37.790799140930176,0.0,True,8,10,graph_amortized_device
NVIDIA H200,bfloat16,131072,256,1,w0_f2_q1/fused_warp,0,48.89000058174133,,True,8,10,graph_amortized_device
NVIDIA H200,bfloat16,131072,256,1,w0_f4_q1/warp,0,37.67920136451721,0.0,True,8,10,graph_amortized_device
NVIDIA H200,bfloat16,131072,256,1,w0_f4_q1/fused_warp,0,48.90440106391907,,True,8,10,graph_amortized_device
NVIDIA H200,bfloat16,131072,256,1,w0_f8_q1/warp,0,37.686800956726074,0.0,True,8,10,graph_amortized_device
NVIDIA H200,bfloat16,131072,256,1,w0_f8_q1/fused_warp,0,48.853600025177,,True,8,10,graph_amortized_device
NVIDIA H200,bfloat16,131072,256,1,dao,1,81.58599734306335,0.0,True,8,10,graph_amortized_device
NVIDIA H200,bfloat16,131072,256,1,w0_f8_q1/fused_warp,1,48.937198519706726,,True,8,10,graph_amortized_device
NVIDIA H200,bfloat16,131072,256,1,w0_f8_q1/warp,1,37.64280080795288,0.0,True,8,10,graph_amortized_device
NVIDIA H200,bfloat16,131072,256,1,w0_f4_q1/fused_warp,1,48.92840087413788,,True,8,10,graph_amortized_device
NVIDIA H200,bfloat16,131072,256,1,w0_f4_q1/warp,1,37.71440088748932,0.0,True,8,10,graph_amortized_device
NVIDIA H200,bfloat16,131072,256,1,w0_f2_q1/fused_warp,1,48.96239936351776,,True,8,10,graph_amortized_device
NVIDIA H200,bfloat16,131072,256,1,w0_f2_q1/warp,1,37.82919943332672,0.0,True,8,10,graph_amortized_device
NVIDIA H200,bfloat16,131072,256,1,w8_f8_q0/fused_warp,1,48.875999450683594,,True,8,10,graph_amortized_device
NVIDIA H200,bfloat16,131072,256,1,w8_f8_q0/warp,1,37.80960142612457,0.0,True,8,10,graph_amortized_device
NVIDIA H200,bfloat16,131072,256,1,w4_f4_q0/fused_warp,1,48.913198709487915,,True,8,10,graph_amortized_device
NVIDIA H200,bfloat16,131072,256,1,w4_f4_q0/warp,1,37.74479925632477,0.0,True,8,10,graph_amortized_device
NVIDIA H200,bfloat16,131072,256,1,w2_f2_q0/fused_warp,1,48.938798904418945,,True,8,10,graph_amortized_device
NVIDIA H200,bfloat16,131072,256,1,w2_f2_q0/warp,1,42.37079918384552,0.0,True,8,10,graph_amortized_device
NVIDIA H200,bfloat16,131072,256,1,w0_f0_q0/fused_warp,1,48.89639914035797,,True,8,10,graph_amortized_device
NVIDIA H200,bfloat16,131072,256,1,w0_f0_q0/warp,1,37.76080012321472,0.0,True,8,10,graph_amortized_device
NVIDIA H200,bfloat16,131072,256,1,dao_plus_quant,1,162.3695969581604,,True,8,10,graph_amortized_device
NVIDIA H200,bfloat16,131072,256,1,w0_f0_q0/warp,2,37.64599859714508,0.0,True,8,10,graph_amortized_device
NVIDIA H200,bfloat16,131072,256,1,w0_f0_q0/fused_warp,2,48.9003986120224,,True,8,10,graph_amortized_device
NVIDIA H200,bfloat16,131072,256,1,w2_f2_q0/warp,2,42.41679906845093,0.0,True,8,10,graph_amortized_device
NVIDIA H200,bfloat16,131072,256,1,w2_f2_q0/fused_warp,2,48.91600012779236,,True,8,10,graph_amortized_device
NVIDIA H200,bfloat16,131072,256,1,w4_f4_q0/warp,2,37.70560026168823,0.0,True,8,10,graph_amortized_device
NVIDIA H200,bfloat16,131072,256,1,w4_f4_q0/fused_warp,2,48.91960024833679,,True,8,10,graph_amortized_device
NVIDIA H200,bfloat16,131072,256,1,w8_f8_q0/warp,2,37.77079880237579,0.0,True,8,10,graph_amortized_device
NVIDIA H200,bfloat16,131072,256,1,w8_f8_q0/fused_warp,2,48.871201276779175,,True,8,10,graph_amortized_device
NVIDIA H200,bfloat16,131072,256,1,w0_f2_q1/warp,2,37.78400123119354,0.0,True,8,10,graph_amortized_device
NVIDIA H200,bfloat16,131072,256,1,w0_f2_q1/fused_warp,2,48.88319969177246,,True,8,10,graph_amortized_device
NVIDIA H200,bfloat16,131072,256,1,w0_f4_q1/warp,2,37.68199980258942,0.0,True,8,10,graph_amortized_device
NVIDIA H200,bfloat16,131072,256,1,w0_f4_q1/fused_warp,2,48.926401138305664,,True,8,10,graph_amortized_device
NVIDIA H200,bfloat16,131072,256,1,w0_f8_q1/warp,2,37.6803994178772,0.0,True,8,10,graph_amortized_device
NVIDIA H200,bfloat16,131072,256,1,w0_f8_q1/fused_warp,2,48.91200065612793,,True,8,10,graph_amortized_device
NVIDIA H200,bfloat16,131072,256,1,dao,2,81.13080263137817,0.0,True,8,10,graph_amortized_device
NVIDIA H200,bfloat16,131072,256,1,dao_plus_quant,2,162.0471954345703,,True,8,10,graph_amortized_device
NVIDIA H200,bfloat16,131072,256,1,w0_f0_q0/warp,3,37.753599882125854,0.0,True,8,10,graph_amortized_device
NVIDIA H200,bfloat16,131072,256,1,dao_plus_quant,3,162.09239959716797,,True,8,10,graph_amortized_device
NVIDIA H200,bfloat16,131072,256,1,dao,3,81.31160140037537,0.0,True,8,10,graph_amortized_device
NVIDIA H200,bfloat16,131072,256,1,w0_f8_q1/fused_warp,3,49.055999517440796,,True,8,10,graph_amortized_device
NVIDIA H200,bfloat16,131072,256,1,w0_f8_q1/warp,3,37.792399525642395,0.0,True,8,10,graph_amortized_device
NVIDIA H200,bfloat16,131072,256,1,w0_f4_q1/fused_warp,3,49.0880012512207,,True,8,10,graph_amortized_device
NVIDIA H200,bfloat16,131072,256,1,w0_f4_q1/warp,3,37.71600127220154,0.0,True,8,10,graph_amortized_device
NVIDIA H200,bfloat16,131072,256,1,w0_f2_q1/fused_warp,3,49.03840124607086,,True,8,10,graph_amortized_device
NVIDIA H200,bfloat16,131072,256,1,w0_f2_q1/warp,3,37.594398856163025,0.0,True,8,10,graph_amortized_device
NVIDIA H200,bfloat16,131072,256,1,w8_f8_q0/fused_warp,3,49.00520145893097,,True,8,10,graph_amortized_device
NVIDIA H200,bfloat16,131072,256,1,w8_f8_q0/warp,3,37.85119950771332,0.0,True,8,10,graph_amortized_device
NVIDIA H200,bfloat16,131072,256,1,w4_f4_q0/fused_warp,3,49.0119993686676,,True,8,10,graph_amortized_device
NVIDIA H200,bfloat16,131072,256,1,w4_f4_q0/warp,3,37.79599964618683,0.0,True,8,10,graph_amortized_device
NVIDIA H200,bfloat16,131072,256,1,w2_f2_q0/fused_warp,3,49.04760122299194,,True,8,10,graph_amortized_device
NVIDIA H200,bfloat16,131072,256,1,w2_f2_q0/warp,3,42.374399304389954,0.0,True,8,10,graph_amortized_device
NVIDIA H200,bfloat16,131072,256,1,w0_f0_q0/fused_warp,3,48.991599678993225,,True,8,10,graph_amortized_device
NVIDIA H200,bfloat16,131072,256,1,w2_f2_q0/warp,4,42.40559935569763,0.0,True,8,10,graph_amortized_device
NVIDIA H200,bfloat16,131072,256,1,w2_f2_q0/fused_warp,4,49.03840124607086,,True,8,10,graph_amortized_device
NVIDIA H200,bfloat16,131072,256,1,w4_f4_q0/warp,4,37.79799938201904,0.0,True,8,10,graph_amortized_device
NVIDIA H200,bfloat16,131072,256,1,w4_f4_q0/fused_warp,4,49.03840124607086,,True,8,10,graph_amortized_device
NVIDIA H200,bfloat16,131072,256,1,w8_f8_q0/warp,4,37.817999720573425,0.0,True,8,10,graph_amortized_device
NVIDIA H200,bfloat16,131072,256,1,w8_f8_q0/fused_warp,4,48.979198932647705,,True,8,10,graph_amortized_device
NVIDIA H200,bfloat16,131072,256,1,w0_f2_q1/warp,4,37.874799966812134,0.0,True,8,10,graph_amortized_device
NVIDIA H200,bfloat16,131072,256,1,w0_f2_q1/fused_warp,4,49.02479946613312,,True,8,10,graph_amortized_device
NVIDIA H200,bfloat16,131072,256,1,w0_f4_q1/warp,4,37.73840069770813,0.0,True,8,10,graph_amortized_device
NVIDIA H200,bfloat16,131072,256,1,w0_f4_q1/fused_warp,4,49.124398827552795,,True,8,10,graph_amortized_device
NVIDIA H200,bfloat16,131072,256,1,w0_f8_q1/warp,4,37.90760040283203,0.0,True,8,10,graph_amortized_device
NVIDIA H200,bfloat16,131072,256,1,w0_f8_q1/fused_warp,4,49.27560091018677,,True,8,10,graph_amortized_device
NVIDIA H200,bfloat16,131072,256,1,dao,4,81.2175989151001,0.0,True,8,10,graph_amortized_device
NVIDIA H200,bfloat16,131072,256,1,dao_plus_quant,4,162.3080015182495,,True,8,10,graph_amortized_device
NVIDIA H200,bfloat16,131072,256,1,w0_f0_q0/warp,4,37.69519925117493,0.0,True,8,10,graph_amortized_device
NVIDIA H200,bfloat16,131072,256,1,w0_f0_q0/fused_warp,4,48.92520010471344,,True,8,10,graph_amortized_device
NVIDIA H200,bfloat16,1,512,1,dao,0,1.9616000354290009,0.0,True,8,10,graph_amortized_device
NVIDIA H200,bfloat16,1,512,1,dao_plus_quant,0,3.1112000346183777,,True,8,10,graph_amortized_device
NVIDIA H200,bfloat16,1,512,1,w0_f0_q0/warp,0,1.8820000812411308,0.0,True,8,10,graph_amortized_device
NVIDIA H200,bfloat16,1,512,1,w0_f0_q0/fused_warp,0,2.2471999749541283,,True,8,10,graph_amortized_device
NVIDIA H200,bfloat16,1,512,1,w2_f2_q0/warp,0,1.9408000633120537,0.0,True,8,10,graph_amortized_device
NVIDIA H200,bfloat16,1,512,1,w2_f2_q0/fused_warp,0,2.175999991595745,,True,8,10,graph_amortized_device
NVIDIA H200,bfloat16,1,512,1,w4_f4_q0/warp,0,1.80440004914999,0.0,True,8,10,graph_amortized_device
NVIDIA H200,bfloat16,1,512,1,w4_f4_q0/fused_warp,0,2.258799970149994,,True,8,10,graph_amortized_device
NVIDIA H200,bfloat16,1,512,1,w8_f8_q0/warp,0,1.8583999946713448,0.0,True,8,10,graph_amortized_device
NVIDIA H200,bfloat16,1,512,1,w8_f8_q0/fused_warp,0,2.191600017249584,,True,8,10,graph_amortized_device
NVIDIA H200,bfloat16,1,512,1,w0_f2_q1/warp,0,1.8316000699996948,0.0,True,8,10,graph_amortized_device
NVIDIA H200,bfloat16,1,512,1,w0_f2_q1/fused_warp,0,2.2088000550866127,,True,8,10,graph_amortized_device
NVIDIA H200,bfloat16,1,512,1,w0_f4_q1/warp,0,1.9271999597549438,0.0,True,8,10,graph_amortized_device
NVIDIA H200,bfloat16,1,512,1,w0_f4_q1/fused_warp,0,2.293599955737591,,True,8,10,graph_amortized_device
NVIDIA H200,bfloat16,1,512,1,w0_f8_q1/warp,0,1.8316000699996948,0.0,True,8,10,graph_amortized_device
NVIDIA H200,bfloat16,1,512,1,w0_f8_q1/fused_warp,0,2.210400067269802,,True,8,10,graph_amortized_device
NVIDIA H200,bfloat16,1,512,1,dao,1,1.9608000293374062,0.0,True,8,10,graph_amortized_device
NVIDIA H200,bfloat16,1,512,1,w0_f8_q1/fused_warp,1,2.2091999650001526,,True,8,10,graph_amortized_device
NVIDIA H200,bfloat16,1,512,1,w0_f8_q1/warp,1,1.8303999677300453,0.0,True,8,10,graph_amortized_device
NVIDIA H200,bfloat16,1,512,1,w0_f4_q1/fused_warp,1,2.295600064098835,,True,8,10,graph_amortized_device
NVIDIA H200,bfloat16,1,512,1,w0_f4_q1/warp,1,1.9255999475717545,0.0,True,8,10,graph_amortized_device
NVIDIA H200,bfloat16,1,512,1,w0_f2_q1/fused_warp,1,2.205600030720234,,True,8,10,graph_amortized_device
NVIDIA H200,bfloat16,1,512,1,w0_f2_q1/warp,1,1.8327999860048294,0.0,True,8,10,graph_amortized_device
NVIDIA H200,bfloat16,1,512,1,w8_f8_q0/fused_warp,1,2.197599969804287,,True,8,10,graph_amortized_device
NVIDIA H200,bfloat16,1,512,1,w8_f8_q0/warp,1,1.8611999228596687,0.0,True,8,10,graph_amortized_device
NVIDIA H200,bfloat16,1,512,1,w4_f4_q0/fused_warp,1,2.2571999579668045,,True,8,10,graph_amortized_device
NVIDIA H200,bfloat16,1,512,1,w4_f4_q0/warp,1,1.8063999712467194,0.0,True,8,10,graph_amortized_device
NVIDIA H200,bfloat16,1,512,1,w2_f2_q0/fused_warp,1,2.178799919784069,,True,8,10,graph_amortized_device
NVIDIA H200,bfloat16,1,512,1,w2_f2_q0/warp,1,1.9579999148845673,0.0,True,8,10,graph_amortized_device
NVIDIA H200,bfloat16,1,512,1,w0_f0_q0/fused_warp,1,2.2468000650405884,,True,8,10,graph_amortized_device
NVIDIA H200,bfloat16,1,512,1,w0_f0_q0/warp,1,1.8828000873327255,0.0,True,8,10,graph_amortized_device
NVIDIA H200,bfloat16,1,512,1,dao_plus_quant,1,3.113199956715107,,True,8,10,graph_amortized_device
NVIDIA H200,bfloat16,1,512,1,w0_f0_q0/warp,2,1.8856000155210495,0.0,True,8,10,graph_amortized_device
NVIDIA H200,bfloat16,1,512,1,w0_f0_q0/fused_warp,2,2.2463999688625336,,True,8,10,graph_amortized_device
NVIDIA H200,bfloat16,1,512,1,w2_f2_q0/warp,2,1.9411999732255936,0.0,True,8,10,graph_amortized_device
NVIDIA H200,bfloat16,1,512,1,w2_f2_q0/fused_warp,2,2.1724000573158264,,True,8,10,graph_amortized_device
NVIDIA H200,bfloat16,1,512,1,w4_f4_q0/warp,2,1.8087999895215034,0.0,True,8,10,graph_amortized_device
NVIDIA H200,bfloat16,1,512,1,w4_f4_q0/fused_warp,2,2.2628000006079674,,True,8,10,graph_amortized_device
NVIDIA H200,bfloat16,1,512,1,w8_f8_q0/warp,2,1.8608000129461288,0.0,True,8,10,graph_amortized_device
NVIDIA H200,bfloat16,1,512,1,w8_f8_q0/fused_warp,2,2.200400084257126,,True,8,10,graph_amortized_device
NVIDIA H200,bfloat16,1,512,1,w0_f2_q1/warp,2,1.8371999263763428,0.0,True,8,10,graph_amortized_device
NVIDIA H200,bfloat16,1,512,1,w0_f2_q1/fused_warp,2,2.207599952816963,,True,8,10,graph_amortized_device
NVIDIA H200,bfloat16,1,512,1,w0_f4_q1/warp,2,1.9020000472664833,0.0,True,8,10,graph_amortized_device
NVIDIA H200,bfloat16,1,512,1,w0_f4_q1/fused_warp,2,2.287999913096428,,True,8,10,graph_amortized_device
NVIDIA H200,bfloat16,1,512,1,w0_f8_q1/warp,2,1.8395999446511269,0.0,True,8,10,graph_amortized_device
NVIDIA H200,bfloat16,1,512,1,w0_f8_q1/fused_warp,2,2.205600030720234,,True,8,10,graph_amortized_device
NVIDIA H200,bfloat16,1,512,1,dao,2,1.9564000889658928,0.0,True,8,10,graph_amortized_device
NVIDIA H200,bfloat16,1,512,1,dao_plus_quant,2,3.1139999628067017,,True,8,10,graph_amortized_device
NVIDIA H200,bfloat16,1,512,1,w0_f0_q0/warp,3,1.8888000398874283,0.0,True,8,10,graph_amortized_device
NVIDIA H200,bfloat16,1,512,1,dao_plus_quant,3,3.1112000346183777,,True,8,10,graph_amortized_device
NVIDIA H200,bfloat16,1,512,1,dao,3,1.955999992787838,0.0,True,8,10,graph_amortized_device
NVIDIA H200,bfloat16,1,512,1,w0_f8_q1/fused_warp,3,2.211200073361397,,True,8,10,graph_amortized_device
NVIDIA H200,bfloat16,1,512,1,w0_f8_q1/warp,3,1.8168000504374504,0.0,True,8,10,graph_amortized_device
NVIDIA H200,bfloat16,1,512,1,w0_f4_q1/fused_warp,3,2.287999913096428,,True,8,10,graph_amortized_device
NVIDIA H200,bfloat16,1,512,1,w0_f4_q1/warp,3,1.9036000594496727,0.0,True,8,10,graph_amortized_device
NVIDIA H200,bfloat16,1,512,1,w0_f2_q1/fused_warp,3,2.2035999223589897,,True,8,10,graph_amortized_device
NVIDIA H200,bfloat16,1,512,1,w0_f2_q1/warp,3,1.8332000821828842,0.0,True,8,10,graph_amortized_device
NVIDIA H200,bfloat16,1,512,1,w8_f8_q0/fused_warp,3,2.192400023341179,,True,8,10,graph_amortized_device
NVIDIA H200,bfloat16,1,512,1,w8_f8_q0/warp,3,1.8564000725746155,0.0,True,8,10,graph_amortized_device
NVIDIA H200,bfloat16,1,512,1,w4_f4_q0/fused_warp,3,2.2600000724196434,,True,8,10,graph_amortized_device
NVIDIA H200,bfloat16,1,512,1,w4_f4_q0/warp,3,1.8087999895215034,0.0,True,8,10,graph_amortized_device
NVIDIA H200,bfloat16,1,512,1,w2_f2_q0/fused_warp,3,2.1748000755906105,,True,8,10,graph_amortized_device
NVIDIA H200,bfloat16,1,512,1,w2_f2_q0/warp,3,1.9419999793171883,0.0,True,8,10,graph_amortized_device
NVIDIA H200,bfloat16,1,512,1,w0_f0_q0/fused_warp,3,2.2468000650405884,,True,8,10,graph_amortized_device
NVIDIA H200,bfloat16,1,512,1,w2_f2_q0/warp,4,1.9435999915003777,0.0,True,8,10,graph_amortized_device
NVIDIA H200,bfloat16,1,512,1,w2_f2_q0/fused_warp,4,2.1776000037789345,,True,8,10,graph_amortized_device
NVIDIA H200,bfloat16,1,512,1,w4_f4_q0/warp,4,1.8095999956130981,0.0,True,8,10,graph_amortized_device
NVIDIA H200,bfloat16,1,512,1,w4_f4_q0/fused_warp,4,2.2603999823331833,,True,8,10,graph_amortized_device
NVIDIA H200,bfloat16,1,512,1,w8_f8_q0/warp,4,1.8624000251293182,0.0,True,8,10,graph_amortized_device
NVIDIA H200,bfloat16,1,512,1,w8_f8_q0/fused_warp,4,2.194800041615963,,True,8,10,graph_amortized_device
NVIDIA H200,bfloat16,1,512,1,w0_f2_q1/warp,4,1.8324000760912895,0.0,True,8,10,graph_amortized_device
NVIDIA H200,bfloat16,1,512,1,w0_f2_q1/fused_warp,4,2.208399958908558,,True,8,10,graph_amortized_device
NVIDIA H200,bfloat16,1,512,1,w0_f4_q1/warp,4,1.907999999821186,0.0,True,8,10,graph_amortized_device
NVIDIA H200,bfloat16,1,512,1,w0_f4_q1/fused_warp,4,2.2892000153660774,,True,8,10,graph_amortized_device
NVIDIA H200,bfloat16,1,512,1,w0_f8_q1/warp,4,1.8355999141931534,0.0,True,8,10,graph_amortized_device
NVIDIA H200,bfloat16,1,512,1,w0_f8_q1/fused_warp,4,2.2099999710917473,,True,8,10,graph_amortized_device
NVIDIA H200,bfloat16,1,512,1,dao,4,1.9524000585079193,0.0,True,8,10,graph_amortized_device
NVIDIA H200,bfloat16,1,512,1,dao_plus_quant,4,3.110400028526783,,True,8,10,graph_amortized_device
NVIDIA H200,bfloat16,1,512,1,w0_f0_q0/warp,4,1.8823999911546707,0.0,True,8,10,graph_amortized_device
NVIDIA H200,bfloat16,1,512,1,w0_f0_q0/fused_warp,4,2.2471999749541283,,True,8,10,graph_amortized_device
NVIDIA H200,bfloat16,128,512,1,dao,0,2.1215999498963356,0.0,True,8,10,graph_amortized_device
NVIDIA H200,bfloat16,128,512,1,dao_plus_quant,0,3.620000183582306,,True,8,10,graph_amortized_device
NVIDIA H200,bfloat16,128,512,1,w0_f0_q0/warp,0,2.0400000736117363,0.0,True,8,10,graph_amortized_device
NVIDIA H200,bfloat16,128,512,1,w0_f0_q0/fused_warp,0,2.3107999935746193,,True,8,10,graph_amortized_device
NVIDIA H200,bfloat16,128,512,1,w2_f2_q0/warp,0,2.0263999700546265,0.0,True,8,10,graph_amortized_device
NVIDIA H200,bfloat16,128,512,1,w2_f2_q0/fused_warp,0,2.396400086581707,,True,8,10,graph_amortized_device
NVIDIA H200,bfloat16,128,512,1,w4_f4_q0/warp,0,2.017199993133545,0.0,True,8,10,graph_amortized_device
NVIDIA H200,bfloat16,128,512,1,w4_f4_q0/fused_warp,0,2.375599928200245,,True,8,10,graph_amortized_device
NVIDIA H200,bfloat16,128,512,1,w8_f8_q0/warp,0,2.2787999361753464,0.0,True,8,10,graph_amortized_device
NVIDIA H200,bfloat16,128,512,1,w8_f8_q0/fused_warp,0,2.638399973511696,,True,8,10,graph_amortized_device
NVIDIA H200,bfloat16,128,512,1,w0_f2_q1/warp,0,2.0759999752044678,0.0,True,8,10,graph_amortized_device
NVIDIA H200,bfloat16,128,512,1,w0_f2_q1/fused_warp,0,2.3739999160170555,,True,8,10,graph_amortized_device
NVIDIA H200,bfloat16,128,512,1,w0_f4_q1/warp,0,1.9972000271081924,0.0,True,8,10,graph_amortized_device
NVIDIA H200,bfloat16,128,512,1,w0_f4_q1/fused_warp,0,2.3507999256253242,,True,8,10,graph_amortized_device
NVIDIA H200,bfloat16,128,512,1,w0_f8_q1/warp,0,2.0764000713825226,0.0,True,8,10,graph_amortized_device
NVIDIA H200,bfloat16,128,512,1,w0_f8_q1/fused_warp,0,2.5836000218987465,,True,8,10,graph_amortized_device
NVIDIA H200,bfloat16,128,512,1,dao,1,2.1131999790668488,0.0,True,8,10,graph_amortized_device
NVIDIA H200,bfloat16,128,512,1,w0_f8_q1/fused_warp,1,2.584400027990341,,True,8,10,graph_amortized_device
NVIDIA H200,bfloat16,128,512,1,w0_f8_q1/warp,1,2.0692000165581703,0.0,True,8,10,graph_amortized_device
NVIDIA H200,bfloat16,128,512,1,w0_f4_q1/fused_warp,1,2.34839990735054,,True,8,10,graph_amortized_device
NVIDIA H200,bfloat16,128,512,1,w0_f4_q1/warp,1,1.9967999309301376,0.0,True,8,10,graph_amortized_device
NVIDIA H200,bfloat16,128,512,1,w0_f2_q1/fused_warp,1,2.370000071823597,,True,8,10,graph_amortized_device
NVIDIA H200,bfloat16,128,512,1,w0_f2_q1/warp,1,2.0711999386548996,0.0,True,8,10,graph_amortized_device
NVIDIA H200,bfloat16,128,512,1,w8_f8_q0/fused_warp,1,2.6419999077916145,,True,8,10,graph_amortized_device
NVIDIA H200,bfloat16,128,512,1,w8_f8_q0/warp,1,2.277199923992157,0.0,True,8,10,graph_amortized_device
NVIDIA H200,bfloat16,128,512,1,w4_f4_q0/fused_warp,1,2.305999957025051,,True,8,10,graph_amortized_device
NVIDIA H200,bfloat16,128,512,1,w4_f4_q0/warp,1,2.0179999992251396,0.0,True,8,10,graph_amortized_device
NVIDIA H200,bfloat16,128,512,1,w2_f2_q0/fused_warp,1,2.4008000269532204,,True,8,10,graph_amortized_device
NVIDIA H200,bfloat16,128,512,1,w2_f2_q0/warp,1,2.019999921321869,0.0,True,8,10,graph_amortized_device
NVIDIA H200,bfloat16,128,512,1,w0_f0_q0/fused_warp,1,2.30919998139143,,True,8,10,graph_amortized_device
NVIDIA H200,bfloat16,128,512,1,w0_f0_q0/warp,1,2.043999917805195,0.0,True,8,10,graph_amortized_device
NVIDIA H200,bfloat16,128,512,1,dao_plus_quant,1,3.6260001361370087,,True,8,10,graph_amortized_device
NVIDIA H200,bfloat16,128,512,1,w0_f0_q0/warp,2,2.041199989616871,0.0,True,8,10,graph_amortized_device
NVIDIA H200,bfloat16,128,512,1,w0_f0_q0/fused_warp,2,2.3072000592947006,,True,8,10,graph_amortized_device
NVIDIA H200,bfloat16,128,512,1,w2_f2_q0/warp,2,2.006799913942814,0.0,True,8,10,graph_amortized_device
NVIDIA H200,bfloat16,128,512,1,w2_f2_q0/fused_warp,2,2.3763999342918396,,True,8,10,graph_amortized_device
NVIDIA H200,bfloat16,128,512,1,w4_f4_q0/warp,2,2.001599967479706,0.0,True,8,10,graph_amortized_device
NVIDIA H200,bfloat16,128,512,1,w4_f4_q0/fused_warp,2,2.3075999692082405,,True,8,10,graph_amortized_device
NVIDIA H200,bfloat16,128,512,1,w8_f8_q0/warp,2,2.255599945783615,0.0,True,8,10,graph_amortized_device
NVIDIA H200,bfloat16,128,512,1,w8_f8_q0/fused_warp,2,2.6399999856948853,,True,8,10,graph_amortized_device
NVIDIA H200,bfloat16,128,512,1,w0_f2_q1/warp,2,2.0759999752044678,0.0,True,8,10,graph_amortized_device
NVIDIA H200,bfloat16,128,512,1,w0_f2_q1/fused_warp,2,2.364799939095974,,True,8,10,graph_amortized_device
NVIDIA H200,bfloat16,128,512,1,w0_f4_q1/warp,2,1.9948000088334084,0.0,True,8,10,graph_amortized_device
NVIDIA H200,bfloat16,128,512,1,w0_f4_q1/fused_warp,2,2.3499999195337296,,True,8,10,graph_amortized_device
NVIDIA H200,bfloat16,128,512,1,w0_f8_q1/warp,2,2.0708000287413597,0.0,True,8,10,graph_amortized_device
NVIDIA H200,bfloat16,128,512,1,w0_f8_q1/fused_warp,2,2.577199973165989,,True,8,10,graph_amortized_device
NVIDIA H200,bfloat16,128,512,1,dao,2,2.112399972975254,0.0,True,8,10,graph_amortized_device
NVIDIA H200,bfloat16,128,512,1,dao_plus_quant,2,3.627600148320198,,True,8,10,graph_amortized_device
NVIDIA H200,bfloat16,128,512,1,w0_f0_q0/warp,3,2.0212000235915184,0.0,True,8,10,graph_amortized_device
NVIDIA H200,bfloat16,128,512,1,dao_plus_quant,3,3.625199943780899,,True,8,10,graph_amortized_device
NVIDIA H200,bfloat16,128,512,1,dao,3,2.110400050878525,0.0,True,8,10,graph_amortized_device
NVIDIA H200,bfloat16,128,512,1,w0_f8_q1/fused_warp,3,2.579200081527233,,True,8,10,graph_amortized_device
NVIDIA H200,bfloat16,128,512,1,w0_f8_q1/warp,3,2.0711999386548996,0.0,True,8,10,graph_amortized_device
NVIDIA H200,bfloat16,128,512,1,w0_f4_q1/fused_warp,3,2.3423999547958374,,True,8,10,graph_amortized_device
NVIDIA H200,bfloat16,128,512,1,w0_f4_q1/warp,3,1.998399943113327,0.0,True,8,10,graph_amortized_device
NVIDIA H200,bfloat16,128,512,1,w0_f2_q1/fused_warp,3,2.3768000304698944,,True,8,10,graph_amortized_device
NVIDIA H200,bfloat16,128,512,1,w0_f2_q1/warp,3,2.0471999421715736,0.0,True,8,10,graph_amortized_device
NVIDIA H200,bfloat16,128,512,1,w8_f8_q0/fused_warp,3,2.648399956524372,,True,8,10,graph_amortized_device
NVIDIA H200,bfloat16,128,512,1,w8_f8_q0/warp,3,2.2592000663280487,0.0,True,8,10,graph_amortized_device
NVIDIA H200,bfloat16,128,512,1,w4_f4_q0/fused_warp,3,2.3027999326586723,,True,8,10,graph_amortized_device
NVIDIA H200,bfloat16,128,512,1,w4_f4_q0/warp,3,2.0188000053167343,0.0,True,8,10,graph_amortized_device
NVIDIA H200,bfloat16,128,512,1,w2_f2_q0/fused_warp,3,2.399200014770031,,True,8,10,graph_amortized_device
NVIDIA H200,bfloat16,128,512,1,w2_f2_q0/warp,3,2.0215999335050583,0.0,True,8,10,graph_amortized_device
NVIDIA H200,bfloat16,128,512,1,w0_f0_q0/fused_warp,3,2.3099999874830246,,True,8,10,graph_amortized_device
NVIDIA H200,bfloat16,128,512,1,w2_f2_q0/warp,4,2.037600055336952,0.0,True,8,10,graph_amortized_device
NVIDIA H200,bfloat16,128,512,1,w2_f2_q0/fused_warp,4,2.396400086581707,,True,8,10,graph_amortized_device
NVIDIA H200,bfloat16,128,512,1,w4_f4_q0/warp,4,2.019999921321869,0.0,True,8,10,graph_amortized_device
NVIDIA H200,bfloat16,128,512,1,w4_f4_q0/fused_warp,4,2.2895999252796173,,True,8,10,graph_amortized_device
NVIDIA H200,bfloat16,128,512,1,w8_f8_q0/warp,4,2.2603999823331833,0.0,True,8,10,graph_amortized_device
NVIDIA H200,bfloat16,128,512,1,w8_f8_q0/fused_warp,4,2.6372000575065613,,True,8,10,graph_amortized_device
NVIDIA H200,bfloat16,128,512,1,w0_f2_q1/warp,4,2.0743999630212784,0.0,True,8,10,graph_amortized_device
NVIDIA H200,bfloat16,128,512,1,w0_f2_q1/fused_warp,4,2.3760000243782997,,True,8,10,graph_amortized_device
NVIDIA H200,bfloat16,128,512,1,w0_f4_q1/warp,4,1.995600014925003,0.0,True,8,10,graph_amortized_device
NVIDIA H200,bfloat16,128,512,1,w0_f4_q1/fused_warp,4,2.343199960887432,,True,8,10,graph_amortized_device
NVIDIA H200,bfloat16,128,512,1,w0_f8_q1/warp,4,2.049200050532818,0.0,True,8,10,graph_amortized_device
NVIDIA H200,bfloat16,128,512,1,w0_f8_q1/fused_warp,4,2.5807999074459076,,True,8,10,graph_amortized_device
NVIDIA H200,bfloat16,128,512,1,dao,4,2.1164000034332275,0.0,True,8,10,graph_amortized_device
NVIDIA H200,bfloat16,128,512,1,dao_plus_quant,4,3.6215998232364655,,True,8,10,graph_amortized_device
NVIDIA H200,bfloat16,128,512,1,w0_f0_q0/warp,4,2.046399936079979,0.0,True,8,10,graph_amortized_device
NVIDIA H200,bfloat16,128,512,1,w0_f0_q0/fused_warp,4,2.3096000775694847,,True,8,10,graph_amortized_device
NVIDIA H200,bfloat16,16384,512,1,dao,0,12.46199980378151,0.0,True,8,10,graph_amortized_device
NVIDIA H200,bfloat16,16384,512,1,dao_plus_quant,0,27.340000867843628,,True,8,10,graph_amortized_device
NVIDIA H200,bfloat16,16384,512,1,w0_f0_q0/warp,0,10.8024001121521,0.0,True,8,10,graph_amortized_device
NVIDIA H200,bfloat16,16384,512,1,w0_f0_q0/fused_warp,0,11.959200352430344,,True,8,10,graph_amortized_device
NVIDIA H200,bfloat16,16384,512,1,w2_f2_q0/warp,0,10.65479964017868,0.0,True,8,10,graph_amortized_device
NVIDIA H200,bfloat16,16384,512,1,w2_f2_q0/fused_warp,0,12.144800275564194,,True,8,10,graph_amortized_device
NVIDIA H200,bfloat16,16384,512,1,w4_f4_q0/warp,0,10.739599913358688,0.0,True,8,10,graph_amortized_device
NVIDIA H200,bfloat16,16384,512,1,w4_f4_q0/fused_warp,0,11.868000030517578,,True,8,10,graph_amortized_device
NVIDIA H200,bfloat16,16384,512,1,w8_f8_q0/warp,0,10.788799822330475,0.0,True,8,10,graph_amortized_device
NVIDIA H200,bfloat16,16384,512,1,w8_f8_q0/fused_warp,0,12.201599776744843,,True,8,10,graph_amortized_device
NVIDIA H200,bfloat16,16384,512,1,w0_f2_q1/warp,0,10.821600258350372,0.0,True,8,10,graph_amortized_device
NVIDIA H200,bfloat16,16384,512,1,w0_f2_q1/fused_warp,0,12.31200024485588,,True,8,10,graph_amortized_device
NVIDIA H200,bfloat16,16384,512,1,w0_f4_q1/warp,0,10.71999967098236,0.0,True,8,10,graph_amortized_device
NVIDIA H200,bfloat16,16384,512,1,w0_f4_q1/fused_warp,0,12.318799644708633,,True,8,10,graph_amortized_device
NVIDIA H200,bfloat16,16384,512,1,w0_f8_q1/warp,0,10.797999799251556,0.0,True,8,10,graph_amortized_device
NVIDIA H200,bfloat16,16384,512,1,w0_f8_q1/fused_warp,0,12.615199387073517,,True,8,10,graph_amortized_device
NVIDIA H200,bfloat16,16384,512,1,dao,1,12.451200187206268,0.0,True,8,10,graph_amortized_device
NVIDIA H200,bfloat16,16384,512,1,w0_f8_q1/fused_warp,1,12.470400333404541,,True,8,10,graph_amortized_device
NVIDIA H200,bfloat16,16384,512,1,w0_f8_q1/warp,1,10.839200019836426,0.0,True,8,10,graph_amortized_device
NVIDIA H200,bfloat16,16384,512,1,w0_f4_q1/fused_warp,1,12.325599789619446,,True,8,10,graph_amortized_device
NVIDIA H200,bfloat16,16384,512,1,w0_f4_q1/warp,1,10.695599764585495,0.0,True,8,10,graph_amortized_device
NVIDIA H200,bfloat16,16384,512,1,w0_f2_q1/fused_warp,1,12.362799793481827,,True,8,10,graph_amortized_device
NVIDIA H200,bfloat16,16384,512,1,w0_f2_q1/warp,1,10.811199992895126,0.0,True,8,10,graph_amortized_device
NVIDIA H200,bfloat16,16384,512,1,w8_f8_q0/fused_warp,1,12.250400334596634,,True,8,10,graph_amortized_device
NVIDIA H200,bfloat16,16384,512,1,w8_f8_q0/warp,1,10.818000137805939,0.0,True,8,10,graph_amortized_device
NVIDIA H200,bfloat16,16384,512,1,w4_f4_q0/fused_warp,1,11.937200278043747,,True,8,10,graph_amortized_device
NVIDIA H200,bfloat16,16384,512,1,w4_f4_q0/warp,1,10.722000151872635,0.0,True,8,10,graph_amortized_device
NVIDIA H200,bfloat16,16384,512,1,w2_f2_q0/fused_warp,1,12.239199876785278,,True,8,10,graph_amortized_device
NVIDIA H200,bfloat16,16384,512,1,w2_f2_q0/warp,1,10.636799782514572,0.0,True,8,10,graph_amortized_device
NVIDIA H200,bfloat16,16384,512,1,w0_f0_q0/fused_warp,1,12.018799781799316,,True,8,10,graph_amortized_device
NVIDIA H200,bfloat16,16384,512,1,w0_f0_q0/warp,1,10.765600204467773,0.0,True,8,10,graph_amortized_device
NVIDIA H200,bfloat16,16384,512,1,dao_plus_quant,1,27.334800362586975,,True,8,10,graph_amortized_device
NVIDIA H200,bfloat16,16384,512,1,w0_f0_q0/warp,2,10.81319972872734,0.0,True,8,10,graph_amortized_device
NVIDIA H200,bfloat16,16384,512,1,w0_f0_q0/fused_warp,2,11.974000185728073,,True,8,10,graph_amortized_device
NVIDIA H200,bfloat16,16384,512,1,w2_f2_q0/warp,2,10.626000165939331,0.0,True,8,10,graph_amortized_device
NVIDIA H200,bfloat16,16384,512,1,w2_f2_q0/fused_warp,2,12.213200330734253,,True,8,10,graph_amortized_device
NVIDIA H200,bfloat16,16384,512,1,w4_f4_q0/warp,2,10.763200372457504,0.0,True,8,10,graph_amortized_device
NVIDIA H200,bfloat16,16384,512,1,w4_f4_q0/fused_warp,2,11.907599866390228,,True,8,10,graph_amortized_device
NVIDIA H200,bfloat16,16384,512,1,w8_f8_q0/warp,2,10.771600157022476,0.0,True,8,10,graph_amortized_device
NVIDIA H200,bfloat16,16384,512,1,w8_f8_q0/fused_warp,2,12.24759966135025,,True,8,10,graph_amortized_device
NVIDIA H200,bfloat16,16384,512,1,w0_f2_q1/warp,2,10.821200162172318,0.0,True,8,10,graph_amortized_device
NVIDIA H200,bfloat16,16384,512,1,w0_f2_q1/fused_warp,2,12.26160004734993,,True,8,10,graph_amortized_device
NVIDIA H200,bfloat16,16384,512,1,w0_f4_q1/warp,2,10.724399983882904,0.0,True,8,10,graph_amortized_device
NVIDIA H200,bfloat16,16384,512,1,w0_f4_q1/fused_warp,2,12.424000352621078,,True,8,10,graph_amortized_device
NVIDIA H200,bfloat16,16384,512,1,w0_f8_q1/warp,2,10.82639992237091,0.0,True,8,10,graph_amortized_device
NVIDIA H200,bfloat16,16384,512,1,w0_f8_q1/fused_warp,2,12.5,,True,8,10,graph_amortized_device
NVIDIA H200,bfloat16,16384,512,1,dao,2,12.434399873018265,0.0,True,8,10,graph_amortized_device
NVIDIA H200,bfloat16,16384,512,1,dao_plus_quant,2,27.298399806022644,,True,8,10,graph_amortized_device
NVIDIA H200,bfloat16,16384,512,1,w0_f0_q0/warp,3,10.790800303220749,0.0,True,8,10,graph_amortized_device
NVIDIA H200,bfloat16,16384,512,1,dao_plus_quant,3,27.310800552368164,,True,8,10,graph_amortized_device
NVIDIA H200,bfloat16,16384,512,1,dao,3,12.402399629354477,0.0,True,8,10,graph_amortized_device
NVIDIA H200,bfloat16,16384,512,1,w0_f8_q1/fused_warp,3,12.459199875593185,,True,8,10,graph_amortized_device
NVIDIA H200,bfloat16,16384,512,1,w0_f8_q1/warp,3,10.784400254487991,0.0,True,8,10,graph_amortized_device
NVIDIA H200,bfloat16,16384,512,1,w0_f4_q1/fused_warp,3,12.308800220489502,,True,8,10,graph_amortized_device
NVIDIA H200,bfloat16,16384,512,1,w0_f4_q1/warp,3,10.710400342941284,0.0,True,8,10,graph_amortized_device
NVIDIA H200,bfloat16,16384,512,1,w0_f2_q1/fused_warp,3,12.217999994754791,,True,8,10,graph_amortized_device
NVIDIA H200,bfloat16,16384,512,1,w0_f2_q1/warp,3,10.798399895429611,0.0,True,8,10,graph_amortized_device
NVIDIA H200,bfloat16,16384,512,1,w8_f8_q0/fused_warp,3,12.245199829339981,,True,8,10,graph_amortized_device
NVIDIA H200,bfloat16,16384,512,1,w8_f8_q0/warp,3,10.750000178813934,0.0,True,8,10,graph_amortized_device
NVIDIA H200,bfloat16,16384,512,1,w4_f4_q0/fused_warp,3,11.885599792003632,,True,8,10,graph_amortized_device
NVIDIA H200,bfloat16,16384,512,1,w4_f4_q0/warp,3,10.794000327587128,0.0,True,8,10,graph_amortized_device
NVIDIA H200,bfloat16,16384,512,1,w2_f2_q0/fused_warp,3,12.10319995880127,,True,8,10,graph_amortized_device
NVIDIA H200,bfloat16,16384,512,1,w2_f2_q0/warp,3,10.638000071048737,0.0,True,8,10,graph_amortized_device
NVIDIA H200,bfloat16,16384,512,1,w0_f0_q0/fused_warp,3,11.993999779224396,,True,8,10,graph_amortized_device
NVIDIA H200,bfloat16,16384,512,1,w2_f2_q0/warp,4,10.647200047969818,0.0,True,8,10,graph_amortized_device
NVIDIA H200,bfloat16,16384,512,1,w2_f2_q0/fused_warp,4,12.128400057554245,,True,8,10,graph_amortized_device
NVIDIA H200,bfloat16,16384,512,1,w4_f4_q0/warp,4,10.783600062131882,0.0,True,8,10,graph_amortized_device
NVIDIA H200,bfloat16,16384,512,1,w4_f4_q0/fused_warp,4,11.90359964966774,,True,8,10,graph_amortized_device
NVIDIA H200,bfloat16,16384,512,1,w8_f8_q0/warp,4,10.793600231409073,0.0,True,8,10,graph_amortized_device
NVIDIA H200,bfloat16,16384,512,1,w8_f8_q0/fused_warp,4,12.271200120449066,,True,8,10,graph_amortized_device
NVIDIA H200,bfloat16,16384,512,1,w0_f2_q1/warp,4,10.847599804401398,0.0,True,8,10,graph_amortized_device
NVIDIA H200,bfloat16,16384,512,1,w0_f2_q1/fused_warp,4,12.301599979400635,,True,8,10,graph_amortized_device
NVIDIA H200,bfloat16,16384,512,1,w0_f4_q1/warp,4,10.727199912071228,0.0,True,8,10,graph_amortized_device
NVIDIA H200,bfloat16,16384,512,1,w0_f4_q1/fused_warp,4,12.291599810123444,,True,8,10,graph_amortized_device
NVIDIA H200,bfloat16,16384,512,1,w0_f8_q1/warp,4,10.831599682569504,0.0,True,8,10,graph_amortized_device
NVIDIA H200,bfloat16,16384,512,1,w0_f8_q1/fused_warp,4,12.580400705337524,,True,8,10,graph_amortized_device
NVIDIA H200,bfloat16,16384,512,1,dao,4,12.520399689674377,0.0,True,8,10,graph_amortized_device
NVIDIA H200,bfloat16,16384,512,1,dao_plus_quant,4,27.290400862693787,,True,8,10,graph_amortized_device
NVIDIA H200,bfloat16,16384,512,1,w0_f0_q0/warp,4,10.797999799251556,0.0,True,8,10,graph_amortized_device
NVIDIA H200,bfloat16,16384,512,1,w0_f0_q0/fused_warp,4,11.922399699687958,,True,8,10,graph_amortized_device
NVIDIA H200,bfloat16,131072,512,1,dao,0,81.96960091590881,0.0,True,8,10,graph_amortized_device
NVIDIA H200,bfloat16,131072,512,1,dao_plus_quant,0,216.70401096343994,,True,8,10,graph_amortized_device
NVIDIA H200,bfloat16,131072,512,1,w0_f0_q0/warp,0,69.71799731254578,0.0,True,8,10,graph_amortized_device
NVIDIA H200,bfloat16,131072,512,1,w0_f0_q0/fused_warp,0,81.84239864349365,,True,8,10,graph_amortized_device
NVIDIA H200,bfloat16,131072,512,1,w2_f2_q0/warp,0,69.54960227012634,0.0,True,8,10,graph_amortized_device
NVIDIA H200,bfloat16,131072,512,1,w2_f2_q0/fused_warp,0,81.80080056190491,,True,8,10,graph_amortized_device
NVIDIA H200,bfloat16,131072,512,1,w4_f4_q0/warp,0,70.10040283203125,0.0,True,8,10,graph_amortized_device
NVIDIA H200,bfloat16,131072,512,1,w4_f4_q0/fused_warp,0,82.99440145492554,,True,8,10,graph_amortized_device
NVIDIA H200,bfloat16,131072,512,1,w8_f8_q0/warp,0,70.94680070877075,0.0,True,8,10,graph_amortized_device
NVIDIA H200,bfloat16,131072,512,1,w8_f8_q0/fused_warp,0,83.24959874153137,,True,8,10,graph_amortized_device
NVIDIA H200,bfloat16,131072,512,1,w0_f2_q1/warp,0,70.3000009059906,0.0,True,8,10,graph_amortized_device
NVIDIA H200,bfloat16,131072,512,1,w0_f2_q1/fused_warp,0,85.91160178184509,,True,8,10,graph_amortized_device
NVIDIA H200,bfloat16,131072,512,1,w0_f4_q1/warp,0,70.3324019908905,0.0,True,8,10,graph_amortized_device
NVIDIA H200,bfloat16,131072,512,1,w0_f4_q1/fused_warp,0,86.10479831695557,,True,8,10,graph_amortized_device
NVIDIA H200,bfloat16,131072,512,1,w0_f8_q1/warp,0,70.65240144729614,0.0,True,8,10,graph_amortized_device
NVIDIA H200,bfloat16,131072,512,1,w0_f8_q1/fused_warp,0,86.4471971988678,,True,8,10,graph_amortized_device
NVIDIA H200,bfloat16,131072,512,1,dao,1,82.04360008239746,0.0,True,8,10,graph_amortized_device
NVIDIA H200,bfloat16,131072,512,1,w0_f8_q1/fused_warp,1,85.79239845275879,,True,8,10,graph_amortized_device
NVIDIA H200,bfloat16,131072,512,1,w0_f8_q1/warp,1,70.15519738197327,0.0,True,8,10,graph_amortized_device
NVIDIA H200,bfloat16,131072,512,1,w0_f4_q1/fused_warp,1,85.28439998626709,,True,8,10,graph_amortized_device
NVIDIA H200,bfloat16,131072,512,1,w0_f4_q1/warp,1,70.12400031089783,0.0,True,8,10,graph_amortized_device
NVIDIA H200,bfloat16,131072,512,1,w0_f2_q1/fused_warp,1,85.31839847564697,,True,8,10,graph_amortized_device
NVIDIA H200,bfloat16,131072,512,1,w0_f2_q1/warp,1,70.169198513031,0.0,True,8,10,graph_amortized_device
NVIDIA H200,bfloat16,131072,512,1,w8_f8_q0/fused_warp,1,83.2044005393982,,True,8,10,graph_amortized_device
NVIDIA H200,bfloat16,131072,512,1,w8_f8_q0/warp,1,71.2772011756897,0.0,True,8,10,graph_amortized_device
NVIDIA H200,bfloat16,131072,512,1,w4_f4_q0/fused_warp,1,83.58880281448364,,True,8,10,graph_amortized_device
NVIDIA H200,bfloat16,131072,512,1,w4_f4_q0/warp,1,70.47799825668335,0.0,True,8,10,graph_amortized_device
NVIDIA H200,bfloat16,131072,512,1,w2_f2_q0/fused_warp,1,85.2895975112915,,True,8,10,graph_amortized_device
NVIDIA H200,bfloat16,131072,512,1,w2_f2_q0/warp,1,70.99999785423279,0.0,True,8,10,graph_amortized_device
NVIDIA H200,bfloat16,131072,512,1,w0_f0_q0/fused_warp,1,85.35879850387573,,True,8,10,graph_amortized_device
NVIDIA H200,bfloat16,131072,512,1,w0_f0_q0/warp,1,71.32200002670288,0.0,True,8,10,graph_amortized_device
NVIDIA H200,bfloat16,131072,512,1,dao_plus_quant,1,221.47998809814453,,True,8,10,graph_amortized_device
NVIDIA H200,bfloat16,131072,512,1,w0_f0_q0/warp,2,70.87640166282654,0.0,True,8,10,graph_amortized_device
NVIDIA H200,bfloat16,131072,512,1,w0_f0_q0/fused_warp,2,84.33600068092346,,True,8,10,graph_amortized_device
NVIDIA H200,bfloat16,131072,512,1,w2_f2_q0/warp,2,70.07560133934021,0.0,True,8,10,graph_amortized_device
NVIDIA H200,bfloat16,131072,512,1,w2_f2_q0/fused_warp,2,82.95440077781677,,True,8,10,graph_amortized_device
NVIDIA H200,bfloat16,131072,512,1,w4_f4_q0/warp,2,70.19919753074646,0.0,True,8,10,graph_amortized_device
NVIDIA H200,bfloat16,131072,512,1,w4_f4_q0/fused_warp,2,83.25240015983582,,True,8,10,graph_amortized_device
NVIDIA H200,bfloat16,131072,512,1,w8_f8_q0/warp,2,71.32959961891174,0.0,True,8,10,graph_amortized_device
NVIDIA H200,bfloat16,131072,512,1,w8_f8_q0/fused_warp,2,84.57919955253601,,True,8,10,graph_amortized_device
NVIDIA H200,bfloat16,131072,512,1,w0_f2_q1/warp,2,71.02000117301941,0.0,True,8,10,graph_amortized_device
NVIDIA H200,bfloat16,131072,512,1,w0_f2_q1/fused_warp,2,88.20160031318665,,True,8,10,graph_amortized_device
NVIDIA H200,bfloat16,131072,512,1,w0_f4_q1/warp,2,71.49320244789124,0.0,True,8,10,graph_amortized_device
NVIDIA H200,bfloat16,131072,512,1,w0_f4_q1/fused_warp,2,88.48559856414795,,True,8,10,graph_amortized_device
NVIDIA H200,bfloat16,131072,512,1,w0_f8_q1/warp,2,71.52439951896667,0.0,True,8,10,graph_amortized_device
NVIDIA H200,bfloat16,131072,512,1,w0_f8_q1/fused_warp,2,88.40399980545044,,True,8,10,graph_amortized_device
NVIDIA H200,bfloat16,131072,512,1,dao,2,82.0572018623352,0.0,True,8,10,graph_amortized_device
NVIDIA H200,bfloat16,131072,512,1,dao_plus_quant,2,219.11280155181885,,True,8,10,graph_amortized_device
NVIDIA H200,bfloat16,131072,512,1,w0_f0_q0/warp,3,70.27919888496399,0.0,True,8,10,graph_amortized_device
NVIDIA H200,bfloat16,131072,512,1,dao_plus_quant,3,217.23120212554932,,True,8,10,graph_amortized_device
NVIDIA H200,bfloat16,131072,512,1,dao,3,81.98559880256653,0.0,True,8,10,graph_amortized_device
NVIDIA H200,bfloat16,131072,512,1,w0_f8_q1/fused_warp,3,84.77360010147095,,True,8,10,graph_amortized_device
NVIDIA H200,bfloat16,131072,512,1,w0_f8_q1/warp,3,69.88360285758972,0.0,True,8,10,graph_amortized_device
NVIDIA H200,bfloat16,131072,512,1,w0_f4_q1/fused_warp,3,84.88600254058838,,True,8,10,graph_amortized_device
NVIDIA H200,bfloat16,131072,512,1,w0_f4_q1/warp,3,69.88319754600525,0.0,True,8,10,graph_amortized_device
NVIDIA H200,bfloat16,131072,512,1,w0_f2_q1/fused_warp,3,84.88479852676392,,True,8,10,graph_amortized_device
NVIDIA H200,bfloat16,131072,512,1,w0_f2_q1/warp,3,69.92599964141846,0.0,True,8,10,graph_amortized_device
NVIDIA H200,bfloat16,131072,512,1,w8_f8_q0/fused_warp,3,82.2156012058258,,True,8,10,graph_amortized_device
NVIDIA H200,bfloat16,131072,512,1,w8_f8_q0/warp,3,71.17360234260559,0.0,True,8,10,graph_amortized_device
NVIDIA H200,bfloat16,131072,512,1,w4_f4_q0/fused_warp,3,84.45280194282532,,True,8,10,graph_amortized_device
NVIDIA H200,bfloat16,131072,512,1,w4_f4_q0/warp,3,71.22679948806763,0.0,True,8,10,graph_amortized_device
NVIDIA H200,bfloat16,131072,512,1,w2_f2_q0/fused_warp,3,85.26999950408936,,True,8,10,graph_amortized_device
NVIDIA H200,bfloat16,131072,512,1,w2_f2_q0/warp,3,71.32959961891174,0.0,True,8,10,graph_amortized_device
NVIDIA H200,bfloat16,131072,512,1,w0_f0_q0/fused_warp,3,85.84120273590088,,True,8,10,graph_amortized_device
NVIDIA H200,bfloat16,131072,512,1,w2_f2_q0/warp,4,71.33839726448059,0.0,True,8,10,graph_amortized_device
NVIDIA H200,bfloat16,131072,512,1,w2_f2_q0/fused_warp,4,85.82519888877869,,True,8,10,graph_amortized_device
NVIDIA H200,bfloat16,131072,512,1,w4_f4_q0/warp,4,71.57840132713318,0.0,True,8,10,graph_amortized_device
NVIDIA H200,bfloat16,131072,512,1,w4_f4_q0/fused_warp,4,85.9499990940094,,True,8,10,graph_amortized_device
NVIDIA H200,bfloat16,131072,512,1,w8_f8_q0/warp,4,72.14720249176025,0.0,True,8,10,graph_amortized_device
NVIDIA H200,bfloat16,131072,512,1,w8_f8_q0/fused_warp,4,85.69599986076355,,True,8,10,graph_amortized_device
NVIDIA H200,bfloat16,131072,512,1,w0_f2_q1/warp,4,71.47359848022461,0.0,True,8,10,graph_amortized_device
NVIDIA H200,bfloat16,131072,512,1,w0_f2_q1/fused_warp,4,88.4112000465393,,True,8,10,graph_amortized_device
NVIDIA H200,bfloat16,131072,512,1,w0_f4_q1/warp,4,71.09799981117249,0.0,True,8,10,graph_amortized_device
NVIDIA H200,bfloat16,131072,512,1,w0_f4_q1/fused_warp,4,87.7236008644104,,True,8,10,graph_amortized_device
NVIDIA H200,bfloat16,131072,512,1,w0_f8_q1/warp,4,70.74480056762695,0.0,True,8,10,graph_amortized_device
NVIDIA H200,bfloat16,131072,512,1,w0_f8_q1/fused_warp,4,86.50720119476318,,True,8,10,graph_amortized_device
NVIDIA H200,bfloat16,131072,512,1,dao,4,82.02639818191528,0.0,True,8,10,graph_amortized_device
NVIDIA H200,bfloat16,131072,512,1,dao_plus_quant,4,217.92678833007812,,True,8,10,graph_amortized_device
NVIDIA H200,bfloat16,131072,512,1,w0_f0_q0/warp,4,70.04560232162476,0.0,True,8,10,graph_amortized_device
NVIDIA H200,bfloat16,131072,512,1,w0_f0_q0/fused_warp,4,82.52360224723816,,True,8,10,graph_amortized_device
NVIDIA H200,bfloat16,1,1024,1,dao,0,2.1115999668836594,0.0,True,8,10,graph_amortized_device
NVIDIA H200,bfloat16,1,1024,1,dao_plus_quant,0,3.3879999071359634,,True,8,10,graph_amortized_device
NVIDIA H200,bfloat16,1,1024,1,w0_f0_q0/warp,0,3.502799943089485,0.0,True,8,10,graph_amortized_device
NVIDIA H200,bfloat16,1,1024,1,w0_f0_q0/fused_warp,0,2.7427999302744865,,True,8,10,graph_amortized_device
NVIDIA H200,bfloat16,1,1024,1,w2_f2_q0/warp,0,3.4460000693798065,0.0,True,8,10,graph_amortized_device
NVIDIA H200,bfloat16,1,1024,1,w2_f2_q0/fused_warp,0,2.744000032544136,,True,8,10,graph_amortized_device
NVIDIA H200,bfloat16,1,1024,1,w4_f4_q0/warp,0,3.500000014901161,0.0,True,8,10,graph_amortized_device
NVIDIA H200,bfloat16,1,1024,1,w4_f4_q0/fused_warp,0,2.7160000056028366,,True,8,10,graph_amortized_device
NVIDIA H200,bfloat16,1,1024,1,w8_f8_q0/warp,0,3.4935999661684036,0.0,True,8,10,graph_amortized_device
NVIDIA H200,bfloat16,1,1024,1,w8_f8_q0/fused_warp,0,2.699599973857403,,True,8,10,graph_amortized_device
NVIDIA H200,bfloat16,1,1024,1,w0_f2_q1/warp,0,3.4508001059293747,0.0,True,8,10,graph_amortized_device
NVIDIA H200,bfloat16,1,1024,1,w0_f2_q1/fused_warp,0,2.7324000373482704,,True,8,10,graph_amortized_device
NVIDIA H200,bfloat16,1,1024,1,w0_f4_q1/warp,0,3.4724000841379166,0.0,True,8,10,graph_amortized_device
NVIDIA H200,bfloat16,1,1024,1,w0_f4_q1/fused_warp,0,2.6443999260663986,,True,8,10,graph_amortized_device
NVIDIA H200,bfloat16,1,1024,1,w0_f8_q1/warp,0,3.4800000488758087,0.0,True,8,10,graph_amortized_device
NVIDIA H200,bfloat16,1,1024,1,w0_f8_q1/fused_warp,0,2.6636000722646713,,True,8,10,graph_amortized_device
NVIDIA H200,bfloat16,1,1024,1,dao,1,2.110400050878525,0.0,True,8,10,graph_amortized_device
NVIDIA H200,bfloat16,1,1024,1,w0_f8_q1/fused_warp,1,2.664400078356266,,True,8,10,graph_amortized_device
NVIDIA H200,bfloat16,1,1024,1,w0_f8_q1/warp,1,3.479599952697754,0.0,True,8,10,graph_amortized_device
NVIDIA H200,bfloat16,1,1024,1,w0_f4_q1/fused_warp,1,2.6472000405192375,,True,8,10,graph_amortized_device
NVIDIA H200,bfloat16,1,1024,1,w0_f4_q1/warp,1,3.470800071954727,0.0,True,8,10,graph_amortized_device
NVIDIA H200,bfloat16,1,1024,1,w0_f2_q1/fused_warp,1,2.730800025165081,,True,8,10,graph_amortized_device
NVIDIA H200,bfloat16,1,1024,1,w0_f2_q1/warp,1,3.4511998295783997,0.0,True,8,10,graph_amortized_device
NVIDIA H200,bfloat16,1,1024,1,w8_f8_q0/fused_warp,1,2.698799967765808,,True,8,10,graph_amortized_device
NVIDIA H200,bfloat16,1,1024,1,w8_f8_q0/warp,1,3.4887999296188354,0.0,True,8,10,graph_amortized_device
NVIDIA H200,bfloat16,1,1024,1,w4_f4_q0/fused_warp,1,2.7163999155163765,,True,8,10,graph_amortized_device
NVIDIA H200,bfloat16,1,1024,1,w4_f4_q0/warp,1,3.4991998225450516,0.0,True,8,10,graph_amortized_device
NVIDIA H200,bfloat16,1,1024,1,w2_f2_q0/fused_warp,1,2.7488000690937042,,True,8,10,graph_amortized_device
NVIDIA H200,bfloat16,1,1024,1,w2_f2_q0/warp,1,3.4467998892068863,0.0,True,8,10,graph_amortized_device
NVIDIA H200,bfloat16,1,1024,1,w0_f0_q0/fused_warp,1,2.744399942457676,,True,8,10,graph_amortized_device
NVIDIA H200,bfloat16,1,1024,1,w0_f0_q0/warp,1,3.5023998469114304,0.0,True,8,10,graph_amortized_device
NVIDIA H200,bfloat16,1,1024,1,dao_plus_quant,1,3.3851999789476395,,True,8,10,graph_amortized_device
NVIDIA H200,bfloat16,1,1024,1,w0_f0_q0/warp,2,3.5023998469114304,0.0,True,8,10,graph_amortized_device
NVIDIA H200,bfloat16,1,1024,1,w0_f0_q0/fused_warp,2,2.7480000630021095,,True,8,10,graph_amortized_device
NVIDIA H200,bfloat16,1,1024,1,w2_f2_q0/warp,2,3.444400057196617,0.0,True,8,10,graph_amortized_device
NVIDIA H200,bfloat16,1,1024,1,w2_f2_q0/fused_warp,2,2.749999985098839,,True,8,10,graph_amortized_device
NVIDIA H200,bfloat16,1,1024,1,w4_f4_q0/warp,2,3.500799834728241,0.0,True,8,10,graph_amortized_device
NVIDIA H200,bfloat16,1,1024,1,w4_f4_q0/fused_warp,2,2.725600078701973,,True,8,10,graph_amortized_device
NVIDIA H200,bfloat16,1,1024,1,w8_f8_q0/warp,2,3.4883998334407806,0.0,True,8,10,graph_amortized_device
NVIDIA H200,bfloat16,1,1024,1,w8_f8_q0/fused_warp,2,2.7052000164985657,,True,8,10,graph_amortized_device
NVIDIA H200,bfloat16,1,1024,1,w0_f2_q1/warp,2,3.4591998904943466,0.0,True,8,10,graph_amortized_device
NVIDIA H200,bfloat16,1,1024,1,w0_f2_q1/fused_warp,2,2.730800025165081,,True,8,10,graph_amortized_device
NVIDIA H200,bfloat16,1,1024,1,w0_f4_q1/warp,2,3.4623999148607254,0.0,True,8,10,graph_amortized_device
NVIDIA H200,bfloat16,1,1024,1,w0_f4_q1/fused_warp,2,2.6496000587940216,,True,8,10,graph_amortized_device
NVIDIA H200,bfloat16,1,1024,1,w0_f8_q1/warp,2,3.481600061058998,0.0,True,8,10,graph_amortized_device
NVIDIA H200,bfloat16,1,1024,1,w0_f8_q1/fused_warp,2,2.6655999943614006,,True,8,10,graph_amortized_device
NVIDIA H200,bfloat16,1,1024,1,dao,2,2.1088000386953354,0.0,True,8,10,graph_amortized_device
NVIDIA H200,bfloat16,1,1024,1,dao_plus_quant,2,3.3876001834869385,,True,8,10,graph_amortized_device
NVIDIA H200,bfloat16,1,1024,1,w0_f0_q0/warp,3,3.505599871277809,0.0,True,8,10,graph_amortized_device
NVIDIA H200,bfloat16,1,1024,1,dao_plus_quant,3,3.3856000751256943,,True,8,10,graph_amortized_device
NVIDIA H200,bfloat16,1,1024,1,dao,3,2.105199918150902,0.0,True,8,10,graph_amortized_device
NVIDIA H200,bfloat16,1,1024,1,w0_f8_q1/fused_warp,3,2.6652000844478607,,True,8,10,graph_amortized_device
NVIDIA H200,bfloat16,1,1024,1,w0_f8_q1/warp,3,3.4832000732421875,0.0,True,8,10,graph_amortized_device
NVIDIA H200,bfloat16,1,1024,1,w0_f4_q1/fused_warp,3,2.6467999443411827,,True,8,10,graph_amortized_device
NVIDIA H200,bfloat16,1,1024,1,w0_f4_q1/warp,3,3.4644000232219696,0.0,True,8,10,graph_amortized_device
NVIDIA H200,bfloat16,1,1024,1,w0_f2_q1/fused_warp,3,2.7292000129818916,,True,8,10,graph_amortized_device
NVIDIA H200,bfloat16,1,1024,1,w0_f2_q1/warp,3,3.4591998904943466,0.0,True,8,10,graph_amortized_device
NVIDIA H200,bfloat16,1,1024,1,w8_f8_q0/fused_warp,3,2.7052000164985657,,True,8,10,graph_amortized_device
NVIDIA H200,bfloat16,1,1024,1,w8_f8_q0/warp,3,3.4908000379800797,0.0,True,8,10,graph_amortized_device
NVIDIA H200,bfloat16,1,1024,1,w4_f4_q0/fused_warp,3,2.7168000116944313,,True,8,10,graph_amortized_device
NVIDIA H200,bfloat16,1,1024,1,w4_f4_q0/warp,3,3.500400111079216,0.0,True,8,10,graph_amortized_device
NVIDIA H200,bfloat16,1,1024,1,w2_f2_q0/fused_warp,3,2.747200056910515,,True,8,10,graph_amortized_device
NVIDIA H200,bfloat16,1,1024,1,w2_f2_q0/warp,3,3.441600129008293,0.0,True,8,10,graph_amortized_device
NVIDIA H200,bfloat16,1,1024,1,w0_f0_q0/fused_warp,3,2.744399942457676,,True,8,10,graph_amortized_device
NVIDIA H200,bfloat16,1,1024,1,w2_f2_q0/warp,4,3.447199985384941,0.0,True,8,10,graph_amortized_device
NVIDIA H200,bfloat16,1,1024,1,w2_f2_q0/fused_warp,4,2.749199979007244,,True,8,10,graph_amortized_device
NVIDIA H200,bfloat16,1,1024,1,w4_f4_q0/warp,4,3.500400111079216,0.0,True,8,10,graph_amortized_device
NVIDIA H200,bfloat16,1,1024,1,w4_f4_q0/fused_warp,4,2.715199999511242,,True,8,10,graph_amortized_device
NVIDIA H200,bfloat16,1,1024,1,w8_f8_q0/warp,4,3.4967999905347824,0.0,True,8,10,graph_amortized_device
NVIDIA H200,bfloat16,1,1024,1,w8_f8_q0/fused_warp,4,2.7031999081373215,,True,8,10,graph_amortized_device
NVIDIA H200,bfloat16,1,1024,1,w0_f2_q1/warp,4,3.455600142478943,0.0,True,8,10,graph_amortized_device
NVIDIA H200,bfloat16,1,1024,1,w0_f2_q1/fused_warp,4,2.733599953353405,,True,8,10,graph_amortized_device
NVIDIA H200,bfloat16,1,1024,1,w0_f4_q1/warp,4,3.4747999161481857,0.0,True,8,10,graph_amortized_device
NVIDIA H200,bfloat16,1,1024,1,w0_f4_q1/fused_warp,4,2.648399956524372,,True,8,10,graph_amortized_device
NVIDIA H200,bfloat16,1,1024,1,w0_f8_q1/warp,4,3.4772001206874847,0.0,True,8,10,graph_amortized_device
NVIDIA H200,bfloat16,1,1024,1,w0_f8_q1/fused_warp,4,2.6628000661730766,,True,8,10,graph_amortized_device
NVIDIA H200,bfloat16,1,1024,1,dao,4,2.115599997341633,0.0,True,8,10,graph_amortized_device
NVIDIA H200,bfloat16,1,1024,1,dao_plus_quant,4,3.3879999071359634,,True,8,10,graph_amortized_device
NVIDIA H200,bfloat16,1,1024,1,w0_f0_q0/warp,4,3.503600135445595,0.0,True,8,10,graph_amortized_device
NVIDIA H200,bfloat16,1,1024,1,w0_f0_q0/fused_warp,4,2.7512000873684883,,True,8,10,graph_amortized_device
NVIDIA H200,bfloat16,128,1024,1,dao,0,2.2603999823331833,0.0,True,8,10,graph_amortized_device
NVIDIA H200,bfloat16,128,1024,1,dao_plus_quant,0,3.792399913072586,,True,8,10,graph_amortized_device
NVIDIA H200,bfloat16,128,1024,1,w0_f0_q0/warp,0,3.9340000599622726,0.0,True,8,10,graph_amortized_device
NVIDIA H200,bfloat16,128,1024,1,w0_f0_q0/fused_warp,0,3.43719981610775,,True,8,10,graph_amortized_device
NVIDIA H200,bfloat16,128,1024,1,w2_f2_q0/warp,0,3.672799840569496,0.0,True,8,10,graph_amortized_device
NVIDIA H200,bfloat16,128,1024,1,w2_f2_q0/fused_warp,0,2.871599979698658,,True,8,10,graph_amortized_device
NVIDIA H200,bfloat16,128,1024,1,w4_f4_q0/warp,0,3.9055999368429184,0.0,True,8,10,graph_amortized_device
NVIDIA H200,bfloat16,128,1024,1,w4_f4_q0/fused_warp,0,3.3803999423980713,,True,8,10,graph_amortized_device
NVIDIA H200,bfloat16,128,1024,1,w8_f8_q0/warp,0,4.397600144147873,0.0,True,8,10,graph_amortized_device
NVIDIA H200,bfloat16,128,1024,1,w8_f8_q0/fused_warp,0,4.273200035095215,,True,8,10,graph_amortized_device
NVIDIA H200,bfloat16,128,1024,1,w0_f2_q1/warp,0,3.896399959921837,0.0,True,8,10,graph_amortized_device
NVIDIA H200,bfloat16,128,1024,1,w0_f2_q1/fused_warp,0,2.807999961078167,,True,8,10,graph_amortized_device
NVIDIA H200,bfloat16,128,1024,1,w0_f4_q1/warp,0,3.9643999189138412,0.0,True,8,10,graph_amortized_device
NVIDIA H200,bfloat16,128,1024,1,w0_f4_q1/fused_warp,0,2.8248000890016556,,True,8,10,graph_amortized_device
NVIDIA H200,bfloat16,128,1024,1,w0_f8_q1/warp,0,3.9108000695705414,0.0,True,8,10,graph_amortized_device
NVIDIA H200,bfloat16,128,1024,1,w0_f8_q1/fused_warp,0,3.4196000546216965,,True,8,10,graph_amortized_device
NVIDIA H200,bfloat16,128,1024,1,dao,1,2.253199927508831,0.0,True,8,10,graph_amortized_device
NVIDIA H200,bfloat16,128,1024,1,w0_f8_q1/fused_warp,1,3.4244000911712646,,True,8,10,graph_amortized_device
NVIDIA H200,bfloat16,128,1024,1,w0_f8_q1/warp,1,3.9083998650312424,0.0,True,8,10,graph_amortized_device
NVIDIA H200,bfloat16,128,1024,1,w0_f4_q1/fused_warp,1,2.821199968457222,,True,8,10,graph_amortized_device
NVIDIA H200,bfloat16,128,1024,1,w0_f4_q1/warp,1,3.9576001465320587,0.0,True,8,10,graph_amortized_device
NVIDIA H200,bfloat16,128,1024,1,w0_f2_q1/fused_warp,1,2.8063999488949776,,True,8,10,graph_amortized_device
NVIDIA H200,bfloat16,128,1024,1,w0_f2_q1/warp,1,3.898800164461136,0.0,True,8,10,graph_amortized_device
NVIDIA H200,bfloat16,128,1024,1,w8_f8_q0/fused_warp,1,4.280799999833107,,True,8,10,graph_amortized_device
NVIDIA H200,bfloat16,128,1024,1,w8_f8_q0/warp,1,4.375199973583221,0.0,True,8,10,graph_amortized_device
NVIDIA H200,bfloat16,128,1024,1,w4_f4_q0/fused_warp,1,3.372799977660179,,True,8,10,graph_amortized_device
NVIDIA H200,bfloat16,128,1024,1,w4_f4_q0/warp,1,3.903999924659729,0.0,True,8,10,graph_amortized_device
NVIDIA H200,bfloat16,128,1024,1,w2_f2_q0/fused_warp,1,2.869199961423874,,True,8,10,graph_amortized_device
NVIDIA H200,bfloat16,128,1024,1,w2_f2_q0/warp,1,3.6743998527526855,0.0,True,8,10,graph_amortized_device
NVIDIA H200,bfloat16,128,1024,1,w0_f0_q0/fused_warp,1,3.432000055909157,,True,8,10,graph_amortized_device
NVIDIA H200,bfloat16,128,1024,1,w0_f0_q0/warp,1,3.936000168323517,0.0,True,8,10,graph_amortized_device
NVIDIA H200,bfloat16,128,1024,1,dao_plus_quant,1,3.7595998495817184,,True,8,10,graph_amortized_device
NVIDIA H200,bfloat16,128,1024,1,w0_f0_q0/warp,2,3.9292000234127045,0.0,True,8,10,graph_amortized_device
NVIDIA H200,bfloat16,128,1024,1,w0_f0_q0/fused_warp,2,3.4347999840974808,,True,8,10,graph_amortized_device
NVIDIA H200,bfloat16,128,1024,1,w2_f2_q0/warp,2,3.6711998283863068,0.0,True,8,10,graph_amortized_device
NVIDIA H200,bfloat16,128,1024,1,w2_f2_q0/fused_warp,2,2.868800051510334,,True,8,10,graph_amortized_device
NVIDIA H200,bfloat16,128,1024,1,w4_f4_q0/warp,2,3.8995999842882156,0.0,True,8,10,graph_amortized_device
NVIDIA H200,bfloat16,128,1024,1,w4_f4_q0/fused_warp,2,3.37040014564991,,True,8,10,graph_amortized_device
NVIDIA H200,bfloat16,128,1024,1,w8_f8_q0/warp,2,4.400800168514252,0.0,True,8,10,graph_amortized_device
NVIDIA H200,bfloat16,128,1024,1,w8_f8_q0/fused_warp,2,4.25879992544651,,True,8,10,graph_amortized_device
NVIDIA H200,bfloat16,128,1024,1,w0_f2_q1/warp,2,3.893199935555458,0.0,True,8,10,graph_amortized_device
NVIDIA H200,bfloat16,128,1024,1,w0_f2_q1/fused_warp,2,2.8060000389814377,,True,8,10,graph_amortized_device
NVIDIA H200,bfloat16,128,1024,1,w0_f4_q1/warp,2,3.9588000625371933,0.0,True,8,10,graph_amortized_device
NVIDIA H200,bfloat16,128,1024,1,w0_f4_q1/fused_warp,2,2.820800058543682,,True,8,10,graph_amortized_device
NVIDIA H200,bfloat16,128,1024,1,w0_f8_q1/warp,2,3.907199949026108,0.0,True,8,10,graph_amortized_device
NVIDIA H200,bfloat16,128,1024,1,w0_f8_q1/fused_warp,2,3.4200001507997513,,True,8,10,graph_amortized_device
NVIDIA H200,bfloat16,128,1024,1,dao,2,2.2595999762415886,0.0,True,8,10,graph_amortized_device
NVIDIA H200,bfloat16,128,1024,1,dao_plus_quant,2,3.7919998168945312,,True,8,10,graph_amortized_device
NVIDIA H200,bfloat16,128,1024,1,w0_f0_q0/warp,3,3.9344001561403275,0.0,True,8,10,graph_amortized_device
NVIDIA H200,bfloat16,128,1024,1,dao_plus_quant,3,3.7919998168945312,,True,8,10,graph_amortized_device
NVIDIA H200,bfloat16,128,1024,1,dao,3,2.2624000906944275,0.0,True,8,10,graph_amortized_device
NVIDIA H200,bfloat16,128,1024,1,w0_f8_q1/fused_warp,3,3.420799970626831,,True,8,10,graph_amortized_device
NVIDIA H200,bfloat16,128,1024,1,w0_f8_q1/warp,3,3.906799852848053,0.0,True,8,10,graph_amortized_device
NVIDIA H200,bfloat16,128,1024,1,w0_f4_q1/fused_warp,3,2.8227999806404114,,True,8,10,graph_amortized_device
NVIDIA H200,bfloat16,128,1024,1,w0_f4_q1/warp,3,3.9684001356363297,0.0,True,8,10,graph_amortized_device
NVIDIA H200,bfloat16,128,1024,1,w0_f2_q1/fused_warp,3,2.8119999915361404,,True,8,10,graph_amortized_device
NVIDIA H200,bfloat16,128,1024,1,w0_f2_q1/warp,3,3.9023999124765396,0.0,True,8,10,graph_amortized_device
NVIDIA H200,bfloat16,128,1024,1,w8_f8_q0/fused_warp,3,4.28519994020462,,True,8,10,graph_amortized_device
NVIDIA H200,bfloat16,128,1024,1,w8_f8_q0/warp,3,4.392800107598305,0.0,True,8,10,graph_amortized_device
NVIDIA H200,bfloat16,128,1024,1,w4_f4_q0/fused_warp,3,3.373200073838234,,True,8,10,graph_amortized_device
NVIDIA H200,bfloat16,128,1024,1,w4_f4_q0/warp,3,3.898400068283081,0.0,True,8,10,graph_amortized_device
NVIDIA H200,bfloat16,128,1024,1,w2_f2_q0/fused_warp,3,2.868399955332279,,True,8,10,graph_amortized_device
NVIDIA H200,bfloat16,128,1024,1,w2_f2_q0/warp,3,3.6772001534700394,0.0,True,8,10,graph_amortized_device
NVIDIA H200,bfloat16,128,1024,1,w0_f0_q0/fused_warp,3,3.4387998282909393,,True,8,10,graph_amortized_device
NVIDIA H200,bfloat16,128,1024,1,w2_f2_q0/warp,4,3.6743998527526855,0.0,True,8,10,graph_amortized_device
NVIDIA H200,bfloat16,128,1024,1,w2_f2_q0/fused_warp,4,2.8672000393271446,,True,8,10,graph_amortized_device
NVIDIA H200,bfloat16,128,1024,1,w4_f4_q0/warp,4,3.9055999368429184,0.0,True,8,10,graph_amortized_device
NVIDIA H200,bfloat16,128,1024,1,w4_f4_q0/fused_warp,4,3.3736001700162888,,True,8,10,graph_amortized_device
NVIDIA H200,bfloat16,128,1024,1,w8_f8_q0/warp,4,4.388000071048737,0.0,True,8,10,graph_amortized_device
NVIDIA H200,bfloat16,128,1024,1,w8_f8_q0/fused_warp,4,4.289599880576134,,True,8,10,graph_amortized_device
NVIDIA H200,bfloat16,128,1024,1,w0_f2_q1/warp,4,3.8899999111890793,0.0,True,8,10,graph_amortized_device
NVIDIA H200,bfloat16,128,1024,1,w0_f2_q1/fused_warp,4,2.812799997627735,,True,8,10,graph_amortized_device
NVIDIA H200,bfloat16,128,1024,1,w0_f4_q1/warp,4,3.964800015091896,0.0,True,8,10,graph_amortized_device
NVIDIA H200,bfloat16,128,1024,1,w0_f4_q1/fused_warp,4,2.8219999745488167,,True,8,10,graph_amortized_device
NVIDIA H200,bfloat16,128,1024,1,w0_f8_q1/warp,4,3.9028000086545944,0.0,True,8,10,graph_amortized_device
NVIDIA H200,bfloat16,128,1024,1,w0_f8_q1/fused_warp,4,3.415999934077263,,True,8,10,graph_amortized_device
NVIDIA H200,bfloat16,128,1024,1,dao,4,2.2571999579668045,0.0,True,8,10,graph_amortized_device
NVIDIA H200,bfloat16,128,1024,1,dao_plus_quant,4,3.7904001772403717,,True,8,10,graph_amortized_device
NVIDIA H200,bfloat16,128,1024,1,w0_f0_q0/warp,4,3.9496000856161118,0.0,True,8,10,graph_amortized_device
NVIDIA H200,bfloat16,128,1024,1,w0_f0_q0/fused_warp,4,3.43639999628067,,True,8,10,graph_amortized_device
NVIDIA H200,bfloat16,16384,1024,1,dao,0,33.808401226997375,0.0,True,8,10,graph_amortized_device
NVIDIA H200,bfloat16,16384,1024,1,dao_plus_quant,0,71.02839946746826,,True,8,10,graph_amortized_device
NVIDIA H200,bfloat16,16384,1024,1,w0_f0_q0/warp,0,25.414401292800903,0.0,True,8,10,graph_amortized_device
NVIDIA H200,bfloat16,16384,1024,1,w0_f0_q0/fused_warp,0,24.91600066423416,,True,8,10,graph_amortized_device
NVIDIA H200,bfloat16,16384,1024,1,w2_f2_q0/warp,0,25.1475989818573,0.0,True,8,10,graph_amortized_device
NVIDIA H200,bfloat16,16384,1024,1,w2_f2_q0/fused_warp,0,24.663199484348297,,True,8,10,graph_amortized_device
NVIDIA H200,bfloat16,16384,1024,1,w4_f4_q0/warp,0,25.2375990152359,0.0,True,8,10,graph_amortized_device
NVIDIA H200,bfloat16,16384,1024,1,w4_f4_q0/fused_warp,0,24.884000420570374,,True,8,10,graph_amortized_device
NVIDIA H200,bfloat16,16384,1024,1,w8_f8_q0/warp,0,25.98719894886017,0.0,True,8,10,graph_amortized_device
NVIDIA H200,bfloat16,16384,1024,1,w8_f8_q0/fused_warp,0,26.803600788116455,,True,8,10,graph_amortized_device
NVIDIA H200,bfloat16,16384,1024,1,w0_f2_q1/warp,0,25.289198756217957,0.0,True,8,10,graph_amortized_device
NVIDIA H200,bfloat16,16384,1024,1,w0_f2_q1/fused_warp,0,23.443199694156647,,True,8,10,graph_amortized_device
NVIDIA H200,bfloat16,16384,1024,1,w0_f4_q1/warp,0,25.26800036430359,0.0,True,8,10,graph_amortized_device
NVIDIA H200,bfloat16,16384,1024,1,w0_f4_q1/fused_warp,0,23.47240000963211,,True,8,10,graph_amortized_device
NVIDIA H200,bfloat16,16384,1024,1,w0_f8_q1/warp,0,25.39759874343872,0.0,True,8,10,graph_amortized_device
NVIDIA H200,bfloat16,16384,1024,1,w0_f8_q1/fused_warp,0,23.533199727535248,,True,8,10,graph_amortized_device
NVIDIA H200,bfloat16,16384,1024,1,dao,1,33.799201250076294,0.0,True,8,10,graph_amortized_device
NVIDIA H200,bfloat16,16384,1024,1,w0_f8_q1/fused_warp,1,23.574399948120117,,True,8,10,graph_amortized_device
NVIDIA H200,bfloat16,16384,1024,1,w0_f8_q1/warp,1,25.277599692344666,0.0,True,8,10,graph_amortized_device
NVIDIA H200,bfloat16,16384,1024,1,w0_f4_q1/fused_warp,1,23.517200350761414,,True,8,10,graph_amortized_device
NVIDIA H200,bfloat16,16384,1024,1,w0_f4_q1/warp,1,25.3711998462677,0.0,True,8,10,graph_amortized_device
NVIDIA H200,bfloat16,16384,1024,1,w0_f2_q1/fused_warp,1,23.47400039434433,,True,8,10,graph_amortized_device
NVIDIA H200,bfloat16,16384,1024,1,w0_f2_q1/warp,1,25.278401374816895,0.0,True,8,10,graph_amortized_device
NVIDIA H200,bfloat16,16384,1024,1,w8_f8_q0/fused_warp,1,26.797199249267578,,True,8,10,graph_amortized_device
NVIDIA H200,bfloat16,16384,1024,1,w8_f8_q0/warp,1,26.001599431037903,0.0,True,8,10,graph_amortized_device
NVIDIA H200,bfloat16,16384,1024,1,w4_f4_q0/fused_warp,1,24.86560046672821,,True,8,10,graph_amortized_device
NVIDIA H200,bfloat16,16384,1024,1,w4_f4_q0/warp,1,25.25160014629364,0.0,True,8,10,graph_amortized_device
NVIDIA H200,bfloat16,16384,1024,1,w2_f2_q0/fused_warp,1,24.655599892139435,,True,8,10,graph_amortized_device
NVIDIA H200,bfloat16,16384,1024,1,w2_f2_q0/warp,1,25.07840096950531,0.0,True,8,10,graph_amortized_device
NVIDIA H200,bfloat16,16384,1024,1,w0_f0_q0/fused_warp,1,24.772800505161285,,True,8,10,graph_amortized_device
NVIDIA H200,bfloat16,16384,1024,1,w0_f0_q0/warp,1,25.284799933433533,0.0,True,8,10,graph_amortized_device
NVIDIA H200,bfloat16,16384,1024,1,dao_plus_quant,1,70.96560001373291,,True,8,10,graph_amortized_device
NVIDIA H200,bfloat16,16384,1024,1,w0_f0_q0/warp,2,25.33319890499115,0.0,True,8,10,graph_amortized_device
NVIDIA H200,bfloat16,16384,1024,1,w0_f0_q0/fused_warp,2,24.740399420261383,,True,8,10,graph_amortized_device
NVIDIA H200,bfloat16,16384,1024,1,w2_f2_q0/warp,2,25.150400400161743,0.0,True,8,10,graph_amortized_device
NVIDIA H200,bfloat16,16384,1024,1,w2_f2_q0/fused_warp,2,24.593600630760193,,True,8,10,graph_amortized_device
NVIDIA H200,bfloat16,16384,1024,1,w4_f4_q0/warp,2,25.17319917678833,0.0,True,8,10,graph_amortized_device
NVIDIA H200,bfloat16,16384,1024,1,w4_f4_q0/fused_warp,2,24.880799651145935,,True,8,10,graph_amortized_device
NVIDIA H200,bfloat16,16384,1024,1,w8_f8_q0/warp,2,26.066800951957703,0.0,True,8,10,graph_amortized_device
NVIDIA H200,bfloat16,16384,1024,1,w8_f8_q0/fused_warp,2,26.74199938774109,,True,8,10,graph_amortized_device
NVIDIA H200,bfloat16,16384,1024,1,w0_f2_q1/warp,2,25.265198945999146,0.0,True,8,10,graph_amortized_device
NVIDIA H200,bfloat16,16384,1024,1,w0_f2_q1/fused_warp,2,23.403200507164,,True,8,10,graph_amortized_device
NVIDIA H200,bfloat16,16384,1024,1,w0_f4_q1/warp,2,25.32239854335785,0.0,True,8,10,graph_amortized_device
NVIDIA H200,bfloat16,16384,1024,1,w0_f4_q1/fused_warp,2,23.466800153255463,,True,8,10,graph_amortized_device
NVIDIA H200,bfloat16,16384,1024,1,w0_f8_q1/warp,2,25.282400846481323,0.0,True,8,10,graph_amortized_device
NVIDIA H200,bfloat16,16384,1024,1,w0_f8_q1/fused_warp,2,23.5492005944252,,True,8,10,graph_amortized_device
NVIDIA H200,bfloat16,16384,1024,1,dao,2,33.73520076274872,0.0,True,8,10,graph_amortized_device
NVIDIA H200,bfloat16,16384,1024,1,dao_plus_quant,2,70.91280221939087,,True,8,10,graph_amortized_device
NVIDIA H200,bfloat16,16384,1024,1,w0_f0_q0/warp,3,25.276800990104675,0.0,True,8,10,graph_amortized_device
NVIDIA H200,bfloat16,16384,1024,1,dao_plus_quant,3,70.92480063438416,,True,8,10,graph_amortized_device
NVIDIA H200,bfloat16,16384,1024,1,dao,3,33.732399344444275,0.0,True,8,10,graph_amortized_device
NVIDIA H200,bfloat16,16384,1024,1,w0_f8_q1/fused_warp,3,23.498399555683136,,True,8,10,graph_amortized_device
NVIDIA H200,bfloat16,16384,1024,1,w0_f8_q1/warp,3,25.256800651550293,0.0,True,8,10,graph_amortized_device
NVIDIA H200,bfloat16,16384,1024,1,w0_f4_q1/fused_warp,3,23.478800058364868,,True,8,10,graph_amortized_device
NVIDIA H200,bfloat16,16384,1024,1,w0_f4_q1/warp,3,25.303199887275696,0.0,True,8,10,graph_amortized_device
NVIDIA H200,bfloat16,16384,1024,1,w0_f2_q1/fused_warp,3,23.387999832630157,,True,8,10,graph_amortized_device
NVIDIA H200,bfloat16,16384,1024,1,w0_f2_q1/warp,3,25.244000554084778,0.0,True,8,10,graph_amortized_device
NVIDIA H200,bfloat16,16384,1024,1,w8_f8_q0/fused_warp,3,26.747599244117737,,True,8,10,graph_amortized_device
NVIDIA H200,bfloat16,16384,1024,1,w8_f8_q0/warp,3,25.962799787521362,0.0,True,8,10,graph_amortized_device
NVIDIA H200,bfloat16,16384,1024,1,w4_f4_q0/fused_warp,3,24.842800199985504,,True,8,10,graph_amortized_device
NVIDIA H200,bfloat16,16384,1024,1,w4_f4_q0/warp,3,25.152799487113953,0.0,True,8,10,graph_amortized_device
NVIDIA H200,bfloat16,16384,1024,1,w2_f2_q0/fused_warp,3,24.53799992799759,,True,8,10,graph_amortized_device
NVIDIA H200,bfloat16,16384,1024,1,w2_f2_q0/warp,3,25.153198838233948,0.0,True,8,10,graph_amortized_device
NVIDIA H200,bfloat16,16384,1024,1,w0_f0_q0/fused_warp,3,24.974000453948975,,True,8,10,graph_amortized_device
NVIDIA H200,bfloat16,16384,1024,1,w2_f2_q0/warp,4,25.297600030899048,0.0,True,8,10,graph_amortized_device
NVIDIA H200,bfloat16,16384,1024,1,w2_f2_q0/fused_warp,4,24.733200669288635,,True,8,10,graph_amortized_device
NVIDIA H200,bfloat16,16384,1024,1,w4_f4_q0/warp,4,25.360000133514404,0.0,True,8,10,graph_amortized_device
NVIDIA H200,bfloat16,16384,1024,1,w4_f4_q0/fused_warp,4,24.973200261592865,,True,8,10,graph_amortized_device
NVIDIA H200,bfloat16,16384,1024,1,w8_f8_q0/warp,4,26.09800100326538,0.0,True,8,10,graph_amortized_device
NVIDIA H200,bfloat16,16384,1024,1,w8_f8_q0/fused_warp,4,26.87160074710846,,True,8,10,graph_amortized_device
NVIDIA H200,bfloat16,16384,1024,1,w0_f2_q1/warp,4,25.37519931793213,0.0,True,8,10,graph_amortized_device
NVIDIA H200,bfloat16,16384,1024,1,w0_f2_q1/fused_warp,4,23.537200689315796,,True,8,10,graph_amortized_device
NVIDIA H200,bfloat16,16384,1024,1,w0_f4_q1/warp,4,25.38680136203766,0.0,True,8,10,graph_amortized_device
NVIDIA H200,bfloat16,16384,1024,1,w0_f4_q1/fused_warp,4,23.628799617290497,,True,8,10,graph_amortized_device
NVIDIA H200,bfloat16,16384,1024,1,w0_f8_q1/warp,4,25.40079951286316,0.0,True,8,10,graph_amortized_device
NVIDIA H200,bfloat16,16384,1024,1,w0_f8_q1/fused_warp,4,23.654399812221527,,True,8,10,graph_amortized_device
NVIDIA H200,bfloat16,16384,1024,1,dao,4,33.84279906749725,0.0,True,8,10,graph_amortized_device
NVIDIA H200,bfloat16,16384,1024,1,dao_plus_quant,4,71.14880084991455,,True,8,10,graph_amortized_device
NVIDIA H200,bfloat16,16384,1024,1,w0_f0_q0/warp,4,25.380000472068787,0.0,True,8,10,graph_amortized_device
NVIDIA H200,bfloat16,16384,1024,1,w0_f0_q0/fused_warp,4,24.958400428295135,,True,8,10,graph_amortized_device
NVIDIA H200,bfloat16,131072,1024,1,dao,0,249.63760375976562,0.0,True,8,10,graph_amortized_device
NVIDIA H200,bfloat16,131072,1024,1,dao_plus_quant,0,538.5871887207031,,True,8,10,graph_amortized_device
NVIDIA H200,bfloat16,131072,1024,1,w0_f0_q0/warp,0,168.55440139770508,0.0,True,8,10,graph_amortized_device
NVIDIA H200,bfloat16,131072,1024,1,w0_f0_q0/fused_warp,0,171.32999897003174,,True,8,10,graph_amortized_device
NVIDIA H200,bfloat16,131072,1024,1,w2_f2_q0/warp,0,167.03319549560547,0.0,True,8,10,graph_amortized_device
NVIDIA H200,bfloat16,131072,1024,1,w2_f2_q0/fused_warp,0,172.11079597473145,,True,8,10,graph_amortized_device
NVIDIA H200,bfloat16,131072,1024,1,w4_f4_q0/warp,0,170.306396484375,0.0,True,8,10,graph_amortized_device
NVIDIA H200,bfloat16,131072,1024,1,w4_f4_q0/fused_warp,0,174.0391969680786,,True,8,10,graph_amortized_device
NVIDIA H200,bfloat16,131072,1024,1,w8_f8_q0/warp,0,176.31679773330688,0.0,True,8,10,graph_amortized_device
NVIDIA H200,bfloat16,131072,1024,1,w8_f8_q0/fused_warp,0,180.2947998046875,,True,8,10,graph_amortized_device
NVIDIA H200,bfloat16,131072,1024,1,w0_f2_q1/warp,0,170.2139973640442,0.0,True,8,10,graph_amortized_device
NVIDIA H200,bfloat16,131072,1024,1,w0_f2_q1/fused_warp,0,162.8443956375122,,True,8,10,graph_amortized_device
NVIDIA H200,bfloat16,131072,1024,1,w0_f4_q1/warp,0,169.69000101089478,0.0,True,8,10,graph_amortized_device
NVIDIA H200,bfloat16,131072,1024,1,w0_f4_q1/fused_warp,0,163.3828043937683,,True,8,10,graph_amortized_device
NVIDIA H200,bfloat16,131072,1024,1,w0_f8_q1/warp,0,170.40599584579468,0.0,True,8,10,graph_amortized_device
NVIDIA H200,bfloat16,131072,1024,1,w0_f8_q1/fused_warp,0,162.70840167999268,,True,8,10,graph_amortized_device
NVIDIA H200,bfloat16,131072,1024,1,dao,1,251.39880180358887,0.0,True,8,10,graph_amortized_device
NVIDIA H200,bfloat16,131072,1024,1,w0_f8_q1/fused_warp,1,162.8227949142456,,True,8,10,graph_amortized_device
NVIDIA H200,bfloat16,131072,1024,1,w0_f8_q1/warp,1,170.0119972229004,0.0,True,8,10,graph_amortized_device
NVIDIA H200,bfloat16,131072,1024,1,w0_f4_q1/fused_warp,1,163.1700038909912,,True,8,10,graph_amortized_device
NVIDIA H200,bfloat16,131072,1024,1,w0_f4_q1/warp,1,169.84280347824097,0.0,True,8,10,graph_amortized_device
NVIDIA H200,bfloat16,131072,1024,1,w0_f2_q1/fused_warp,1,163.5583996772766,,True,8,10,graph_amortized_device
NVIDIA H200,bfloat16,131072,1024,1,w0_f2_q1/warp,1,171.04519605636597,0.0,True,8,10,graph_amortized_device
NVIDIA H200,bfloat16,131072,1024,1,w8_f8_q0/fused_warp,1,181.47640228271484,,True,8,10,graph_amortized_device
NVIDIA H200,bfloat16,131072,1024,1,w8_f8_q0/warp,1,176.528000831604,0.0,True,8,10,graph_amortized_device
NVIDIA H200,bfloat16,131072,1024,1,w4_f4_q0/fused_warp,1,174.02960062026978,,True,8,10,graph_amortized_device
NVIDIA H200,bfloat16,131072,1024,1,w4_f4_q0/warp,1,170.90959548950195,0.0,True,8,10,graph_amortized_device
NVIDIA H200,bfloat16,131072,1024,1,w2_f2_q0/fused_warp,1,174.46320056915283,,True,8,10,graph_amortized_device
NVIDIA H200,bfloat16,131072,1024,1,w2_f2_q0/warp,1,170.5415964126587,0.0,True,8,10,graph_amortized_device
NVIDIA H200,bfloat16,131072,1024,1,w0_f0_q0/fused_warp,1,175.2571940422058,,True,8,10,graph_amortized_device
NVIDIA H200,bfloat16,131072,1024,1,w0_f0_q0/warp,1,172.1835970878601,0.0,True,8,10,graph_amortized_device
NVIDIA H200,bfloat16,131072,1024,1,dao_plus_quant,1,545.5728054046631,,True,8,10,graph_amortized_device
NVIDIA H200,bfloat16,131072,1024,1,w0_f0_q0/warp,2,169.79880332946777,0.0,True,8,10,graph_amortized_device
NVIDIA H200,bfloat16,131072,1024,1,w0_f0_q0/fused_warp,2,172.63120412826538,,True,8,10,graph_amortized_device
NVIDIA H200,bfloat16,131072,1024,1,w2_f2_q0/warp,2,168.231201171875,0.0,True,8,10,graph_amortized_device
NVIDIA H200,bfloat16,131072,1024,1,w2_f2_q0/fused_warp,2,172.598397731781,,True,8,10,graph_amortized_device
NVIDIA H200,bfloat16,131072,1024,1,w4_f4_q0/warp,2,172.57479429244995,0.0,True,8,10,graph_amortized_device
NVIDIA H200,bfloat16,131072,1024,1,w4_f4_q0/fused_warp,2,176.70120000839233,,True,8,10,graph_amortized_device
NVIDIA H200,bfloat16,131072,1024,1,w8_f8_q0/warp,2,179.03679609298706,0.0,True,8,10,graph_amortized_device
NVIDIA H200,bfloat16,131072,1024,1,w8_f8_q0/fused_warp,2,181.59359693527222,,True,8,10,graph_amortized_device
NVIDIA H200,bfloat16,131072,1024,1,w0_f2_q1/warp,2,171.042799949646,0.0,True,8,10,graph_amortized_device
NVIDIA H200,bfloat16,131072,1024,1,w0_f2_q1/fused_warp,2,167.54120588302612,,True,8,10,graph_amortized_device
NVIDIA H200,bfloat16,131072,1024,1,w0_f4_q1/warp,2,184.27120447158813,0.0,True,8,10,graph_amortized_device
NVIDIA H200,bfloat16,131072,1024,1,w0_f4_q1/fused_warp,2,202.6103973388672,,True,8,10,graph_amortized_device
NVIDIA H200,bfloat16,131072,1024,1,w0_f8_q1/warp,2,212.72480487823486,0.0,True,8,10,graph_amortized_device
NVIDIA H200,bfloat16,131072,1024,1,w0_f8_q1/fused_warp,2,209.02159214019775,,True,8,10,graph_amortized_device
NVIDIA H200,bfloat16,131072,1024,1,dao,2,307.2484016418457,0.0,True,8,10,graph_amortized_device
NVIDIA H200,bfloat16,131072,1024,1,dao_plus_quant,2,565.5683994293213,,True,8,10,graph_amortized_device
NVIDIA H200,bfloat16,131072,1024,1,w0_f0_q0/warp,3,173.28120470046997,0.0,True,8,10,graph_amortized_device
NVIDIA H200,bfloat16,131072,1024,1,dao_plus_quant,3,542.0628070831299,,True,8,10,graph_amortized_device
NVIDIA H200,bfloat16,131072,1024,1,dao,3,251.8955945968628,0.0,True,8,10,graph_amortized_device
NVIDIA H200,bfloat16,131072,1024,1,w0_f8_q1/fused_warp,3,162.90760040283203,,True,8,10,graph_amortized_device
NVIDIA H200,bfloat16,131072,1024,1,w0_f8_q1/warp,3,169.94999647140503,0.0,True,8,10,graph_amortized_device
NVIDIA H200,bfloat16,131072,1024,1,w0_f4_q1/fused_warp,3,163.14480304718018,,True,8,10,graph_amortized_device
NVIDIA H200,bfloat16,131072,1024,1,w0_f4_q1/warp,3,169.6671962738037,0.0,True,8,10,graph_amortized_device
NVIDIA H200,bfloat16,131072,1024,1,w0_f2_q1/fused_warp,3,162.8224015235901,,True,8,10,graph_amortized_device
NVIDIA H200,bfloat16,131072,1024,1,w0_f2_q1/warp,3,169.67560052871704,0.0,True,8,10,graph_amortized_device
NVIDIA H200,bfloat16,131072,1024,1,w8_f8_q0/fused_warp,3,180.1151990890503,,True,8,10,graph_amortized_device
NVIDIA H200,bfloat16,131072,1024,1,w8_f8_q0/warp,3,176.39960050582886,0.0,True,8,10,graph_amortized_device
NVIDIA H200,bfloat16,131072,1024,1,w4_f4_q0/fused_warp,3,174.10199642181396,,True,8,10,graph_amortized_device
NVIDIA H200,bfloat16,131072,1024,1,w4_f4_q0/warp,3,170.9928035736084,0.0,True,8,10,graph_amortized_device
NVIDIA H200,bfloat16,131072,1024,1,w2_f2_q0/fused_warp,3,173.98560047149658,,True,8,10,graph_amortized_device
NVIDIA H200,bfloat16,131072,1024,1,w2_f2_q0/warp,3,169.4991946220398,0.0,True,8,10,graph_amortized_device
NVIDIA H200,bfloat16,131072,1024,1,w0_f0_q0/fused_warp,3,174.03839826583862,,True,8,10,graph_amortized_device
NVIDIA H200,bfloat16,131072,1024,1,w2_f2_q0/warp,4,172.06239700317383,0.0,True,8,10,graph_amortized_device
NVIDIA H200,bfloat16,131072,1024,1,w2_f2_q0/fused_warp,4,178.028404712677,,True,8,10,graph_amortized_device
NVIDIA H200,bfloat16,131072,1024,1,w4_f4_q0/warp,4,174.53720569610596,0.0,True,8,10,graph_amortized_device
NVIDIA H200,bfloat16,131072,1024,1,w4_f4_q0/fused_warp,4,176.66159868240356,,True,8,10,graph_amortized_device
NVIDIA H200,bfloat16,131072,1024,1,w8_f8_q0/warp,4,178.93600463867188,0.0,True,8,10,graph_amortized_device
NVIDIA H200,bfloat16,131072,1024,1,w8_f8_q0/fused_warp,4,181.7371964454651,,True,8,10,graph_amortized_device
NVIDIA H200,bfloat16,131072,1024,1,w0_f2_q1/warp,4,171.1024045944214,0.0,True,8,10,graph_amortized_device
NVIDIA H200,bfloat16,131072,1024,1,w0_f2_q1/fused_warp,4,164.02640342712402,,True,8,10,graph_amortized_device
NVIDIA H200,bfloat16,131072,1024,1,w0_f4_q1/warp,4,173.33320379257202,0.0,True,8,10,graph_amortized_device
NVIDIA H200,bfloat16,131072,1024,1,w0_f4_q1/fused_warp,4,168.996000289917,,True,8,10,graph_amortized_device
NVIDIA H200,bfloat16,131072,1024,1,w0_f8_q1/warp,4,180.85039854049683,0.0,True,8,10,graph_amortized_device
NVIDIA H200,bfloat16,131072,1024,1,w0_f8_q1/fused_warp,4,173.93120527267456,,True,8,10,graph_amortized_device
NVIDIA H200,bfloat16,131072,1024,1,dao,4,263.67719173431396,0.0,True,8,10,graph_amortized_device
NVIDIA H200,bfloat16,131072,1024,1,dao_plus_quant,4,546.4568138122559,,True,8,10,graph_amortized_device
NVIDIA H200,bfloat16,131072,1024,1,w0_f0_q0/warp,4,169.75359916687012,0.0,True,8,10,graph_amortized_device
NVIDIA H200,bfloat16,131072,1024,1,w0_f0_q0/fused_warp,4,172.6107954978943,,True,8,10,graph_amortized_device
