gpu,dtype,tokens,head_dim,normalize,backend,round,us,max_abs,pass,nodes,replays,measurement
NVIDIA H200,float16,1,64,0,dao,0,1.5969999134540558,0.0,True,16,10,graph_amortized_device
NVIDIA H200,float16,1,64,0,dao_plus_quant,0,2.865000069141388,,True,16,10,graph_amortized_device
NVIDIA H200,float16,1,64,0,p0/warp,0,1.463599968701601,0.0,True,16,10,graph_amortized_device
NVIDIA H200,float16,1,64,0,p0/mma_split,0,1.4480000361800194,0.0,True,16,10,graph_amortized_device
NVIDIA H200,float16,1,64,0,p1/warp,0,1.4737999998033047,0.0,True,16,10,graph_amortized_device
NVIDIA H200,float16,1,64,0,p1/mma_split,0,1.4387999661266804,0.0,True,16,10,graph_amortized_device
NVIDIA H200,float16,1,64,0,p2/warp,0,1.4556000009179115,0.0,True,16,10,graph_amortized_device
NVIDIA H200,float16,1,64,0,p2/mma_split,0,1.4825999736785889,0.0,True,16,10,graph_amortized_device
NVIDIA H200,float16,1,64,0,dao,1,1.596199907362461,0.0,True,16,10,graph_amortized_device
NVIDIA H200,float16,1,64,0,p2/mma_split,1,1.4804000034928322,0.0,True,16,10,graph_amortized_device
NVIDIA H200,float16,1,64,0,p2/warp,1,1.4543999917805195,0.0,True,16,10,graph_amortized_device
NVIDIA H200,float16,1,64,0,p1/mma_split,1,1.4390000142157078,0.0,True,16,10,graph_amortized_device
NVIDIA H200,float16,1,64,0,p1/warp,1,1.4747999608516693,0.0,True,16,10,graph_amortized_device
NVIDIA H200,float16,1,64,0,p0/mma_split,1,1.447799988090992,0.0,True,16,10,graph_amortized_device
NVIDIA H200,float16,1,64,0,p0/warp,1,1.462399959564209,0.0,True,16,10,graph_amortized_device
NVIDIA H200,float16,1,64,0,dao_plus_quant,1,2.7936000376939774,,True,16,10,graph_amortized_device
NVIDIA H200,float16,1,64,0,p0/warp,2,1.4646000228822231,0.0,True,16,10,graph_amortized_device
NVIDIA H200,float16,1,64,0,p0/mma_split,2,1.4468000270426273,0.0,True,16,10,graph_amortized_device
NVIDIA H200,float16,1,64,0,p1/warp,2,1.475400011986494,0.0,True,16,10,graph_amortized_device
NVIDIA H200,float16,1,64,0,p1/mma_split,2,1.4391999691724777,0.0,True,16,10,graph_amortized_device
NVIDIA H200,float16,1,64,0,p2/warp,2,1.4538000337779522,0.0,True,16,10,graph_amortized_device
NVIDIA H200,float16,1,64,0,p2/mma_split,2,1.4820000156760216,0.0,True,16,10,graph_amortized_device
NVIDIA H200,float16,1,64,0,dao,2,1.5946000814437866,0.0,True,16,10,graph_amortized_device
NVIDIA H200,float16,1,64,0,dao_plus_quant,2,2.8294000774621964,,True,16,10,graph_amortized_device
NVIDIA H200,float16,1,64,0,p0/warp,3,1.4651999808847904,0.0,True,16,10,graph_amortized_device
NVIDIA H200,float16,1,64,0,dao_plus_quant,3,2.7955999597907066,,True,16,10,graph_amortized_device
NVIDIA H200,float16,1,64,0,dao,3,1.5936000272631645,0.0,True,16,10,graph_amortized_device
NVIDIA H200,float16,1,64,0,p2/mma_split,3,1.4828000217676163,0.0,True,16,10,graph_amortized_device
NVIDIA H200,float16,1,64,0,p2/warp,3,1.454600039869547,0.0,True,16,10,graph_amortized_device
NVIDIA H200,float16,1,64,0,p1/mma_split,3,1.435600034892559,0.0,True,16,10,graph_amortized_device
NVIDIA H200,float16,1,64,0,p1/warp,3,1.4724000357091427,0.0,True,16,10,graph_amortized_device
NVIDIA H200,float16,1,64,0,p0/mma_split,3,1.4492000453174114,0.0,True,16,10,graph_amortized_device
NVIDIA H200,float16,1,64,0,p1/warp,4,1.47299999371171,0.0,True,16,10,graph_amortized_device
NVIDIA H200,float16,1,64,0,p1/mma_split,4,1.4374000020325184,0.0,True,16,10,graph_amortized_device
NVIDIA H200,float16,1,64,0,p2/warp,4,1.4556000009179115,0.0,True,16,10,graph_amortized_device
NVIDIA H200,float16,1,64,0,p2/mma_split,4,1.483799982815981,0.0,True,16,10,graph_amortized_device
NVIDIA H200,float16,1,64,0,dao,4,1.5954000875353813,0.0,True,16,10,graph_amortized_device
NVIDIA H200,float16,1,64,0,dao_plus_quant,4,2.7946000918745995,,True,16,10,graph_amortized_device
NVIDIA H200,float16,1,64,0,p0/warp,4,1.4619999565184116,0.0,True,16,10,graph_amortized_device
NVIDIA H200,float16,1,64,0,p0/mma_split,4,1.4485999941825867,0.0,True,16,10,graph_amortized_device
NVIDIA H200,float16,1,64,1,dao,0,1.5142000280320644,0.0,True,16,10,graph_amortized_device
NVIDIA H200,float16,1,64,1,dao_plus_quant,0,2.8178000822663307,,True,16,10,graph_amortized_device
NVIDIA H200,float16,1,64,1,p0/warp,0,1.4055999927222729,0.0,True,16,10,graph_amortized_device
NVIDIA H200,float16,1,64,1,p0/mma_split,0,1.4340000227093697,0.0,True,16,10,graph_amortized_device
NVIDIA H200,float16,1,64,1,p1/warp,0,1.3927999883890152,0.0,True,16,10,graph_amortized_device
NVIDIA H200,float16,1,64,1,p1/mma_split,0,1.4112000353634357,0.0,True,16,10,graph_amortized_device
NVIDIA H200,float16,1,64,1,p2/warp,0,1.417400036007166,0.0,True,16,10,graph_amortized_device
NVIDIA H200,float16,1,64,1,p2/mma_split,0,1.4039999805390835,0.0,True,16,10,graph_amortized_device
NVIDIA H200,float16,1,64,1,dao,1,1.5131999738514423,0.0,True,16,10,graph_amortized_device
NVIDIA H200,float16,1,64,1,p2/mma_split,1,1.4047999866306782,0.0,True,16,10,graph_amortized_device
NVIDIA H200,float16,1,64,1,p2/warp,1,1.4151999726891518,0.0,True,16,10,graph_amortized_device
NVIDIA H200,float16,1,64,1,p1/mma_split,1,1.4120000414550304,0.0,True,16,10,graph_amortized_device
NVIDIA H200,float16,1,64,1,p1/warp,1,1.3902000151574612,0.0,True,16,10,graph_amortized_device
NVIDIA H200,float16,1,64,1,p0/mma_split,1,1.4336000196635723,0.0,True,16,10,graph_amortized_device
NVIDIA H200,float16,1,64,1,p0/warp,1,1.4063999988138676,0.0,True,16,10,graph_amortized_device
NVIDIA H200,float16,1,64,1,dao_plus_quant,1,2.817999944090843,,True,16,10,graph_amortized_device
NVIDIA H200,float16,1,64,1,p0/warp,2,1.405400037765503,0.0,True,16,10,graph_amortized_device
NVIDIA H200,float16,1,64,1,p0/mma_split,2,1.4349999837577343,0.0,True,16,10,graph_amortized_device
NVIDIA H200,float16,1,64,1,p1/warp,2,1.3915999792516232,0.0,True,16,10,graph_amortized_device
NVIDIA H200,float16,1,64,1,p1/mma_split,2,1.3938000425696373,0.0,True,16,10,graph_amortized_device
NVIDIA H200,float16,1,64,1,p2/warp,2,1.4146000146865845,0.0,True,16,10,graph_amortized_device
NVIDIA H200,float16,1,64,1,p2/mma_split,2,1.3880000449717045,0.0,True,16,10,graph_amortized_device
NVIDIA H200,float16,1,64,1,dao,2,1.5134000219404697,0.0,True,16,10,graph_amortized_device
NVIDIA H200,float16,1,64,1,dao_plus_quant,2,2.817399986088276,,True,16,10,graph_amortized_device
NVIDIA H200,float16,1,64,1,p0/warp,3,1.4051999896764755,0.0,True,16,10,graph_amortized_device
NVIDIA H200,float16,1,64,1,dao_plus_quant,3,2.818799950182438,,True,16,10,graph_amortized_device
NVIDIA H200,float16,1,64,1,dao,3,1.5150000341236591,0.0,True,16,10,graph_amortized_device
NVIDIA H200,float16,1,64,1,p2/mma_split,3,1.4022000133991241,0.0,True,16,10,graph_amortized_device
NVIDIA H200,float16,1,64,1,p2/warp,3,1.4155999757349491,0.0,True,16,10,graph_amortized_device
NVIDIA H200,float16,1,64,1,p1/mma_split,3,1.4120000414550304,0.0,True,16,10,graph_amortized_device
NVIDIA H200,float16,1,64,1,p1/warp,3,1.389199960976839,0.0,True,16,10,graph_amortized_device
NVIDIA H200,float16,1,64,1,p0/mma_split,3,1.4341999776661396,0.0,True,16,10,graph_amortized_device
NVIDIA H200,float16,1,64,1,p1/warp,4,1.3894000090658665,0.0,True,16,10,graph_amortized_device
NVIDIA H200,float16,1,64,1,p1/mma_split,4,1.413199957460165,0.0,True,16,10,graph_amortized_device
NVIDIA H200,float16,1,64,1,p2/warp,4,1.4142000116407871,0.0,True,16,10,graph_amortized_device
NVIDIA H200,float16,1,64,1,p2/mma_split,4,1.4046000316739082,0.0,True,16,10,graph_amortized_device
NVIDIA H200,float16,1,64,1,dao,4,1.512799970805645,0.0,True,16,10,graph_amortized_device
NVIDIA H200,float16,1,64,1,dao_plus_quant,4,2.818400040268898,,True,16,10,graph_amortized_device
NVIDIA H200,float16,1,64,1,p0/warp,4,1.4069999568164349,0.0,True,16,10,graph_amortized_device
NVIDIA H200,float16,1,64,1,p0/mma_split,4,1.434599980711937,0.0,True,16,10,graph_amortized_device
NVIDIA H200,float16,128,64,0,dao,0,1.6736000776290894,0.0,True,16,10,graph_amortized_device
NVIDIA H200,float16,128,64,0,dao_plus_quant,0,3.155599907040596,,True,16,10,graph_amortized_device
NVIDIA H200,float16,128,64,0,p0/warp,0,1.535599958151579,0.0,True,16,10,graph_amortized_device
NVIDIA H200,float16,128,64,0,p0/mma_split,0,1.6566000878810883,0.0,True,16,10,graph_amortized_device
NVIDIA H200,float16,128,64,0,p1/warp,0,1.5081999823451042,0.0,True,16,10,graph_amortized_device
NVIDIA H200,float16,128,64,0,p1/mma_split,0,1.677599921822548,0.0,True,16,10,graph_amortized_device
NVIDIA H200,float16,128,64,0,p2/warp,0,1.5014000236988068,0.0,True,16,10,graph_amortized_device
NVIDIA H200,float16,128,64,0,p2/mma_split,0,1.7044000327587128,0.0,True,16,10,graph_amortized_device
NVIDIA H200,float16,128,64,0,dao,1,1.6759999096393585,0.0,True,16,10,graph_amortized_device
NVIDIA H200,float16,128,64,0,p2/mma_split,1,1.7055999487638474,0.0,True,16,10,graph_amortized_device
NVIDIA H200,float16,128,64,0,p2/warp,1,1.5014000236988068,0.0,True,16,10,graph_amortized_device
NVIDIA H200,float16,128,64,0,p1/mma_split,1,1.6791999340057373,0.0,True,16,10,graph_amortized_device
NVIDIA H200,float16,128,64,0,p1/warp,1,1.5072000212967396,0.0,True,16,10,graph_amortized_device
NVIDIA H200,float16,128,64,0,p0/mma_split,1,1.6556000337004662,0.0,True,16,10,graph_amortized_device
NVIDIA H200,float16,128,64,0,p0/warp,1,1.512600015848875,0.0,True,16,10,graph_amortized_device
NVIDIA H200,float16,128,64,0,dao_plus_quant,1,3.1550001353025436,,True,16,10,graph_amortized_device
NVIDIA H200,float16,128,64,0,p0/warp,2,1.5304000116884708,0.0,True,16,10,graph_amortized_device
NVIDIA H200,float16,128,64,0,p0/mma_split,2,1.6556000337004662,0.0,True,16,10,graph_amortized_device
NVIDIA H200,float16,128,64,0,p1/warp,2,1.5061999671161175,0.0,True,16,10,graph_amortized_device
NVIDIA H200,float16,128,64,0,p1/mma_split,2,1.6777999699115753,0.0,True,16,10,graph_amortized_device
NVIDIA H200,float16,128,64,0,p2/warp,2,1.5022000297904015,0.0,True,16,10,graph_amortized_device
NVIDIA H200,float16,128,64,0,p2/mma_split,2,1.7055999487638474,0.0,True,16,10,graph_amortized_device
NVIDIA H200,float16,128,64,0,dao,2,1.6720000654459,0.0,True,16,10,graph_amortized_device
NVIDIA H200,float16,128,64,0,dao_plus_quant,2,3.154600039124489,,True,16,10,graph_amortized_device
NVIDIA H200,float16,128,64,0,p0/warp,3,1.5147999860346317,0.0,True,16,10,graph_amortized_device
NVIDIA H200,float16,128,64,0,dao_plus_quant,3,3.155599907040596,,True,16,10,graph_amortized_device
NVIDIA H200,float16,128,64,0,dao,3,1.6726000234484673,0.0,True,16,10,graph_amortized_device
NVIDIA H200,float16,128,64,0,p2/mma_split,3,1.7046000808477402,0.0,True,16,10,graph_amortized_device
NVIDIA H200,float16,128,64,0,p2/warp,3,1.5034000389277935,0.0,True,16,10,graph_amortized_device
NVIDIA H200,float16,128,64,0,p1/mma_split,3,1.6782000660896301,0.0,True,16,10,graph_amortized_device
NVIDIA H200,float16,128,64,0,p1/warp,3,1.5077999792993069,0.0,True,16,10,graph_amortized_device
NVIDIA H200,float16,128,64,0,p0/mma_split,3,1.657399907708168,0.0,True,16,10,graph_amortized_device
NVIDIA H200,float16,128,64,0,p1/warp,4,1.5085999853909016,0.0,True,16,10,graph_amortized_device
NVIDIA H200,float16,128,64,0,p1/mma_split,4,1.6766000539064407,0.0,True,16,10,graph_amortized_device
NVIDIA H200,float16,128,64,0,p2/warp,4,1.5042000450193882,0.0,True,16,10,graph_amortized_device
NVIDIA H200,float16,128,64,0,p2/mma_split,4,1.7057999968528748,0.0,True,16,10,graph_amortized_device
NVIDIA H200,float16,128,64,0,dao,4,1.674799993634224,0.0,True,16,10,graph_amortized_device
NVIDIA H200,float16,128,64,0,dao_plus_quant,4,3.155599907040596,,True,16,10,graph_amortized_device
NVIDIA H200,float16,128,64,0,p0/warp,4,1.5324000269174576,0.0,True,16,10,graph_amortized_device
NVIDIA H200,float16,128,64,0,p0/mma_split,4,1.6558000817894936,0.0,True,16,10,graph_amortized_device
NVIDIA H200,float16,128,64,1,dao,0,1.714799925684929,0.0,True,16,10,graph_amortized_device
NVIDIA H200,float16,128,64,1,dao_plus_quant,0,3.165600076317787,,True,16,10,graph_amortized_device
NVIDIA H200,float16,128,64,1,p0/warp,0,1.4976000413298607,0.0,True,16,10,graph_amortized_device
NVIDIA H200,float16,128,64,1,p0/mma_split,0,1.667799986898899,0.0,True,16,10,graph_amortized_device
NVIDIA H200,float16,128,64,1,p1/warp,0,1.5053999610245228,0.0,True,16,10,graph_amortized_device
NVIDIA H200,float16,128,64,1,p1/mma_split,0,1.6745999455451965,0.0,True,16,10,graph_amortized_device
NVIDIA H200,float16,128,64,1,p2/warp,0,1.4907999895513058,0.0,True,16,10,graph_amortized_device
NVIDIA H200,float16,128,64,1,p2/mma_split,0,1.7090000212192535,0.0,True,16,10,graph_amortized_device
NVIDIA H200,float16,128,64,1,dao,1,1.7123999074101448,0.0,True,16,10,graph_amortized_device
NVIDIA H200,float16,128,64,1,p2/mma_split,1,1.7084000632166862,0.0,True,16,10,graph_amortized_device
NVIDIA H200,float16,128,64,1,p2/warp,1,1.5093999914824963,0.0,True,16,10,graph_amortized_device
NVIDIA H200,float16,128,64,1,p1/mma_split,1,1.6736000776290894,0.0,True,16,10,graph_amortized_device
NVIDIA H200,float16,128,64,1,p1/warp,1,1.5060000121593475,0.0,True,16,10,graph_amortized_device
NVIDIA H200,float16,128,64,1,p0/mma_split,1,1.6680000349879265,0.0,True,16,10,graph_amortized_device
NVIDIA H200,float16,128,64,1,p0/warp,1,1.5003999695181847,0.0,True,16,10,graph_amortized_device
NVIDIA H200,float16,128,64,1,dao_plus_quant,1,3.1638000160455704,,True,16,10,graph_amortized_device
NVIDIA H200,float16,128,64,1,p0/warp,2,1.496800035238266,0.0,True,16,10,graph_amortized_device
NVIDIA H200,float16,128,64,1,p0/mma_split,2,1.6680000349879265,0.0,True,16,10,graph_amortized_device
NVIDIA H200,float16,128,64,1,p1/warp,2,1.5068000182509422,0.0,True,16,10,graph_amortized_device
NVIDIA H200,float16,128,64,1,p1/mma_split,2,1.6721999272704124,0.0,True,16,10,graph_amortized_device
NVIDIA H200,float16,128,64,1,p2/warp,2,1.510199997574091,0.0,True,16,10,graph_amortized_device
NVIDIA H200,float16,128,64,1,p2/mma_split,2,1.7074000090360641,0.0,True,16,10,graph_amortized_device
NVIDIA H200,float16,128,64,1,dao,2,1.7170000821352005,0.0,True,16,10,graph_amortized_device
NVIDIA H200,float16,128,64,1,dao_plus_quant,2,3.1638000160455704,,True,16,10,graph_amortized_device
NVIDIA H200,float16,128,64,1,p0/warp,3,1.4960000291466713,0.0,True,16,10,graph_amortized_device
NVIDIA H200,float16,128,64,1,dao_plus_quant,3,3.127000108361244,,True,16,10,graph_amortized_device
NVIDIA H200,float16,128,64,1,dao,3,1.718199998140335,0.0,True,16,10,graph_amortized_device
NVIDIA H200,float16,128,64,1,p2/mma_split,3,1.7076000571250916,0.0,True,16,10,graph_amortized_device
NVIDIA H200,float16,128,64,1,p2/warp,3,1.489999983459711,0.0,True,16,10,graph_amortized_device
NVIDIA H200,float16,128,64,1,p1/mma_split,3,1.6742000356316566,0.0,True,16,10,graph_amortized_device
NVIDIA H200,float16,128,64,1,p1/warp,3,1.5093999914824963,0.0,True,16,10,graph_amortized_device
NVIDIA H200,float16,128,64,1,p0/mma_split,3,1.6661999747157097,0.0,True,16,10,graph_amortized_device
NVIDIA H200,float16,128,64,1,p1/warp,4,1.5056000091135502,0.0,True,16,10,graph_amortized_device
NVIDIA H200,float16,128,64,1,p1/mma_split,4,1.673400029540062,0.0,True,16,10,graph_amortized_device
NVIDIA H200,float16,128,64,1,p2/warp,4,1.508999988436699,0.0,True,16,10,graph_amortized_device
NVIDIA H200,float16,128,64,1,p2/mma_split,4,1.7093999311327934,0.0,True,16,10,graph_amortized_device
NVIDIA H200,float16,128,64,1,dao,4,1.7138000577688217,0.0,True,16,10,graph_amortized_device
NVIDIA H200,float16,128,64,1,dao_plus_quant,4,3.130200132727623,,True,16,10,graph_amortized_device
NVIDIA H200,float16,128,64,1,p0/warp,4,1.4991999603807926,0.0,True,16,10,graph_amortized_device
NVIDIA H200,float16,128,64,1,p0/mma_split,4,1.6666000708937645,0.0,True,16,10,graph_amortized_device
NVIDIA H200,float16,16384,64,0,dao,0,11.323600262403488,0.0,True,16,10,graph_amortized_device
NVIDIA H200,float16,16384,64,0,dao_plus_quant,0,22.35960066318512,,True,16,10,graph_amortized_device
NVIDIA H200,float16,16384,64,0,p0/warp,0,2.8394000604748726,0.0,True,16,10,graph_amortized_device
NVIDIA H200,float16,16384,64,0,p0/mma_split,0,2.9670000076293945,0.015625,False,16,10,graph_amortized_device
NVIDIA H200,float16,16384,64,0,p1/warp,0,2.8648000210523605,0.0,True,16,10,graph_amortized_device
NVIDIA H200,float16,16384,64,0,p1/mma_split,0,2.8519999235868454,0.0009765625,True,16,10,graph_amortized_device
NVIDIA H200,float16,16384,64,0,p2/warp,0,2.8610000386834145,0.0,True,16,10,graph_amortized_device
NVIDIA H200,float16,16384,64,0,p2/mma_split,0,2.976600080728531,0.000244140625,True,16,10,graph_amortized_device
NVIDIA H200,float16,16384,64,0,dao,1,11.324600130319595,0.0,True,16,10,graph_amortized_device
NVIDIA H200,float16,16384,64,0,p2/mma_split,1,3.0716000124812126,0.000244140625,True,16,10,graph_amortized_device
NVIDIA H200,float16,16384,64,0,p2/warp,1,2.8620000928640366,0.0,True,16,10,graph_amortized_device
NVIDIA H200,float16,16384,64,0,p1/mma_split,1,2.8831999748945236,0.0009765625,True,16,10,graph_amortized_device
NVIDIA H200,float16,16384,64,0,p1/warp,1,2.8491999953985214,0.0,True,16,10,graph_amortized_device
NVIDIA H200,float16,16384,64,0,p0/mma_split,1,2.8936000540852547,0.015625,False,16,10,graph_amortized_device
NVIDIA H200,float16,16384,64,0,p0/warp,1,2.837600000202656,0.0,True,16,10,graph_amortized_device
NVIDIA H200,float16,16384,64,0,dao_plus_quant,1,22.359000146389008,,True,16,10,graph_amortized_device
NVIDIA H200,float16,16384,64,0,p0/warp,2,2.8189999982714653,0.0,True,16,10,graph_amortized_device
NVIDIA H200,float16,16384,64,0,p0/mma_split,2,2.931400015950203,0.015625,False,16,10,graph_amortized_device
NVIDIA H200,float16,16384,64,0,p1/warp,2,2.8440000489354134,0.0,True,16,10,graph_amortized_device
NVIDIA H200,float16,16384,64,0,p1/mma_split,2,2.8384000062942505,0.0009765625,True,16,10,graph_amortized_device
NVIDIA H200,float16,16384,64,0,p2/warp,2,2.8591999784111977,0.0,True,16,10,graph_amortized_device
NVIDIA H200,float16,16384,64,0,p2/mma_split,2,2.9664000496268272,0.000244140625,True,16,10,graph_amortized_device
NVIDIA H200,float16,16384,64,0,dao,2,11.361400038003922,0.0,True,16,10,graph_amortized_device
NVIDIA H200,float16,16384,64,0,dao_plus_quant,2,22.359000146389008,,True,16,10,graph_amortized_device
NVIDIA H200,float16,16384,64,0,p0/warp,3,2.843800000846386,0.0,True,16,10,graph_amortized_device
NVIDIA H200,float16,16384,64,0,dao_plus_quant,3,22.358599305152893,,True,16,10,graph_amortized_device
NVIDIA H200,float16,16384,64,0,dao,3,11.322200298309326,0.0,True,16,10,graph_amortized_device
NVIDIA H200,float16,16384,64,0,p2/mma_split,3,3.0710000544786453,0.000244140625,True,16,10,graph_amortized_device
NVIDIA H200,float16,16384,64,0,p2/warp,3,2.866999991238117,0.0,True,16,10,graph_amortized_device
NVIDIA H200,float16,16384,64,0,p1/mma_split,3,2.8351999819278717,0.0009765625,True,16,10,graph_amortized_device
NVIDIA H200,float16,16384,64,0,p1/warp,3,2.8473999351263046,0.0,True,16,10,graph_amortized_device
NVIDIA H200,float16,16384,64,0,p0/mma_split,3,2.9023999348282814,0.015625,False,16,10,graph_amortized_device
NVIDIA H200,float16,16384,64,0,p1/warp,4,2.8497999534010887,0.0,True,16,10,graph_amortized_device
NVIDIA H200,float16,16384,64,0,p1/mma_split,4,2.8558000922203064,0.0009765625,True,16,10,graph_amortized_device
NVIDIA H200,float16,16384,64,0,p2/warp,4,2.8615999966859818,0.0,True,16,10,graph_amortized_device
NVIDIA H200,float16,16384,64,0,p2/mma_split,4,3.0076000839471817,0.000244140625,True,16,10,graph_amortized_device
NVIDIA H200,float16,16384,64,0,dao,4,11.323200166225433,0.0,True,16,10,graph_amortized_device
NVIDIA H200,float16,16384,64,0,dao_plus_quant,4,22.357599437236786,,True,16,10,graph_amortized_device
NVIDIA H200,float16,16384,64,0,p0/warp,4,2.833000011742115,0.0,True,16,10,graph_amortized_device
NVIDIA H200,float16,16384,64,0,p0/mma_split,4,2.931400015950203,0.015625,False,16,10,graph_amortized_device
NVIDIA H200,float16,16384,64,1,dao,0,11.33039966225624,0.0,True,16,10,graph_amortized_device
NVIDIA H200,float16,16384,64,1,dao_plus_quant,0,22.332599759101868,,True,16,10,graph_amortized_device
NVIDIA H200,float16,16384,64,1,p0/warp,0,2.817399986088276,0.0,True,16,10,graph_amortized_device
NVIDIA H200,float16,16384,64,1,p0/mma_split,0,2.888000011444092,0.001953125,True,16,10,graph_amortized_device
NVIDIA H200,float16,16384,64,1,p1/warp,0,2.8356000781059265,0.0,True,16,10,graph_amortized_device
NVIDIA H200,float16,16384,64,1,p1/mma_split,0,2.848000079393387,0.0001220703125,True,16,10,graph_amortized_device
NVIDIA H200,float16,16384,64,1,p2/warp,0,2.782200090587139,0.0,True,16,10,graph_amortized_device
NVIDIA H200,float16,16384,64,1,p2/mma_split,0,3.0079999938607216,3.0517578125e-05,True,16,10,graph_amortized_device
NVIDIA H200,float16,16384,64,1,dao,1,11.331400275230408,0.0,True,16,10,graph_amortized_device
NVIDIA H200,float16,16384,64,1,p2/mma_split,1,3.0341999605298042,3.0517578125e-05,True,16,10,graph_amortized_device
NVIDIA H200,float16,16384,64,1,p2/warp,1,2.800399996340275,0.0,True,16,10,graph_amortized_device
NVIDIA H200,float16,16384,64,1,p1/mma_split,1,2.8408000245690346,0.0001220703125,True,16,10,graph_amortized_device
NVIDIA H200,float16,16384,64,1,p1/warp,1,2.841399982571602,0.0,True,16,10,graph_amortized_device
NVIDIA H200,float16,16384,64,1,p0/mma_split,1,2.8793999925255775,0.001953125,True,16,10,graph_amortized_device
NVIDIA H200,float16,16384,64,1,p0/warp,1,2.817000076174736,0.0,True,16,10,graph_amortized_device
NVIDIA H200,float16,16384,64,1,dao_plus_quant,1,22.32860028743744,,True,16,10,graph_amortized_device
NVIDIA H200,float16,16384,64,1,p0/warp,2,2.816000021994114,0.0,True,16,10,graph_amortized_device
NVIDIA H200,float16,16384,64,1,p0/mma_split,2,2.964399941265583,0.001953125,True,16,10,graph_amortized_device
NVIDIA H200,float16,16384,64,1,p1/warp,2,2.8251999989151955,0.0,True,16,10,graph_amortized_device
NVIDIA H200,float16,16384,64,1,p1/mma_split,2,2.828799933195114,0.0001220703125,True,16,10,graph_amortized_device
NVIDIA H200,float16,16384,64,1,p2/warp,2,2.8111999854445457,0.0,True,16,10,graph_amortized_device
NVIDIA H200,float16,16384,64,1,p2/mma_split,2,2.969600073993206,3.0517578125e-05,True,16,10,graph_amortized_device
NVIDIA H200,float16,16384,64,1,dao,2,11.329200118780136,0.0,True,16,10,graph_amortized_device
NVIDIA H200,float16,16384,64,1,dao_plus_quant,2,22.32919931411743,,True,16,10,graph_amortized_device
NVIDIA H200,float16,16384,64,1,p0/warp,3,2.8162000700831413,0.0,True,16,10,graph_amortized_device
NVIDIA H200,float16,16384,64,1,dao_plus_quant,3,22.33159989118576,,True,16,10,graph_amortized_device
NVIDIA H200,float16,16384,64,1,dao,3,11.31339967250824,0.0,True,16,10,graph_amortized_device
NVIDIA H200,float16,16384,64,1,p2/mma_split,3,3.032599948346615,3.0517578125e-05,True,16,10,graph_amortized_device
NVIDIA H200,float16,16384,64,1,p2/warp,3,2.819399908185005,0.0,True,16,10,graph_amortized_device
NVIDIA H200,float16,16384,64,1,p1/mma_split,3,2.8836000710725784,0.0001220703125,True,16,10,graph_amortized_device
NVIDIA H200,float16,16384,64,1,p1/warp,3,2.847599983215332,0.0,True,16,10,graph_amortized_device
NVIDIA H200,float16,16384,64,1,p0/mma_split,3,2.951199933886528,0.001953125,True,16,10,graph_amortized_device
NVIDIA H200,float16,16384,64,1,p1/warp,4,2.8411999344825745,0.0,True,16,10,graph_amortized_device
NVIDIA H200,float16,16384,64,1,p1/mma_split,4,2.8869999572634697,0.0001220703125,True,16,10,graph_amortized_device
NVIDIA H200,float16,16384,64,1,p2/warp,4,2.805200032889843,0.0,True,16,10,graph_amortized_device
NVIDIA H200,float16,16384,64,1,p2/mma_split,4,3.0076000839471817,3.0517578125e-05,True,16,10,graph_amortized_device
NVIDIA H200,float16,16384,64,1,dao,4,11.291400343179703,0.0,True,16,10,graph_amortized_device
NVIDIA H200,float16,16384,64,1,dao_plus_quant,4,22.329799830913544,,True,16,10,graph_amortized_device
NVIDIA H200,float16,16384,64,1,p0/warp,4,2.8144000098109245,0.0,True,16,10,graph_amortized_device
NVIDIA H200,float16,16384,64,1,p0/mma_split,4,2.951600030064583,0.001953125,True,16,10,graph_amortized_device
NVIDIA H200,float16,131072,64,0,dao,0,80.49439787864685,0.0,True,16,10,graph_amortized_device
NVIDIA H200,float16,131072,64,0,dao_plus_quant,0,160.55439710617065,,True,16,10,graph_amortized_device
NVIDIA H200,float16,131072,64,0,p0/warp,0,13.490000367164612,0.0,True,16,10,graph_amortized_device
NVIDIA H200,float16,131072,64,0,p0/mma_split,0,10.728199779987335,0.0078125,True,16,10,graph_amortized_device
NVIDIA H200,float16,131072,64,0,p1/warp,0,13.465799391269684,0.0,True,16,10,graph_amortized_device
NVIDIA H200,float16,131072,64,0,p1/mma_split,0,10.932199656963348,0.0078125,True,16,10,graph_amortized_device
NVIDIA H200,float16,131072,64,0,p2/warp,0,13.43819946050644,0.0,True,16,10,graph_amortized_device
NVIDIA H200,float16,131072,64,0,p2/mma_split,0,12.431000173091888,0.0078125,True,16,10,graph_amortized_device
NVIDIA H200,float16,131072,64,0,dao,1,80.47879934310913,0.0,True,16,10,graph_amortized_device
NVIDIA H200,float16,131072,64,0,p2/mma_split,1,12.495800107717514,0.0078125,True,16,10,graph_amortized_device
NVIDIA H200,float16,131072,64,0,p2/warp,1,13.4552001953125,0.0,True,16,10,graph_amortized_device
NVIDIA H200,float16,131072,64,0,p1/mma_split,1,10.975799709558487,0.0078125,True,16,10,graph_amortized_device
NVIDIA H200,float16,131072,64,0,p1/warp,1,13.479800522327423,0.0,True,16,10,graph_amortized_device
NVIDIA H200,float16,131072,64,0,p0/mma_split,1,10.777600109577179,0.0078125,True,16,10,graph_amortized_device
NVIDIA H200,float16,131072,64,0,p0/warp,1,13.455399870872498,0.0,True,16,10,graph_amortized_device
NVIDIA H200,float16,131072,64,0,dao_plus_quant,1,160.54879426956177,,True,16,10,graph_amortized_device
NVIDIA H200,float16,131072,64,0,p0/warp,2,13.472400605678558,0.0,True,16,10,graph_amortized_device
NVIDIA H200,float16,131072,64,0,p0/mma_split,2,10.754799842834473,0.0078125,True,16,10,graph_amortized_device
NVIDIA H200,float16,131072,64,0,p1/warp,2,13.475799560546875,0.0,True,16,10,graph_amortized_device
NVIDIA H200,float16,131072,64,0,p1/mma_split,2,10.964599996805191,0.0078125,True,16,10,graph_amortized_device
NVIDIA H200,float16,131072,64,0,p2/warp,2,13.444800674915314,0.0,True,16,10,graph_amortized_device
NVIDIA H200,float16,131072,64,0,p2/mma_split,2,12.467599660158157,0.0078125,True,16,10,graph_amortized_device
NVIDIA H200,float16,131072,64,0,dao,2,80.47459721565247,0.0,True,16,10,graph_amortized_device
NVIDIA H200,float16,131072,64,0,dao_plus_quant,2,161.2007975578308,,True,16,10,graph_amortized_device
NVIDIA H200,float16,131072,64,0,p0/warp,3,13.50879967212677,0.0,True,16,10,graph_amortized_device
NVIDIA H200,float16,131072,64,0,dao_plus_quant,3,161.7848038673401,,True,16,10,graph_amortized_device
NVIDIA H200,float16,131072,64,0,dao,3,81.00600242614746,0.0,True,16,10,graph_amortized_device
NVIDIA H200,float16,131072,64,0,p2/mma_split,3,12.439800053834915,0.0078125,True,16,10,graph_amortized_device
NVIDIA H200,float16,131072,64,0,p2/warp,3,13.460199534893036,0.0,True,16,10,graph_amortized_device
NVIDIA H200,float16,131072,64,0,p1/mma_split,3,10.963799804449081,0.0078125,True,16,10,graph_amortized_device
NVIDIA H200,float16,131072,64,0,p1/warp,3,13.49020004272461,0.0,True,16,10,graph_amortized_device
NVIDIA H200,float16,131072,64,0,p0/mma_split,3,10.735200345516205,0.0078125,True,16,10,graph_amortized_device
NVIDIA H200,float16,131072,64,0,p1/warp,4,13.485400378704071,0.0,True,16,10,graph_amortized_device
NVIDIA H200,float16,131072,64,0,p1/mma_split,4,10.996399819850922,0.0078125,True,16,10,graph_amortized_device
NVIDIA H200,float16,131072,64,0,p2/warp,4,13.462600111961365,0.0,True,16,10,graph_amortized_device
NVIDIA H200,float16,131072,64,0,p2/mma_split,4,12.43560016155243,0.0078125,True,16,10,graph_amortized_device
NVIDIA H200,float16,131072,64,0,dao,4,80.99420070648193,0.0,True,16,10,graph_amortized_device
NVIDIA H200,float16,131072,64,0,dao_plus_quant,4,161.11279726028442,,True,16,10,graph_amortized_device
NVIDIA H200,float16,131072,64,0,p0/warp,4,13.5002002120018,0.0,True,16,10,graph_amortized_device
NVIDIA H200,float16,131072,64,0,p0/mma_split,4,10.71079969406128,0.0078125,True,16,10,graph_amortized_device
NVIDIA H200,float16,131072,64,1,dao,0,80.44679760932922,0.0,True,16,10,graph_amortized_device
NVIDIA H200,float16,131072,64,1,dao_plus_quant,0,160.55179834365845,,True,16,10,graph_amortized_device
NVIDIA H200,float16,131072,64,1,p0/warp,0,13.650999963283539,0.0,True,16,10,graph_amortized_device
NVIDIA H200,float16,131072,64,1,p0/mma_split,0,10.713200271129608,0.0009765625,True,16,10,graph_amortized_device
NVIDIA H200,float16,131072,64,1,p1/warp,0,13.644799590110779,0.0,True,16,10,graph_amortized_device
NVIDIA H200,float16,131072,64,1,p1/mma_split,0,10.902000218629837,0.0009765625,True,16,10,graph_amortized_device
NVIDIA H200,float16,131072,64,1,p2/warp,0,13.750399649143219,0.0,True,16,10,graph_amortized_device
NVIDIA H200,float16,131072,64,1,p2/mma_split,0,12.293799966573715,0.0009765625,True,16,10,graph_amortized_device
NVIDIA H200,float16,131072,64,1,dao,1,80.45340180397034,0.0,True,16,10,graph_amortized_device
NVIDIA H200,float16,131072,64,1,p2/mma_split,1,12.297199666500092,0.0009765625,True,16,10,graph_amortized_device
NVIDIA H200,float16,131072,64,1,p2/warp,1,13.765600323677063,0.0,True,16,10,graph_amortized_device
NVIDIA H200,float16,131072,64,1,p1/mma_split,1,10.913000255823135,0.0009765625,True,16,10,graph_amortized_device
NVIDIA H200,float16,131072,64,1,p1/warp,1,13.608400523662567,0.0,True,16,10,graph_amortized_device
NVIDIA H200,float16,131072,64,1,p0/mma_split,1,10.672000050544739,0.0009765625,True,16,10,graph_amortized_device
NVIDIA H200,float16,131072,64,1,p0/warp,1,13.637800514698029,0.0,True,16,10,graph_amortized_device
NVIDIA H200,float16,131072,64,1,dao_plus_quant,1,160.5571985244751,,True,16,10,graph_amortized_device
NVIDIA H200,float16,131072,64,1,p0/warp,2,13.647399842739105,0.0,True,16,10,graph_amortized_device
NVIDIA H200,float16,131072,64,1,p0/mma_split,2,10.69440022110939,0.0009765625,True,16,10,graph_amortized_device
NVIDIA H200,float16,131072,64,1,p1/warp,2,13.616399466991425,0.0,True,16,10,graph_amortized_device
NVIDIA H200,float16,131072,64,1,p1/mma_split,2,10.901399701833725,0.0009765625,True,16,10,graph_amortized_device
NVIDIA H200,float16,131072,64,1,p2/warp,2,13.773399591445923,0.0,True,16,10,graph_amortized_device
NVIDIA H200,float16,131072,64,1,p2/mma_split,2,12.34939992427826,0.0009765625,True,16,10,graph_amortized_device
NVIDIA H200,float16,131072,64,1,dao,2,80.98980188369751,0.0,True,16,10,graph_amortized_device
NVIDIA H200,float16,131072,64,1,dao_plus_quant,2,161.81999444961548,,True,16,10,graph_amortized_device
NVIDIA H200,float16,131072,64,1,p0/warp,3,13.684399425983429,0.0,True,16,10,graph_amortized_device
NVIDIA H200,float16,131072,64,1,dao_plus_quant,3,161.81139945983887,,True,16,10,graph_amortized_device
NVIDIA H200,float16,131072,64,1,dao,3,80.82759976387024,0.0,True,16,10,graph_amortized_device
NVIDIA H200,float16,131072,64,1,p2/mma_split,3,12.284799665212631,0.0009765625,True,16,10,graph_amortized_device
NVIDIA H200,float16,131072,64,1,p2/warp,3,13.786600530147552,0.0,True,16,10,graph_amortized_device
NVIDIA H200,float16,131072,64,1,p1/mma_split,3,10.92979982495308,0.0009765625,True,16,10,graph_amortized_device
NVIDIA H200,float16,131072,64,1,p1/warp,3,13.625800609588623,0.0,True,16,10,graph_amortized_device
NVIDIA H200,float16,131072,64,1,p0/mma_split,3,10.706599801778793,0.0009765625,True,16,10,graph_amortized_device
NVIDIA H200,float16,131072,64,1,p1/warp,4,13.62600028514862,0.0,True,16,10,graph_amortized_device
NVIDIA H200,float16,131072,64,1,p1/mma_split,4,10.900799930095673,0.0009765625,True,16,10,graph_amortized_device
NVIDIA H200,float16,131072,64,1,p2/warp,4,13.78220021724701,0.0,True,16,10,graph_amortized_device
NVIDIA H200,float16,131072,64,1,p2/mma_split,4,12.282399833202362,0.0009765625,True,16,10,graph_amortized_device
NVIDIA H200,float16,131072,64,1,dao,4,80.56439757347107,0.0,True,16,10,graph_amortized_device
NVIDIA H200,float16,131072,64,1,dao_plus_quant,4,160.84200143814087,,True,16,10,graph_amortized_device
NVIDIA H200,float16,131072,64,1,p0/warp,4,13.66180032491684,0.0,True,16,10,graph_amortized_device
NVIDIA H200,float16,131072,64,1,p0/mma_split,4,10.711199790239334,0.0009765625,True,16,10,graph_amortized_device
NVIDIA H200,float16,1,128,0,dao,0,1.5598000027239323,0.0,True,16,10,graph_amortized_device
NVIDIA H200,float16,1,128,0,dao_plus_quant,0,2.9293999075889587,,True,16,10,graph_amortized_device
NVIDIA H200,float16,1,128,0,p0/warp,0,1.4134000055491924,0.0,True,16,10,graph_amortized_device
NVIDIA H200,float16,1,128,0,p0/mma_split,0,1.4298000372946262,0.0,True,16,10,graph_amortized_device
NVIDIA H200,float16,1,128,0,p1/warp,0,1.4085999689996243,0.0,True,16,10,graph_amortized_device
NVIDIA H200,float16,1,128,0,p1/mma_split,0,1.4441999606788158,0.0,True,16,10,graph_amortized_device
NVIDIA H200,float16,1,128,0,p2/warp,0,1.4437999576330185,0.0,True,16,10,graph_amortized_device
NVIDIA H200,float16,1,128,0,p2/mma_split,0,1.398400031030178,0.0,True,16,10,graph_amortized_device
NVIDIA H200,float16,1,128,0,dao,1,1.5610000118613243,0.0,True,16,10,graph_amortized_device
NVIDIA H200,float16,1,128,0,p2/mma_split,1,1.397399976849556,0.0,True,16,10,graph_amortized_device
NVIDIA H200,float16,1,128,0,p2/warp,1,1.4266000129282475,0.0,True,16,10,graph_amortized_device
NVIDIA H200,float16,1,128,0,p1/mma_split,1,1.4460000209510326,0.0,True,16,10,graph_amortized_device
NVIDIA H200,float16,1,128,0,p1/warp,1,1.408199965953827,0.0,True,16,10,graph_amortized_device
NVIDIA H200,float16,1,128,0,p0/mma_split,1,1.4307999983429909,0.0,True,16,10,graph_amortized_device
NVIDIA H200,float16,1,128,0,p0/warp,1,1.4158000238239765,0.0,True,16,10,graph_amortized_device
NVIDIA H200,float16,1,128,0,dao_plus_quant,1,2.9287999495863914,,True,16,10,graph_amortized_device
NVIDIA H200,float16,1,128,0,p0/warp,2,1.4163999818265438,0.0,True,16,10,graph_amortized_device
NVIDIA H200,float16,1,128,0,p0/mma_split,2,1.4286000281572342,0.0,True,16,10,graph_amortized_device
NVIDIA H200,float16,1,128,0,p1/warp,2,1.4065999537706375,0.0,True,16,10,graph_amortized_device
NVIDIA H200,float16,1,128,0,p1/mma_split,2,1.4457999728620052,0.0,True,16,10,graph_amortized_device
NVIDIA H200,float16,1,128,0,p2/warp,2,1.4271999709308147,0.0,True,16,10,graph_amortized_device
NVIDIA H200,float16,1,128,0,p2/mma_split,2,1.3952000066637993,0.0,True,16,10,graph_amortized_device
NVIDIA H200,float16,1,128,0,dao,2,1.5581999905407429,0.0,True,16,10,graph_amortized_device
NVIDIA H200,float16,1,128,0,dao_plus_quant,2,2.9270000755786896,,True,16,10,graph_amortized_device
NVIDIA H200,float16,1,128,0,p0/warp,3,1.4155999757349491,0.0,True,16,10,graph_amortized_device
NVIDIA H200,float16,1,128,0,dao_plus_quant,3,2.9298000037670135,,True,16,10,graph_amortized_device
NVIDIA H200,float16,1,128,0,dao,3,1.5568000264465809,0.0,True,16,10,graph_amortized_device
NVIDIA H200,float16,1,128,0,p2/mma_split,3,1.3952000066637993,0.0,True,16,10,graph_amortized_device
NVIDIA H200,float16,1,128,0,p2/warp,3,1.4283999800682068,0.0,True,16,10,graph_amortized_device
NVIDIA H200,float16,1,128,0,p1/mma_split,3,1.444000005722046,0.0,True,16,10,graph_amortized_device
NVIDIA H200,float16,1,128,0,p1/warp,3,1.4100000262260437,0.0,True,16,10,graph_amortized_device
NVIDIA H200,float16,1,128,0,p0/mma_split,3,1.4271999709308147,0.0,True,16,10,graph_amortized_device
NVIDIA H200,float16,1,128,0,p1/warp,4,1.4072000049054623,0.0,True,16,10,graph_amortized_device
NVIDIA H200,float16,1,128,0,p1/mma_split,4,1.4453999698162079,0.0,True,16,10,graph_amortized_device
NVIDIA H200,float16,1,128,0,p2/warp,4,1.4245999976992607,0.0,True,16,10,graph_amortized_device
NVIDIA H200,float16,1,128,0,p2/mma_split,4,1.3981999829411507,0.0,True,16,10,graph_amortized_device
NVIDIA H200,float16,1,128,0,dao,4,1.5615999698638916,0.0,True,16,10,graph_amortized_device
NVIDIA H200,float16,1,128,0,dao_plus_quant,4,2.926800027489662,,True,16,10,graph_amortized_device
NVIDIA H200,float16,1,128,0,p0/warp,4,1.4139999635517597,0.0,True,16,10,graph_amortized_device
NVIDIA H200,float16,1,128,0,p0/mma_split,4,1.4287999831140041,0.0,True,16,10,graph_amortized_device
NVIDIA H200,float16,1,128,1,dao,0,1.5752000734210014,0.0,True,16,10,graph_amortized_device
NVIDIA H200,float16,1,128,1,dao_plus_quant,0,2.903600037097931,,True,16,10,graph_amortized_device
NVIDIA H200,float16,1,128,1,p0/warp,0,1.4484000392258167,0.0,True,16,10,graph_amortized_device
NVIDIA H200,float16,1,128,1,p0/mma_split,0,1.4035999774932861,0.0,True,16,10,graph_amortized_device
NVIDIA H200,float16,1,128,1,p1/warp,0,1.4298000372946262,0.0,True,16,10,graph_amortized_device
NVIDIA H200,float16,1,128,1,p1/mma_split,0,1.4248000457882881,0.0,True,16,10,graph_amortized_device
NVIDIA H200,float16,1,128,1,p2/warp,0,1.4124000445008278,0.0,True,16,10,graph_amortized_device
NVIDIA H200,float16,1,128,1,p2/mma_split,0,1.4050000347197056,0.0,True,16,10,graph_amortized_device
NVIDIA H200,float16,1,128,1,dao,1,1.575399935245514,0.0,True,16,10,graph_amortized_device
NVIDIA H200,float16,1,128,1,p2/mma_split,1,1.4232000336050987,0.0,True,16,10,graph_amortized_device
NVIDIA H200,float16,1,128,1,p2/warp,1,1.4154000207781792,0.0,True,16,10,graph_amortized_device
NVIDIA H200,float16,1,128,1,p1/mma_split,1,1.4274000190198421,0.0,True,16,10,graph_amortized_device
NVIDIA H200,float16,1,128,1,p1/warp,1,1.4298000372946262,0.0,True,16,10,graph_amortized_device
NVIDIA H200,float16,1,128,1,p0/mma_split,1,1.4047999866306782,0.0,True,16,10,graph_amortized_device
NVIDIA H200,float16,1,128,1,p0/warp,1,1.4492000453174114,0.0,True,16,10,graph_amortized_device
NVIDIA H200,float16,1,128,1,dao_plus_quant,1,2.9014000669121742,,True,16,10,graph_amortized_device
NVIDIA H200,float16,1,128,1,p0/warp,2,1.447799988090992,0.0,True,16,10,graph_amortized_device
NVIDIA H200,float16,1,128,1,p0/mma_split,2,1.4026000164449215,0.0,True,16,10,graph_amortized_device
NVIDIA H200,float16,1,128,1,p1/warp,2,1.4325999654829502,0.0,True,16,10,graph_amortized_device
NVIDIA H200,float16,1,128,1,p1/mma_split,2,1.425000000745058,0.0,True,16,10,graph_amortized_device
NVIDIA H200,float16,1,128,1,p2/warp,2,1.4124000445008278,0.0,True,16,10,graph_amortized_device
NVIDIA H200,float16,1,128,1,p2/mma_split,2,1.4182000420987606,0.0,True,16,10,graph_amortized_device
NVIDIA H200,float16,1,128,1,dao,2,1.5780000016093254,0.0,True,16,10,graph_amortized_device
NVIDIA H200,float16,1,128,1,dao_plus_quant,2,2.901200018823147,,True,16,10,graph_amortized_device
NVIDIA H200,float16,1,128,1,p0/warp,3,1.448800042271614,0.0,True,16,10,graph_amortized_device
NVIDIA H200,float16,1,128,1,dao_plus_quant,3,2.9038000851869583,,True,16,10,graph_amortized_device
NVIDIA H200,float16,1,128,1,dao,3,1.57880000770092,0.0,True,16,10,graph_amortized_device
NVIDIA H200,float16,1,128,1,p2/mma_split,3,1.4201999641954899,0.0,True,16,10,graph_amortized_device
NVIDIA H200,float16,1,128,1,p2/warp,3,1.4134000055491924,0.0,True,16,10,graph_amortized_device
NVIDIA H200,float16,1,128,1,p1/mma_split,3,1.4270000159740448,0.0,True,16,10,graph_amortized_device
NVIDIA H200,float16,1,128,1,p1/warp,3,1.4303999952971935,0.0,True,16,10,graph_amortized_device
NVIDIA H200,float16,1,128,1,p0/mma_split,3,1.4039999805390835,0.0,True,16,10,graph_amortized_device
NVIDIA H200,float16,1,128,1,p1/warp,4,1.427599973976612,0.0,True,16,10,graph_amortized_device
NVIDIA H200,float16,1,128,1,p1/mma_split,4,1.423799991607666,0.0,True,16,10,graph_amortized_device
NVIDIA H200,float16,1,128,1,p2/warp,4,1.414399966597557,0.0,True,16,10,graph_amortized_device
NVIDIA H200,float16,1,128,1,p2/mma_split,4,1.4204000122845173,0.0,True,16,10,graph_amortized_device
NVIDIA H200,float16,1,128,1,dao,4,1.576399989426136,0.0,True,16,10,graph_amortized_device
NVIDIA H200,float16,1,128,1,dao_plus_quant,4,2.9038000851869583,,True,16,10,graph_amortized_device
NVIDIA H200,float16,1,128,1,p0/warp,4,1.4485999941825867,0.0,True,16,10,graph_amortized_device
NVIDIA H200,float16,1,128,1,p0/mma_split,4,1.4051999896764755,0.0,True,16,10,graph_amortized_device
NVIDIA H200,float16,128,128,0,dao,0,1.7163999378681183,0.0,True,16,10,graph_amortized_device
NVIDIA H200,float16,128,128,0,dao_plus_quant,0,3.174399957060814,,True,16,10,graph_amortized_device
NVIDIA H200,float16,128,128,0,p0/warp,0,1.5312000177800655,0.0,True,16,10,graph_amortized_device
NVIDIA H200,float16,128,128,0,p0/mma_split,0,1.662600040435791,0.0,True,16,10,graph_amortized_device
NVIDIA H200,float16,128,128,0,p1/warp,0,1.553799957036972,0.0,True,16,10,graph_amortized_device
NVIDIA H200,float16,128,128,0,p1/mma_split,0,1.6364000737667084,0.0,True,16,10,graph_amortized_device
NVIDIA H200,float16,128,128,0,p2/warp,0,1.5577999874949455,0.0,True,16,10,graph_amortized_device
NVIDIA H200,float16,128,128,0,p2/mma_split,0,1.6831999644637108,0.0,True,16,10,graph_amortized_device
NVIDIA H200,float16,128,128,0,dao,1,1.7179999500513077,0.0,True,16,10,graph_amortized_device
NVIDIA H200,float16,128,128,0,p2/mma_split,1,1.6839999705553055,0.0,True,16,10,graph_amortized_device
NVIDIA H200,float16,128,128,0,p2/warp,1,1.5585999935865402,0.0,True,16,10,graph_amortized_device
NVIDIA H200,float16,128,128,0,p1/mma_split,1,1.6249999403953552,0.0,True,16,10,graph_amortized_device
NVIDIA H200,float16,128,128,0,p1/warp,1,1.5540000051259995,0.0,True,16,10,graph_amortized_device
NVIDIA H200,float16,128,128,0,p0/mma_split,1,1.6631999984383583,0.0,True,16,10,graph_amortized_device
NVIDIA H200,float16,128,128,0,p0/warp,1,1.5321999788284302,0.0,True,16,10,graph_amortized_device
NVIDIA H200,float16,128,128,0,dao_plus_quant,1,3.1748000532388687,,True,16,10,graph_amortized_device
NVIDIA H200,float16,128,128,0,p0/warp,2,1.5321999788284302,0.0,True,16,10,graph_amortized_device
NVIDIA H200,float16,128,128,0,p0/mma_split,2,1.661599986255169,0.0,True,16,10,graph_amortized_device
NVIDIA H200,float16,128,128,0,p1/warp,2,1.5545999631285667,0.0,True,16,10,graph_amortized_device
NVIDIA H200,float16,128,128,0,p1/mma_split,2,1.638600043952465,0.0,True,16,10,graph_amortized_device
NVIDIA H200,float16,128,128,0,p2/warp,2,1.5588000416755676,0.0,True,16,10,graph_amortized_device
NVIDIA H200,float16,128,128,0,p2/mma_split,2,1.6836000606417656,0.0,True,16,10,graph_amortized_device
NVIDIA H200,float16,128,128,0,dao,2,1.7179999500513077,0.0,True,16,10,graph_amortized_device
NVIDIA H200,float16,128,128,0,dao_plus_quant,2,3.2081998884677887,,True,16,10,graph_amortized_device
NVIDIA H200,float16,128,128,0,p0/warp,3,1.5324000269174576,0.0,True,16,10,graph_amortized_device
NVIDIA H200,float16,128,128,0,dao_plus_quant,3,3.173999860882759,,True,16,10,graph_amortized_device
NVIDIA H200,float16,128,128,0,dao,3,1.7173999920487404,0.0,True,16,10,graph_amortized_device
NVIDIA H200,float16,128,128,0,p2/mma_split,3,1.6850000247359276,0.0,True,16,10,graph_amortized_device
NVIDIA H200,float16,128,128,0,p2/warp,3,1.554999966174364,0.0,True,16,10,graph_amortized_device
NVIDIA H200,float16,128,128,0,p1/mma_split,3,1.6351999714970589,0.0,True,16,10,graph_amortized_device
NVIDIA H200,float16,128,128,0,p1/warp,3,1.5552000142633915,0.0,True,16,10,graph_amortized_device
NVIDIA H200,float16,128,128,0,p0/mma_split,3,1.6618000343441963,0.0,True,16,10,graph_amortized_device
NVIDIA H200,float16,128,128,0,p1/warp,4,1.5569999814033508,0.0,True,16,10,graph_amortized_device
NVIDIA H200,float16,128,128,0,p1/mma_split,4,1.6365999355912209,0.0,True,16,10,graph_amortized_device
NVIDIA H200,float16,128,128,0,p2/warp,4,1.5556000173091888,0.0,True,16,10,graph_amortized_device
NVIDIA H200,float16,128,128,0,p2/mma_split,4,1.6818000003695488,0.0,True,16,10,graph_amortized_device
NVIDIA H200,float16,128,128,0,dao,4,1.718199998140335,0.0,True,16,10,graph_amortized_device
NVIDIA H200,float16,128,128,0,dao_plus_quant,4,3.2099999487400055,,True,16,10,graph_amortized_device
NVIDIA H200,float16,128,128,0,p0/warp,4,1.5304000116884708,0.0,True,16,10,graph_amortized_device
NVIDIA H200,float16,128,128,0,p0/mma_split,4,1.6635999083518982,0.0,True,16,10,graph_amortized_device
NVIDIA H200,float16,128,128,1,dao,0,1.7085999250411987,0.0,True,16,10,graph_amortized_device
NVIDIA H200,float16,128,128,1,dao_plus_quant,0,3.2315999269485474,,True,16,10,graph_amortized_device
NVIDIA H200,float16,128,128,1,p0/warp,0,1.5465999953448772,0.0,True,16,10,graph_amortized_device
NVIDIA H200,float16,128,128,1,p0/mma_split,0,1.6790000721812248,0.0,True,16,10,graph_amortized_device
NVIDIA H200,float16,128,128,1,p1/warp,0,1.5324000269174576,0.0,True,16,10,graph_amortized_device
NVIDIA H200,float16,128,128,1,p1/mma_split,0,1.6753999516367912,0.0,True,16,10,graph_amortized_device
NVIDIA H200,float16,128,128,1,p2/warp,0,1.5387999825179577,0.0,True,16,10,graph_amortized_device
NVIDIA H200,float16,128,128,1,p2/mma_split,0,1.6839999705553055,0.0,True,16,10,graph_amortized_device
NVIDIA H200,float16,128,128,1,dao,1,1.7074000090360641,0.0,True,16,10,graph_amortized_device
NVIDIA H200,float16,128,128,1,p2/mma_split,1,1.6860000789165497,0.0,True,16,10,graph_amortized_device
NVIDIA H200,float16,128,128,1,p2/warp,1,1.5374000184237957,0.0,True,16,10,graph_amortized_device
NVIDIA H200,float16,128,128,1,p1/mma_split,1,1.6755999997258186,0.0,True,16,10,graph_amortized_device
NVIDIA H200,float16,128,128,1,p1/warp,1,1.534199994057417,0.0,True,16,10,graph_amortized_device
NVIDIA H200,float16,128,128,1,p0/mma_split,1,1.680999994277954,0.0,True,16,10,graph_amortized_device
NVIDIA H200,float16,128,128,1,p0/warp,1,1.5432000160217285,0.0,True,16,10,graph_amortized_device
NVIDIA H200,float16,128,128,1,dao_plus_quant,1,3.2269999384880066,,True,16,10,graph_amortized_device
NVIDIA H200,float16,128,128,1,p0/warp,2,1.547200046479702,0.0,True,16,10,graph_amortized_device
NVIDIA H200,float16,128,128,1,p0/mma_split,2,1.6807999461889267,0.0,True,16,10,graph_amortized_device
NVIDIA H200,float16,128,128,1,p1/warp,2,1.534000039100647,0.0,True,16,10,graph_amortized_device
NVIDIA H200,float16,128,128,1,p1/mma_split,2,1.674799993634224,0.0,True,16,10,graph_amortized_device
NVIDIA H200,float16,128,128,1,p2/warp,2,1.5371999703347683,0.0,True,16,10,graph_amortized_device
NVIDIA H200,float16,128,128,1,p2/mma_split,2,1.6836000606417656,0.0,True,16,10,graph_amortized_device
NVIDIA H200,float16,128,128,1,dao,2,1.7085999250411987,0.0,True,16,10,graph_amortized_device
NVIDIA H200,float16,128,128,1,dao_plus_quant,2,3.229200094938278,,True,16,10,graph_amortized_device
NVIDIA H200,float16,128,128,1,p0/warp,3,1.541799958795309,0.0,True,16,10,graph_amortized_device
NVIDIA H200,float16,128,128,1,dao_plus_quant,3,3.2308001071214676,,True,16,10,graph_amortized_device
NVIDIA H200,float16,128,128,1,dao,3,1.7082000151276588,0.0,True,16,10,graph_amortized_device
NVIDIA H200,float16,128,128,1,p2/mma_split,3,1.6877999529242516,0.0,True,16,10,graph_amortized_device
NVIDIA H200,float16,128,128,1,p2/warp,3,1.5407999977469444,0.0,True,16,10,graph_amortized_device
NVIDIA H200,float16,128,128,1,p1/mma_split,3,1.6750000417232513,0.0,True,16,10,graph_amortized_device
NVIDIA H200,float16,128,128,1,p1/warp,3,1.5333999879658222,0.0,True,16,10,graph_amortized_device
NVIDIA H200,float16,128,128,1,p0/mma_split,3,1.6812000423669815,0.0,True,16,10,graph_amortized_device
NVIDIA H200,float16,128,128,1,p1/warp,4,1.5308000147342682,0.0,True,16,10,graph_amortized_device
NVIDIA H200,float16,128,128,1,p1/mma_split,4,1.676199957728386,0.0,True,16,10,graph_amortized_device
NVIDIA H200,float16,128,128,1,p2/warp,4,1.5395999886095524,0.0,True,16,10,graph_amortized_device
NVIDIA H200,float16,128,128,1,p2/mma_split,4,1.686600036919117,0.0,True,16,10,graph_amortized_device
NVIDIA H200,float16,128,128,1,dao,4,1.7082000151276588,0.0,True,16,10,graph_amortized_device
NVIDIA H200,float16,128,128,1,dao_plus_quant,4,3.227600082755089,,True,16,10,graph_amortized_device
NVIDIA H200,float16,128,128,1,p0/warp,4,1.5452000312507153,0.0,True,16,10,graph_amortized_device
NVIDIA H200,float16,128,128,1,p0/mma_split,4,1.6793999820947647,0.0,True,16,10,graph_amortized_device
NVIDIA H200,float16,16384,128,0,dao,0,11.37240007519722,0.0,True,16,10,graph_amortized_device
NVIDIA H200,float16,16384,128,0,dao_plus_quant,0,22.443999350070953,,True,16,10,graph_amortized_device
NVIDIA H200,float16,16384,128,0,p0/warp,0,3.9597999304533005,0.0,True,16,10,graph_amortized_device
NVIDIA H200,float16,16384,128,0,p0/mma_split,0,3.732199966907501,0.015625,False,16,10,graph_amortized_device
NVIDIA H200,float16,16384,128,0,p1/warp,0,3.959999978542328,0.0,True,16,10,graph_amortized_device
NVIDIA H200,float16,16384,128,0,p1/mma_split,0,3.8527999073266983,0.0078125,True,16,10,graph_amortized_device
NVIDIA H200,float16,16384,128,0,p2/warp,0,3.9184000343084335,0.0,True,16,10,graph_amortized_device
NVIDIA H200,float16,16384,128,0,p2/mma_split,0,3.9246000349521637,0.0078125,True,16,10,graph_amortized_device
NVIDIA H200,float16,16384,128,0,dao,1,11.372199654579163,0.0,True,16,10,graph_amortized_device
NVIDIA H200,float16,16384,128,0,p2/mma_split,1,3.9560001343488693,0.0078125,True,16,10,graph_amortized_device
NVIDIA H200,float16,16384,128,0,p2/warp,1,3.9190001785755157,0.0,True,16,10,graph_amortized_device
NVIDIA H200,float16,16384,128,0,p1/mma_split,1,3.8589999079704285,0.0078125,True,16,10,graph_amortized_device
NVIDIA H200,float16,16384,128,0,p1/warp,1,3.9840001612901688,0.0,True,16,10,graph_amortized_device
NVIDIA H200,float16,16384,128,0,p0/mma_split,1,3.763600066304207,0.015625,False,16,10,graph_amortized_device
NVIDIA H200,float16,16384,128,0,p0/warp,1,3.946800157427788,0.0,True,16,10,graph_amortized_device
NVIDIA H200,float16,16384,128,0,dao_plus_quant,1,22.444400191307068,,True,16,10,graph_amortized_device
NVIDIA H200,float16,16384,128,0,p0/warp,2,3.951200097799301,0.0,True,16,10,graph_amortized_device
NVIDIA H200,float16,16384,128,0,p0/mma_split,2,3.734999895095825,0.015625,False,16,10,graph_amortized_device
NVIDIA H200,float16,16384,128,0,p1/warp,2,3.9324000477790833,0.0,True,16,10,graph_amortized_device
NVIDIA H200,float16,16384,128,0,p1/mma_split,2,3.8725998252630234,0.0078125,True,16,10,graph_amortized_device
NVIDIA H200,float16,16384,128,0,p2/warp,2,3.9216000586748123,0.0,True,16,10,graph_amortized_device
NVIDIA H200,float16,16384,128,0,p2/mma_split,2,3.896399959921837,0.0078125,True,16,10,graph_amortized_device
NVIDIA H200,float16,16384,128,0,dao,2,11.367999762296677,0.0,True,16,10,graph_amortized_device
NVIDIA H200,float16,16384,128,0,dao_plus_quant,2,22.44260013103485,,True,16,10,graph_amortized_device
NVIDIA H200,float16,16384,128,0,p0/warp,3,3.950599953532219,0.0,True,16,10,graph_amortized_device
NVIDIA H200,float16,16384,128,0,dao_plus_quant,3,22.440999746322632,,True,16,10,graph_amortized_device
NVIDIA H200,float16,16384,128,0,dao,3,11.39800027012825,0.0,True,16,10,graph_amortized_device
NVIDIA H200,float16,16384,128,0,p2/mma_split,3,3.9500001817941666,0.0078125,True,16,10,graph_amortized_device
NVIDIA H200,float16,16384,128,0,p2/warp,3,3.9207998663187027,0.0,True,16,10,graph_amortized_device
NVIDIA H200,float16,16384,128,0,p1/mma_split,3,3.861600160598755,0.0078125,True,16,10,graph_amortized_device
NVIDIA H200,float16,16384,128,0,p1/warp,3,3.93499992787838,0.0,True,16,10,graph_amortized_device
NVIDIA H200,float16,16384,128,0,p0/mma_split,3,3.7549998611211777,0.015625,False,16,10,graph_amortized_device
NVIDIA H200,float16,16384,128,0,p1/warp,4,3.9340000599622726,0.0,True,16,10,graph_amortized_device
NVIDIA H200,float16,16384,128,0,p1/mma_split,4,3.8274001330137253,0.0078125,True,16,10,graph_amortized_device
NVIDIA H200,float16,16384,128,0,p2/warp,4,3.9163999259471893,0.0,True,16,10,graph_amortized_device
NVIDIA H200,float16,16384,128,0,p2/mma_split,4,3.9400000125169754,0.0078125,True,16,10,graph_amortized_device
NVIDIA H200,float16,16384,128,0,dao,4,11.42980009317398,0.0,True,16,10,graph_amortized_device
NVIDIA H200,float16,16384,128,0,dao_plus_quant,4,22.44199961423874,,True,16,10,graph_amortized_device
NVIDIA H200,float16,16384,128,0,p0/warp,4,3.948799893260002,0.0,True,16,10,graph_amortized_device
NVIDIA H200,float16,16384,128,0,p0/mma_split,4,3.751400113105774,0.015625,False,16,10,graph_amortized_device
NVIDIA H200,float16,16384,128,1,dao,0,11.381199955940247,0.0,True,16,10,graph_amortized_device
NVIDIA H200,float16,16384,128,1,dao_plus_quant,0,22.47540056705475,,True,16,10,graph_amortized_device
NVIDIA H200,float16,16384,128,1,p0/warp,0,3.991999849677086,0.0,True,16,10,graph_amortized_device
NVIDIA H200,float16,16384,128,1,p0/mma_split,0,3.769800066947937,0.001953125,True,16,10,graph_amortized_device
NVIDIA H200,float16,16384,128,1,p1/warp,0,3.9434000849723816,0.0,True,16,10,graph_amortized_device
NVIDIA H200,float16,16384,128,1,p1/mma_split,0,3.8157999515533447,0.001953125,True,16,10,graph_amortized_device
NVIDIA H200,float16,16384,128,1,p2/warp,0,3.9188001304864883,0.0,True,16,10,graph_amortized_device
NVIDIA H200,float16,16384,128,1,p2/mma_split,0,3.962000086903572,0.001953125,True,16,10,graph_amortized_device
NVIDIA H200,float16,16384,128,1,dao,1,11.406999826431274,0.0,True,16,10,graph_amortized_device
NVIDIA H200,float16,16384,128,1,p2/mma_split,1,3.91400009393692,0.001953125,True,16,10,graph_amortized_device
NVIDIA H200,float16,16384,128,1,p2/warp,1,3.9165999740362167,0.0,True,16,10,graph_amortized_device
NVIDIA H200,float16,16384,128,1,p1/mma_split,1,3.8169998675584793,0.001953125,True,16,10,graph_amortized_device
NVIDIA H200,float16,16384,128,1,p1/warp,1,3.9381999522447586,0.0,True,16,10,graph_amortized_device
NVIDIA H200,float16,16384,128,1,p0/mma_split,1,3.744399920105934,0.001953125,True,16,10,graph_amortized_device
NVIDIA H200,float16,16384,128,1,p0/warp,1,3.9285998791456223,0.0,True,16,10,graph_amortized_device
NVIDIA H200,float16,16384,128,1,dao_plus_quant,1,22.473399341106415,,True,16,10,graph_amortized_device
NVIDIA H200,float16,16384,128,1,p0/warp,2,3.9145998656749725,0.0,True,16,10,graph_amortized_device
NVIDIA H200,float16,16384,128,1,p0/mma_split,2,3.7351999431848526,0.001953125,True,16,10,graph_amortized_device
NVIDIA H200,float16,16384,128,1,p1/warp,2,3.943200036883354,0.0,True,16,10,graph_amortized_device
NVIDIA H200,float16,16384,128,1,p1/mma_split,2,3.8270000368356705,0.001953125,True,16,10,graph_amortized_device
NVIDIA H200,float16,16384,128,1,p2/warp,2,3.932800143957138,0.0,True,16,10,graph_amortized_device
NVIDIA H200,float16,16384,128,1,p2/mma_split,2,3.9018001407384872,0.001953125,True,16,10,graph_amortized_device
NVIDIA H200,float16,16384,128,1,dao,2,11.382199823856354,0.0,True,16,10,graph_amortized_device
NVIDIA H200,float16,16384,128,1,dao_plus_quant,2,22.471000254154205,,True,16,10,graph_amortized_device
NVIDIA H200,float16,16384,128,1,p0/warp,3,3.91400009393692,0.0,True,16,10,graph_amortized_device
NVIDIA H200,float16,16384,128,1,dao_plus_quant,3,22.465400397777557,,True,16,10,graph_amortized_device
NVIDIA H200,float16,16384,128,1,dao,3,11.381799727678299,0.0,True,16,10,graph_amortized_device
NVIDIA H200,float16,16384,128,1,p2/mma_split,3,3.911000117659569,0.001953125,True,16,10,graph_amortized_device
NVIDIA H200,float16,16384,128,1,p2/warp,3,3.9301998913288116,0.0,True,16,10,graph_amortized_device
NVIDIA H200,float16,16384,128,1,p1/mma_split,3,3.8180001080036163,0.001953125,True,16,10,graph_amortized_device
NVIDIA H200,float16,16384,128,1,p1/warp,3,3.9537999778985977,0.0,True,16,10,graph_amortized_device
NVIDIA H200,float16,16384,128,1,p0/mma_split,3,3.757600113749504,0.001953125,True,16,10,graph_amortized_device
NVIDIA H200,float16,16384,128,1,p1/warp,4,3.9854001253843307,0.0,True,16,10,graph_amortized_device
NVIDIA H200,float16,16384,128,1,p1/mma_split,4,3.8238000124692917,0.001953125,True,16,10,graph_amortized_device
NVIDIA H200,float16,16384,128,1,p2/warp,4,3.9338000118732452,0.0,True,16,10,graph_amortized_device
NVIDIA H200,float16,16384,128,1,p2/mma_split,4,3.918199986219406,0.001953125,True,16,10,graph_amortized_device
NVIDIA H200,float16,16384,128,1,dao,4,11.379799991846085,0.0,True,16,10,graph_amortized_device
NVIDIA H200,float16,16384,128,1,dao_plus_quant,4,22.471199929714203,,True,16,10,graph_amortized_device
NVIDIA H200,float16,16384,128,1,p0/warp,4,3.9333999156951904,0.0,True,16,10,graph_amortized_device
NVIDIA H200,float16,16384,128,1,p0/mma_split,4,3.7700001150369644,0.001953125,True,16,10,graph_amortized_device
NVIDIA H200,float16,131072,128,0,dao,0,80.6194007396698,0.0,True,16,10,graph_amortized_device
NVIDIA H200,float16,131072,128,0,dao_plus_quant,0,160.85480451583862,,True,16,10,graph_amortized_device
NVIDIA H200,float16,131072,128,0,p0/warp,0,22.315800189971924,0.0,True,16,10,graph_amortized_device
NVIDIA H200,float16,131072,128,0,p0/mma_split,0,20.19439935684204,0.015625,False,16,10,graph_amortized_device
NVIDIA H200,float16,131072,128,0,p1/warp,0,22.334200143814087,0.0,True,16,10,graph_amortized_device
NVIDIA H200,float16,131072,128,0,p1/mma_split,0,20.50960063934326,0.015625,False,16,10,graph_amortized_device
NVIDIA H200,float16,131072,128,0,p2/warp,0,22.313199937343597,0.0,True,16,10,graph_amortized_device
NVIDIA H200,float16,131072,128,0,p2/mma_split,0,21.389000117778778,0.015625,False,16,10,graph_amortized_device
NVIDIA H200,float16,131072,128,0,dao,1,80.86599707603455,0.0,True,16,10,graph_amortized_device
NVIDIA H200,float16,131072,128,0,p2/mma_split,1,21.37179970741272,0.015625,False,16,10,graph_amortized_device
NVIDIA H200,float16,131072,128,0,p2/warp,1,22.359199821949005,0.0,True,16,10,graph_amortized_device
NVIDIA H200,float16,131072,128,0,p1/mma_split,1,20.54460048675537,0.015625,False,16,10,graph_amortized_device
NVIDIA H200,float16,131072,128,0,p1/warp,1,22.383800148963928,0.0,True,16,10,graph_amortized_device
NVIDIA H200,float16,131072,128,0,p0/mma_split,1,20.21840065717697,0.015625,False,16,10,graph_amortized_device
NVIDIA H200,float16,131072,128,0,p0/warp,1,22.360999882221222,0.0,True,16,10,graph_amortized_device
NVIDIA H200,float16,131072,128,0,dao_plus_quant,1,161.43900156021118,,True,16,10,graph_amortized_device
NVIDIA H200,float16,131072,128,0,p0/warp,2,22.40239977836609,0.0,True,16,10,graph_amortized_device
NVIDIA H200,float16,131072,128,0,p0/mma_split,2,20.198599994182587,0.015625,False,16,10,graph_amortized_device
NVIDIA H200,float16,131072,128,0,p1/warp,2,22.381199896335602,0.0,True,16,10,graph_amortized_device
NVIDIA H200,float16,131072,128,0,p1/mma_split,2,20.55079936981201,0.015625,False,16,10,graph_amortized_device
NVIDIA H200,float16,131072,128,0,p2/warp,2,22.347599267959595,0.0,True,16,10,graph_amortized_device
NVIDIA H200,float16,131072,128,0,p2/mma_split,2,21.353599429130554,0.015625,False,16,10,graph_amortized_device
NVIDIA H200,float16,131072,128,0,dao,2,80.83099722862244,0.0,True,16,10,graph_amortized_device
NVIDIA H200,float16,131072,128,0,dao_plus_quant,2,161.6853952407837,,True,16,10,graph_amortized_device
NVIDIA H200,float16,131072,128,0,p0/warp,3,22.422799468040466,0.0,True,16,10,graph_amortized_device
NVIDIA H200,float16,131072,128,0,dao_plus_quant,3,161.69559955596924,,True,16,10,graph_amortized_device
NVIDIA H200,float16,131072,128,0,dao,3,80.67299723625183,0.0,True,16,10,graph_amortized_device
NVIDIA H200,float16,131072,128,0,p2/mma_split,3,21.36079967021942,0.015625,False,16,10,graph_amortized_device
NVIDIA H200,float16,131072,128,0,p2/warp,3,22.31920063495636,0.0,True,16,10,graph_amortized_device
NVIDIA H200,float16,131072,128,0,p1/mma_split,3,20.5252006649971,0.015625,False,16,10,graph_amortized_device
NVIDIA H200,float16,131072,128,0,p1/warp,3,22.325399518013,0.0,True,16,10,graph_amortized_device
NVIDIA H200,float16,131072,128,0,p0/mma_split,3,20.13159990310669,0.015625,False,16,10,graph_amortized_device
NVIDIA H200,float16,131072,128,0,p1/warp,4,22.332799434661865,0.0,True,16,10,graph_amortized_device
NVIDIA H200,float16,131072,128,0,p1/mma_split,4,20.501400530338287,0.015625,False,16,10,graph_amortized_device
NVIDIA H200,float16,131072,128,0,p2/warp,4,22.297999262809753,0.0,True,16,10,graph_amortized_device
NVIDIA H200,float16,131072,128,0,p2/mma_split,4,21.267199516296387,0.015625,False,16,10,graph_amortized_device
NVIDIA H200,float16,131072,128,0,dao,4,80.64900040626526,0.0,True,16,10,graph_amortized_device
NVIDIA H200,float16,131072,128,0,dao_plus_quant,4,160.93100309371948,,True,16,10,graph_amortized_device
NVIDIA H200,float16,131072,128,0,p0/warp,4,22.342999279499054,0.0,True,16,10,graph_amortized_device
NVIDIA H200,float16,131072,128,0,p0/mma_split,4,20.201200246810913,0.015625,False,16,10,graph_amortized_device
NVIDIA H200,float16,131072,128,1,dao,0,80.6007981300354,0.0,True,16,10,graph_amortized_device
NVIDIA H200,float16,131072,128,1,dao_plus_quant,0,160.84359884262085,,True,16,10,graph_amortized_device
NVIDIA H200,float16,131072,128,1,p0/warp,0,22.32999950647354,0.0,True,16,10,graph_amortized_device
NVIDIA H200,float16,131072,128,1,p0/mma_split,0,20.25959938764572,0.001953125,True,16,10,graph_amortized_device
NVIDIA H200,float16,131072,128,1,p1/warp,0,22.301599383354187,0.0,True,16,10,graph_amortized_device
NVIDIA H200,float16,131072,128,1,p1/mma_split,0,20.47560065984726,0.001953125,True,16,10,graph_amortized_device
NVIDIA H200,float16,131072,128,1,p2/warp,0,22.30300009250641,0.0,True,16,10,graph_amortized_device
NVIDIA H200,float16,131072,128,1,p2/mma_split,0,21.23820036649704,0.001953125,True,16,10,graph_amortized_device
NVIDIA H200,float16,131072,128,1,dao,1,80.78839778900146,0.0,True,16,10,graph_amortized_device
NVIDIA H200,float16,131072,128,1,p2/mma_split,1,21.259799599647522,0.001953125,True,16,10,graph_amortized_device
NVIDIA H200,float16,131072,128,1,p2/warp,1,22.373799979686737,0.0,True,16,10,graph_amortized_device
NVIDIA H200,float16,131072,128,1,p1/mma_split,1,20.461800694465637,0.001953125,True,16,10,graph_amortized_device
NVIDIA H200,float16,131072,128,1,p1/warp,1,22.36959934234619,0.0,True,16,10,graph_amortized_device
NVIDIA H200,float16,131072,128,1,p0/mma_split,1,20.28599977493286,0.001953125,True,16,10,graph_amortized_device
NVIDIA H200,float16,131072,128,1,p0/warp,1,22.3690003156662,0.0,True,16,10,graph_amortized_device
NVIDIA H200,float16,131072,128,1,dao_plus_quant,1,161.51039600372314,,True,16,10,graph_amortized_device
NVIDIA H200,float16,131072,128,1,p0/warp,2,22.448599338531494,0.0,True,16,10,graph_amortized_device
NVIDIA H200,float16,131072,128,1,p0/mma_split,2,20.287799835205078,0.001953125,True,16,10,graph_amortized_device
NVIDIA H200,float16,131072,128,1,p1/warp,2,22.392599284648895,0.0,True,16,10,graph_amortized_device
NVIDIA H200,float16,131072,128,1,p1/mma_split,2,20.513999462127686,0.001953125,True,16,10,graph_amortized_device
NVIDIA H200,float16,131072,128,1,p2/warp,2,22.380800545215607,0.0,True,16,10,graph_amortized_device
NVIDIA H200,float16,131072,128,1,p2/mma_split,2,21.236400306224823,0.001953125,True,16,10,graph_amortized_device
NVIDIA H200,float16,131072,128,1,dao,2,80.8713972568512,0.0,True,16,10,graph_amortized_device
NVIDIA H200,float16,131072,128,1,dao_plus_quant,2,161.65200471878052,,True,16,10,graph_amortized_device
NVIDIA H200,float16,131072,128,1,p0/warp,3,22.428999841213226,0.0,True,16,10,graph_amortized_device
NVIDIA H200,float16,131072,128,1,dao_plus_quant,3,161.71720027923584,,True,16,10,graph_amortized_device
NVIDIA H200,float16,131072,128,1,dao,3,80.73800206184387,0.0,True,16,10,graph_amortized_device
NVIDIA H200,float16,131072,128,1,p2/mma_split,3,21.26680016517639,0.001953125,True,16,10,graph_amortized_device
NVIDIA H200,float16,131072,128,1,p2/warp,3,22.322000563144684,0.0,True,16,10,graph_amortized_device
NVIDIA H200,float16,131072,128,1,p1/mma_split,3,20.51060050725937,0.001953125,True,16,10,graph_amortized_device
NVIDIA H200,float16,131072,128,1,p1/warp,3,22.353200614452362,0.0,True,16,10,graph_amortized_device
NVIDIA H200,float16,131072,128,1,p0/mma_split,3,20.263800024986267,0.001953125,True,16,10,graph_amortized_device
NVIDIA H200,float16,131072,128,1,p1/warp,4,22.331200540065765,0.0,True,16,10,graph_amortized_device
NVIDIA H200,float16,131072,128,1,p1/mma_split,4,20.47560065984726,0.001953125,True,16,10,graph_amortized_device
NVIDIA H200,float16,131072,128,1,p2/warp,4,22.340799868106842,0.0,True,16,10,graph_amortized_device
NVIDIA H200,float16,131072,128,1,p2/mma_split,4,21.243000030517578,0.001953125,True,16,10,graph_amortized_device
NVIDIA H200,float16,131072,128,1,dao,4,80.62679767608643,0.0,True,16,10,graph_amortized_device
NVIDIA H200,float16,131072,128,1,dao_plus_quant,4,160.9895944595337,,True,16,10,graph_amortized_device
NVIDIA H200,float16,131072,128,1,p0/warp,4,22.3703995347023,0.0,True,16,10,graph_amortized_device
NVIDIA H200,float16,131072,128,1,p0/mma_split,4,20.2892005443573,0.001953125,True,16,10,graph_amortized_device
NVIDIA H200,float16,1,256,0,dao,0,1.6162000596523285,0.0,True,16,10,graph_amortized_device
NVIDIA H200,float16,1,256,0,dao_plus_quant,0,2.9810000211000443,,True,16,10,graph_amortized_device
NVIDIA H200,float16,1,256,0,p0/warp,0,1.4952000230550766,0.0,True,16,10,graph_amortized_device
NVIDIA H200,float16,1,256,0,p0/mma_split,0,1.580199971795082,0.0,True,16,10,graph_amortized_device
NVIDIA H200,float16,1,256,0,p1/warp,0,1.4941999688744545,0.0,True,16,10,graph_amortized_device
NVIDIA H200,float16,1,256,0,p1/mma_split,0,1.5955999493598938,0.0,True,16,10,graph_amortized_device
NVIDIA H200,float16,1,256,0,p2/warp,0,1.4871999621391296,0.0,True,16,10,graph_amortized_device
NVIDIA H200,float16,1,256,0,p2/mma_split,0,1.6209999099373817,0.0,True,16,10,graph_amortized_device
NVIDIA H200,float16,1,256,0,dao,1,1.6138000413775444,0.0,True,16,10,graph_amortized_device
NVIDIA H200,float16,1,256,0,p2/mma_split,1,1.601799950003624,0.0,True,16,10,graph_amortized_device
NVIDIA H200,float16,1,256,0,p2/warp,1,1.4902000315487385,0.0,True,16,10,graph_amortized_device
NVIDIA H200,float16,1,256,0,p1/mma_split,1,1.596600003540516,0.0,True,16,10,graph_amortized_device
NVIDIA H200,float16,1,256,0,p1/warp,1,1.4915999956429005,0.0,True,16,10,graph_amortized_device
NVIDIA H200,float16,1,256,0,p0/mma_split,1,1.5793999657034874,0.0,True,16,10,graph_amortized_device
NVIDIA H200,float16,1,256,0,p0/warp,1,1.476600021123886,0.0,True,16,10,graph_amortized_device
NVIDIA H200,float16,1,256,0,dao_plus_quant,1,2.9788000509142876,,True,16,10,graph_amortized_device
NVIDIA H200,float16,1,256,0,p0/warp,2,1.4976000413298607,0.0,True,16,10,graph_amortized_device
NVIDIA H200,float16,1,256,0,p0/mma_split,2,1.5793999657034874,0.0,True,16,10,graph_amortized_device
NVIDIA H200,float16,1,256,0,p1/warp,2,1.4918000437319279,0.0,True,16,10,graph_amortized_device
NVIDIA H200,float16,1,256,0,p1/mma_split,2,1.594799943268299,0.0,True,16,10,graph_amortized_device
NVIDIA H200,float16,1,256,0,p2/warp,2,1.4890000224113464,0.0,True,16,10,graph_amortized_device
NVIDIA H200,float16,1,256,0,p2/mma_split,2,1.6214000061154366,0.0,True,16,10,graph_amortized_device
NVIDIA H200,float16,1,256,0,dao,2,1.613599993288517,0.0,True,16,10,graph_amortized_device
NVIDIA H200,float16,1,256,0,dao_plus_quant,2,2.9805999249219894,,True,16,10,graph_amortized_device
NVIDIA H200,float16,1,256,0,p0/warp,3,1.4965999871492386,0.0,True,16,10,graph_amortized_device
NVIDIA H200,float16,1,256,0,dao_plus_quant,3,2.982199937105179,,True,16,10,graph_amortized_device
NVIDIA H200,float16,1,256,0,dao,3,1.6117999330163002,0.0,True,16,10,graph_amortized_device
NVIDIA H200,float16,1,256,0,p2/mma_split,3,1.620200090110302,0.0,True,16,10,graph_amortized_device
NVIDIA H200,float16,1,256,0,p2/warp,3,1.486399956047535,0.0,True,16,10,graph_amortized_device
NVIDIA H200,float16,1,256,0,p1/mma_split,3,1.5949999913573265,0.0,True,16,10,graph_amortized_device
NVIDIA H200,float16,1,256,0,p1/warp,3,1.4919999986886978,0.0,True,16,10,graph_amortized_device
NVIDIA H200,float16,1,256,0,p0/mma_split,3,1.582000032067299,0.0,True,16,10,graph_amortized_device
NVIDIA H200,float16,1,256,0,p1/warp,4,1.4936000108718872,0.0,True,16,10,graph_amortized_device
NVIDIA H200,float16,1,256,0,p1/mma_split,4,1.594799943268299,0.0,True,16,10,graph_amortized_device
NVIDIA H200,float16,1,256,0,p2/warp,4,1.489999983459711,0.0,True,16,10,graph_amortized_device
NVIDIA H200,float16,1,256,0,p2/mma_split,4,1.617399975657463,0.0,True,16,10,graph_amortized_device
NVIDIA H200,float16,1,256,0,dao,4,1.616399921476841,0.0,True,16,10,graph_amortized_device
NVIDIA H200,float16,1,256,0,dao_plus_quant,4,2.9812000691890717,,True,16,10,graph_amortized_device
NVIDIA H200,float16,1,256,0,p0/warp,4,1.4937999658286572,0.0,True,16,10,graph_amortized_device
NVIDIA H200,float16,1,256,0,p0/mma_split,4,1.5622000209987164,0.0,True,16,10,graph_amortized_device
NVIDIA H200,float16,1,256,1,dao,0,1.5992000699043274,0.0,True,16,10,graph_amortized_device
NVIDIA H200,float16,1,256,1,dao_plus_quant,0,3.0122000724077225,,True,16,10,graph_amortized_device
NVIDIA H200,float16,1,256,1,p0/warp,0,1.5052000060677528,0.0,True,16,10,graph_amortized_device
NVIDIA H200,float16,1,256,1,p0/mma_split,0,1.5866000205278397,0.0,True,16,10,graph_amortized_device
NVIDIA H200,float16,1,256,1,p1/warp,0,1.5052000060677528,0.0,True,16,10,graph_amortized_device
NVIDIA H200,float16,1,256,1,p1/mma_split,0,1.5877999365329742,0.0,True,16,10,graph_amortized_device
NVIDIA H200,float16,1,256,1,p2/warp,0,1.520800031721592,0.0,True,16,10,graph_amortized_device
NVIDIA H200,float16,1,256,1,p2/mma_split,0,1.5922000631690025,0.0,True,16,10,graph_amortized_device
NVIDIA H200,float16,1,256,1,dao,1,1.5982000157237053,0.0,True,16,10,graph_amortized_device
NVIDIA H200,float16,1,256,1,p2/mma_split,1,1.5920000150799751,0.0,True,16,10,graph_amortized_device
NVIDIA H200,float16,1,256,1,p2/warp,1,1.524799969047308,0.0,True,16,10,graph_amortized_device
NVIDIA H200,float16,1,256,1,p1/mma_split,1,1.5838000923395157,0.0,True,16,10,graph_amortized_device
NVIDIA H200,float16,1,256,1,p1/warp,1,1.5014000236988068,0.0,True,16,10,graph_amortized_device
NVIDIA H200,float16,1,256,1,p0/mma_split,1,1.5836000442504883,0.0,True,16,10,graph_amortized_device
NVIDIA H200,float16,1,256,1,p0/warp,1,1.5052000060677528,0.0,True,16,10,graph_amortized_device
NVIDIA H200,float16,1,256,1,dao_plus_quant,1,3.0101999640464783,,True,16,10,graph_amortized_device
NVIDIA H200,float16,1,256,1,p0/warp,2,1.501800026744604,0.0,True,16,10,graph_amortized_device
NVIDIA H200,float16,1,256,1,p0/mma_split,2,1.5847999602556229,0.0,True,16,10,graph_amortized_device
NVIDIA H200,float16,1,256,1,p1/warp,2,1.5061999671161175,0.0,True,16,10,graph_amortized_device
NVIDIA H200,float16,1,256,1,p1/mma_split,2,1.586800068616867,0.0,True,16,10,graph_amortized_device
NVIDIA H200,float16,1,256,1,p2/warp,2,1.5224000439047813,0.0,True,16,10,graph_amortized_device
NVIDIA H200,float16,1,256,1,p2/mma_split,2,1.5907999128103256,0.0,True,16,10,graph_amortized_device
NVIDIA H200,float16,1,256,1,dao,2,1.600399985909462,0.0,True,16,10,graph_amortized_device
NVIDIA H200,float16,1,256,1,dao_plus_quant,2,3.0107999220490456,,True,16,10,graph_amortized_device
NVIDIA H200,float16,1,256,1,p0/warp,3,1.501999981701374,0.0,True,16,10,graph_amortized_device
NVIDIA H200,float16,1,256,1,dao_plus_quant,3,3.0090000480413437,,True,16,10,graph_amortized_device
NVIDIA H200,float16,1,256,1,dao,3,1.6006000339984894,0.0,True,16,10,graph_amortized_device
NVIDIA H200,float16,1,256,1,p2/mma_split,3,1.5933999791741371,0.0,True,16,10,graph_amortized_device
NVIDIA H200,float16,1,256,1,p2/warp,3,1.5205999836325645,0.0,True,16,10,graph_amortized_device
NVIDIA H200,float16,1,256,1,p1/mma_split,3,1.5852000564336777,0.0,True,16,10,graph_amortized_device
NVIDIA H200,float16,1,256,1,p1/warp,3,1.5065999701619148,0.0,True,16,10,graph_amortized_device
NVIDIA H200,float16,1,256,1,p0/mma_split,3,1.5861999243497849,0.0,True,16,10,graph_amortized_device
NVIDIA H200,float16,1,256,1,p1/warp,4,1.5048000030219555,0.0,True,16,10,graph_amortized_device
NVIDIA H200,float16,1,256,1,p1/mma_split,4,1.585800014436245,0.0,True,16,10,graph_amortized_device
NVIDIA H200,float16,1,256,1,p2/warp,4,1.5230000019073486,0.0,True,16,10,graph_amortized_device
NVIDIA H200,float16,1,256,1,p2/mma_split,4,1.5939999371767044,0.0,True,16,10,graph_amortized_device
NVIDIA H200,float16,1,256,1,dao,4,1.5971999615430832,0.0,True,16,10,graph_amortized_device
NVIDIA H200,float16,1,256,1,dao_plus_quant,4,3.0112000182271004,,True,16,10,graph_amortized_device
NVIDIA H200,float16,1,256,1,p0/warp,4,1.5022000297904015,0.0,True,16,10,graph_amortized_device
NVIDIA H200,float16,1,256,1,p0/mma_split,4,1.5860000625252724,0.0,True,16,10,graph_amortized_device
NVIDIA H200,float16,128,256,0,dao,0,1.7537999898195267,0.0,True,16,10,graph_amortized_device
NVIDIA H200,float16,128,256,0,dao_plus_quant,0,3.269200026988983,,True,16,10,graph_amortized_device
NVIDIA H200,float16,128,256,0,p0/warp,0,1.5701999887824059,0.0,True,16,10,graph_amortized_device
NVIDIA H200,float16,128,256,0,p0/mma_split,0,1.689399965107441,0.0078125,True,16,10,graph_amortized_device
NVIDIA H200,float16,128,256,0,p1/warp,0,1.5758000314235687,0.0,True,16,10,graph_amortized_device
NVIDIA H200,float16,128,256,0,p1/mma_split,0,1.6939999535679817,0.0078125,True,16,10,graph_amortized_device
NVIDIA H200,float16,128,256,0,p2/warp,0,1.559399999678135,0.0,True,16,10,graph_amortized_device
NVIDIA H200,float16,128,256,0,p2/mma_split,0,1.6993999481201172,0.0078125,True,16,10,graph_amortized_device
NVIDIA H200,float16,128,256,0,dao,1,1.7550000920891762,0.0,True,16,10,graph_amortized_device
NVIDIA H200,float16,128,256,0,p2/mma_split,1,1.7000000923871994,0.0078125,True,16,10,graph_amortized_device
NVIDIA H200,float16,128,256,0,p2/warp,1,1.5576000325381756,0.0,True,16,10,graph_amortized_device
NVIDIA H200,float16,128,256,0,p1/mma_split,1,1.691799983382225,0.0078125,True,16,10,graph_amortized_device
NVIDIA H200,float16,128,256,0,p1/warp,1,1.5766000375151634,0.0,True,16,10,graph_amortized_device
NVIDIA H200,float16,128,256,0,p0/mma_split,1,1.6896000131964684,0.0078125,True,16,10,graph_amortized_device
NVIDIA H200,float16,128,256,0,p0/warp,1,1.5729999169707298,0.0,True,16,10,graph_amortized_device
NVIDIA H200,float16,128,256,0,dao_plus_quant,1,3.233800083398819,,True,16,10,graph_amortized_device
NVIDIA H200,float16,128,256,0,p0/warp,2,1.5728000551462173,0.0,True,16,10,graph_amortized_device
NVIDIA H200,float16,128,256,0,p0/mma_split,2,1.6888000071048737,0.0078125,True,16,10,graph_amortized_device
NVIDIA H200,float16,128,256,0,p1/warp,2,1.575000025331974,0.0,True,16,10,graph_amortized_device
NVIDIA H200,float16,128,256,0,p1/mma_split,2,1.6955999657511711,0.0078125,True,16,10,graph_amortized_device
NVIDIA H200,float16,128,256,0,p2/warp,2,1.5615999698638916,0.0,True,16,10,graph_amortized_device
NVIDIA H200,float16,128,256,0,p2/mma_split,2,1.7004000023007393,0.0078125,True,16,10,graph_amortized_device
NVIDIA H200,float16,128,256,0,dao,2,1.7513999715447426,0.0,True,16,10,graph_amortized_device
NVIDIA H200,float16,128,256,0,dao_plus_quant,2,3.233800083398819,,True,16,10,graph_amortized_device
NVIDIA H200,float16,128,256,0,p0/warp,3,1.573600061237812,0.0,True,16,10,graph_amortized_device
NVIDIA H200,float16,128,256,0,dao_plus_quant,3,3.235200047492981,,True,16,10,graph_amortized_device
NVIDIA H200,float16,128,256,0,dao,3,1.7532000318169594,0.0,True,16,10,graph_amortized_device
NVIDIA H200,float16,128,256,0,p2/mma_split,3,1.7001999542117119,0.0078125,True,16,10,graph_amortized_device
NVIDIA H200,float16,128,256,0,p2/warp,3,1.562800072133541,0.0,True,16,10,graph_amortized_device
NVIDIA H200,float16,128,256,0,p1/mma_split,3,1.6933999955654144,0.0078125,True,16,10,graph_amortized_device
NVIDIA H200,float16,128,256,0,p1/warp,3,1.5744000673294067,0.0,True,16,10,graph_amortized_device
NVIDIA H200,float16,128,256,0,p0/mma_split,3,1.687600091099739,0.0078125,True,16,10,graph_amortized_device
NVIDIA H200,float16,128,256,0,p1/warp,4,1.5755999833345413,0.0,True,16,10,graph_amortized_device
NVIDIA H200,float16,128,256,0,p1/mma_split,4,1.6936000436544418,0.0078125,True,16,10,graph_amortized_device
NVIDIA H200,float16,128,256,0,p2/warp,4,1.5584000386297703,0.0,True,16,10,graph_amortized_device
NVIDIA H200,float16,128,256,0,p2/mma_split,4,1.699800044298172,0.0078125,True,16,10,graph_amortized_device
NVIDIA H200,float16,128,256,0,dao,4,1.7542000859975815,0.0,True,16,10,graph_amortized_device
NVIDIA H200,float16,128,256,0,dao_plus_quant,4,3.266400098800659,,True,16,10,graph_amortized_device
NVIDIA H200,float16,128,256,0,p0/warp,4,1.5706000849604607,0.0,True,16,10,graph_amortized_device
NVIDIA H200,float16,128,256,0,p0/mma_split,4,1.6891999170184135,0.0078125,True,16,10,graph_amortized_device
NVIDIA H200,float16,128,256,1,dao,0,1.7731999978423119,0.0,True,16,10,graph_amortized_device
NVIDIA H200,float16,128,256,1,dao_plus_quant,0,3.2933998852968216,,True,16,10,graph_amortized_device
NVIDIA H200,float16,128,256,1,p0/warp,0,1.5971999615430832,0.0,True,16,10,graph_amortized_device
NVIDIA H200,float16,128,256,1,p0/mma_split,0,1.6699999570846558,0.00048828125,True,16,10,graph_amortized_device
NVIDIA H200,float16,128,256,1,p1/warp,0,1.5636000782251358,0.0,True,16,10,graph_amortized_device
NVIDIA H200,float16,128,256,1,p1/mma_split,0,1.6798000782728195,0.00048828125,True,16,10,graph_amortized_device
NVIDIA H200,float16,128,256,1,p2/warp,0,1.6116000711917877,0.0,True,16,10,graph_amortized_device
NVIDIA H200,float16,128,256,1,p2/mma_split,0,1.7057999968528748,0.00048828125,True,16,10,graph_amortized_device
NVIDIA H200,float16,128,256,1,dao,1,1.7785999923944473,0.0,True,16,10,graph_amortized_device
NVIDIA H200,float16,128,256,1,p2/mma_split,1,1.70499999076128,0.00048828125,True,16,10,graph_amortized_device
NVIDIA H200,float16,128,256,1,p2/warp,1,1.6101999208331108,0.0,True,16,10,graph_amortized_device
NVIDIA H200,float16,128,256,1,p1/mma_split,1,1.6783999279141426,0.00048828125,True,16,10,graph_amortized_device
NVIDIA H200,float16,128,256,1,p1/warp,1,1.5804000198841095,0.0,True,16,10,graph_amortized_device
NVIDIA H200,float16,128,256,1,p0/mma_split,1,1.665399968624115,0.00048828125,True,16,10,graph_amortized_device
NVIDIA H200,float16,128,256,1,p0/warp,1,1.5982000157237053,0.0,True,16,10,graph_amortized_device
NVIDIA H200,float16,128,256,1,dao_plus_quant,1,3.2914001494646072,,True,16,10,graph_amortized_device
NVIDIA H200,float16,128,256,1,p0/warp,2,1.5944000333547592,0.0,True,16,10,graph_amortized_device
NVIDIA H200,float16,128,256,1,p0/mma_split,2,1.6739999875426292,0.00048828125,True,16,10,graph_amortized_device
NVIDIA H200,float16,128,256,1,p1/warp,2,1.620200090110302,0.0,True,16,10,graph_amortized_device
NVIDIA H200,float16,128,256,1,p1/mma_split,2,1.6777999699115753,0.00048828125,True,16,10,graph_amortized_device
NVIDIA H200,float16,128,256,1,p2/warp,2,1.6044000163674355,0.0,True,16,10,graph_amortized_device
NVIDIA H200,float16,128,256,1,p2/mma_split,2,1.7047999426722527,0.00048828125,True,16,10,graph_amortized_device
NVIDIA H200,float16,128,256,1,dao,2,1.7745999619364738,0.0,True,16,10,graph_amortized_device
NVIDIA H200,float16,128,256,1,dao_plus_quant,2,3.292199969291687,,True,16,10,graph_amortized_device
NVIDIA H200,float16,128,256,1,p0/warp,3,1.5941999852657318,0.0,True,16,10,graph_amortized_device
NVIDIA H200,float16,128,256,1,dao_plus_quant,3,3.2933998852968216,,True,16,10,graph_amortized_device
NVIDIA H200,float16,128,256,1,dao,3,1.7759999260306358,0.0,True,16,10,graph_amortized_device
NVIDIA H200,float16,128,256,1,p2/mma_split,3,1.7038000747561455,0.00048828125,True,16,10,graph_amortized_device
NVIDIA H200,float16,128,256,1,p2/warp,3,1.6071999445557594,0.0,True,16,10,graph_amortized_device
NVIDIA H200,float16,128,256,1,p1/mma_split,3,1.6780000180006027,0.00048828125,True,16,10,graph_amortized_device
NVIDIA H200,float16,128,256,1,p1/warp,3,1.5993999317288399,0.0,True,16,10,graph_amortized_device
NVIDIA H200,float16,128,256,1,p0/mma_split,3,1.6752000898122787,0.00048828125,True,16,10,graph_amortized_device
NVIDIA H200,float16,128,256,1,p1/warp,4,1.57880000770092,0.0,True,16,10,graph_amortized_device
NVIDIA H200,float16,128,256,1,p1/mma_split,4,1.6750000417232513,0.00048828125,True,16,10,graph_amortized_device
NVIDIA H200,float16,128,256,1,p2/warp,4,1.6109999269247055,0.0,True,16,10,graph_amortized_device
NVIDIA H200,float16,128,256,1,p2/mma_split,4,1.7046000808477402,0.00048828125,True,16,10,graph_amortized_device
NVIDIA H200,float16,128,256,1,dao,4,1.7796000465750694,0.0,True,16,10,graph_amortized_device
NVIDIA H200,float16,128,256,1,dao_plus_quant,4,3.293199837207794,,True,16,10,graph_amortized_device
NVIDIA H200,float16,128,256,1,p0/warp,4,1.5979999676346779,0.0,True,16,10,graph_amortized_device
NVIDIA H200,float16,128,256,1,p0/mma_split,4,1.675800047814846,0.00048828125,True,16,10,graph_amortized_device
NVIDIA H200,float16,16384,256,0,dao,0,11.459600180387497,0.0,True,16,10,graph_amortized_device
NVIDIA H200,float16,16384,256,0,dao_plus_quant,0,22.933000326156616,,True,16,10,graph_amortized_device
NVIDIA H200,float16,16384,256,0,p0/warp,0,5.131600052118301,0.0,True,16,10,graph_amortized_device
NVIDIA H200,float16,16384,256,0,p0/mma_split,0,5.593400076031685,0.03125,False,16,10,graph_amortized_device
NVIDIA H200,float16,16384,256,0,p1/warp,0,4.98340018093586,0.0,True,16,10,graph_amortized_device
NVIDIA H200,float16,16384,256,0,p1/mma_split,0,5.720999836921692,0.015625,False,16,10,graph_amortized_device
NVIDIA H200,float16,16384,256,0,p2/warp,0,5.051200091838837,0.0,True,16,10,graph_amortized_device
NVIDIA H200,float16,16384,256,0,p2/mma_split,0,6.213200092315674,0.015625,False,16,10,graph_amortized_device
NVIDIA H200,float16,16384,256,0,dao,1,11.457200348377228,0.0,True,16,10,graph_amortized_device
NVIDIA H200,float16,16384,256,0,p2/mma_split,1,6.232599914073944,0.015625,False,16,10,graph_amortized_device
NVIDIA H200,float16,16384,256,0,p2/warp,1,5.076799914240837,0.0,True,16,10,graph_amortized_device
NVIDIA H200,float16,16384,256,0,p1/mma_split,1,5.6912001222372055,0.015625,False,16,10,graph_amortized_device
NVIDIA H200,float16,16384,256,0,p1/warp,1,5.027800053358078,0.0,True,16,10,graph_amortized_device
NVIDIA H200,float16,16384,256,0,p0/mma_split,1,5.598599836230278,0.03125,False,16,10,graph_amortized_device
NVIDIA H200,float16,16384,256,0,p0/warp,1,5.073999986052513,0.0,True,16,10,graph_amortized_device
NVIDIA H200,float16,16384,256,0,dao_plus_quant,1,22.916799783706665,,True,16,10,graph_amortized_device
NVIDIA H200,float16,16384,256,0,p0/warp,2,5.10220006108284,0.0,True,16,10,graph_amortized_device
NVIDIA H200,float16,16384,256,0,p0/mma_split,2,5.572399869561195,0.03125,False,16,10,graph_amortized_device
NVIDIA H200,float16,16384,256,0,p1/warp,2,5.025999993085861,0.0,True,16,10,graph_amortized_device
NVIDIA H200,float16,16384,256,0,p1/mma_split,2,5.72579987347126,0.015625,False,16,10,graph_amortized_device
NVIDIA H200,float16,16384,256,0,p2/warp,2,5.0436001271009445,0.0,True,16,10,graph_amortized_device
NVIDIA H200,float16,16384,256,0,p2/mma_split,2,6.225800141692162,0.015625,False,16,10,graph_amortized_device
NVIDIA H200,float16,16384,256,0,dao,2,11.468199640512466,0.0,True,16,10,graph_amortized_device
NVIDIA H200,float16,16384,256,0,dao_plus_quant,2,22.92879968881607,,True,16,10,graph_amortized_device
NVIDIA H200,float16,16384,256,0,p0/warp,3,5.151800066232681,0.0,True,16,10,graph_amortized_device
NVIDIA H200,float16,16384,256,0,dao_plus_quant,3,22.930000722408295,,True,16,10,graph_amortized_device
NVIDIA H200,float16,16384,256,0,dao,3,11.461400240659714,0.0,True,16,10,graph_amortized_device
NVIDIA H200,float16,16384,256,0,p2/mma_split,3,6.251800060272217,0.015625,False,16,10,graph_amortized_device
NVIDIA H200,float16,16384,256,0,p2/warp,3,5.075199902057648,0.0,True,16,10,graph_amortized_device
NVIDIA H200,float16,16384,256,0,p1/mma_split,3,5.726199969649315,0.015625,False,16,10,graph_amortized_device
NVIDIA H200,float16,16384,256,0,p1/warp,3,5.027800053358078,0.0,True,16,10,graph_amortized_device
NVIDIA H200,float16,16384,256,0,p0/mma_split,3,5.597599968314171,0.03125,False,16,10,graph_amortized_device
NVIDIA H200,float16,16384,256,0,p1/warp,4,5.027800053358078,0.0,True,16,10,graph_amortized_device
NVIDIA H200,float16,16384,256,0,p1/mma_split,4,5.72500005364418,0.015625,False,16,10,graph_amortized_device
NVIDIA H200,float16,16384,256,0,p2/warp,4,5.081599950790405,0.0,True,16,10,graph_amortized_device
NVIDIA H200,float16,16384,256,0,p2/mma_split,4,6.2341999262571335,0.015625,False,16,10,graph_amortized_device
NVIDIA H200,float16,16384,256,0,dao,4,11.455400288105011,0.0,True,16,10,graph_amortized_device
NVIDIA H200,float16,16384,256,0,dao_plus_quant,4,22.943800687789917,,True,16,10,graph_amortized_device
NVIDIA H200,float16,16384,256,0,p0/warp,4,5.091400071978569,0.0,True,16,10,graph_amortized_device
NVIDIA H200,float16,16384,256,0,p0/mma_split,4,5.573799833655357,0.03125,False,16,10,graph_amortized_device
NVIDIA H200,float16,16384,256,1,dao,0,11.48419976234436,0.0,True,16,10,graph_amortized_device
NVIDIA H200,float16,16384,256,1,dao_plus_quant,0,22.97399938106537,,True,16,10,graph_amortized_device
NVIDIA H200,float16,16384,256,1,p0/warp,0,5.051000043749809,0.0,True,16,10,graph_amortized_device
NVIDIA H200,float16,16384,256,1,p0/mma_split,0,5.6474000215530396,0.001953125,True,16,10,graph_amortized_device
NVIDIA H200,float16,16384,256,1,p1/warp,0,5.055399984121323,0.0,True,16,10,graph_amortized_device
NVIDIA H200,float16,16384,256,1,p1/mma_split,0,5.735599994659424,0.0009765625,True,16,10,graph_amortized_device
NVIDIA H200,float16,16384,256,1,p2/warp,0,5.079200118780136,0.0,True,16,10,graph_amortized_device
NVIDIA H200,float16,16384,256,1,p2/mma_split,0,6.160200014710426,0.0009765625,True,16,10,graph_amortized_device
NVIDIA H200,float16,16384,256,1,dao,1,11.473800241947174,0.0,True,16,10,graph_amortized_device
NVIDIA H200,float16,16384,256,1,p2/mma_split,1,6.213799864053726,0.0009765625,True,16,10,graph_amortized_device
NVIDIA H200,float16,16384,256,1,p2/warp,1,5.058399960398674,0.0,True,16,10,graph_amortized_device
NVIDIA H200,float16,16384,256,1,p1/mma_split,1,5.703800171613693,0.0009765625,True,16,10,graph_amortized_device
NVIDIA H200,float16,16384,256,1,p1/warp,1,5.050000175833702,0.0,True,16,10,graph_amortized_device
NVIDIA H200,float16,16384,256,1,p0/mma_split,1,5.617000162601471,0.001953125,True,16,10,graph_amortized_device
NVIDIA H200,float16,16384,256,1,p0/warp,1,5.025399848818779,0.0,True,16,10,graph_amortized_device
NVIDIA H200,float16,16384,256,1,dao_plus_quant,1,22.961799800395966,,True,16,10,graph_amortized_device
NVIDIA H200,float16,16384,256,1,p0/warp,2,5.010800063610077,0.0,True,16,10,graph_amortized_device
NVIDIA H200,float16,16384,256,1,p0/mma_split,2,5.598200112581253,0.001953125,True,16,10,graph_amortized_device
NVIDIA H200,float16,16384,256,1,p1/warp,2,5.038800090551376,0.0,True,16,10,graph_amortized_device
NVIDIA H200,float16,16384,256,1,p1/mma_split,2,5.676399916410446,0.0009765625,True,16,10,graph_amortized_device
NVIDIA H200,float16,16384,256,1,p2/warp,2,5.089199915528297,0.0,True,16,10,graph_amortized_device
NVIDIA H200,float16,16384,256,1,p2/mma_split,2,6.157999858260155,0.0009765625,True,16,10,graph_amortized_device
NVIDIA H200,float16,16384,256,1,dao,2,11.509200185537338,0.0,True,16,10,graph_amortized_device
NVIDIA H200,float16,16384,256,1,dao_plus_quant,2,22.93979972600937,,True,16,10,graph_amortized_device
NVIDIA H200,float16,16384,256,1,p0/warp,3,5.006200075149536,0.0,True,16,10,graph_amortized_device
NVIDIA H200,float16,16384,256,1,dao_plus_quant,3,22.95600026845932,,True,16,10,graph_amortized_device
NVIDIA H200,float16,16384,256,1,dao,3,11.5106001496315,0.0,True,16,10,graph_amortized_device
NVIDIA H200,float16,16384,256,1,p2/mma_split,3,6.185600161552429,0.0009765625,True,16,10,graph_amortized_device
NVIDIA H200,float16,16384,256,1,p2/warp,3,5.0439998507499695,0.0,True,16,10,graph_amortized_device
NVIDIA H200,float16,16384,256,1,p1/mma_split,3,5.6807998567819595,0.0009765625,True,16,10,graph_amortized_device
NVIDIA H200,float16,16384,256,1,p1/warp,3,5.0067998468875885,0.0,True,16,10,graph_amortized_device
NVIDIA H200,float16,16384,256,1,p0/mma_split,3,5.621600151062012,0.001953125,True,16,10,graph_amortized_device
NVIDIA H200,float16,16384,256,1,p1/warp,4,5.003000050783157,0.0,True,16,10,graph_amortized_device
NVIDIA H200,float16,16384,256,1,p1/mma_split,4,5.7218000292778015,0.0009765625,True,16,10,graph_amortized_device
NVIDIA H200,float16,16384,256,1,p2/warp,4,5.077999830245972,0.0,True,16,10,graph_amortized_device
NVIDIA H200,float16,16384,256,1,p2/mma_split,4,6.156399846076965,0.0009765625,True,16,10,graph_amortized_device
NVIDIA H200,float16,16384,256,1,dao,4,11.501000076532364,0.0,True,16,10,graph_amortized_device
NVIDIA H200,float16,16384,256,1,dao_plus_quant,4,22.95899987220764,,True,16,10,graph_amortized_device
NVIDIA H200,float16,16384,256,1,p0/warp,4,5.056999996304512,0.0,True,16,10,graph_amortized_device
NVIDIA H200,float16,16384,256,1,p0/mma_split,4,5.650600045919418,0.001953125,True,16,10,graph_amortized_device
NVIDIA H200,float16,131072,256,0,dao,0,80.68659901618958,0.0,True,16,10,graph_amortized_device
NVIDIA H200,float16,131072,256,0,dao_plus_quant,0,161.61960363388062,,True,16,10,graph_amortized_device
NVIDIA H200,float16,131072,256,0,p0/warp,0,35.507598519325256,0.0,True,16,10,graph_amortized_device
NVIDIA H200,float16,131072,256,0,p0/mma_split,0,37.704798579216,0.03125,False,16,10,graph_amortized_device
NVIDIA H200,float16,131072,256,0,p1/warp,0,35.4997992515564,0.0,True,16,10,graph_amortized_device
NVIDIA H200,float16,131072,256,0,p1/mma_split,0,38.05840015411377,0.03125,False,16,10,graph_amortized_device
NVIDIA H200,float16,131072,256,0,p2/warp,0,35.59240102767944,0.0,True,16,10,graph_amortized_device
NVIDIA H200,float16,131072,256,0,p2/mma_split,0,40.23100137710571,0.03125,False,16,10,graph_amortized_device
NVIDIA H200,float16,131072,256,0,dao,1,80.70020079612732,0.0,True,16,10,graph_amortized_device
NVIDIA H200,float16,131072,256,0,p2/mma_split,1,40.29659926891327,0.03125,False,16,10,graph_amortized_device
NVIDIA H200,float16,131072,256,0,p2/warp,1,35.7446014881134,0.0,True,16,10,graph_amortized_device
NVIDIA H200,float16,131072,256,0,p1/mma_split,1,37.95140087604523,0.03125,False,16,10,graph_amortized_device
NVIDIA H200,float16,131072,256,0,p1/warp,1,35.72239875793457,0.0,True,16,10,graph_amortized_device
NVIDIA H200,float16,131072,256,0,p0/mma_split,1,37.800198793411255,0.03125,False,16,10,graph_amortized_device
NVIDIA H200,float16,131072,256,0,p0/warp,1,36.27139925956726,0.0,True,16,10,graph_amortized_device
NVIDIA H200,float16,131072,256,0,dao_plus_quant,1,162.23080158233643,,True,16,10,graph_amortized_device
NVIDIA H200,float16,131072,256,0,p0/warp,2,35.885000228881836,0.0,True,16,10,graph_amortized_device
NVIDIA H200,float16,131072,256,0,p0/mma_split,2,37.77740001678467,0.03125,False,16,10,graph_amortized_device
NVIDIA H200,float16,131072,256,0,p1/warp,2,35.64299941062927,0.0,True,16,10,graph_amortized_device
NVIDIA H200,float16,131072,256,0,p1/mma_split,2,38.02739977836609,0.03125,False,16,10,graph_amortized_device
NVIDIA H200,float16,131072,256,0,p2/warp,2,35.82279980182648,0.0,True,16,10,graph_amortized_device
NVIDIA H200,float16,131072,256,0,p2/mma_split,2,41.13239943981171,0.03125,False,16,10,graph_amortized_device
NVIDIA H200,float16,131072,256,0,dao,2,80.9336006641388,0.0,True,16,10,graph_amortized_device
NVIDIA H200,float16,131072,256,0,dao_plus_quant,2,162.3062014579773,,True,16,10,graph_amortized_device
NVIDIA H200,float16,131072,256,0,p0/warp,3,35.72440147399902,0.0,True,16,10,graph_amortized_device
NVIDIA H200,float16,131072,256,0,dao_plus_quant,3,162.2230052947998,,True,16,10,graph_amortized_device
NVIDIA H200,float16,131072,256,0,dao,3,80.65620064735413,0.0,True,16,10,graph_amortized_device
NVIDIA H200,float16,131072,256,0,p2/mma_split,3,40.23720026016235,0.03125,False,16,10,graph_amortized_device
NVIDIA H200,float16,131072,256,0,p2/warp,3,35.72680056095123,0.0,True,16,10,graph_amortized_device
NVIDIA H200,float16,131072,256,0,p1/mma_split,3,38.00719976425171,0.03125,False,16,10,graph_amortized_device
NVIDIA H200,float16,131072,256,0,p1/warp,3,35.611000657081604,0.0,True,16,10,graph_amortized_device
NVIDIA H200,float16,131072,256,0,p0/mma_split,3,37.663400173187256,0.03125,False,16,10,graph_amortized_device
NVIDIA H200,float16,131072,256,0,p1/warp,4,35.604798793792725,0.0,True,16,10,graph_amortized_device
NVIDIA H200,float16,131072,256,0,p1/mma_split,4,38.131800293922424,0.03125,False,16,10,graph_amortized_device
NVIDIA H200,float16,131072,256,0,p2/warp,4,36.373600363731384,0.0,True,16,10,graph_amortized_device
NVIDIA H200,float16,131072,256,0,p2/mma_split,4,41.822800040245056,0.03125,False,16,10,graph_amortized_device
NVIDIA H200,float16,131072,256,0,dao,4,80.70459961891174,0.0,True,16,10,graph_amortized_device
NVIDIA H200,float16,131072,256,0,dao_plus_quant,4,161.78040504455566,,True,16,10,graph_amortized_device
NVIDIA H200,float16,131072,256,0,p0/warp,4,35.733601450920105,0.0,True,16,10,graph_amortized_device
NVIDIA H200,float16,131072,256,0,p0/mma_split,4,37.73840069770813,0.03125,False,16,10,graph_amortized_device
NVIDIA H200,float16,131072,256,1,dao,0,80.69800138473511,0.0,True,16,10,graph_amortized_device
NVIDIA H200,float16,131072,256,1,dao_plus_quant,0,161.61099672317505,,True,16,10,graph_amortized_device
NVIDIA H200,float16,131072,256,1,p0/warp,0,36.119601130485535,0.0,True,16,10,graph_amortized_device
NVIDIA H200,float16,131072,256,1,p0/mma_split,0,37.68419921398163,0.001953125,True,16,10,graph_amortized_device
NVIDIA H200,float16,131072,256,1,p1/warp,0,36.07420027256012,0.0,True,16,10,graph_amortized_device
NVIDIA H200,float16,131072,256,1,p1/mma_split,0,38.040998578071594,0.001953125,True,16,10,graph_amortized_device
NVIDIA H200,float16,131072,256,1,p2/warp,0,36.100998520851135,0.0,True,16,10,graph_amortized_device
NVIDIA H200,float16,131072,256,1,p2/mma_split,0,40.171000361442566,0.001953125,True,16,10,graph_amortized_device
NVIDIA H200,float16,131072,256,1,dao,1,80.91959953308105,0.0,True,16,10,graph_amortized_device
NVIDIA H200,float16,131072,256,1,p2/mma_split,1,40.285998582839966,0.001953125,True,16,10,graph_amortized_device
NVIDIA H200,float16,131072,256,1,p2/warp,1,36.0945999622345,0.0,True,16,10,graph_amortized_device
NVIDIA H200,float16,131072,256,1,p1/mma_split,1,38.08319866657257,0.001953125,True,16,10,graph_amortized_device
NVIDIA H200,float16,131072,256,1,p1/warp,1,36.409199237823486,0.0,True,16,10,graph_amortized_device
NVIDIA H200,float16,131072,256,1,p0/mma_split,1,37.82320022583008,0.001953125,True,16,10,graph_amortized_device
NVIDIA H200,float16,131072,256,1,p0/warp,1,36.566200852394104,0.0,True,16,10,graph_amortized_device
NVIDIA H200,float16,131072,256,1,dao_plus_quant,1,162.19840049743652,,True,16,10,graph_amortized_device
NVIDIA H200,float16,131072,256,1,p0/warp,2,36.3864004611969,0.0,True,16,10,graph_amortized_device
NVIDIA H200,float16,131072,256,1,p0/mma_split,2,37.74240016937256,0.001953125,True,16,10,graph_amortized_device
NVIDIA H200,float16,131072,256,1,p1/warp,2,36.20879948139191,0.0,True,16,10,graph_amortized_device
NVIDIA H200,float16,131072,256,1,p1/mma_split,2,38.1058007478714,0.001953125,True,16,10,graph_amortized_device
NVIDIA H200,float16,131072,256,1,p2/warp,2,36.18699908256531,0.0,True,16,10,graph_amortized_device
NVIDIA H200,float16,131072,256,1,p2/mma_split,2,40.612998604774475,0.001953125,True,16,10,graph_amortized_device
NVIDIA H200,float16,131072,256,1,dao,2,80.86779713630676,0.0,True,16,10,graph_amortized_device
NVIDIA H200,float16,131072,256,1,dao_plus_quant,2,162.14419603347778,,True,16,10,graph_amortized_device
NVIDIA H200,float16,131072,256,1,p0/warp,3,36.229801177978516,0.0,True,16,10,graph_amortized_device
NVIDIA H200,float16,131072,256,1,dao_plus_quant,3,162.08399534225464,,True,16,10,graph_amortized_device
NVIDIA H200,float16,131072,256,1,dao,3,80.9171974658966,0.0,True,16,10,graph_amortized_device
NVIDIA H200,float16,131072,256,1,p2/mma_split,3,40.208399295806885,0.001953125,True,16,10,graph_amortized_device
NVIDIA H200,float16,131072,256,1,p2/warp,3,36.098599433898926,0.0,True,16,10,graph_amortized_device
NVIDIA H200,float16,131072,256,1,p1/mma_split,3,38.08960020542145,0.001953125,True,16,10,graph_amortized_device
NVIDIA H200,float16,131072,256,1,p1/warp,3,36.06100082397461,0.0,True,16,10,graph_amortized_device
NVIDIA H200,float16,131072,256,1,p0/mma_split,3,37.691399455070496,0.001953125,True,16,10,graph_amortized_device
NVIDIA H200,float16,131072,256,1,p1/warp,4,36.46399974822998,0.0,True,16,10,graph_amortized_device
NVIDIA H200,float16,131072,256,1,p1/mma_split,4,38.43820095062256,0.001953125,True,16,10,graph_amortized_device
NVIDIA H200,float16,131072,256,1,p2/warp,4,36.984801292419434,0.0,True,16,10,graph_amortized_device
NVIDIA H200,float16,131072,256,1,p2/mma_split,4,41.66260063648224,0.001953125,True,16,10,graph_amortized_device
NVIDIA H200,float16,131072,256,1,dao,4,80.89540004730225,0.0,True,16,10,graph_amortized_device
NVIDIA H200,float16,131072,256,1,dao_plus_quant,4,162.1317982673645,,True,16,10,graph_amortized_device
NVIDIA H200,float16,131072,256,1,p0/warp,4,36.35999858379364,0.0,True,16,10,graph_amortized_device
NVIDIA H200,float16,131072,256,1,p0/mma_split,4,37.81979978084564,0.001953125,True,16,10,graph_amortized_device
NVIDIA H200,bfloat16,1,64,0,dao,0,1.5603999607264996,0.0,True,16,10,graph_amortized_device
NVIDIA H200,bfloat16,1,64,0,dao_plus_quant,0,2.9014000669121742,,True,16,10,graph_amortized_device
NVIDIA H200,bfloat16,1,64,0,p0/warp,0,1.413000002503395,0.0,True,16,10,graph_amortized_device
NVIDIA H200,bfloat16,1,64,0,p0/mma_split,0,1.4022000133991241,0.0,True,16,10,graph_amortized_device
NVIDIA H200,bfloat16,1,64,0,p1/warp,0,1.433200016617775,0.0,True,16,10,graph_amortized_device
NVIDIA H200,bfloat16,1,64,0,p1/mma_split,0,1.3939999975264072,0.0,True,16,10,graph_amortized_device
NVIDIA H200,bfloat16,1,64,0,p2/warp,0,1.4004000462591648,0.0,True,16,10,graph_amortized_device
NVIDIA H200,bfloat16,1,64,0,p2/mma_split,0,1.4348000288009644,0.0,True,16,10,graph_amortized_device
NVIDIA H200,bfloat16,1,64,0,dao,1,1.5572000294923782,0.0,True,16,10,graph_amortized_device
NVIDIA H200,bfloat16,1,64,0,p2/mma_split,1,1.4321999624371529,0.0,True,16,10,graph_amortized_device
NVIDIA H200,bfloat16,1,64,0,p2/warp,1,1.4018000103533268,0.0,True,16,10,graph_amortized_device
NVIDIA H200,bfloat16,1,64,0,p1/mma_split,1,1.39359999448061,0.0,True,16,10,graph_amortized_device
NVIDIA H200,bfloat16,1,64,0,p1/warp,1,1.4329999685287476,0.0,True,16,10,graph_amortized_device
NVIDIA H200,bfloat16,1,64,0,p0/mma_split,1,1.3996000401675701,0.0,True,16,10,graph_amortized_device
NVIDIA H200,bfloat16,1,64,0,p0/warp,1,1.4135999605059624,0.0,True,16,10,graph_amortized_device
NVIDIA H200,bfloat16,1,64,0,dao_plus_quant,1,2.9023999348282814,,True,16,10,graph_amortized_device
NVIDIA H200,bfloat16,1,64,0,p0/warp,2,1.4158000238239765,0.0,True,16,10,graph_amortized_device
NVIDIA H200,bfloat16,1,64,0,p0/mma_split,2,1.4001999981701374,0.0,True,16,10,graph_amortized_device
NVIDIA H200,bfloat16,1,64,0,p1/warp,2,1.4316000044345856,0.0,True,16,10,graph_amortized_device
NVIDIA H200,bfloat16,1,64,0,p1/mma_split,2,1.396199967712164,0.0,True,16,10,graph_amortized_device
NVIDIA H200,bfloat16,1,64,0,p2/warp,2,1.405400037765503,0.0,True,16,10,graph_amortized_device
NVIDIA H200,bfloat16,1,64,0,p2/mma_split,2,1.4312000013887882,0.0,True,16,10,graph_amortized_device
NVIDIA H200,bfloat16,1,64,0,dao,2,1.5569999814033508,0.0,True,16,10,graph_amortized_device
NVIDIA H200,bfloat16,1,64,0,dao_plus_quant,2,2.9023999348282814,,True,16,10,graph_amortized_device
NVIDIA H200,bfloat16,1,64,0,p0/warp,3,1.4171999879181385,0.0,True,16,10,graph_amortized_device
NVIDIA H200,bfloat16,1,64,0,dao_plus_quant,3,2.9020000249147415,,True,16,10,graph_amortized_device
NVIDIA H200,bfloat16,1,64,0,dao,3,1.5557999722659588,0.0,True,16,10,graph_amortized_device
NVIDIA H200,bfloat16,1,64,0,p2/mma_split,3,1.411799993366003,0.0,True,16,10,graph_amortized_device
NVIDIA H200,bfloat16,1,64,0,p2/warp,3,1.4051999896764755,0.0,True,16,10,graph_amortized_device
NVIDIA H200,bfloat16,1,64,0,p1/mma_split,3,1.3787999749183655,0.0,True,16,10,graph_amortized_device
NVIDIA H200,bfloat16,1,64,0,p1/warp,3,1.4310000464320183,0.0,True,16,10,graph_amortized_device
NVIDIA H200,bfloat16,1,64,0,p0/mma_split,3,1.39979999512434,0.0,True,16,10,graph_amortized_device
NVIDIA H200,bfloat16,1,64,0,p1/warp,4,1.4310000464320183,0.0,True,16,10,graph_amortized_device
NVIDIA H200,bfloat16,1,64,0,p1/mma_split,4,1.3783999718725681,0.0,True,16,10,graph_amortized_device
NVIDIA H200,bfloat16,1,64,0,p2/warp,4,1.4014000073075294,0.0,True,16,10,graph_amortized_device
NVIDIA H200,bfloat16,1,64,0,p2/mma_split,4,1.434599980711937,0.0,True,16,10,graph_amortized_device
NVIDIA H200,bfloat16,1,64,0,dao,4,1.5572000294923782,0.0,True,16,10,graph_amortized_device
NVIDIA H200,bfloat16,1,64,0,dao_plus_quant,4,2.900799922645092,,True,16,10,graph_amortized_device
NVIDIA H200,bfloat16,1,64,0,p0/warp,4,1.4109999872744083,0.0,True,16,10,graph_amortized_device
NVIDIA H200,bfloat16,1,64,0,p0/mma_split,4,1.4038000255823135,0.0,True,16,10,graph_amortized_device
NVIDIA H200,bfloat16,1,64,1,dao,0,1.5266000293195248,0.0,True,16,10,graph_amortized_device
NVIDIA H200,bfloat16,1,64,1,dao_plus_quant,0,2.861200086772442,,True,16,10,graph_amortized_device
NVIDIA H200,bfloat16,1,64,1,p0/warp,0,1.4216000214219093,0.0,True,16,10,graph_amortized_device
NVIDIA H200,bfloat16,1,64,1,p0/mma_split,0,1.385200023651123,0.0,True,16,10,graph_amortized_device
NVIDIA H200,bfloat16,1,64,1,p1/warp,0,1.4221999794244766,0.0,True,16,10,graph_amortized_device
NVIDIA H200,bfloat16,1,64,1,p1/mma_split,0,1.3926000334322453,0.0,True,16,10,graph_amortized_device
NVIDIA H200,bfloat16,1,64,1,p2/warp,0,1.3939999975264072,0.0,True,16,10,graph_amortized_device
NVIDIA H200,bfloat16,1,64,1,p2/mma_split,0,1.4007999561727047,0.0,True,16,10,graph_amortized_device
NVIDIA H200,bfloat16,1,64,1,dao,1,1.5262000262737274,0.0,True,16,10,graph_amortized_device
NVIDIA H200,bfloat16,1,64,1,p2/mma_split,1,1.4022000133991241,0.0,True,16,10,graph_amortized_device
NVIDIA H200,bfloat16,1,64,1,p2/warp,1,1.3927999883890152,0.0,True,16,10,graph_amortized_device
NVIDIA H200,bfloat16,1,64,1,p1/mma_split,1,1.3927999883890152,0.0,True,16,10,graph_amortized_device
NVIDIA H200,bfloat16,1,64,1,p1/warp,1,1.4245999976992607,0.0,True,16,10,graph_amortized_device
NVIDIA H200,bfloat16,1,64,1,p0/mma_split,1,1.3856000266969204,0.0,True,16,10,graph_amortized_device
NVIDIA H200,bfloat16,1,64,1,p0/warp,1,1.4204000122845173,0.0,True,16,10,graph_amortized_device
NVIDIA H200,bfloat16,1,64,1,dao_plus_quant,1,2.8934000059962273,,True,16,10,graph_amortized_device
NVIDIA H200,bfloat16,1,64,1,p0/warp,2,1.4175999909639359,0.0,True,16,10,graph_amortized_device
NVIDIA H200,bfloat16,1,64,1,p0/mma_split,2,1.3856000266969204,0.0,True,16,10,graph_amortized_device
NVIDIA H200,bfloat16,1,64,1,p1/warp,2,1.4248000457882881,0.0,True,16,10,graph_amortized_device
NVIDIA H200,bfloat16,1,64,1,p1/mma_split,2,1.3927999883890152,0.0,True,16,10,graph_amortized_device
NVIDIA H200,bfloat16,1,64,1,p2/warp,2,1.3919999822974205,0.0,True,16,10,graph_amortized_device
NVIDIA H200,bfloat16,1,64,1,p2/mma_split,2,1.4034000225365162,0.0,True,16,10,graph_amortized_device
NVIDIA H200,bfloat16,1,64,1,dao,2,1.5301999635994434,0.0,True,16,10,graph_amortized_device
NVIDIA H200,bfloat16,1,64,1,dao_plus_quant,2,2.8589999303221703,,True,16,10,graph_amortized_device
NVIDIA H200,bfloat16,1,64,1,p0/warp,3,1.4171999879181385,0.0,True,16,10,graph_amortized_device
NVIDIA H200,bfloat16,1,64,1,dao_plus_quant,3,2.8958000242710114,,True,16,10,graph_amortized_device
NVIDIA H200,bfloat16,1,64,1,dao,3,1.5289999544620514,0.0,True,16,10,graph_amortized_device
NVIDIA H200,bfloat16,1,64,1,p2/mma_split,3,1.39979999512434,0.0,True,16,10,graph_amortized_device
NVIDIA H200,bfloat16,1,64,1,p2/warp,3,1.3919999822974205,0.0,True,16,10,graph_amortized_device
NVIDIA H200,bfloat16,1,64,1,p1/mma_split,3,1.3938000425696373,0.0,True,16,10,graph_amortized_device
NVIDIA H200,bfloat16,1,64,1,p1/warp,3,1.4245999976992607,0.0,True,16,10,graph_amortized_device
NVIDIA H200,bfloat16,1,64,1,p0/mma_split,3,1.3845999725162983,0.0,True,16,10,graph_amortized_device
NVIDIA H200,bfloat16,1,64,1,p1/warp,4,1.4244000427424908,0.0,True,16,10,graph_amortized_device
NVIDIA H200,bfloat16,1,64,1,p1/mma_split,4,1.3953999616205692,0.0,True,16,10,graph_amortized_device
NVIDIA H200,bfloat16,1,64,1,p2/warp,4,1.3931999914348125,0.0,True,16,10,graph_amortized_device
NVIDIA H200,bfloat16,1,64,1,p2/mma_split,4,1.39979999512434,0.0,True,16,10,graph_amortized_device
NVIDIA H200,bfloat16,1,64,1,dao,4,1.5255999751389027,0.0,True,16,10,graph_amortized_device
NVIDIA H200,bfloat16,1,64,1,dao_plus_quant,4,2.8950000181794167,,True,16,10,graph_amortized_device
NVIDIA H200,bfloat16,1,64,1,p0/warp,4,1.4030000194907188,0.0,True,16,10,graph_amortized_device
NVIDIA H200,bfloat16,1,64,1,p0/mma_split,4,1.382999960333109,0.0,True,16,10,graph_amortized_device
NVIDIA H200,bfloat16,128,64,0,dao,0,1.685200072824955,0.0,True,16,10,graph_amortized_device
NVIDIA H200,bfloat16,128,64,0,dao_plus_quant,0,3.167400136590004,,True,16,10,graph_amortized_device
NVIDIA H200,bfloat16,128,64,0,p0/warp,0,1.5131999738514423,0.0,True,16,10,graph_amortized_device
NVIDIA H200,bfloat16,128,64,0,p0/mma_split,0,1.6489999368786812,0.0009765625,True,16,10,graph_amortized_device
NVIDIA H200,bfloat16,128,64,0,p1/warp,0,1.4936000108718872,0.0,True,16,10,graph_amortized_device
NVIDIA H200,bfloat16,128,64,0,p1/mma_split,0,1.670599915087223,0.0009765625,True,16,10,graph_amortized_device
NVIDIA H200,bfloat16,128,64,0,p2/warp,0,1.4833999797701836,0.0,True,16,10,graph_amortized_device
NVIDIA H200,bfloat16,128,64,0,p2/mma_split,0,1.7068000510334969,0.0,True,16,10,graph_amortized_device
NVIDIA H200,bfloat16,128,64,0,dao,1,1.6850000247359276,0.0,True,16,10,graph_amortized_device
NVIDIA H200,bfloat16,128,64,0,p2/mma_split,1,1.702599972486496,0.0,True,16,10,graph_amortized_device
NVIDIA H200,bfloat16,128,64,0,p2/warp,1,1.4804000034928322,0.0,True,16,10,graph_amortized_device
NVIDIA H200,bfloat16,128,64,0,p1/mma_split,1,1.674799993634224,0.0009765625,True,16,10,graph_amortized_device
NVIDIA H200,bfloat16,128,64,0,p1/warp,1,1.494400016963482,0.0,True,16,10,graph_amortized_device
NVIDIA H200,bfloat16,128,64,0,p0/mma_split,1,1.6330000013113022,0.0009765625,True,16,10,graph_amortized_device
NVIDIA H200,bfloat16,128,64,0,p0/warp,1,1.5119999647140503,0.0,True,16,10,graph_amortized_device
NVIDIA H200,bfloat16,128,64,0,dao_plus_quant,1,3.1695999205112457,,True,16,10,graph_amortized_device
NVIDIA H200,bfloat16,128,64,0,p0/warp,2,1.513800024986267,0.0,True,16,10,graph_amortized_device
NVIDIA H200,bfloat16,128,64,0,p0/mma_split,2,1.6496000811457634,0.0009765625,True,16,10,graph_amortized_device
NVIDIA H200,bfloat16,128,64,0,p1/warp,2,1.4895999804139137,0.0,True,16,10,graph_amortized_device
NVIDIA H200,bfloat16,128,64,0,p1/mma_split,2,1.6736000776290894,0.0009765625,True,16,10,graph_amortized_device
NVIDIA H200,bfloat16,128,64,0,p2/warp,2,1.4829999767243862,0.0,True,16,10,graph_amortized_device
NVIDIA H200,bfloat16,128,64,0,p2/mma_split,2,1.7031999304890633,0.0,True,16,10,graph_amortized_device
NVIDIA H200,bfloat16,128,64,0,dao,2,1.682800054550171,0.0,True,16,10,graph_amortized_device
NVIDIA H200,bfloat16,128,64,0,dao_plus_quant,2,3.1700000166893005,,True,16,10,graph_amortized_device
NVIDIA H200,bfloat16,128,64,0,p0/warp,3,1.5159999951720238,0.0,True,16,10,graph_amortized_device
NVIDIA H200,bfloat16,128,64,0,dao_plus_quant,3,3.167799860239029,,True,16,10,graph_amortized_device
NVIDIA H200,bfloat16,128,64,0,dao,3,1.683799922466278,0.0,True,16,10,graph_amortized_device
NVIDIA H200,bfloat16,128,64,0,p2/mma_split,3,1.7041999846696854,0.0,True,16,10,graph_amortized_device
NVIDIA H200,bfloat16,128,64,0,p2/warp,3,1.4840000309050083,0.0,True,16,10,graph_amortized_device
NVIDIA H200,bfloat16,128,64,0,p1/mma_split,3,1.6702000051736832,0.0009765625,True,16,10,graph_amortized_device
NVIDIA H200,bfloat16,128,64,0,p1/warp,3,1.4895999804139137,0.0,True,16,10,graph_amortized_device
NVIDIA H200,bfloat16,128,64,0,p0/mma_split,3,1.6505999490618706,0.0009765625,True,16,10,graph_amortized_device
NVIDIA H200,bfloat16,128,64,0,p1/warp,4,1.4933999627828598,0.0,True,16,10,graph_amortized_device
NVIDIA H200,bfloat16,128,64,0,p1/mma_split,4,1.6707999631762505,0.0009765625,True,16,10,graph_amortized_device
NVIDIA H200,bfloat16,128,64,0,p2/warp,4,1.4677999541163445,0.0,True,16,10,graph_amortized_device
NVIDIA H200,bfloat16,128,64,0,p2/mma_split,4,1.703600026667118,0.0,True,16,10,graph_amortized_device
NVIDIA H200,bfloat16,128,64,0,dao,4,1.6845999285578728,0.0,True,16,10,graph_amortized_device
NVIDIA H200,bfloat16,128,64,0,dao_plus_quant,4,3.1676001846790314,,True,16,10,graph_amortized_device
NVIDIA H200,bfloat16,128,64,0,p0/warp,4,1.5135999768972397,0.0,True,16,10,graph_amortized_device
NVIDIA H200,bfloat16,128,64,0,p0/mma_split,4,1.649400033056736,0.0009765625,True,16,10,graph_amortized_device
NVIDIA H200,bfloat16,128,64,1,dao,0,1.7139999195933342,0.0,True,16,10,graph_amortized_device
NVIDIA H200,bfloat16,128,64,1,dao_plus_quant,0,3.169199824333191,,True,16,10,graph_amortized_device
NVIDIA H200,bfloat16,128,64,1,p0/warp,0,1.5274000354111195,0.0,True,16,10,graph_amortized_device
NVIDIA H200,bfloat16,128,64,1,p0/mma_split,0,1.6311999410390854,0.0001220703125,True,16,10,graph_amortized_device
NVIDIA H200,bfloat16,128,64,1,p1/warp,0,1.5217999927699566,0.0,True,16,10,graph_amortized_device
NVIDIA H200,bfloat16,128,64,1,p1/mma_split,0,1.648000068962574,0.0001220703125,True,16,10,graph_amortized_device
NVIDIA H200,bfloat16,128,64,1,p2/warp,0,1.49959996342659,0.0,True,16,10,graph_amortized_device
NVIDIA H200,bfloat16,128,64,1,p2/mma_split,0,1.713399961590767,0.0,True,16,10,graph_amortized_device
NVIDIA H200,bfloat16,128,64,1,dao,1,1.7162000760436058,0.0,True,16,10,graph_amortized_device
NVIDIA H200,bfloat16,128,64,1,p2/mma_split,1,1.715400069952011,0.0,True,16,10,graph_amortized_device
NVIDIA H200,bfloat16,128,64,1,p2/warp,1,1.5162000432610512,0.0,True,16,10,graph_amortized_device
NVIDIA H200,bfloat16,128,64,1,p1/mma_split,1,1.6513999551534653,0.0001220703125,True,16,10,graph_amortized_device
NVIDIA H200,bfloat16,128,64,1,p1/warp,1,1.5217999927699566,0.0,True,16,10,graph_amortized_device
NVIDIA H200,bfloat16,128,64,1,p0/mma_split,1,1.6311999410390854,0.0001220703125,True,16,10,graph_amortized_device
NVIDIA H200,bfloat16,128,64,1,p0/warp,1,1.5255999751389027,0.0,True,16,10,graph_amortized_device
NVIDIA H200,bfloat16,128,64,1,dao_plus_quant,1,3.167000040411949,,True,16,10,graph_amortized_device
NVIDIA H200,bfloat16,128,64,1,p0/warp,2,1.5255999751389027,0.0,True,16,10,graph_amortized_device
NVIDIA H200,bfloat16,128,64,1,p0/mma_split,2,1.6340000554919243,0.0001220703125,True,16,10,graph_amortized_device
NVIDIA H200,bfloat16,128,64,1,p1/warp,2,1.523400004953146,0.0,True,16,10,graph_amortized_device
NVIDIA H200,bfloat16,128,64,1,p1/mma_split,2,1.6499999910593033,0.0001220703125,True,16,10,graph_amortized_device
NVIDIA H200,bfloat16,128,64,1,p2/warp,2,1.4977999962866306,0.0,True,16,10,graph_amortized_device
NVIDIA H200,bfloat16,128,64,1,p2/mma_split,2,1.713399961590767,0.0,True,16,10,graph_amortized_device
NVIDIA H200,bfloat16,128,64,1,dao,2,1.7193999141454697,0.0,True,16,10,graph_amortized_device
NVIDIA H200,bfloat16,128,64,1,dao_plus_quant,2,3.1679999083280563,,True,16,10,graph_amortized_device
NVIDIA H200,bfloat16,128,64,1,p0/warp,3,1.52580002322793,0.0,True,16,10,graph_amortized_device
NVIDIA H200,bfloat16,128,64,1,dao_plus_quant,3,3.1693998724222183,,True,16,10,graph_amortized_device
NVIDIA H200,bfloat16,128,64,1,dao,3,1.718599908053875,0.0,True,16,10,graph_amortized_device
NVIDIA H200,bfloat16,128,64,1,p2/mma_split,3,1.7123999074101448,0.0,True,16,10,graph_amortized_device
NVIDIA H200,bfloat16,128,64,1,p2/warp,3,1.4976000413298607,0.0,True,16,10,graph_amortized_device
NVIDIA H200,bfloat16,128,64,1,p1/mma_split,3,1.650400087237358,0.0001220703125,True,16,10,graph_amortized_device
NVIDIA H200,bfloat16,128,64,1,p1/warp,3,1.5230000019073486,0.0,True,16,10,graph_amortized_device
NVIDIA H200,bfloat16,128,64,1,p0/mma_split,3,1.63199994713068,0.0001220703125,True,16,10,graph_amortized_device
NVIDIA H200,bfloat16,128,64,1,p1/warp,4,1.5200000256299973,0.0,True,16,10,graph_amortized_device
NVIDIA H200,bfloat16,128,64,1,p1/mma_split,4,1.6497999429702759,0.0001220703125,True,16,10,graph_amortized_device
NVIDIA H200,bfloat16,128,64,1,p2/warp,4,1.498000044375658,0.0,True,16,10,graph_amortized_device
NVIDIA H200,bfloat16,128,64,1,p2/mma_split,4,1.7128000035881996,0.0,True,16,10,graph_amortized_device
NVIDIA H200,bfloat16,128,64,1,dao,4,1.7138000577688217,0.0,True,16,10,graph_amortized_device
NVIDIA H200,bfloat16,128,64,1,dao_plus_quant,4,3.170200064778328,,True,16,10,graph_amortized_device
NVIDIA H200,bfloat16,128,64,1,p0/warp,4,1.5263999812304974,0.0,True,16,10,graph_amortized_device
NVIDIA H200,bfloat16,128,64,1,p0/mma_split,4,1.6316000372171402,0.0001220703125,True,16,10,graph_amortized_device
NVIDIA H200,bfloat16,16384,64,0,dao,0,11.279000341892242,0.0,True,16,10,graph_amortized_device
NVIDIA H200,bfloat16,16384,64,0,dao_plus_quant,0,22.355200350284576,,True,16,10,graph_amortized_device
NVIDIA H200,bfloat16,16384,64,0,p0/warp,0,2.790999971330166,0.0,True,16,10,graph_amortized_device
NVIDIA H200,bfloat16,16384,64,0,p0/mma_split,0,2.942799963057041,0.125,False,16,10,graph_amortized_device
NVIDIA H200,bfloat16,16384,64,0,p1/warp,0,2.8313999995589256,0.0,True,16,10,graph_amortized_device
NVIDIA H200,bfloat16,16384,64,0,p1/mma_split,0,2.7650000527501106,0.125,False,16,10,graph_amortized_device
NVIDIA H200,bfloat16,16384,64,0,p2/warp,0,2.8332000598311424,0.0,True,16,10,graph_amortized_device
NVIDIA H200,bfloat16,16384,64,0,p2/mma_split,0,3.0678000301122665,0.0,True,16,10,graph_amortized_device
NVIDIA H200,bfloat16,16384,64,0,dao,1,11.295399814844131,0.0,True,16,10,graph_amortized_device
NVIDIA H200,bfloat16,16384,64,0,p2/mma_split,1,3.0894000083208084,0.0,True,16,10,graph_amortized_device
NVIDIA H200,bfloat16,16384,64,0,p2/warp,1,2.830200083553791,0.0,True,16,10,graph_amortized_device
NVIDIA H200,bfloat16,16384,64,0,p1/mma_split,1,2.7480000630021095,0.125,False,16,10,graph_amortized_device
NVIDIA H200,bfloat16,16384,64,0,p1/warp,1,2.8317999094724655,0.0,True,16,10,graph_amortized_device
NVIDIA H200,bfloat16,16384,64,0,p0/mma_split,1,2.927199937403202,0.125,False,16,10,graph_amortized_device
NVIDIA H200,bfloat16,16384,64,0,p0/warp,1,2.7941999956965446,0.0,True,16,10,graph_amortized_device
NVIDIA H200,bfloat16,16384,64,0,dao_plus_quant,1,22.349999845027924,,True,16,10,graph_amortized_device
NVIDIA H200,bfloat16,16384,64,0,p0/warp,2,2.8106000274419785,0.0,True,16,10,graph_amortized_device
NVIDIA H200,bfloat16,16384,64,0,p0/mma_split,2,2.9332000762224197,0.125,False,16,10,graph_amortized_device
NVIDIA H200,bfloat16,16384,64,0,p1/warp,2,2.824600040912628,0.0,True,16,10,graph_amortized_device
NVIDIA H200,bfloat16,16384,64,0,p1/mma_split,2,2.753799967467785,0.125,False,16,10,graph_amortized_device
NVIDIA H200,bfloat16,16384,64,0,p2/warp,2,2.8384000062942505,0.0,True,16,10,graph_amortized_device
NVIDIA H200,bfloat16,16384,64,0,p2/mma_split,2,3.0295999720692635,0.0,True,16,10,graph_amortized_device
NVIDIA H200,bfloat16,16384,64,0,dao,2,11.323399841785431,0.0,True,16,10,graph_amortized_device
NVIDIA H200,bfloat16,16384,64,0,dao_plus_quant,2,22.356000542640686,,True,16,10,graph_amortized_device
NVIDIA H200,bfloat16,16384,64,0,p0/warp,3,2.8311999514698982,0.0,True,16,10,graph_amortized_device
NVIDIA H200,bfloat16,16384,64,0,dao_plus_quant,3,22.34860062599182,,True,16,10,graph_amortized_device
NVIDIA H200,bfloat16,16384,64,0,dao,3,11.27839982509613,0.0,True,16,10,graph_amortized_device
NVIDIA H200,bfloat16,16384,64,0,p2/mma_split,3,3.0897999182343483,0.0,True,16,10,graph_amortized_device
NVIDIA H200,bfloat16,16384,64,0,p2/warp,3,2.8384000062942505,0.0,True,16,10,graph_amortized_device
NVIDIA H200,bfloat16,16384,64,0,p1/mma_split,3,2.809000015258789,0.125,False,16,10,graph_amortized_device
NVIDIA H200,bfloat16,16384,64,0,p1/warp,3,2.8317999094724655,0.0,True,16,10,graph_amortized_device
NVIDIA H200,bfloat16,16384,64,0,p0/mma_split,3,2.902800031006336,0.125,False,16,10,graph_amortized_device
NVIDIA H200,bfloat16,16384,64,0,p1/warp,4,2.8370000422000885,0.0,True,16,10,graph_amortized_device
NVIDIA H200,bfloat16,16384,64,0,p1/mma_split,4,2.7569999918341637,0.125,False,16,10,graph_amortized_device
NVIDIA H200,bfloat16,16384,64,0,p2/warp,4,2.8356000781059265,0.0,True,16,10,graph_amortized_device
NVIDIA H200,bfloat16,16384,64,0,p2/mma_split,4,3.109399974346161,0.0,True,16,10,graph_amortized_device
NVIDIA H200,bfloat16,16384,64,0,dao,4,11.2807996571064,0.0,True,16,10,graph_amortized_device
NVIDIA H200,bfloat16,16384,64,0,dao_plus_quant,4,22.343799471855164,,True,16,10,graph_amortized_device
NVIDIA H200,bfloat16,16384,64,0,p0/warp,4,2.8060000389814377,0.0,True,16,10,graph_amortized_device
NVIDIA H200,bfloat16,16384,64,0,p0/mma_split,4,2.932799980044365,0.125,False,16,10,graph_amortized_device
NVIDIA H200,bfloat16,16384,64,1,dao,0,11.28539964556694,0.0,True,16,10,graph_amortized_device
NVIDIA H200,bfloat16,16384,64,1,dao_plus_quant,0,22.35340029001236,,True,16,10,graph_amortized_device
NVIDIA H200,bfloat16,16384,64,1,p0/warp,0,2.834399975836277,0.0,True,16,10,graph_amortized_device
NVIDIA H200,bfloat16,16384,64,1,p0/mma_split,0,2.8906000778079033,0.015625,True,16,10,graph_amortized_device
NVIDIA H200,bfloat16,16384,64,1,p1/warp,0,2.7744000777602196,0.0,True,16,10,graph_amortized_device
NVIDIA H200,bfloat16,16384,64,1,p1/mma_split,0,2.850399911403656,0.015625,True,16,10,graph_amortized_device
NVIDIA H200,bfloat16,16384,64,1,p2/warp,0,2.785399928689003,0.0,True,16,10,graph_amortized_device
NVIDIA H200,bfloat16,16384,64,1,p2/mma_split,0,3.0640000477433205,0.0,True,16,10,graph_amortized_device
NVIDIA H200,bfloat16,16384,64,1,dao,1,11.28700003027916,0.0,True,16,10,graph_amortized_device
NVIDIA H200,bfloat16,16384,64,1,p2/mma_split,1,3.1163999810814857,0.0,True,16,10,graph_amortized_device
NVIDIA H200,bfloat16,16384,64,1,p2/warp,1,2.7866000309586525,0.0,True,16,10,graph_amortized_device
NVIDIA H200,bfloat16,16384,64,1,p1/mma_split,1,2.798200026154518,0.015625,True,16,10,graph_amortized_device
NVIDIA H200,bfloat16,16384,64,1,p1/warp,1,2.7705999091267586,0.0,True,16,10,graph_amortized_device
NVIDIA H200,bfloat16,16384,64,1,p0/mma_split,1,2.8826000168919563,0.015625,True,16,10,graph_amortized_device
NVIDIA H200,bfloat16,16384,64,1,p0/warp,1,2.8332000598311424,0.0,True,16,10,graph_amortized_device
NVIDIA H200,bfloat16,16384,64,1,dao_plus_quant,1,22.34559953212738,,True,16,10,graph_amortized_device
NVIDIA H200,bfloat16,16384,64,1,p0/warp,2,2.825400047004223,0.0,True,16,10,graph_amortized_device
NVIDIA H200,bfloat16,16384,64,1,p0/mma_split,2,2.9495999217033386,0.015625,True,16,10,graph_amortized_device
NVIDIA H200,bfloat16,16384,64,1,p1/warp,2,2.7931999415159225,0.0,True,16,10,graph_amortized_device
NVIDIA H200,bfloat16,16384,64,1,p1/mma_split,2,2.8416000306606293,0.015625,True,16,10,graph_amortized_device
NVIDIA H200,bfloat16,16384,64,1,p2/warp,2,2.782600000500679,0.0,True,16,10,graph_amortized_device
NVIDIA H200,bfloat16,16384,64,1,p2/mma_split,2,3.088200092315674,0.0,True,16,10,graph_amortized_device
NVIDIA H200,bfloat16,16384,64,1,dao,2,11.288399994373322,0.0,True,16,10,graph_amortized_device
NVIDIA H200,bfloat16,16384,64,1,dao_plus_quant,2,22.345800697803497,,True,16,10,graph_amortized_device
NVIDIA H200,bfloat16,16384,64,1,p0/warp,3,2.828199975192547,0.0,True,16,10,graph_amortized_device
NVIDIA H200,bfloat16,16384,64,1,dao_plus_quant,3,22.347000241279602,,True,16,10,graph_amortized_device
NVIDIA H200,bfloat16,16384,64,1,dao,3,11.288200318813324,0.0,True,16,10,graph_amortized_device
NVIDIA H200,bfloat16,16384,64,1,p2/mma_split,3,3.1096000224351883,0.0,True,16,10,graph_amortized_device
NVIDIA H200,bfloat16,16384,64,1,p2/warp,3,2.7837999165058136,0.0,True,16,10,graph_amortized_device
NVIDIA H200,bfloat16,16384,64,1,p1/mma_split,3,2.855199947953224,0.015625,True,16,10,graph_amortized_device
NVIDIA H200,bfloat16,16384,64,1,p1/warp,3,2.7898000553250313,0.0,True,16,10,graph_amortized_device
NVIDIA H200,bfloat16,16384,64,1,p0/mma_split,3,2.882000058889389,0.015625,True,16,10,graph_amortized_device
NVIDIA H200,bfloat16,16384,64,1,p1/warp,4,2.769399993121624,0.0,True,16,10,graph_amortized_device
NVIDIA H200,bfloat16,16384,64,1,p1/mma_split,4,2.801400050520897,0.015625,True,16,10,graph_amortized_device
NVIDIA H200,bfloat16,16384,64,1,p2/warp,4,2.7831999585032463,0.0,True,16,10,graph_amortized_device
NVIDIA H200,bfloat16,16384,64,1,p2/mma_split,4,3.072799928486347,0.0,True,16,10,graph_amortized_device
NVIDIA H200,bfloat16,16384,64,1,dao,4,11.285799741744995,0.0,True,16,10,graph_amortized_device
NVIDIA H200,bfloat16,16384,64,1,dao_plus_quant,4,22.348199784755707,,True,16,10,graph_amortized_device
NVIDIA H200,bfloat16,16384,64,1,p0/warp,4,2.8286000713706017,0.0,True,16,10,graph_amortized_device
NVIDIA H200,bfloat16,16384,64,1,p0/mma_split,4,2.9562000185251236,0.015625,True,16,10,graph_amortized_device
NVIDIA H200,bfloat16,131072,64,0,dao,0,80.50659894943237,0.0,True,16,10,graph_amortized_device
NVIDIA H200,bfloat16,131072,64,0,dao_plus_quant,0,160.5702042579651,,True,16,10,graph_amortized_device
NVIDIA H200,bfloat16,131072,64,0,p0/warp,0,13.458999991416931,0.0,True,16,10,graph_amortized_device
NVIDIA H200,bfloat16,131072,64,0,p0/mma_split,0,11.016400158405304,0.125,False,16,10,graph_amortized_device
NVIDIA H200,bfloat16,131072,64,0,p1/warp,0,13.50419968366623,0.0,True,16,10,graph_amortized_device
NVIDIA H200,bfloat16,131072,64,0,p1/mma_split,0,11.079800128936768,0.125,False,16,10,graph_amortized_device
NVIDIA H200,bfloat16,131072,64,0,p2/warp,0,13.488000631332397,0.0,True,16,10,graph_amortized_device
NVIDIA H200,bfloat16,131072,64,0,p2/mma_split,0,12.530200183391571,0.0,True,16,10,graph_amortized_device
NVIDIA H200,bfloat16,131072,64,0,dao,1,80.4830014705658,0.0,True,16,10,graph_amortized_device
NVIDIA H200,bfloat16,131072,64,0,p2/mma_split,1,12.542599439620972,0.0,True,16,10,graph_amortized_device
NVIDIA H200,bfloat16,131072,64,0,p2/warp,1,13.48859965801239,0.0,True,16,10,graph_amortized_device
NVIDIA H200,bfloat16,131072,64,0,p1/mma_split,1,11.049199849367142,0.125,False,16,10,graph_amortized_device
NVIDIA H200,bfloat16,131072,64,0,p1/warp,1,13.505400717258453,0.0,True,16,10,graph_amortized_device
NVIDIA H200,bfloat16,131072,64,0,p0/mma_split,1,10.998400300741196,0.125,False,16,10,graph_amortized_device
NVIDIA H200,bfloat16,131072,64,0,p0/warp,1,13.458399474620819,0.0,True,16,10,graph_amortized_device
NVIDIA H200,bfloat16,131072,64,0,dao_plus_quant,1,160.56779623031616,,True,16,10,graph_amortized_device
NVIDIA H200,bfloat16,131072,64,0,p0/warp,2,13.473400473594666,0.0,True,16,10,graph_amortized_device
NVIDIA H200,bfloat16,131072,64,0,p0/mma_split,2,10.982199758291245,0.125,False,16,10,graph_amortized_device
NVIDIA H200,bfloat16,131072,64,0,p1/warp,2,13.490399718284607,0.0,True,16,10,graph_amortized_device
NVIDIA H200,bfloat16,131072,64,0,p1/mma_split,2,11.075399816036224,0.125,False,16,10,graph_amortized_device
NVIDIA H200,bfloat16,131072,64,0,p2/warp,2,13.47460001707077,0.0,True,16,10,graph_amortized_device
NVIDIA H200,bfloat16,131072,64,0,p2/mma_split,2,12.52100020647049,0.0,True,16,10,graph_amortized_device
NVIDIA H200,bfloat16,131072,64,0,dao,2,81.02560043334961,0.0,True,16,10,graph_amortized_device
NVIDIA H200,bfloat16,131072,64,0,dao_plus_quant,2,161.82700395584106,,True,16,10,graph_amortized_device
NVIDIA H200,bfloat16,131072,64,0,p0/warp,3,13.500399887561798,0.0,True,16,10,graph_amortized_device
NVIDIA H200,bfloat16,131072,64,0,dao_plus_quant,3,161.89520359039307,,True,16,10,graph_amortized_device
NVIDIA H200,bfloat16,131072,64,0,dao,3,80.90980052947998,0.0,True,16,10,graph_amortized_device
NVIDIA H200,bfloat16,131072,64,0,p2/mma_split,3,12.599800527095795,0.0,True,16,10,graph_amortized_device
NVIDIA H200,bfloat16,131072,64,0,p2/warp,3,13.512800633907318,0.0,True,16,10,graph_amortized_device
NVIDIA H200,bfloat16,131072,64,0,p1/mma_split,3,11.107400059700012,0.125,False,16,10,graph_amortized_device
NVIDIA H200,bfloat16,131072,64,0,p1/warp,3,13.51660043001175,0.0,True,16,10,graph_amortized_device
NVIDIA H200,bfloat16,131072,64,0,p0/mma_split,3,11.01899966597557,0.125,False,16,10,graph_amortized_device
NVIDIA H200,bfloat16,131072,64,0,p1/warp,4,13.50100040435791,0.0,True,16,10,graph_amortized_device
NVIDIA H200,bfloat16,131072,64,0,p1/mma_split,4,11.097399890422821,0.125,False,16,10,graph_amortized_device
NVIDIA H200,bfloat16,131072,64,0,p2/warp,4,13.495199382305145,0.0,True,16,10,graph_amortized_device
NVIDIA H200,bfloat16,131072,64,0,p2/mma_split,4,12.544000148773193,0.0,True,16,10,graph_amortized_device
NVIDIA H200,bfloat16,131072,64,0,dao,4,80.59340119361877,0.0,True,16,10,graph_amortized_device
NVIDIA H200,bfloat16,131072,64,0,dao_plus_quant,4,160.82500219345093,,True,16,10,graph_amortized_device
NVIDIA H200,bfloat16,131072,64,0,p0/warp,4,13.496200740337372,0.0,True,16,10,graph_amortized_device
NVIDIA H200,bfloat16,131072,64,0,p0/mma_split,4,11.013399809598923,0.125,False,16,10,graph_amortized_device
NVIDIA H200,bfloat16,131072,64,1,dao,0,80.46380281448364,0.0,True,16,10,graph_amortized_device
NVIDIA H200,bfloat16,131072,64,1,dao_plus_quant,0,160.53600311279297,,True,16,10,graph_amortized_device
NVIDIA H200,bfloat16,131072,64,1,p0/warp,0,13.788600265979767,0.0,True,16,10,graph_amortized_device
NVIDIA H200,bfloat16,131072,64,1,p0/mma_split,0,11.06259971857071,0.015625,True,16,10,graph_amortized_device
NVIDIA H200,bfloat16,131072,64,1,p1/warp,0,13.695000112056732,0.0,True,16,10,graph_amortized_device
NVIDIA H200,bfloat16,131072,64,1,p1/mma_split,0,11.096200346946716,0.015625,True,16,10,graph_amortized_device
NVIDIA H200,bfloat16,131072,64,1,p2/warp,0,13.742800056934357,0.0,True,16,10,graph_amortized_device
NVIDIA H200,bfloat16,131072,64,1,p2/mma_split,0,12.530000507831573,0.0,True,16,10,graph_amortized_device
NVIDIA H200,bfloat16,131072,64,1,dao,1,80.4498016834259,0.0,True,16,10,graph_amortized_device
NVIDIA H200,bfloat16,131072,64,1,p2/mma_split,1,12.544199824333191,0.0,True,16,10,graph_amortized_device
NVIDIA H200,bfloat16,131072,64,1,p2/warp,1,13.748599588871002,0.0,True,16,10,graph_amortized_device
NVIDIA H200,bfloat16,131072,64,1,p1/mma_split,1,11.10140010714531,0.015625,True,16,10,graph_amortized_device
NVIDIA H200,bfloat16,131072,64,1,p1/warp,1,13.710400462150574,0.0,True,16,10,graph_amortized_device
NVIDIA H200,bfloat16,131072,64,1,p0/mma_split,1,11.073800176382065,0.015625,True,16,10,graph_amortized_device
NVIDIA H200,bfloat16,131072,64,1,p0/warp,1,13.747599720954895,0.0,True,16,10,graph_amortized_device
NVIDIA H200,bfloat16,131072,64,1,dao_plus_quant,1,161.2380027770996,,True,16,10,graph_amortized_device
NVIDIA H200,bfloat16,131072,64,1,p0/warp,2,13.794200122356415,0.0,True,16,10,graph_amortized_device
NVIDIA H200,bfloat16,131072,64,1,p0/mma_split,2,11.128800362348557,0.015625,True,16,10,graph_amortized_device
NVIDIA H200,bfloat16,131072,64,1,p1/warp,2,13.725200295448303,0.0,True,16,10,graph_amortized_device
NVIDIA H200,bfloat16,131072,64,1,p1/mma_split,2,11.162800341844559,0.015625,True,16,10,graph_amortized_device
NVIDIA H200,bfloat16,131072,64,1,p2/warp,2,13.77899944782257,0.0,True,16,10,graph_amortized_device
NVIDIA H200,bfloat16,131072,64,1,p2/mma_split,2,12.524600327014923,0.0,True,16,10,graph_amortized_device
NVIDIA H200,bfloat16,131072,64,1,dao,2,80.9503972530365,0.0,True,16,10,graph_amortized_device
NVIDIA H200,bfloat16,131072,64,1,dao_plus_quant,2,161.72280311584473,,True,16,10,graph_amortized_device
NVIDIA H200,bfloat16,131072,64,1,p0/warp,3,13.815799355506897,0.0,True,16,10,graph_amortized_device
NVIDIA H200,bfloat16,131072,64,1,dao_plus_quant,3,161.06300354003906,,True,16,10,graph_amortized_device
NVIDIA H200,bfloat16,131072,64,1,dao,3,80.58940172195435,0.0,True,16,10,graph_amortized_device
NVIDIA H200,bfloat16,131072,64,1,p2/mma_split,3,12.530599534511566,0.0,True,16,10,graph_amortized_device
NVIDIA H200,bfloat16,131072,64,1,p2/warp,3,13.769400119781494,0.0,True,16,10,graph_amortized_device
NVIDIA H200,bfloat16,131072,64,1,p1/mma_split,3,11.089199781417847,0.015625,True,16,10,graph_amortized_device
NVIDIA H200,bfloat16,131072,64,1,p1/warp,3,13.722600042819977,0.0,True,16,10,graph_amortized_device
NVIDIA H200,bfloat16,131072,64,1,p0/mma_split,3,11.083000153303146,0.015625,True,16,10,graph_amortized_device
NVIDIA H200,bfloat16,131072,64,1,p1/warp,4,13.704000413417816,0.0,True,16,10,graph_amortized_device
NVIDIA H200,bfloat16,131072,64,1,p1/mma_split,4,11.113999783992767,0.015625,True,16,10,graph_amortized_device
NVIDIA H200,bfloat16,131072,64,1,p2/warp,4,13.757200539112091,0.0,True,16,10,graph_amortized_device
NVIDIA H200,bfloat16,131072,64,1,p2/mma_split,4,12.529200315475464,0.0,True,16,10,graph_amortized_device
NVIDIA H200,bfloat16,131072,64,1,dao,4,80.5616021156311,0.0,True,16,10,graph_amortized_device
NVIDIA H200,bfloat16,131072,64,1,dao_plus_quant,4,160.88320016860962,,True,16,10,graph_amortized_device
NVIDIA H200,bfloat16,131072,64,1,p0/warp,4,13.776600360870361,0.0,True,16,10,graph_amortized_device
NVIDIA H200,bfloat16,131072,64,1,p0/mma_split,4,11.093199998140335,0.015625,True,16,10,graph_amortized_device
NVIDIA H200,bfloat16,1,128,0,dao,0,1.5737999230623245,0.0,True,16,10,graph_amortized_device
NVIDIA H200,bfloat16,1,128,0,dao_plus_quant,0,2.914400026202202,,True,16,10,graph_amortized_device
NVIDIA H200,bfloat16,1,128,0,p0/warp,0,1.4163999818265438,0.0,True,16,10,graph_amortized_device
NVIDIA H200,bfloat16,1,128,0,p0/mma_split,0,1.439599972218275,0.0,True,16,10,graph_amortized_device
NVIDIA H200,bfloat16,1,128,0,p1/warp,0,1.4232000336050987,0.0,True,16,10,graph_amortized_device
NVIDIA H200,bfloat16,1,128,0,p1/mma_split,0,1.4244000427424908,0.0,True,16,10,graph_amortized_device
NVIDIA H200,bfloat16,1,128,0,p2/warp,0,1.4499999582767487,0.0,True,16,10,graph_amortized_device
NVIDIA H200,bfloat16,1,128,0,p2/mma_split,0,1.4065999537706375,0.0,True,16,10,graph_amortized_device
NVIDIA H200,bfloat16,1,128,0,dao,1,1.5758000314235687,0.0,True,16,10,graph_amortized_device
NVIDIA H200,bfloat16,1,128,0,p2/mma_split,1,1.4043999835848808,0.0,True,16,10,graph_amortized_device
NVIDIA H200,bfloat16,1,128,0,p2/warp,1,1.4518000185489655,0.0,True,16,10,graph_amortized_device
NVIDIA H200,bfloat16,1,128,0,p1/mma_split,1,1.42620000988245,0.0,True,16,10,graph_amortized_device
NVIDIA H200,bfloat16,1,128,0,p1/warp,1,1.4244000427424908,0.0,True,16,10,graph_amortized_device
NVIDIA H200,bfloat16,1,128,0,p0/mma_split,1,1.4387999661266804,0.0,True,16,10,graph_amortized_device
NVIDIA H200,bfloat16,1,128,0,p0/warp,1,1.4162000268697739,0.0,True,16,10,graph_amortized_device
NVIDIA H200,bfloat16,1,128,0,dao_plus_quant,1,2.916399948298931,,True,16,10,graph_amortized_device
NVIDIA H200,bfloat16,1,128,0,p0/warp,2,1.4182000420987606,0.0,True,16,10,graph_amortized_device
NVIDIA H200,bfloat16,1,128,0,p0/mma_split,2,1.4407999813556671,0.0,True,16,10,graph_amortized_device
NVIDIA H200,bfloat16,1,128,0,p1/warp,2,1.422400027513504,0.0,True,16,10,graph_amortized_device
NVIDIA H200,bfloat16,1,128,0,p1/mma_split,2,1.42620000988245,0.0,True,16,10,graph_amortized_device
NVIDIA H200,bfloat16,1,128,0,p2/warp,2,1.4523999765515327,0.0,True,16,10,graph_amortized_device
NVIDIA H200,bfloat16,1,128,0,p2/mma_split,2,1.4035999774932861,0.0,True,16,10,graph_amortized_device
NVIDIA H200,bfloat16,1,128,0,dao,2,1.5734000131487846,0.0,True,16,10,graph_amortized_device
NVIDIA H200,bfloat16,1,128,0,dao_plus_quant,2,2.9146000742912292,,True,16,10,graph_amortized_device
NVIDIA H200,bfloat16,1,128,0,p0/warp,3,1.421200018376112,0.0,True,16,10,graph_amortized_device
NVIDIA H200,bfloat16,1,128,0,dao_plus_quant,3,2.9146000742912292,,True,16,10,graph_amortized_device
NVIDIA H200,bfloat16,1,128,0,dao,3,1.573999971151352,0.0,True,16,10,graph_amortized_device
NVIDIA H200,bfloat16,1,128,0,p2/mma_split,3,1.4073999598622322,0.0,True,16,10,graph_amortized_device
NVIDIA H200,bfloat16,1,128,0,p2/warp,3,1.4506000094115734,0.0,True,16,10,graph_amortized_device
NVIDIA H200,bfloat16,1,128,0,p1/mma_split,3,1.4229999855160713,0.0,True,16,10,graph_amortized_device
NVIDIA H200,bfloat16,1,128,0,p1/warp,3,1.4208000153303146,0.0,True,16,10,graph_amortized_device
NVIDIA H200,bfloat16,1,128,0,p0/mma_split,3,1.4410000294446945,0.0,True,16,10,graph_amortized_device
NVIDIA H200,bfloat16,1,128,0,p1/warp,4,1.42620000988245,0.0,True,16,10,graph_amortized_device
NVIDIA H200,bfloat16,1,128,0,p1/mma_split,4,1.4241999946534634,0.0,True,16,10,graph_amortized_device
NVIDIA H200,bfloat16,1,128,0,p2/warp,4,1.4498000033199787,0.0,True,16,10,graph_amortized_device
NVIDIA H200,bfloat16,1,128,0,p2/mma_split,4,1.4047999866306782,0.0,True,16,10,graph_amortized_device
NVIDIA H200,bfloat16,1,128,0,dao,4,1.5752000734210014,0.0,True,16,10,graph_amortized_device
NVIDIA H200,bfloat16,1,128,0,dao_plus_quant,4,2.9147999361157417,,True,16,10,graph_amortized_device
NVIDIA H200,bfloat16,1,128,0,p0/warp,4,1.4171999879181385,0.0,True,16,10,graph_amortized_device
NVIDIA H200,bfloat16,1,128,0,p0/mma_split,4,1.4410000294446945,0.0,True,16,10,graph_amortized_device
NVIDIA H200,bfloat16,1,128,1,dao,0,1.5944000333547592,0.0,True,16,10,graph_amortized_device
NVIDIA H200,bfloat16,1,128,1,dao_plus_quant,0,2.9001999646425247,,True,16,10,graph_amortized_device
NVIDIA H200,bfloat16,1,128,1,p0/warp,0,1.4469999819993973,0.0,True,16,10,graph_amortized_device
NVIDIA H200,bfloat16,1,128,1,p0/mma_split,0,1.414399966597557,0.0,True,16,10,graph_amortized_device
NVIDIA H200,bfloat16,1,128,1,p1/warp,0,1.4448000118136406,0.0,True,16,10,graph_amortized_device
NVIDIA H200,bfloat16,1,128,1,p1/mma_split,0,1.4349999837577343,0.0,True,16,10,graph_amortized_device
NVIDIA H200,bfloat16,1,128,1,p2/warp,0,1.425000000745058,0.0,True,16,10,graph_amortized_device
NVIDIA H200,bfloat16,1,128,1,p2/mma_split,0,1.4142000116407871,0.0,True,16,10,graph_amortized_device
NVIDIA H200,bfloat16,1,128,1,dao,1,1.596199907362461,0.0,True,16,10,graph_amortized_device
NVIDIA H200,bfloat16,1,128,1,p2/mma_split,1,1.398599985986948,0.0,True,16,10,graph_amortized_device
NVIDIA H200,bfloat16,1,128,1,p2/warp,1,1.42639996483922,0.0,True,16,10,graph_amortized_device
NVIDIA H200,bfloat16,1,128,1,p1/mma_split,1,1.4317999593913555,0.0,True,16,10,graph_amortized_device
NVIDIA H200,bfloat16,1,128,1,p1/warp,1,1.4457999728620052,0.0,True,16,10,graph_amortized_device
NVIDIA H200,bfloat16,1,128,1,p0/mma_split,1,1.4154000207781792,0.0,True,16,10,graph_amortized_device
NVIDIA H200,bfloat16,1,128,1,p0/warp,1,1.4460000209510326,0.0,True,16,10,graph_amortized_device
NVIDIA H200,bfloat16,1,128,1,dao_plus_quant,1,2.89939995855093,,True,16,10,graph_amortized_device
NVIDIA H200,bfloat16,1,128,1,p0/warp,2,1.4449999667704105,0.0,True,16,10,graph_amortized_device
NVIDIA H200,bfloat16,1,128,1,p0/mma_split,2,1.4134000055491924,0.0,True,16,10,graph_amortized_device
NVIDIA H200,bfloat16,1,128,1,p1/warp,2,1.4460000209510326,0.0,True,16,10,graph_amortized_device
NVIDIA H200,bfloat16,1,128,1,p1/mma_split,2,1.4324000105261803,0.0,True,16,10,graph_amortized_device
NVIDIA H200,bfloat16,1,128,1,p2/warp,2,1.4233999885618687,0.0,True,16,10,graph_amortized_device
NVIDIA H200,bfloat16,1,128,1,p2/mma_split,2,1.4146000146865845,0.0,True,16,10,graph_amortized_device
NVIDIA H200,bfloat16,1,128,1,dao,2,1.5987999737262726,0.0,True,16,10,graph_amortized_device
NVIDIA H200,bfloat16,1,128,1,dao_plus_quant,2,2.899800054728985,,True,16,10,graph_amortized_device
NVIDIA H200,bfloat16,1,128,1,p0/warp,3,1.4436000026762486,0.0,True,16,10,graph_amortized_device
NVIDIA H200,bfloat16,1,128,1,dao_plus_quant,3,2.900799922645092,,True,16,10,graph_amortized_device
NVIDIA H200,bfloat16,1,128,1,dao,3,1.5982000157237053,0.0,True,16,10,graph_amortized_device
NVIDIA H200,bfloat16,1,128,1,p2/mma_split,3,1.4147999696433544,0.0,True,16,10,graph_amortized_device
NVIDIA H200,bfloat16,1,128,1,p2/warp,3,1.4204000122845173,0.0,True,16,10,graph_amortized_device
NVIDIA H200,bfloat16,1,128,1,p1/mma_split,3,1.4321999624371529,0.0,True,16,10,graph_amortized_device
NVIDIA H200,bfloat16,1,128,1,p1/warp,3,1.4484000392258167,0.0,True,16,10,graph_amortized_device
NVIDIA H200,bfloat16,1,128,1,p0/mma_split,3,1.4125999994575977,0.0,True,16,10,graph_amortized_device
NVIDIA H200,bfloat16,1,128,1,p1/warp,4,1.4437999576330185,0.0,True,16,10,graph_amortized_device
NVIDIA H200,bfloat16,1,128,1,p1/mma_split,4,1.4328000135719776,0.0,True,16,10,graph_amortized_device
NVIDIA H200,bfloat16,1,128,1,p2/warp,4,1.4259999617934227,0.0,True,16,10,graph_amortized_device
NVIDIA H200,bfloat16,1,128,1,p2/mma_split,4,1.4134000055491924,0.0,True,16,10,graph_amortized_device
NVIDIA H200,bfloat16,1,128,1,dao,4,1.5955999493598938,0.0,True,16,10,graph_amortized_device
NVIDIA H200,bfloat16,1,128,1,dao_plus_quant,4,2.9001999646425247,,True,16,10,graph_amortized_device
NVIDIA H200,bfloat16,1,128,1,p0/warp,4,1.447600033134222,0.0,True,16,10,graph_amortized_device
NVIDIA H200,bfloat16,1,128,1,p0/mma_split,4,1.4134000055491924,0.0,True,16,10,graph_amortized_device
NVIDIA H200,bfloat16,128,128,0,dao,0,1.703999936580658,0.0,True,16,10,graph_amortized_device
NVIDIA H200,bfloat16,128,128,0,dao_plus_quant,0,3.227800130844116,,True,16,10,graph_amortized_device
NVIDIA H200,bfloat16,128,128,0,p0/warp,0,1.5581999905407429,0.0,True,16,10,graph_amortized_device
NVIDIA H200,bfloat16,128,128,0,p0/mma_split,0,1.669199950993061,0.0625,False,16,10,graph_amortized_device
NVIDIA H200,bfloat16,128,128,0,p1/warp,0,1.5629999339580536,0.0,True,16,10,graph_amortized_device
NVIDIA H200,bfloat16,128,128,0,p1/mma_split,0,1.657399907708168,0.0625,False,16,10,graph_amortized_device
NVIDIA H200,bfloat16,128,128,0,p2/warp,0,1.523599959909916,0.0,True,16,10,graph_amortized_device
NVIDIA H200,bfloat16,128,128,0,p2/mma_split,0,1.737000048160553,0.0,True,16,10,graph_amortized_device
NVIDIA H200,bfloat16,128,128,0,dao,1,1.7219999805092812,0.0,True,16,10,graph_amortized_device
NVIDIA H200,bfloat16,128,128,0,p2/mma_split,1,1.734600029885769,0.0,True,16,10,graph_amortized_device
NVIDIA H200,bfloat16,128,128,0,p2/warp,1,1.5433999709784985,0.0,True,16,10,graph_amortized_device
NVIDIA H200,bfloat16,128,128,0,p1/mma_split,1,1.6548000276088715,0.0625,False,16,10,graph_amortized_device
NVIDIA H200,bfloat16,128,128,0,p1/warp,1,1.5639999881386757,0.0,True,16,10,graph_amortized_device
NVIDIA H200,bfloat16,128,128,0,p0/mma_split,1,1.6669999808073044,0.0625,False,16,10,graph_amortized_device
NVIDIA H200,bfloat16,128,128,0,p0/warp,1,1.5588000416755676,0.0,True,16,10,graph_amortized_device
NVIDIA H200,bfloat16,128,128,0,dao_plus_quant,1,3.227600082755089,,True,16,10,graph_amortized_device
NVIDIA H200,bfloat16,128,128,0,p0/warp,2,1.5589999966323376,0.0,True,16,10,graph_amortized_device
NVIDIA H200,bfloat16,128,128,0,p0/mma_split,2,1.6680000349879265,0.0625,False,16,10,graph_amortized_device
NVIDIA H200,bfloat16,128,128,0,p1/warp,2,1.5639999881386757,0.0,True,16,10,graph_amortized_device
NVIDIA H200,bfloat16,128,128,0,p1/mma_split,2,1.6392000019550323,0.0625,False,16,10,graph_amortized_device
NVIDIA H200,bfloat16,128,128,0,p2/warp,2,1.5464000403881073,0.0,True,16,10,graph_amortized_device
NVIDIA H200,bfloat16,128,128,0,p2/mma_split,2,1.7349999397993088,0.0,True,16,10,graph_amortized_device
NVIDIA H200,bfloat16,128,128,0,dao,2,1.6874000430107117,0.0,True,16,10,graph_amortized_device
NVIDIA H200,bfloat16,128,128,0,dao_plus_quant,2,3.228199854493141,,True,16,10,graph_amortized_device
NVIDIA H200,bfloat16,128,128,0,p0/warp,3,1.5585999935865402,0.0,True,16,10,graph_amortized_device
NVIDIA H200,bfloat16,128,128,0,dao_plus_quant,3,3.229000046849251,,True,16,10,graph_amortized_device
NVIDIA H200,bfloat16,128,128,0,dao,3,1.7023999243974686,0.0,True,16,10,graph_amortized_device
NVIDIA H200,bfloat16,128,128,0,p2/mma_split,3,1.7368000000715256,0.0,True,16,10,graph_amortized_device
NVIDIA H200,bfloat16,128,128,0,p2/warp,3,1.5432000160217285,0.0,True,16,10,graph_amortized_device
NVIDIA H200,bfloat16,128,128,0,p1/mma_split,3,1.6418000683188438,0.0625,False,16,10,graph_amortized_device
NVIDIA H200,bfloat16,128,128,0,p1/warp,3,1.563199982047081,0.0,True,16,10,graph_amortized_device
NVIDIA H200,bfloat16,128,128,0,p0/mma_split,3,1.6682000830769539,0.0625,False,16,10,graph_amortized_device
NVIDIA H200,bfloat16,128,128,0,p1/warp,4,1.5622000209987164,0.0,True,16,10,graph_amortized_device
NVIDIA H200,bfloat16,128,128,0,p1/mma_split,4,1.6537999734282494,0.0625,False,16,10,graph_amortized_device
NVIDIA H200,bfloat16,128,128,0,p2/warp,4,1.5436000190675259,0.0,True,16,10,graph_amortized_device
NVIDIA H200,bfloat16,128,128,0,p2/mma_split,4,1.7357999458909035,0.0,True,16,10,graph_amortized_device
NVIDIA H200,bfloat16,128,128,0,dao,4,1.7208000645041466,0.0,True,16,10,graph_amortized_device
NVIDIA H200,bfloat16,128,128,0,dao_plus_quant,4,3.2280001789331436,,True,16,10,graph_amortized_device
NVIDIA H200,bfloat16,128,128,0,p0/warp,4,1.5589999966323376,0.0,True,16,10,graph_amortized_device
NVIDIA H200,bfloat16,128,128,0,p0/mma_split,4,1.669199950993061,0.0625,False,16,10,graph_amortized_device
NVIDIA H200,bfloat16,128,128,1,dao,0,1.7149999737739563,0.0,True,16,10,graph_amortized_device
NVIDIA H200,bfloat16,128,128,1,dao_plus_quant,0,3.2924000173807144,,True,16,10,graph_amortized_device
NVIDIA H200,bfloat16,128,128,1,p0/warp,0,1.5225999988615513,0.0,True,16,10,graph_amortized_device
NVIDIA H200,bfloat16,128,128,1,p0/mma_split,0,1.6933999955654144,0.001953125,True,16,10,graph_amortized_device
NVIDIA H200,bfloat16,128,128,1,p1/warp,0,1.5337999910116196,0.0,True,16,10,graph_amortized_device
NVIDIA H200,bfloat16,128,128,1,p1/mma_split,0,1.6745999455451965,0.001953125,True,16,10,graph_amortized_device
NVIDIA H200,bfloat16,128,128,1,p2/warp,0,1.547400001436472,0.0,True,16,10,graph_amortized_device
NVIDIA H200,bfloat16,128,128,1,p2/mma_split,0,1.719599962234497,0.0,True,16,10,graph_amortized_device
NVIDIA H200,bfloat16,128,128,1,dao,1,1.7179999500513077,0.0,True,16,10,graph_amortized_device
NVIDIA H200,bfloat16,128,128,1,p2/mma_split,1,1.7203999683260918,0.0,True,16,10,graph_amortized_device
NVIDIA H200,bfloat16,128,128,1,p2/warp,1,1.548799965530634,0.0,True,16,10,graph_amortized_device
NVIDIA H200,bfloat16,128,128,1,p1/mma_split,1,1.674799993634224,0.001953125,True,16,10,graph_amortized_device
NVIDIA H200,bfloat16,128,128,1,p1/warp,1,1.5296000055968761,0.0,True,16,10,graph_amortized_device
NVIDIA H200,bfloat16,128,128,1,p0/mma_split,1,1.6955999657511711,0.001953125,True,16,10,graph_amortized_device
NVIDIA H200,bfloat16,128,128,1,p0/warp,1,1.5251999720931053,0.0,True,16,10,graph_amortized_device
NVIDIA H200,bfloat16,128,128,1,dao_plus_quant,1,3.292600065469742,,True,16,10,graph_amortized_device
NVIDIA H200,bfloat16,128,128,1,p0/warp,2,1.522000040858984,0.0,True,16,10,graph_amortized_device
NVIDIA H200,bfloat16,128,128,1,p0/mma_split,2,1.6777999699115753,0.001953125,True,16,10,graph_amortized_device
NVIDIA H200,bfloat16,128,128,1,p1/warp,2,1.5317999757826328,0.0,True,16,10,graph_amortized_device
NVIDIA H200,bfloat16,128,128,1,p1/mma_split,2,1.6721999272704124,0.001953125,True,16,10,graph_amortized_device
NVIDIA H200,bfloat16,128,128,1,p2/warp,2,1.5482000075280666,0.0,True,16,10,graph_amortized_device
NVIDIA H200,bfloat16,128,128,1,p2/mma_split,2,1.7184000462293625,0.0,True,16,10,graph_amortized_device
NVIDIA H200,bfloat16,128,128,1,dao,2,1.7173999920487404,0.0,True,16,10,graph_amortized_device
NVIDIA H200,bfloat16,128,128,1,dao_plus_quant,2,3.2919999212026596,,True,16,10,graph_amortized_device
NVIDIA H200,bfloat16,128,128,1,p0/warp,3,1.5230000019073486,0.0,True,16,10,graph_amortized_device
NVIDIA H200,bfloat16,128,128,1,dao_plus_quant,3,3.291799873113632,,True,16,10,graph_amortized_device
NVIDIA H200,bfloat16,128,128,1,dao,3,1.7170000821352005,0.0,True,16,10,graph_amortized_device
NVIDIA H200,bfloat16,128,128,1,p2/mma_split,3,1.7187999561429024,0.0,True,16,10,graph_amortized_device
NVIDIA H200,bfloat16,128,128,1,p2/warp,3,1.5468000434339046,0.0,True,16,10,graph_amortized_device
NVIDIA H200,bfloat16,128,128,1,p1/mma_split,3,1.6745999455451965,0.001953125,True,16,10,graph_amortized_device
NVIDIA H200,bfloat16,128,128,1,p1/warp,3,1.534199994057417,0.0,True,16,10,graph_amortized_device
NVIDIA H200,bfloat16,128,128,1,p0/mma_split,3,1.6790000721812248,0.001953125,True,16,10,graph_amortized_device
NVIDIA H200,bfloat16,128,128,1,p1/warp,4,1.5308000147342682,0.0,True,16,10,graph_amortized_device
NVIDIA H200,bfloat16,128,128,1,p1/mma_split,4,1.6745999455451965,0.001953125,True,16,10,graph_amortized_device
NVIDIA H200,bfloat16,128,128,1,p2/warp,4,1.5483999624848366,0.0,True,16,10,graph_amortized_device
NVIDIA H200,bfloat16,128,128,1,p2/mma_split,4,1.7200000584125519,0.0,True,16,10,graph_amortized_device
NVIDIA H200,bfloat16,128,128,1,dao,4,1.7162000760436058,0.0,True,16,10,graph_amortized_device
NVIDIA H200,bfloat16,128,128,1,dao_plus_quant,4,3.290800005197525,,True,16,10,graph_amortized_device
NVIDIA H200,bfloat16,128,128,1,p0/warp,4,1.5227999538183212,0.0,True,16,10,graph_amortized_device
NVIDIA H200,bfloat16,128,128,1,p0/mma_split,4,1.6971999779343605,0.001953125,True,16,10,graph_amortized_device
NVIDIA H200,bfloat16,16384,128,0,dao,0,11.364399641752243,0.0,True,16,10,graph_amortized_device
NVIDIA H200,bfloat16,16384,128,0,dao_plus_quant,0,22.480200231075287,,True,16,10,graph_amortized_device
NVIDIA H200,bfloat16,16384,128,0,p0/warp,0,3.969400003552437,0.0,True,16,10,graph_amortized_device
NVIDIA H200,bfloat16,16384,128,0,p0/mma_split,0,3.853200003504753,0.125,False,16,10,graph_amortized_device
NVIDIA H200,bfloat16,16384,128,0,p1/warp,0,3.9475999772548676,0.0,True,16,10,graph_amortized_device
NVIDIA H200,bfloat16,16384,128,0,p1/mma_split,0,3.8568001240491867,0.125,False,16,10,graph_amortized_device
NVIDIA H200,bfloat16,16384,128,0,p2/warp,0,3.9542000740766525,0.0,True,16,10,graph_amortized_device
NVIDIA H200,bfloat16,16384,128,0,p2/mma_split,0,4.128199815750122,0.0,True,16,10,graph_amortized_device
NVIDIA H200,bfloat16,16384,128,0,dao,1,11.36379987001419,0.0,True,16,10,graph_amortized_device
NVIDIA H200,bfloat16,16384,128,0,p2/mma_split,1,4.14699986577034,0.0,True,16,10,graph_amortized_device
NVIDIA H200,bfloat16,16384,128,0,p2/warp,1,3.9494000375270844,0.0,True,16,10,graph_amortized_device
NVIDIA H200,bfloat16,16384,128,0,p1/mma_split,1,3.8819998502731323,0.125,False,16,10,graph_amortized_device
NVIDIA H200,bfloat16,16384,128,0,p1/warp,1,4.009599983692169,0.0,True,16,10,graph_amortized_device
NVIDIA H200,bfloat16,16384,128,0,p0/mma_split,1,3.8495998829603195,0.125,False,16,10,graph_amortized_device
NVIDIA H200,bfloat16,16384,128,0,p0/warp,1,3.9705999195575714,0.0,True,16,10,graph_amortized_device
NVIDIA H200,bfloat16,16384,128,0,dao_plus_quant,1,22.504399716854095,,True,16,10,graph_amortized_device
NVIDIA H200,bfloat16,16384,128,0,p0/warp,2,3.9712000638246536,0.0,True,16,10,graph_amortized_device
NVIDIA H200,bfloat16,16384,128,0,p0/mma_split,2,3.833800181746483,0.125,False,16,10,graph_amortized_device
NVIDIA H200,bfloat16,16384,128,0,p1/warp,2,3.962000086903572,0.0,True,16,10,graph_amortized_device
NVIDIA H200,bfloat16,16384,128,0,p1/mma_split,2,3.8534000515937805,0.125,False,16,10,graph_amortized_device
NVIDIA H200,bfloat16,16384,128,0,p2/warp,2,3.9719998836517334,0.0,True,16,10,graph_amortized_device
NVIDIA H200,bfloat16,16384,128,0,p2/mma_split,2,4.177799820899963,0.0,True,16,10,graph_amortized_device
NVIDIA H200,bfloat16,16384,128,0,dao,2,11.37240007519722,0.0,True,16,10,graph_amortized_device
NVIDIA H200,bfloat16,16384,128,0,dao_plus_quant,2,22.52119928598404,,True,16,10,graph_amortized_device
NVIDIA H200,bfloat16,16384,128,0,p0/warp,3,4.047000035643578,0.0,True,16,10,graph_amortized_device
NVIDIA H200,bfloat16,16384,128,0,dao_plus_quant,3,22.43800014257431,,True,16,10,graph_amortized_device
NVIDIA H200,bfloat16,16384,128,0,dao,3,11.361400038003922,0.0,True,16,10,graph_amortized_device
NVIDIA H200,bfloat16,16384,128,0,p2/mma_split,3,4.151200130581856,0.0,True,16,10,graph_amortized_device
NVIDIA H200,bfloat16,16384,128,0,p2/warp,3,3.943999856710434,0.0,True,16,10,graph_amortized_device
NVIDIA H200,bfloat16,16384,128,0,p1/mma_split,3,3.849000111222267,0.125,False,16,10,graph_amortized_device
NVIDIA H200,bfloat16,16384,128,0,p1/warp,3,3.9494000375270844,0.0,True,16,10,graph_amortized_device
NVIDIA H200,bfloat16,16384,128,0,p0/mma_split,3,3.904600068926811,0.125,False,16,10,graph_amortized_device
NVIDIA H200,bfloat16,16384,128,0,p1/warp,4,3.9494000375270844,0.0,True,16,10,graph_amortized_device
NVIDIA H200,bfloat16,16384,128,0,p1/mma_split,4,3.8621999323368073,0.125,False,16,10,graph_amortized_device
NVIDIA H200,bfloat16,16384,128,0,p2/warp,4,4.018399864435196,0.0,True,16,10,graph_amortized_device
NVIDIA H200,bfloat16,16384,128,0,p2/mma_split,4,4.196599870920181,0.0,True,16,10,graph_amortized_device
NVIDIA H200,bfloat16,16384,128,0,dao,4,11.363200098276138,0.0,True,16,10,graph_amortized_device
NVIDIA H200,bfloat16,16384,128,0,dao_plus_quant,4,22.519400715827942,,True,16,10,graph_amortized_device
NVIDIA H200,bfloat16,16384,128,0,p0/warp,4,3.970000147819519,0.0,True,16,10,graph_amortized_device
NVIDIA H200,bfloat16,16384,128,0,p0/mma_split,4,3.880000114440918,0.125,False,16,10,graph_amortized_device
NVIDIA H200,bfloat16,16384,128,1,dao,0,11.398199945688248,0.0,True,16,10,graph_amortized_device
NVIDIA H200,bfloat16,16384,128,1,dao_plus_quant,0,22.52500057220459,,True,16,10,graph_amortized_device
NVIDIA H200,bfloat16,16384,128,1,p0/warp,0,3.963800147175789,0.0,True,16,10,graph_amortized_device
NVIDIA H200,bfloat16,16384,128,1,p0/mma_split,0,3.8217999041080475,0.015625,True,16,10,graph_amortized_device
NVIDIA H200,bfloat16,16384,128,1,p1/warp,0,3.970799967646599,0.0,True,16,10,graph_amortized_device
NVIDIA H200,bfloat16,16384,128,1,p1/mma_split,0,3.857000172138214,0.015625,True,16,10,graph_amortized_device
NVIDIA H200,bfloat16,16384,128,1,p2/warp,0,3.9671998471021652,0.0,True,16,10,graph_amortized_device
NVIDIA H200,bfloat16,16384,128,1,p2/mma_split,0,4.135200008749962,6.103515625e-05,True,16,10,graph_amortized_device
NVIDIA H200,bfloat16,16384,128,1,dao,1,11.40659973025322,0.0,True,16,10,graph_amortized_device
NVIDIA H200,bfloat16,16384,128,1,p2/mma_split,1,4.1266001760959625,6.103515625e-05,True,16,10,graph_amortized_device
NVIDIA H200,bfloat16,16384,128,1,p2/warp,1,3.9684001356363297,0.0,True,16,10,graph_amortized_device
NVIDIA H200,bfloat16,16384,128,1,p1/mma_split,1,3.865800052881241,0.015625,True,16,10,graph_amortized_device
NVIDIA H200,bfloat16,16384,128,1,p1/warp,1,3.9701998233795166,0.0,True,16,10,graph_amortized_device
NVIDIA H200,bfloat16,16384,128,1,p0/mma_split,1,3.7852000445127487,0.015625,True,16,10,graph_amortized_device
NVIDIA H200,bfloat16,16384,128,1,p0/warp,1,3.9691999554634094,0.0,True,16,10,graph_amortized_device
NVIDIA H200,bfloat16,16384,128,1,dao_plus_quant,1,22.525399923324585,,True,16,10,graph_amortized_device
NVIDIA H200,bfloat16,16384,128,1,p0/warp,2,3.9608001708984375,0.0,True,16,10,graph_amortized_device
NVIDIA H200,bfloat16,16384,128,1,p0/mma_split,2,3.825800120830536,0.015625,True,16,10,graph_amortized_device
NVIDIA H200,bfloat16,16384,128,1,p1/warp,2,3.975199908018112,0.0,True,16,10,graph_amortized_device
NVIDIA H200,bfloat16,16384,128,1,p1/mma_split,2,3.893600031733513,0.015625,True,16,10,graph_amortized_device
NVIDIA H200,bfloat16,16384,128,1,p2/warp,2,3.9726000279188156,0.0,True,16,10,graph_amortized_device
NVIDIA H200,bfloat16,16384,128,1,p2/mma_split,2,4.103599861264229,6.103515625e-05,True,16,10,graph_amortized_device
NVIDIA H200,bfloat16,16384,128,1,dao,2,11.404000222682953,0.0,True,16,10,graph_amortized_device
NVIDIA H200,bfloat16,16384,128,1,dao_plus_quant,2,22.524000704288483,,True,16,10,graph_amortized_device
NVIDIA H200,bfloat16,16384,128,1,p0/warp,3,3.9611998945474625,0.0,True,16,10,graph_amortized_device
NVIDIA H200,bfloat16,16384,128,1,dao_plus_quant,3,22.529999911785126,,True,16,10,graph_amortized_device
NVIDIA H200,bfloat16,16384,128,1,dao,3,11.41439974308014,0.0,True,16,10,graph_amortized_device
NVIDIA H200,bfloat16,16384,128,1,p2/mma_split,3,4.120200127363205,6.103515625e-05,True,16,10,graph_amortized_device
NVIDIA H200,bfloat16,16384,128,1,p2/warp,3,3.9657998830080032,0.0,True,16,10,graph_amortized_device
NVIDIA H200,bfloat16,16384,128,1,p1/mma_split,3,3.889000043272972,0.015625,True,16,10,graph_amortized_device
NVIDIA H200,bfloat16,16384,128,1,p1/warp,3,3.971799835562706,0.0,True,16,10,graph_amortized_device
NVIDIA H200,bfloat16,16384,128,1,p0/mma_split,3,3.825400024652481,0.015625,True,16,10,graph_amortized_device
NVIDIA H200,bfloat16,16384,128,1,p1/warp,4,4.046399891376495,0.0,True,16,10,graph_amortized_device
NVIDIA H200,bfloat16,16384,128,1,p1/mma_split,4,3.913399949669838,0.015625,True,16,10,graph_amortized_device
NVIDIA H200,bfloat16,16384,128,1,p2/warp,4,3.969400003552437,0.0,True,16,10,graph_amortized_device
NVIDIA H200,bfloat16,16384,128,1,p2/mma_split,4,4.226800054311752,6.103515625e-05,True,16,10,graph_amortized_device
NVIDIA H200,bfloat16,16384,128,1,dao,4,11.425399780273438,0.0,True,16,10,graph_amortized_device
NVIDIA H200,bfloat16,16384,128,1,dao_plus_quant,4,22.520600259304047,,True,16,10,graph_amortized_device
NVIDIA H200,bfloat16,16384,128,1,p0/warp,4,3.96060012280941,0.0,True,16,10,graph_amortized_device
NVIDIA H200,bfloat16,16384,128,1,p0/mma_split,4,3.790000081062317,0.015625,True,16,10,graph_amortized_device
NVIDIA H200,bfloat16,131072,128,0,dao,0,80.61559796333313,0.0,True,16,10,graph_amortized_device
NVIDIA H200,bfloat16,131072,128,0,dao_plus_quant,0,160.86280345916748,,True,16,10,graph_amortized_device
NVIDIA H200,bfloat16,131072,128,0,p0/warp,0,22.30679988861084,0.0,True,16,10,graph_amortized_device
NVIDIA H200,bfloat16,131072,128,0,p0/mma_split,0,20.683999359607697,0.25,False,16,10,graph_amortized_device
NVIDIA H200,bfloat16,131072,128,0,p1/warp,0,22.282400727272034,0.0,True,16,10,graph_amortized_device
NVIDIA H200,bfloat16,131072,128,0,p1/mma_split,0,20.745399594306946,0.25,False,16,10,graph_amortized_device
NVIDIA H200,bfloat16,131072,128,0,p2/warp,0,22.3021999001503,0.0,True,16,10,graph_amortized_device
NVIDIA H200,bfloat16,131072,128,0,p2/mma_split,0,21.85879945755005,0.00390625,True,16,10,graph_amortized_device
NVIDIA H200,bfloat16,131072,128,0,dao,1,80.6111991405487,0.0,True,16,10,graph_amortized_device
NVIDIA H200,bfloat16,131072,128,0,p2/mma_split,1,21.886199712753296,0.00390625,True,16,10,graph_amortized_device
NVIDIA H200,bfloat16,131072,128,0,p2/warp,1,22.31539934873581,0.0,True,16,10,graph_amortized_device
NVIDIA H200,bfloat16,131072,128,0,p1/mma_split,1,20.74439972639084,0.25,False,16,10,graph_amortized_device
NVIDIA H200,bfloat16,131072,128,0,p1/warp,1,22.28180021047592,0.0,True,16,10,graph_amortized_device
NVIDIA H200,bfloat16,131072,128,0,p0/mma_split,1,20.662400126457214,0.25,False,16,10,graph_amortized_device
NVIDIA H200,bfloat16,131072,128,0,p0/warp,1,22.31999933719635,0.0,True,16,10,graph_amortized_device
NVIDIA H200,bfloat16,131072,128,0,dao_plus_quant,1,161.65460348129272,,True,16,10,graph_amortized_device
NVIDIA H200,bfloat16,131072,128,0,p0/warp,2,22.393399477005005,0.0,True,16,10,graph_amortized_device
NVIDIA H200,bfloat16,131072,128,0,p0/mma_split,2,20.721399784088135,0.25,False,16,10,graph_amortized_device
NVIDIA H200,bfloat16,131072,128,0,p1/warp,2,22.377799451351166,0.0,True,16,10,graph_amortized_device
NVIDIA H200,bfloat16,131072,128,0,p1/mma_split,2,20.838800072669983,0.25,False,16,10,graph_amortized_device
NVIDIA H200,bfloat16,131072,128,0,p2/warp,2,22.39139974117279,0.0,True,16,10,graph_amortized_device
NVIDIA H200,bfloat16,131072,128,0,p2/mma_split,2,21.94260060787201,0.00390625,True,16,10,graph_amortized_device
NVIDIA H200,bfloat16,131072,128,0,dao,2,80.93180060386658,0.0,True,16,10,graph_amortized_device
NVIDIA H200,bfloat16,131072,128,0,dao_plus_quant,2,161.61999702453613,,True,16,10,graph_amortized_device
NVIDIA H200,bfloat16,131072,128,0,p0/warp,3,22.38759994506836,0.0,True,16,10,graph_amortized_device
NVIDIA H200,bfloat16,131072,128,0,dao_plus_quant,3,161.6536021232605,,True,16,10,graph_amortized_device
NVIDIA H200,bfloat16,131072,128,0,dao,3,80.99439740180969,0.0,True,16,10,graph_amortized_device
NVIDIA H200,bfloat16,131072,128,0,p2/mma_split,3,21.921800076961517,0.00390625,True,16,10,graph_amortized_device
NVIDIA H200,bfloat16,131072,128,0,p2/warp,3,22.346200048923492,0.0,True,16,10,graph_amortized_device
NVIDIA H200,bfloat16,131072,128,0,p1/mma_split,3,20.78920006752014,0.25,False,16,10,graph_amortized_device
NVIDIA H200,bfloat16,131072,128,0,p1/warp,3,22.30360060930252,0.0,True,16,10,graph_amortized_device
NVIDIA H200,bfloat16,131072,128,0,p0/mma_split,3,20.69299966096878,0.25,False,16,10,graph_amortized_device
NVIDIA H200,bfloat16,131072,128,0,p1/warp,4,22.29660004377365,0.0,True,16,10,graph_amortized_device
NVIDIA H200,bfloat16,131072,128,0,p1/mma_split,4,20.767000317573547,0.25,False,16,10,graph_amortized_device
NVIDIA H200,bfloat16,131072,128,0,p2/warp,4,22.31999933719635,0.0,True,16,10,graph_amortized_device
NVIDIA H200,bfloat16,131072,128,0,p2/mma_split,4,21.910199522972107,0.00390625,True,16,10,graph_amortized_device
NVIDIA H200,bfloat16,131072,128,0,dao,4,80.63300251960754,0.0,True,16,10,graph_amortized_device
NVIDIA H200,bfloat16,131072,128,0,dao_plus_quant,4,161.0018014907837,,True,16,10,graph_amortized_device
NVIDIA H200,bfloat16,131072,128,0,p0/warp,4,22.324199974536896,0.0,True,16,10,graph_amortized_device
NVIDIA H200,bfloat16,131072,128,0,p0/mma_split,4,20.6714004278183,0.25,False,16,10,graph_amortized_device
NVIDIA H200,bfloat16,131072,128,1,dao,0,80.63160181045532,0.0,True,16,10,graph_amortized_device
NVIDIA H200,bfloat16,131072,128,1,dao_plus_quant,0,160.83699464797974,,True,16,10,graph_amortized_device
NVIDIA H200,bfloat16,131072,128,1,p0/warp,0,22.39679992198944,0.0,True,16,10,graph_amortized_device
NVIDIA H200,bfloat16,131072,128,1,p0/mma_split,0,20.561200380325317,0.015625,True,16,10,graph_amortized_device
NVIDIA H200,bfloat16,131072,128,1,p1/warp,0,22.353599965572357,0.0,True,16,10,graph_amortized_device
NVIDIA H200,bfloat16,131072,128,1,p1/mma_split,0,20.762400329113007,0.015625,True,16,10,graph_amortized_device
NVIDIA H200,bfloat16,131072,128,1,p2/warp,0,22.318600118160248,0.0,True,16,10,graph_amortized_device
NVIDIA H200,bfloat16,131072,128,1,p2/mma_split,0,21.94399982690811,0.00390625,True,16,10,graph_amortized_device
NVIDIA H200,bfloat16,131072,128,1,dao,1,80.62880039215088,0.0,True,16,10,graph_amortized_device
NVIDIA H200,bfloat16,131072,128,1,p2/mma_split,1,21.94399982690811,0.00390625,True,16,10,graph_amortized_device
NVIDIA H200,bfloat16,131072,128,1,p2/warp,1,22.35260009765625,0.0,True,16,10,graph_amortized_device
NVIDIA H200,bfloat16,131072,128,1,p1/mma_split,1,20.785599946975708,0.015625,True,16,10,graph_amortized_device
NVIDIA H200,bfloat16,131072,128,1,p1/warp,1,22.42799997329712,0.0,True,16,10,graph_amortized_device
NVIDIA H200,bfloat16,131072,128,1,p0/mma_split,1,20.624199509620667,0.015625,True,16,10,graph_amortized_device
NVIDIA H200,bfloat16,131072,128,1,p0/warp,1,22.479799389839172,0.0,True,16,10,graph_amortized_device
NVIDIA H200,bfloat16,131072,128,1,dao_plus_quant,1,161.6078019142151,,True,16,10,graph_amortized_device
NVIDIA H200,bfloat16,131072,128,1,p0/warp,2,22.50480055809021,0.0,True,16,10,graph_amortized_device
NVIDIA H200,bfloat16,131072,128,1,p0/mma_split,2,20.66739946603775,0.015625,True,16,10,graph_amortized_device
NVIDIA H200,bfloat16,131072,128,1,p1/warp,2,22.42259979248047,0.0,True,16,10,graph_amortized_device
NVIDIA H200,bfloat16,131072,128,1,p1/mma_split,2,20.786799490451813,0.015625,True,16,10,graph_amortized_device
NVIDIA H200,bfloat16,131072,128,1,p2/warp,2,22.426800429821014,0.0,True,16,10,graph_amortized_device
NVIDIA H200,bfloat16,131072,128,1,p2/mma_split,2,22.02479988336563,0.00390625,True,16,10,graph_amortized_device
NVIDIA H200,bfloat16,131072,128,1,dao,2,80.91760277748108,0.0,True,16,10,graph_amortized_device
NVIDIA H200,bfloat16,131072,128,1,dao_plus_quant,2,161.627197265625,,True,16,10,graph_amortized_device
NVIDIA H200,bfloat16,131072,128,1,p0/warp,3,22.50480055809021,0.0,True,16,10,graph_amortized_device
NVIDIA H200,bfloat16,131072,128,1,dao_plus_quant,3,161.60900592803955,,True,16,10,graph_amortized_device
NVIDIA H200,bfloat16,131072,128,1,dao,3,80.99600076675415,0.0,True,16,10,graph_amortized_device
NVIDIA H200,bfloat16,131072,128,1,p2/mma_split,3,22.004200518131256,0.00390625,True,16,10,graph_amortized_device
NVIDIA H200,bfloat16,131072,128,1,p2/warp,3,22.430400550365448,0.0,True,16,10,graph_amortized_device
NVIDIA H200,bfloat16,131072,128,1,p1/mma_split,3,20.793400704860687,0.015625,True,16,10,graph_amortized_device
NVIDIA H200,bfloat16,131072,128,1,p1/warp,3,22.405600547790527,0.0,True,16,10,graph_amortized_device
NVIDIA H200,bfloat16,131072,128,1,p0/mma_split,3,20.62399983406067,0.015625,True,16,10,graph_amortized_device
NVIDIA H200,bfloat16,131072,128,1,p1/warp,4,22.3580002784729,0.0,True,16,10,graph_amortized_device
NVIDIA H200,bfloat16,131072,128,1,p1/mma_split,4,20.74439972639084,0.015625,True,16,10,graph_amortized_device
NVIDIA H200,bfloat16,131072,128,1,p2/warp,4,22.361600399017334,0.0,True,16,10,graph_amortized_device
NVIDIA H200,bfloat16,131072,128,1,p2/mma_split,4,21.972599625587463,0.00390625,True,16,10,graph_amortized_device
NVIDIA H200,bfloat16,131072,128,1,dao,4,80.65059781074524,0.0,True,16,10,graph_amortized_device
NVIDIA H200,bfloat16,131072,128,1,dao_plus_quant,4,161.01579666137695,,True,16,10,graph_amortized_device
NVIDIA H200,bfloat16,131072,128,1,p0/warp,4,22.469399869441986,0.0,True,16,10,graph_amortized_device
NVIDIA H200,bfloat16,131072,128,1,p0/mma_split,4,20.63080072402954,0.015625,True,16,10,graph_amortized_device
NVIDIA H200,bfloat16,1,256,0,dao,0,1.631000079214573,0.0,True,16,10,graph_amortized_device
NVIDIA H200,bfloat16,1,256,0,dao_plus_quant,0,2.969999983906746,,True,16,10,graph_amortized_device
NVIDIA H200,bfloat16,1,256,0,p0/warp,0,1.5014000236988068,0.0,True,16,10,graph_amortized_device
NVIDIA H200,bfloat16,1,256,0,p0/mma_split,0,1.607000082731247,0.0625,False,16,10,graph_amortized_device
NVIDIA H200,bfloat16,1,256,0,p1/warp,0,1.5104000456631184,0.0,True,16,10,graph_amortized_device
NVIDIA H200,bfloat16,1,256,0,p1/mma_split,0,1.5783999115228653,0.0625,False,16,10,graph_amortized_device
NVIDIA H200,bfloat16,1,256,0,p2/warp,0,1.5282000415027142,0.0,True,16,10,graph_amortized_device
NVIDIA H200,bfloat16,1,256,0,p2/mma_split,0,1.6016000881791115,0.0,True,16,10,graph_amortized_device
NVIDIA H200,bfloat16,1,256,0,dao,1,1.6284000128507614,0.0,True,16,10,graph_amortized_device
NVIDIA H200,bfloat16,1,256,0,p2/mma_split,1,1.612599939107895,0.0,True,16,10,graph_amortized_device
NVIDIA H200,bfloat16,1,256,0,p2/warp,1,1.5250000171363354,0.0,True,16,10,graph_amortized_device
NVIDIA H200,bfloat16,1,256,0,p1/mma_split,1,1.580199971795082,0.0625,False,16,10,graph_amortized_device
NVIDIA H200,bfloat16,1,256,0,p1/warp,1,1.5068000182509422,0.0,True,16,10,graph_amortized_device
NVIDIA H200,bfloat16,1,256,0,p0/mma_split,1,1.6063999384641647,0.0625,False,16,10,graph_amortized_device
NVIDIA H200,bfloat16,1,256,0,p0/warp,1,1.4990000054240227,0.0,True,16,10,graph_amortized_device
NVIDIA H200,bfloat16,1,256,0,dao_plus_quant,1,2.9729999601840973,,True,16,10,graph_amortized_device
NVIDIA H200,bfloat16,1,256,0,p0/warp,2,1.5023999847471714,0.0,True,16,10,graph_amortized_device
NVIDIA H200,bfloat16,1,256,0,p0/mma_split,2,1.6085999086499214,0.0625,False,16,10,graph_amortized_device
NVIDIA H200,bfloat16,1,256,0,p1/warp,2,1.5069999732077122,0.0,True,16,10,graph_amortized_device
NVIDIA H200,bfloat16,1,256,0,p1/mma_split,2,1.580199971795082,0.0625,False,16,10,graph_amortized_device
NVIDIA H200,bfloat16,1,256,0,p2/warp,2,1.5287999995052814,0.0,True,16,10,graph_amortized_device
NVIDIA H200,bfloat16,1,256,0,p2/mma_split,2,1.5982000157237053,0.0,True,16,10,graph_amortized_device
NVIDIA H200,bfloat16,1,256,0,dao,2,1.6286000609397888,0.0,True,16,10,graph_amortized_device
NVIDIA H200,bfloat16,1,256,0,dao_plus_quant,2,2.9740000143647194,,True,16,10,graph_amortized_device
NVIDIA H200,bfloat16,1,256,0,p0/warp,3,1.5043999999761581,0.0,True,16,10,graph_amortized_device
NVIDIA H200,bfloat16,1,256,0,dao_plus_quant,3,2.97200009226799,,True,16,10,graph_amortized_device
NVIDIA H200,bfloat16,1,256,0,dao,3,1.6294000670313835,0.0,True,16,10,graph_amortized_device
NVIDIA H200,bfloat16,1,256,0,p2/mma_split,3,1.5982000157237053,0.0,True,16,10,graph_amortized_device
NVIDIA H200,bfloat16,1,256,0,p2/warp,3,1.5289999544620514,0.0,True,16,10,graph_amortized_device
NVIDIA H200,bfloat16,1,256,0,p1/mma_split,3,1.5798000618815422,0.0625,False,16,10,graph_amortized_device
NVIDIA H200,bfloat16,1,256,0,p1/warp,3,1.5068000182509422,0.0,True,16,10,graph_amortized_device
NVIDIA H200,bfloat16,1,256,0,p0/mma_split,3,1.6100000590085983,0.0625,False,16,10,graph_amortized_device
NVIDIA H200,bfloat16,1,256,0,p1/warp,4,1.510199997574091,0.0,True,16,10,graph_amortized_device
NVIDIA H200,bfloat16,1,256,0,p1/mma_split,4,1.581599935889244,0.0625,False,16,10,graph_amortized_device
NVIDIA H200,bfloat16,1,256,0,p2/warp,4,1.5286000445485115,0.0,True,16,10,graph_amortized_device
NVIDIA H200,bfloat16,1,256,0,p2/mma_split,4,1.6006000339984894,0.0,True,16,10,graph_amortized_device
NVIDIA H200,bfloat16,1,256,0,dao,4,1.6302000731229782,0.0,True,16,10,graph_amortized_device
NVIDIA H200,bfloat16,1,256,0,dao_plus_quant,4,2.971399948000908,,True,16,10,graph_amortized_device
NVIDIA H200,bfloat16,1,256,0,p0/warp,4,1.503199990838766,0.0,True,16,10,graph_amortized_device
NVIDIA H200,bfloat16,1,256,0,p0/mma_split,4,1.6062000766396523,0.0625,False,16,10,graph_amortized_device
NVIDIA H200,bfloat16,1,256,1,dao,0,1.655999943614006,0.0,True,16,10,graph_amortized_device
NVIDIA H200,bfloat16,1,256,1,dao_plus_quant,0,2.9673999175429344,,True,16,10,graph_amortized_device
NVIDIA H200,bfloat16,1,256,1,p0/warp,0,1.5085999853909016,0.0,True,16,10,graph_amortized_device
NVIDIA H200,bfloat16,1,256,1,p0/mma_split,0,1.6062000766396523,0.00390625,True,16,10,graph_amortized_device
NVIDIA H200,bfloat16,1,256,1,p1/warp,0,1.5181999653577805,0.0,True,16,10,graph_amortized_device
NVIDIA H200,bfloat16,1,256,1,p1/mma_split,0,1.5714000910520554,0.00390625,True,16,10,graph_amortized_device
NVIDIA H200,bfloat16,1,256,1,p2/warp,0,1.528399996459484,0.0,True,16,10,graph_amortized_device
NVIDIA H200,bfloat16,1,256,1,p2/mma_split,0,1.648000068962574,0.0,True,16,10,graph_amortized_device
NVIDIA H200,bfloat16,1,256,1,dao,1,1.655999943614006,0.0,True,16,10,graph_amortized_device
NVIDIA H200,bfloat16,1,256,1,p2/mma_split,1,1.6462000086903572,0.0,True,16,10,graph_amortized_device
NVIDIA H200,bfloat16,1,256,1,p2/warp,1,1.5262000262737274,0.0,True,16,10,graph_amortized_device
NVIDIA H200,bfloat16,1,256,1,p1/mma_split,1,1.5718000009655952,0.00390625,True,16,10,graph_amortized_device
NVIDIA H200,bfloat16,1,256,1,p1/warp,1,1.5192000195384026,0.0,True,16,10,graph_amortized_device
NVIDIA H200,bfloat16,1,256,1,p0/mma_split,1,1.607000082731247,0.00390625,True,16,10,graph_amortized_device
NVIDIA H200,bfloat16,1,256,1,p0/warp,1,1.5093999914824963,0.0,True,16,10,graph_amortized_device
NVIDIA H200,bfloat16,1,256,1,dao_plus_quant,1,2.9697999358177185,,True,16,10,graph_amortized_device
NVIDIA H200,bfloat16,1,256,1,p0/warp,2,1.507600024342537,0.0,True,16,10,graph_amortized_device
NVIDIA H200,bfloat16,1,256,1,p0/mma_split,2,1.6073999926447868,0.00390625,True,16,10,graph_amortized_device
NVIDIA H200,bfloat16,1,256,1,p1/warp,2,1.520800031721592,0.0,True,16,10,graph_amortized_device
NVIDIA H200,bfloat16,1,256,1,p1/mma_split,2,1.5721999108791351,0.00390625,True,16,10,graph_amortized_device
NVIDIA H200,bfloat16,1,256,1,p2/warp,2,1.5262000262737274,0.0,True,16,10,graph_amortized_device
NVIDIA H200,bfloat16,1,256,1,p2/mma_split,2,1.6457999125123024,0.0,True,16,10,graph_amortized_device
NVIDIA H200,bfloat16,1,256,1,dao,2,1.6575999557971954,0.0,True,16,10,graph_amortized_device
NVIDIA H200,bfloat16,1,256,1,dao_plus_quant,2,2.9678000137209892,,True,16,10,graph_amortized_device
NVIDIA H200,bfloat16,1,256,1,p0/warp,3,1.5092000365257263,0.0,True,16,10,graph_amortized_device
NVIDIA H200,bfloat16,1,256,1,dao_plus_quant,3,2.9659999534487724,,True,16,10,graph_amortized_device
NVIDIA H200,bfloat16,1,256,1,dao,3,1.6580000519752502,0.0,True,16,10,graph_amortized_device
NVIDIA H200,bfloat16,1,256,1,p2/mma_split,3,1.648399978876114,0.0,True,16,10,graph_amortized_device
NVIDIA H200,bfloat16,1,256,1,p2/warp,3,1.5243999660015106,0.0,True,16,10,graph_amortized_device
NVIDIA H200,bfloat16,1,256,1,p1/mma_split,3,1.573600061237812,0.00390625,True,16,10,graph_amortized_device
NVIDIA H200,bfloat16,1,256,1,p1/warp,3,1.5216000378131866,0.0,True,16,10,graph_amortized_device
NVIDIA H200,bfloat16,1,256,1,p0/mma_split,3,1.6049999743700027,0.00390625,True,16,10,graph_amortized_device
NVIDIA H200,bfloat16,1,256,1,p1/warp,4,1.5196000225842,0.0,True,16,10,graph_amortized_device
NVIDIA H200,bfloat16,1,256,1,p1/mma_split,4,1.5729999169707298,0.00390625,True,16,10,graph_amortized_device
NVIDIA H200,bfloat16,1,256,1,p2/warp,4,1.5282000415027142,0.0,True,16,10,graph_amortized_device
NVIDIA H200,bfloat16,1,256,1,p2/mma_split,4,1.647000014781952,0.0,True,16,10,graph_amortized_device
NVIDIA H200,bfloat16,1,256,1,dao,4,1.6558000817894936,0.0,True,16,10,graph_amortized_device
NVIDIA H200,bfloat16,1,256,1,dao_plus_quant,4,2.9670000076293945,,True,16,10,graph_amortized_device
NVIDIA H200,bfloat16,1,256,1,p0/warp,4,1.5122000128030777,0.0,True,16,10,graph_amortized_device
NVIDIA H200,bfloat16,1,256,1,p0/mma_split,4,1.607000082731247,0.00390625,True,16,10,graph_amortized_device
NVIDIA H200,bfloat16,128,256,0,dao,0,1.7378000542521477,0.0,True,16,10,graph_amortized_device
NVIDIA H200,bfloat16,128,256,0,dao_plus_quant,0,3.2485999166965485,,True,16,10,graph_amortized_device
NVIDIA H200,bfloat16,128,256,0,p0/warp,0,1.6046000644564629,0.0,True,16,10,graph_amortized_device
NVIDIA H200,bfloat16,128,256,0,p0/mma_split,0,1.6882000491023064,0.03125,True,16,10,graph_amortized_device
NVIDIA H200,bfloat16,128,256,0,p1/warp,0,1.6049999743700027,0.0,True,16,10,graph_amortized_device
NVIDIA H200,bfloat16,128,256,0,p1/mma_split,0,1.6567999497056007,0.03125,True,16,10,graph_amortized_device
NVIDIA H200,bfloat16,128,256,0,p2/warp,0,1.6116000711917877,0.0,True,16,10,graph_amortized_device
NVIDIA H200,bfloat16,128,256,0,p2/mma_split,0,1.7222000285983086,0.0,True,16,10,graph_amortized_device
NVIDIA H200,bfloat16,128,256,0,dao,1,1.7381999641656876,0.0,True,16,10,graph_amortized_device
NVIDIA H200,bfloat16,128,256,0,p2/mma_split,1,1.720999926328659,0.0,True,16,10,graph_amortized_device
NVIDIA H200,bfloat16,128,256,0,p2/warp,1,1.6095999628305435,0.0,True,16,10,graph_amortized_device
NVIDIA H200,bfloat16,128,256,0,p1/mma_split,1,1.6696000471711159,0.03125,True,16,10,graph_amortized_device
NVIDIA H200,bfloat16,128,256,0,p1/warp,1,1.6049999743700027,0.0,True,16,10,graph_amortized_device
NVIDIA H200,bfloat16,128,256,0,p0/mma_split,1,1.6868000850081444,0.03125,True,16,10,graph_amortized_device
NVIDIA H200,bfloat16,128,256,0,p0/warp,1,1.6044000163674355,0.0,True,16,10,graph_amortized_device
NVIDIA H200,bfloat16,128,256,0,dao_plus_quant,1,3.2161999493837357,,True,16,10,graph_amortized_device
NVIDIA H200,bfloat16,128,256,0,p0/warp,2,1.6052000224590302,0.0,True,16,10,graph_amortized_device
NVIDIA H200,bfloat16,128,256,0,p0/mma_split,2,1.6877999529242516,0.03125,True,16,10,graph_amortized_device
NVIDIA H200,bfloat16,128,256,0,p1/warp,2,1.6068000346422195,0.0,True,16,10,graph_amortized_device
NVIDIA H200,bfloat16,128,256,0,p1/mma_split,2,1.6558000817894936,0.03125,True,16,10,graph_amortized_device
NVIDIA H200,bfloat16,128,256,0,p2/warp,2,1.6147999092936516,0.0,True,16,10,graph_amortized_device
NVIDIA H200,bfloat16,128,256,0,p2/mma_split,2,1.7217999324202538,0.0,True,16,10,graph_amortized_device
NVIDIA H200,bfloat16,128,256,0,dao,2,1.7371999099850655,0.0,True,16,10,graph_amortized_device
NVIDIA H200,bfloat16,128,256,0,dao_plus_quant,2,3.216399997472763,,True,16,10,graph_amortized_device
NVIDIA H200,bfloat16,128,256,0,p0/warp,3,1.6057999804615974,0.0,True,16,10,graph_amortized_device
NVIDIA H200,bfloat16,128,256,0,dao_plus_quant,3,3.213600069284439,,True,16,10,graph_amortized_device
NVIDIA H200,bfloat16,128,256,0,dao,3,1.7357999458909035,0.0,True,16,10,graph_amortized_device
NVIDIA H200,bfloat16,128,256,0,p2/mma_split,3,1.7219999805092812,0.0,True,16,10,graph_amortized_device
NVIDIA H200,bfloat16,128,256,0,p2/warp,3,1.6157999634742737,0.0,True,16,10,graph_amortized_device
NVIDIA H200,bfloat16,128,256,0,p1/mma_split,3,1.6556000337004662,0.03125,True,16,10,graph_amortized_device
NVIDIA H200,bfloat16,128,256,0,p1/warp,3,1.604199968278408,0.0,True,16,10,graph_amortized_device
NVIDIA H200,bfloat16,128,256,0,p0/mma_split,3,1.6861999407410622,0.03125,True,16,10,graph_amortized_device
NVIDIA H200,bfloat16,128,256,0,p1/warp,4,1.6085999086499214,0.0,True,16,10,graph_amortized_device
NVIDIA H200,bfloat16,128,256,0,p1/mma_split,4,1.6583999618887901,0.03125,True,16,10,graph_amortized_device
NVIDIA H200,bfloat16,128,256,0,p2/warp,4,1.613599993288517,0.0,True,16,10,graph_amortized_device
NVIDIA H200,bfloat16,128,256,0,p2/mma_split,4,1.719599962234497,0.0,True,16,10,graph_amortized_device
NVIDIA H200,bfloat16,128,256,0,dao,4,1.7379999160766602,0.0,True,16,10,graph_amortized_device
NVIDIA H200,bfloat16,128,256,0,dao_plus_quant,4,3.2134000211954117,,True,16,10,graph_amortized_device
NVIDIA H200,bfloat16,128,256,0,p0/warp,4,1.6030000522732735,0.0,True,16,10,graph_amortized_device
NVIDIA H200,bfloat16,128,256,0,p0/mma_split,4,1.6885999590158463,0.03125,True,16,10,graph_amortized_device
NVIDIA H200,bfloat16,128,256,1,dao,0,1.752999983727932,0.0,True,16,10,graph_amortized_device
NVIDIA H200,bfloat16,128,256,1,dao_plus_quant,0,3.267199918627739,,True,16,10,graph_amortized_device
NVIDIA H200,bfloat16,128,256,1,p0/warp,0,1.6093999147415161,0.0,True,16,10,graph_amortized_device
NVIDIA H200,bfloat16,128,256,1,p0/mma_split,0,1.6736000776290894,0.001953125,True,16,10,graph_amortized_device
NVIDIA H200,bfloat16,128,256,1,p1/warp,0,1.6016000881791115,0.0,True,16,10,graph_amortized_device
NVIDIA H200,bfloat16,128,256,1,p1/mma_split,0,1.6767999157309532,0.001953125,True,16,10,graph_amortized_device
NVIDIA H200,bfloat16,128,256,1,p2/warp,0,1.5915999189019203,0.0,True,16,10,graph_amortized_device
NVIDIA H200,bfloat16,128,256,1,p2/mma_split,0,1.7475999891757965,0.0,True,16,10,graph_amortized_device
NVIDIA H200,bfloat16,128,256,1,dao,1,1.7359999939799309,0.0,True,16,10,graph_amortized_device
NVIDIA H200,bfloat16,128,256,1,p2/mma_split,1,1.7459999769926071,0.0,True,16,10,graph_amortized_device
NVIDIA H200,bfloat16,128,256,1,p2/warp,1,1.5893999487161636,0.0,True,16,10,graph_amortized_device
NVIDIA H200,bfloat16,128,256,1,p1/mma_split,1,1.6729999333620071,0.001953125,True,16,10,graph_amortized_device
NVIDIA H200,bfloat16,128,256,1,p1/warp,1,1.60559993237257,0.0,True,16,10,graph_amortized_device
NVIDIA H200,bfloat16,128,256,1,p0/mma_split,1,1.6634000465273857,0.001953125,True,16,10,graph_amortized_device
NVIDIA H200,bfloat16,128,256,1,p0/warp,1,1.611199975013733,0.0,True,16,10,graph_amortized_device
NVIDIA H200,bfloat16,128,256,1,dao_plus_quant,1,3.267199918627739,,True,16,10,graph_amortized_device
NVIDIA H200,bfloat16,128,256,1,p0/warp,2,1.6076000407338142,0.0,True,16,10,graph_amortized_device
NVIDIA H200,bfloat16,128,256,1,p0/mma_split,2,1.6798000782728195,0.001953125,True,16,10,graph_amortized_device
NVIDIA H200,bfloat16,128,256,1,p1/warp,2,1.6036000102758408,0.0,True,16,10,graph_amortized_device
NVIDIA H200,bfloat16,128,256,1,p1/mma_split,2,1.675800047814846,0.001953125,True,16,10,graph_amortized_device
NVIDIA H200,bfloat16,128,256,1,p2/warp,2,1.5890000388026237,0.0,True,16,10,graph_amortized_device
NVIDIA H200,bfloat16,128,256,1,p2/mma_split,2,1.7462000250816345,0.0,True,16,10,graph_amortized_device
NVIDIA H200,bfloat16,128,256,1,dao,2,1.7731999978423119,0.0,True,16,10,graph_amortized_device
NVIDIA H200,bfloat16,128,256,1,dao_plus_quant,2,3.267800062894821,,True,16,10,graph_amortized_device
NVIDIA H200,bfloat16,128,256,1,p0/warp,3,1.6076000407338142,0.0,True,16,10,graph_amortized_device
NVIDIA H200,bfloat16,128,256,1,dao_plus_quant,3,3.2669998705387115,,True,16,10,graph_amortized_device
NVIDIA H200,bfloat16,128,256,1,dao,3,1.772800087928772,0.0,True,16,10,graph_amortized_device
NVIDIA H200,bfloat16,128,256,1,p2/mma_split,3,1.7481999471783638,0.0,True,16,10,graph_amortized_device
NVIDIA H200,bfloat16,128,256,1,p2/warp,3,1.5890000388026237,0.0,True,16,10,graph_amortized_device
NVIDIA H200,bfloat16,128,256,1,p1/mma_split,3,1.6745999455451965,0.001953125,True,16,10,graph_amortized_device
NVIDIA H200,bfloat16,128,256,1,p1/warp,3,1.6033999621868134,0.0,True,16,10,graph_amortized_device
NVIDIA H200,bfloat16,128,256,1,p0/mma_split,3,1.6812000423669815,0.001953125,True,16,10,graph_amortized_device
NVIDIA H200,bfloat16,128,256,1,p1/warp,4,1.6008000820875168,0.0,True,16,10,graph_amortized_device
NVIDIA H200,bfloat16,128,256,1,p1/mma_split,4,1.676199957728386,0.001953125,True,16,10,graph_amortized_device
NVIDIA H200,bfloat16,128,256,1,p2/warp,4,1.5920000150799751,0.0,True,16,10,graph_amortized_device
NVIDIA H200,bfloat16,128,256,1,p2/mma_split,4,1.7451999709010124,0.0,True,16,10,graph_amortized_device
NVIDIA H200,bfloat16,128,256,1,dao,4,1.7534000799059868,0.0,True,16,10,graph_amortized_device
NVIDIA H200,bfloat16,128,256,1,dao_plus_quant,4,3.2660000026226044,,True,16,10,graph_amortized_device
NVIDIA H200,bfloat16,128,256,1,p0/warp,4,1.6100000590085983,0.0,True,16,10,graph_amortized_device
NVIDIA H200,bfloat16,128,256,1,p0/mma_split,4,1.6729999333620071,0.001953125,True,16,10,graph_amortized_device
NVIDIA H200,bfloat16,16384,256,0,dao,0,11.499200016260147,0.0,True,16,10,graph_amortized_device
NVIDIA H200,bfloat16,16384,256,0,dao_plus_quant,0,22.940999269485474,,True,16,10,graph_amortized_device
NVIDIA H200,bfloat16,16384,256,0,p0/warp,0,5.012400075793266,0.0,True,16,10,graph_amortized_device
NVIDIA H200,bfloat16,16384,256,0,p0/mma_split,0,5.79960010945797,0.25,False,16,10,graph_amortized_device
NVIDIA H200,bfloat16,16384,256,0,p1/warp,0,5.037999898195267,0.0,True,16,10,graph_amortized_device
NVIDIA H200,bfloat16,16384,256,0,p1/mma_split,0,5.925599858164787,0.25,False,16,10,graph_amortized_device
NVIDIA H200,bfloat16,16384,256,0,p2/warp,0,5.031799897551537,0.0,True,16,10,graph_amortized_device
NVIDIA H200,bfloat16,16384,256,0,p2/mma_split,0,6.484200060367584,0.015625,True,16,10,graph_amortized_device
NVIDIA H200,bfloat16,16384,256,0,dao,1,11.529800295829773,0.0,True,16,10,graph_amortized_device
NVIDIA H200,bfloat16,16384,256,0,p2/mma_split,1,6.509199738502502,0.015625,True,16,10,graph_amortized_device
NVIDIA H200,bfloat16,16384,256,0,p2/warp,1,4.994000121951103,0.0,True,16,10,graph_amortized_device
NVIDIA H200,bfloat16,16384,256,0,p1/mma_split,1,5.880000069737434,0.25,False,16,10,graph_amortized_device
NVIDIA H200,bfloat16,16384,256,0,p1/warp,1,4.981999844312668,0.0,True,16,10,graph_amortized_device
NVIDIA H200,bfloat16,16384,256,0,p0/mma_split,1,5.824799835681915,0.25,False,16,10,graph_amortized_device
NVIDIA H200,bfloat16,16384,256,0,p0/warp,1,5.0039999186992645,0.0,True,16,10,graph_amortized_device
NVIDIA H200,bfloat16,16384,256,0,dao_plus_quant,1,22.97080010175705,,True,16,10,graph_amortized_device
NVIDIA H200,bfloat16,16384,256,0,p0/warp,2,5.013199895620346,0.0,True,16,10,graph_amortized_device
NVIDIA H200,bfloat16,16384,256,0,p0/mma_split,2,5.751600116491318,0.25,False,16,10,graph_amortized_device
NVIDIA H200,bfloat16,16384,256,0,p1/warp,2,5.046200007200241,0.0,True,16,10,graph_amortized_device
NVIDIA H200,bfloat16,16384,256,0,p1/mma_split,2,5.889200046658516,0.25,False,16,10,graph_amortized_device
NVIDIA H200,bfloat16,16384,256,0,p2/warp,2,5.017799884080887,0.0,True,16,10,graph_amortized_device
NVIDIA H200,bfloat16,16384,256,0,p2/mma_split,2,6.499599665403366,0.015625,True,16,10,graph_amortized_device
NVIDIA H200,bfloat16,16384,256,0,dao,2,11.505600064992905,0.0,True,16,10,graph_amortized_device
NVIDIA H200,bfloat16,16384,256,0,dao_plus_quant,2,22.99479991197586,,True,16,10,graph_amortized_device
NVIDIA H200,bfloat16,16384,256,0,p0/warp,3,4.978000000119209,0.0,True,16,10,graph_amortized_device
NVIDIA H200,bfloat16,16384,256,0,dao_plus_quant,3,23.00339937210083,,True,16,10,graph_amortized_device
NVIDIA H200,bfloat16,16384,256,0,dao,3,11.519400030374527,0.0,True,16,10,graph_amortized_device
NVIDIA H200,bfloat16,16384,256,0,p2/mma_split,3,6.5275996923446655,0.015625,True,16,10,graph_amortized_device
NVIDIA H200,bfloat16,16384,256,0,p2/warp,3,5.018199980258942,0.0,True,16,10,graph_amortized_device
NVIDIA H200,bfloat16,16384,256,0,p1/mma_split,3,5.984000116586685,0.25,False,16,10,graph_amortized_device
NVIDIA H200,bfloat16,16384,256,0,p1/warp,3,5.055800080299377,0.0,True,16,10,graph_amortized_device
NVIDIA H200,bfloat16,16384,256,0,p0/mma_split,3,5.835200101137161,0.25,False,16,10,graph_amortized_device
NVIDIA H200,bfloat16,16384,256,0,p1/warp,4,5.037799850106239,0.0,True,16,10,graph_amortized_device
NVIDIA H200,bfloat16,16384,256,0,p1/mma_split,4,5.9714000672101974,0.25,False,16,10,graph_amortized_device
NVIDIA H200,bfloat16,16384,256,0,p2/warp,4,5.050399899482727,0.0,True,16,10,graph_amortized_device
NVIDIA H200,bfloat16,16384,256,0,p2/mma_split,4,6.565599888563156,0.015625,True,16,10,graph_amortized_device
NVIDIA H200,bfloat16,16384,256,0,dao,4,11.55959963798523,0.0,True,16,10,graph_amortized_device
NVIDIA H200,bfloat16,16384,256,0,dao_plus_quant,4,23.081600666046143,,True,16,10,graph_amortized_device
NVIDIA H200,bfloat16,16384,256,0,p0/warp,4,5.029400065541267,0.0,True,16,10,graph_amortized_device
NVIDIA H200,bfloat16,16384,256,0,p0/mma_split,4,5.860599875450134,0.25,False,16,10,graph_amortized_device
NVIDIA H200,bfloat16,16384,256,1,dao,0,11.454199999570847,0.0,True,16,10,graph_amortized_device
NVIDIA H200,bfloat16,16384,256,1,dao_plus_quant,0,22.655999660491943,,True,16,10,graph_amortized_device
NVIDIA H200,bfloat16,16384,256,1,p0/warp,0,5.23580014705658,0.0,True,16,10,graph_amortized_device
NVIDIA H200,bfloat16,16384,256,1,p0/mma_split,0,5.781999975442886,0.015625,True,16,10,graph_amortized_device
NVIDIA H200,bfloat16,16384,256,1,p1/warp,0,5.226999893784523,0.0,True,16,10,graph_amortized_device
NVIDIA H200,bfloat16,16384,256,1,p1/mma_split,0,5.948400124907494,0.015625,True,16,10,graph_amortized_device
NVIDIA H200,bfloat16,16384,256,1,p2/warp,0,5.2094001322984695,0.0,True,16,10,graph_amortized_device
NVIDIA H200,bfloat16,16384,256,1,p2/mma_split,0,6.530400365591049,0.0009765625,True,16,10,graph_amortized_device
NVIDIA H200,bfloat16,16384,256,1,dao,1,11.468599736690521,0.0,True,16,10,graph_amortized_device
NVIDIA H200,bfloat16,16384,256,1,p2/mma_split,1,6.532999873161316,0.0009765625,True,16,10,graph_amortized_device
NVIDIA H200,bfloat16,16384,256,1,p2/warp,1,5.239000171422958,0.0,True,16,10,graph_amortized_device
NVIDIA H200,bfloat16,16384,256,1,p1/mma_split,1,5.946400016546249,0.015625,True,16,10,graph_amortized_device
NVIDIA H200,bfloat16,16384,256,1,p1/warp,1,5.215200036764145,0.0,True,16,10,graph_amortized_device
NVIDIA H200,bfloat16,16384,256,1,p0/mma_split,1,5.743800103664398,0.015625,True,16,10,graph_amortized_device
NVIDIA H200,bfloat16,16384,256,1,p0/warp,1,5.223599821329117,0.0,True,16,10,graph_amortized_device
NVIDIA H200,bfloat16,16384,256,1,dao_plus_quant,1,22.659799456596375,,True,16,10,graph_amortized_device
NVIDIA H200,bfloat16,16384,256,1,p0/warp,2,5.22719994187355,0.0,True,16,10,graph_amortized_device
NVIDIA H200,bfloat16,16384,256,1,p0/mma_split,2,5.776799842715263,0.015625,True,16,10,graph_amortized_device
NVIDIA H200,bfloat16,16384,256,1,p1/warp,2,5.215800181031227,0.0,True,16,10,graph_amortized_device
NVIDIA H200,bfloat16,16384,256,1,p1/mma_split,2,5.922200158238411,0.015625,True,16,10,graph_amortized_device
NVIDIA H200,bfloat16,16384,256,1,p2/warp,2,5.2375998347997665,0.0,True,16,10,graph_amortized_device
NVIDIA H200,bfloat16,16384,256,1,p2/mma_split,2,6.570400297641754,0.0009765625,True,16,10,graph_amortized_device
NVIDIA H200,bfloat16,16384,256,1,dao,2,11.476200073957443,0.0,True,16,10,graph_amortized_device
NVIDIA H200,bfloat16,16384,256,1,dao_plus_quant,2,22.669200599193573,,True,16,10,graph_amortized_device
NVIDIA H200,bfloat16,16384,256,1,p0/warp,3,5.2230000495910645,0.0,True,16,10,graph_amortized_device
NVIDIA H200,bfloat16,16384,256,1,dao_plus_quant,3,22.66799956560135,,True,16,10,graph_amortized_device
NVIDIA H200,bfloat16,16384,256,1,dao,3,11.4717997610569,0.0,True,16,10,graph_amortized_device
NVIDIA H200,bfloat16,16384,256,1,p2/mma_split,3,6.548599898815155,0.0009765625,True,16,10,graph_amortized_device
NVIDIA H200,bfloat16,16384,256,1,p2/warp,3,5.18219992518425,0.0,True,16,10,graph_amortized_device
NVIDIA H200,bfloat16,16384,256,1,p1/mma_split,3,5.918600037693977,0.015625,True,16,10,graph_amortized_device
NVIDIA H200,bfloat16,16384,256,1,p1/warp,3,5.217000097036362,0.0,True,16,10,graph_amortized_device
NVIDIA H200,bfloat16,16384,256,1,p0/mma_split,3,5.787200108170509,0.015625,True,16,10,graph_amortized_device
NVIDIA H200,bfloat16,16384,256,1,p1/warp,4,5.162400007247925,0.0,True,16,10,graph_amortized_device
NVIDIA H200,bfloat16,16384,256,1,p1/mma_split,4,5.936799943447113,0.015625,True,16,10,graph_amortized_device
NVIDIA H200,bfloat16,16384,256,1,p2/warp,4,5.2136000245809555,0.0,True,16,10,graph_amortized_device
NVIDIA H200,bfloat16,16384,256,1,p2/mma_split,4,6.536799669265747,0.0009765625,True,16,10,graph_amortized_device
NVIDIA H200,bfloat16,16384,256,1,dao,4,11.468999832868576,0.0,True,16,10,graph_amortized_device
NVIDIA H200,bfloat16,16384,256,1,dao_plus_quant,4,22.659799456596375,,True,16,10,graph_amortized_device
NVIDIA H200,bfloat16,16384,256,1,p0/warp,4,5.212400108575821,0.0,True,16,10,graph_amortized_device
NVIDIA H200,bfloat16,16384,256,1,p0/mma_split,4,5.758000165224075,0.015625,True,16,10,graph_amortized_device
NVIDIA H200,bfloat16,131072,256,0,dao,0,80.72400093078613,0.0,True,16,10,graph_amortized_device
NVIDIA H200,bfloat16,131072,256,0,dao_plus_quant,0,161.62179708480835,,True,16,10,graph_amortized_device
NVIDIA H200,bfloat16,131072,256,0,p0/warp,0,36.103200912475586,0.0,True,16,10,graph_amortized_device
NVIDIA H200,bfloat16,131072,256,0,p0/mma_split,0,37.991198897361755,0.25,False,16,10,graph_amortized_device
NVIDIA H200,bfloat16,131072,256,0,p1/warp,0,36.097800731658936,0.0,True,16,10,graph_amortized_device
NVIDIA H200,bfloat16,131072,256,0,p1/mma_split,0,38.52680027484894,0.25,False,16,10,graph_amortized_device
NVIDIA H200,bfloat16,131072,256,0,p2/warp,0,36.07900142669678,0.0,True,16,10,graph_amortized_device
NVIDIA H200,bfloat16,131072,256,0,p2/mma_split,0,42.836400866508484,0.25,False,16,10,graph_amortized_device
NVIDIA H200,bfloat16,131072,256,0,dao,1,80.6988000869751,0.0,True,16,10,graph_amortized_device
NVIDIA H200,bfloat16,131072,256,0,p2/mma_split,1,42.75659918785095,0.25,False,16,10,graph_amortized_device
NVIDIA H200,bfloat16,131072,256,0,p2/warp,1,36.228200793266296,0.0,True,16,10,graph_amortized_device
NVIDIA H200,bfloat16,131072,256,0,p1/mma_split,1,38.66960108280182,0.25,False,16,10,graph_amortized_device
NVIDIA H200,bfloat16,131072,256,0,p1/warp,1,36.243999004364014,0.0,True,16,10,graph_amortized_device
NVIDIA H200,bfloat16,131072,256,0,p0/mma_split,1,38.06279897689819,0.25,False,16,10,graph_amortized_device
NVIDIA H200,bfloat16,131072,256,0,p0/warp,1,36.20179891586304,0.0,True,16,10,graph_amortized_device
NVIDIA H200,bfloat16,131072,256,0,dao_plus_quant,1,161.97099685668945,,True,16,10,graph_amortized_device
NVIDIA H200,bfloat16,131072,256,0,p0/warp,2,36.208200454711914,0.0,True,16,10,graph_amortized_device
NVIDIA H200,bfloat16,131072,256,0,p0/mma_split,2,38.04759979248047,0.25,False,16,10,graph_amortized_device
NVIDIA H200,bfloat16,131072,256,0,p1/warp,2,36.22719943523407,0.0,True,16,10,graph_amortized_device
NVIDIA H200,bfloat16,131072,256,0,p1/mma_split,2,38.624000549316406,0.25,False,16,10,graph_amortized_device
NVIDIA H200,bfloat16,131072,256,0,p2/warp,2,36.22319996356964,0.0,True,16,10,graph_amortized_device
NVIDIA H200,bfloat16,131072,256,0,p2/mma_split,2,42.745599150657654,0.25,False,16,10,graph_amortized_device
NVIDIA H200,bfloat16,131072,256,0,dao,2,80.79760074615479,0.0,True,16,10,graph_amortized_device
NVIDIA H200,bfloat16,131072,256,0,dao_plus_quant,2,162.15620040893555,,True,16,10,graph_amortized_device
NVIDIA H200,bfloat16,131072,256,0,p0/warp,3,36.74460053443909,0.0,True,16,10,graph_amortized_device
NVIDIA H200,bfloat16,131072,256,0,dao_plus_quant,3,161.80620193481445,,True,16,10,graph_amortized_device
NVIDIA H200,bfloat16,131072,256,0,dao,3,80.75180053710938,0.0,True,16,10,graph_amortized_device
NVIDIA H200,bfloat16,131072,256,0,p2/mma_split,3,42.72480010986328,0.25,False,16,10,graph_amortized_device
NVIDIA H200,bfloat16,131072,256,0,p2/warp,3,36.24039888381958,0.0,True,16,10,graph_amortized_device
NVIDIA H200,bfloat16,131072,256,0,p1/mma_split,3,38.64319920539856,0.25,False,16,10,graph_amortized_device
NVIDIA H200,bfloat16,131072,256,0,p1/warp,3,36.1981987953186,0.0,True,16,10,graph_amortized_device
NVIDIA H200,bfloat16,131072,256,0,p0/mma_split,3,38.06680142879486,0.25,False,16,10,graph_amortized_device
NVIDIA H200,bfloat16,131072,256,0,p1/warp,4,36.34760081768036,0.0,True,16,10,graph_amortized_device
NVIDIA H200,bfloat16,131072,256,0,p1/mma_split,4,38.655200600624084,0.25,False,16,10,graph_amortized_device
NVIDIA H200,bfloat16,131072,256,0,p2/warp,4,36.33599877357483,0.0,True,16,10,graph_amortized_device
NVIDIA H200,bfloat16,131072,256,0,p2/mma_split,4,42.917400598526,0.25,False,16,10,graph_amortized_device
NVIDIA H200,bfloat16,131072,256,0,dao,4,80.76000213623047,0.0,True,16,10,graph_amortized_device
NVIDIA H200,bfloat16,131072,256,0,dao_plus_quant,4,162.36560344696045,,True,16,10,graph_amortized_device
NVIDIA H200,bfloat16,131072,256,0,p0/warp,4,36.3429993391037,0.0,True,16,10,graph_amortized_device
NVIDIA H200,bfloat16,131072,256,0,p0/mma_split,4,38.11520040035248,0.25,False,16,10,graph_amortized_device
NVIDIA H200,bfloat16,131072,256,1,dao,0,80.74460029602051,0.0,True,16,10,graph_amortized_device
NVIDIA H200,bfloat16,131072,256,1,dao_plus_quant,0,161.62400245666504,,True,16,10,graph_amortized_device
NVIDIA H200,bfloat16,131072,256,1,p0/warp,0,37.41660118103027,0.0,True,16,10,graph_amortized_device
NVIDIA H200,bfloat16,131072,256,1,p0/mma_split,0,38.02039921283722,0.015625,True,16,10,graph_amortized_device
NVIDIA H200,bfloat16,131072,256,1,p1/warp,0,37.39300072193146,0.0,True,16,10,graph_amortized_device
NVIDIA H200,bfloat16,131072,256,1,p1/mma_split,0,38.54379951953888,0.015625,True,16,10,graph_amortized_device
NVIDIA H200,bfloat16,131072,256,1,p2/warp,0,37.196800112724304,0.0,True,16,10,graph_amortized_device
NVIDIA H200,bfloat16,131072,256,1,p2/mma_split,0,42.783600091934204,0.015625,True,16,10,graph_amortized_device
NVIDIA H200,bfloat16,131072,256,1,dao,1,80.6581974029541,0.0,True,16,10,graph_amortized_device
NVIDIA H200,bfloat16,131072,256,1,p2/mma_split,1,42.684999108314514,0.015625,True,16,10,graph_amortized_device
NVIDIA H200,bfloat16,131072,256,1,p2/warp,1,37.34380006790161,0.0,True,16,10,graph_amortized_device
NVIDIA H200,bfloat16,131072,256,1,p1/mma_split,1,38.593798875808716,0.015625,True,16,10,graph_amortized_device
NVIDIA H200,bfloat16,131072,256,1,p1/warp,1,37.448400259017944,0.0,True,16,10,graph_amortized_device
NVIDIA H200,bfloat16,131072,256,1,p0/mma_split,1,38.24000060558319,0.015625,True,16,10,graph_amortized_device
NVIDIA H200,bfloat16,131072,256,1,p0/warp,1,37.449198961257935,0.0,True,16,10,graph_amortized_device
NVIDIA H200,bfloat16,131072,256,1,dao_plus_quant,1,161.71280145645142,,True,16,10,graph_amortized_device
NVIDIA H200,bfloat16,131072,256,1,p0/warp,2,37.42339909076691,0.0,True,16,10,graph_amortized_device
NVIDIA H200,bfloat16,131072,256,1,p0/mma_split,2,38.0842000246048,0.015625,True,16,10,graph_amortized_device
NVIDIA H200,bfloat16,131072,256,1,p1/warp,2,37.45500147342682,0.0,True,16,10,graph_amortized_device
NVIDIA H200,bfloat16,131072,256,1,p1/mma_split,2,38.58500123023987,0.015625,True,16,10,graph_amortized_device
NVIDIA H200,bfloat16,131072,256,1,p2/warp,2,37.62660026550293,0.0,True,16,10,graph_amortized_device
NVIDIA H200,bfloat16,131072,256,1,p2/mma_split,2,42.95719861984253,0.015625,True,16,10,graph_amortized_device
NVIDIA H200,bfloat16,131072,256,1,dao,2,80.88899850845337,0.0,True,16,10,graph_amortized_device
NVIDIA H200,bfloat16,131072,256,1,dao_plus_quant,2,162.2472047805786,,True,16,10,graph_amortized_device
NVIDIA H200,bfloat16,131072,256,1,p0/warp,3,37.572601437568665,0.0,True,16,10,graph_amortized_device
NVIDIA H200,bfloat16,131072,256,1,dao_plus_quant,3,162.1641993522644,,True,16,10,graph_amortized_device
NVIDIA H200,bfloat16,131072,256,1,dao,3,80.93739748001099,0.0,True,16,10,graph_amortized_device
NVIDIA H200,bfloat16,131072,256,1,p2/mma_split,3,42.73099899291992,0.015625,True,16,10,graph_amortized_device
NVIDIA H200,bfloat16,131072,256,1,p2/warp,3,37.353599071502686,0.0,True,16,10,graph_amortized_device
NVIDIA H200,bfloat16,131072,256,1,p1/mma_split,3,38.574400544166565,0.015625,True,16,10,graph_amortized_device
NVIDIA H200,bfloat16,131072,256,1,p1/warp,3,37.44100034236908,0.0,True,16,10,graph_amortized_device
NVIDIA H200,bfloat16,131072,256,1,p0/mma_split,3,38.076600432395935,0.015625,True,16,10,graph_amortized_device
NVIDIA H200,bfloat16,131072,256,1,p1/warp,4,37.45259940624237,0.0,True,16,10,graph_amortized_device
NVIDIA H200,bfloat16,131072,256,1,p1/mma_split,4,38.61519992351532,0.015625,True,16,10,graph_amortized_device
NVIDIA H200,bfloat16,131072,256,1,p2/warp,4,38.03359866142273,0.0,True,16,10,graph_amortized_device
NVIDIA H200,bfloat16,131072,256,1,p2/mma_split,4,43.32979917526245,0.015625,True,16,10,graph_amortized_device
NVIDIA H200,bfloat16,131072,256,1,dao,4,80.90720176696777,0.0,True,16,10,graph_amortized_device
NVIDIA H200,bfloat16,131072,256,1,dao_plus_quant,4,162.20159530639648,,True,16,10,graph_amortized_device
NVIDIA H200,bfloat16,131072,256,1,p0/warp,4,37.68079876899719,0.0,True,16,10,graph_amortized_device
NVIDIA H200,bfloat16,131072,256,1,p0/mma_split,4,38.1307989358902,0.015625,True,16,10,graph_amortized_device
